solid OpenSCAD_Model
  facet normal -0.7347741508630664 -0.6783118362696169 -1.0054723268439611e-19
    outer loop
      vertex -9.116118204256193 -9.186712776118682 69.99
      vertex -9.386877437862148 -8.893415688668076 73.74000000000001
      vertex -9.386877437862148 -8.893415688668076 69.99
    endloop
  endfacet
  facet normal -0.7347741508677269 -0.6783118362645686 0
    outer loop
      vertex -9.116118204256193 -9.186712776118682 69.98
      vertex -9.116118204256193 -9.186712776118682 69.99
      vertex -9.116143790874645 -9.18668505968379 69.98
    endloop
  endfacet
  facet normal -0.6585113790650376 -0.7525707698561395 0
    outer loop
      vertex -9.116118204256193 -9.186712776118682 69.99
      vertex -8.81571730604822 -9.449568334259908 69.99
      vertex -9.116118204256193 -9.186712776118682 73.74000000000001
    endloop
  endfacet
  facet normal -0.7347741508630664 -0.6783118362696169 0
    outer loop
      vertex -9.116118204256193 -9.186712776118682 69.99
      vertex -9.116118204256193 -9.186712776118682 73.74000000000001
      vertex -9.386877437862148 -8.893415688668076 73.74000000000001
    endloop
  endfacet
  facet normal -0.8615540813775774 -0.5076658003663813 0
    outer loop
      vertex -9.624927196559431 -8.573000245104474 69.98
      vertex -9.624927196559431 -8.573000245104474 69.99
      vertex -9.624945311762604 -8.572969501991157 69.98
    endloop
  endfacet
  facet normal -0.8615540813938054 -0.5076658003388411 2.2729937837765828e-18
    outer loop
      vertex -9.624927196559431 -8.573000245104474 69.99
      vertex -9.827570281462144 -8.229096880434971 73.74000000000001
      vertex -9.827570281462144 -8.229096880434971 69.99
    endloop
  endfacet
  facet normal -0.8615540813938054 -0.5076658003388411 0
    outer loop
      vertex -9.624927196559431 -8.573000245104474 69.99
      vertex -9.624927196559431 -8.573000245104474 73.74000000000001
      vertex -9.827570281462144 -8.229096880434971 73.74000000000001
    endloop
  endfacet
  facet normal 0 0 1
    outer loop
      vertex -9.624927196559431 -8.573000245104474 73.74000000000001
      vertex -9.386877437862148 -8.893415688668076 73.74000000000001
      vertex -9.827570281462144 -8.229096880434971 73.74000000000001
    endloop
  endfacet
  facet normal -0.9106347728502988 -0.4132121857785475 0
    outer loop
      vertex -9.992510665446268 -7.865602157198084 69.98
      vertex -9.9924853814038 -7.86565787803368 69.98
      vertex -9.992510665446268 -7.865602157198084 69.99
    endloop
  endfacet
  facet normal -0.9493976084684579 -0.3140767120217177 0
    outer loop
      vertex -9.992510665446268 -7.865602157198084 69.98
      vertex -9.992510665446268 -7.865602157198084 69.99
      vertex -9.992521232803243 -7.865570213971935 69.98
    endloop
  endfacet
  facet normal -0.9106347728549141 -0.4132121857683761 0
    outer loop
      vertex -9.992510665446268 -7.865602157198084 69.99
      vertex -9.827570281462144 -8.229096880434971 69.99
      vertex -9.992510665446268 -7.865602157198084 73.74000000000001
    endloop
  endfacet
  facet normal -0.9493976084683798 -0.31407671202195353 0
    outer loop
      vertex -9.992510665446268 -7.865602157198084 69.99
      vertex -9.992510665446268 -7.865602157198084 73.74000000000001
      vertex -10.117879508054436 -7.4866346158532044 73.74000000000001
    endloop
  endfacet
  facet normal 0 0 1
    outer loop
      vertex -9.992510665446268 -7.865602157198084 73.74000000000001
      vertex -9.827570281462144 -8.229096880434971 73.74000000000001
      vertex -10.117879508054436 -7.4866346158532044 73.74000000000001
    endloop
  endfacet
  facet normal -0.9106347728549141 -0.4132121857683761 0
    outer loop
      vertex -9.827570281462144 -8.229096880434971 69.99
      vertex -9.827570281462144 -8.229096880434971 73.74000000000001
      vertex -9.992510665446268 -7.865602157198084 73.74000000000001
    endloop
  endfacet
  facet normal 0 0 1
    outer loop
      vertex -9.116118204256193 -9.186712776118682 73.74000000000001
      vertex -10.244685108787857 -6.69958315565817 73.74000000000001
      vertex -9.827570281462144 -8.229096880434971 73.74000000000001
    endloop
  endfacet
  facet normal -0.8027116379309654 -0.596367358538499 0
    outer loop
      vertex -9.624927196559431 -8.573000245104474 69.99
      vertex -9.386877437862148 -8.893415688668076 69.99
      vertex -9.624927196559431 -8.573000245104474 73.74000000000001
    endloop
  endfacet
  facet normal -0.8027116379309654 -0.596367358538499 -7.470354055631601e-19
    outer loop
      vertex -9.624927196559431 -8.573000245104474 73.74000000000001
      vertex -9.386877437862148 -8.893415688668076 69.99
      vertex -9.386877437862148 -8.893415688668076 73.74000000000001
    endloop
  endfacet
  facet normal 0 0 1
    outer loop
      vertex -9.116118204256193 -9.186712776118682 73.74000000000001
      vertex -9.827570281462144 -8.229096880434971 73.74000000000001
      vertex -9.386877437862148 -8.893415688668076 73.74000000000001
    endloop
  endfacet
  facet normal 0 0 1
    outer loop
      vertex -9.116118204256193 -9.186712776118682 73.74000000000001
      vertex -8.95941166289984 -8.286867166969119 73.74000000000001
      vertex -9.132717227504694 -8.02 73.74000000000001
    endloop
  endfacet
  facet normal 0 0 1
    outer loop
      vertex -9.116118204256193 -9.186712776118682 73.74000000000001
      vertex -9.391211809537266 -7.43941166289984 73.74000000000001
      vertex -10.244685108787857 -6.69958315565817 73.74000000000001
    endloop
  endfacet
  facet normal 0 0 1
    outer loop
      vertex -9.116118204256193 -9.186712776118682 73.74000000000001
      vertex -9.132717227504694 -8.02 73.74000000000001
      vertex -9.277178191233507 -7.7364793949504325 73.74000000000001
    endloop
  endfacet
  facet normal 0 0 1
    outer loop
      vertex -9.116118204256193 -9.186712776118682 73.74000000000001
      vertex -9.277178191233507 -7.7364793949504325 73.74000000000001
      vertex -9.391211809537266 -7.43941166289984 73.74000000000001
    endloop
  endfacet
  facet normal -0.48455087033265265 -0.87476308453196 0
    outer loop
      vertex -8.489078405449034 -9.679004104586266 69.99
      vertex -8.139902451720708 -9.872420488142073 69.99
      vertex -8.489078405449034 -9.679004104586266 73.74000000000001
    endloop
  endfacet
  facet normal 0 0 1
    outer loop
      vertex -8.489078405449034 -9.679004104586266 73.74000000000001
      vertex -8.139902451720708 -9.872420488142073 73.74000000000001
      vertex -8.81571730604822 -9.449568334259908 73.74000000000001
    endloop
  endfacet
  facet normal -0.5747874102144066 -0.8183027759081692 -5.9564765642379565e-19
    outer loop
      vertex -8.489078405449034 -9.679004104586266 69.99
      vertex -8.81571730604822 -9.449568334259908 73.74000000000001
      vertex -8.81571730604822 -9.449568334259908 69.99
    endloop
  endfacet
  facet normal -0.6585113790650376 -0.7525707698561395 5.368049241692547e-20
    outer loop
      vertex -9.116118204256193 -9.186712776118682 73.74000000000001
      vertex -8.81571730604822 -9.449568334259908 69.99
      vertex -8.81571730604822 -9.449568334259908 73.74000000000001
    endloop
  endfacet
  facet normal 0 0 1
    outer loop
      vertex -9.116118204256193 -9.186712776118682 73.74000000000001
      vertex -8.81571730604822 -9.449568334259908 73.74000000000001
      vertex -8.139902451720708 -9.872420488142073 73.74000000000001
    endloop
  endfacet
  facet normal 0 0 1
    outer loop
      vertex -9.116118204256193 -9.186712776118682 73.74000000000001
      vertex -8.286867166969119 -8.959411662899841 73.74000000000001
      vertex -8.534157043330929 -8.759160269451279 73.74000000000001
    endloop
  endfacet
  facet normal -0.5747874102144066 -0.8183027759081692 0
    outer loop
      vertex -8.489078405449034 -9.679004104586266 69.99
      vertex -8.489078405449034 -9.679004104586266 73.74000000000001
      vertex -8.81571730604822 -9.449568334259908 73.74000000000001
    endloop
  endfacet
  facet normal 0 0 1
    outer loop
      vertex -9.116118204256193 -9.186712776118682 73.74000000000001
      vertex -8.02 -9.132717227504694 73.74000000000001
      vertex -8.286867166969119 -8.959411662899841 73.74000000000001
    endloop
  endfacet
  facet normal -0.3888241754733181 -0.921311977870414 0
    outer loop
      vertex -8.139902451720708 -9.872420488142073 69.99
      vertex -7.772145747942614 -10.027626000016374 69.99
      vertex -8.139902451720708 -9.872420488142073 73.74000000000001
    endloop
  endfacet
  facet normal -0.38882417547041864 -0.9213119778716377 0
    outer loop
      vertex -7.772145747942614 -10.027626000016374 69.98
      vertex -7.772145747942614 -10.027626000016374 69.99
      vertex -7.77218425614682 -10.027609748278516 69.98
    endloop
  endfacet
  facet normal -0.48455087033265265 -0.87476308453196 4.025281625145643e-19
    outer loop
      vertex -8.489078405449034 -9.679004104586266 73.74000000000001
      vertex -8.139902451720708 -9.872420488142073 69.99
      vertex -8.139902451720708 -9.872420488142073 73.74000000000001
    endloop
  endfacet
  facet normal -0.3888241754733181 -0.921311977870414 0
    outer loop
      vertex -7.772145747942614 -10.027626000016374 69.99
      vertex -7.772145747942614 -10.027626000016374 73.74000000000001
      vertex -8.139902451720708 -9.872420488142073 73.74000000000001
    endloop
  endfacet
  facet normal 0 0 1
    outer loop
      vertex -8.139902451720708 -9.872420488142073 73.74000000000001
      vertex -7.772145747942614 -10.027626000016374 73.74000000000001
      vertex -7.389975124516679 -10.142862099742663 73.74000000000001
    endloop
  endfacet
  facet normal 0 0 1
    outer loop
      vertex -9.116118204256193 -9.186712776118682 73.74000000000001
      vertex -8.139902451720708 -9.872420488142073 73.74000000000001
      vertex -6.599826955391656 -10.248671041712948 73.74000000000001
    endloop
  endfacet
  facet normal 0 0 1
    outer loop
      vertex -9.116118204256193 -9.186712776118682 73.74000000000001
      vertex -6.599826955391656 -10.248671041712948 73.74000000000001
      vertex -7.43941166289984 -9.391211809537266 73.74000000000001
    endloop
  endfacet
  facet normal 0 0 1
    outer loop
      vertex -9.116118204256193 -9.186712776118682 73.74000000000001
      vertex -7.7364793949504325 -9.277178191233507 73.74000000000001
      vertex -8.02 -9.132717227504694 73.74000000000001
    endloop
  endfacet
  facet normal 0 0 1
    outer loop
      vertex -9.116118204256193 -9.186712776118682 73.74000000000001
      vertex -7.43941166289984 -9.391211809537266 73.74000000000001
      vertex -7.7364793949504325 -9.277178191233507 73.74000000000001
    endloop
  endfacet
  facet normal 0 0 1
    outer loop
      vertex -9.116118204256193 -9.186712776118682 73.74000000000001
      vertex -8.759160269451279 -8.534157043330929 73.74000000000001
      vertex -8.95941166289984 -8.286867166969119 73.74000000000001
    endloop
  endfacet
  facet normal 0 0 1
    outer loop
      vertex -9.116118204256193 -9.186712776118682 73.74000000000001
      vertex -8.534157043330929 -8.759160269451279 73.74000000000001
      vertex -8.759160269451279 -8.534157043330929 73.74000000000001
    endloop
  endfacet
  facet normal 0.5003427336166795 0.5003427336166795 0.7066217501846211
    outer loop
      vertex -8.759160269451279 -8.534157043330929 73.74000000000001
      vertex -8.534157043330929 -8.759160269451279 73.74000000000001
      vertex -7.932521037008626 -8.090975791457874 72.84086909699712
    endloop
  endfacet
  facet normal 0.5934361481663688 0.38538194069712456 0.7066217501846243
    outer loop
      vertex -9.132717227504694 -8.02 73.74000000000001
      vertex -8.95941166289984 -8.286867166969119 73.74000000000001
      vertex -8.232262404592756 -7.758562306601466 72.8411940869439
    endloop
  endfacet
  facet normal 0.6304686248866417 0.3212398094874998 0.7066217501846246
    outer loop
      vertex -9.132717227504694 -8.02 73.74000000000001
      vertex -8.357534981207719 -7.572448321429423 72.84489664285886
      vertex -9.277178191233507 -7.7364793949504325 73.74000000000001
    endloop
  endfacet
  facet normal 0.5499018608222911 0.44530174671811296 0.7066217501846225
    outer loop
      vertex -8.759160269451279 -8.534157043330929 73.74000000000001
      vertex -8.096880167651136 -7.937837361212096 72.84881421885069
      vertex -8.95941166289984 -8.286867166969119 73.74000000000001
    endloop
  endfacet
  facet normal 0.5934361481663479 0.38538194069717047 0.7066217501846167
    outer loop
      vertex -9.132717227504694 -8.02 73.74000000000001
      vertex -8.232262404592756 -7.758562306601466 72.8411940869439
      vertex -8.327966841818672 -7.631829150186315 72.85245018374215
    endloop
  endfacet
  facet normal 0.5934361481664325 0.3853819406970204 0.7066217501846276
    outer loop
      vertex -9.132717227504694 -8.02 73.74000000000001
      vertex -8.327966841818672 -7.631829150186315 72.85245018374215
      vertex -8.357534981207719 -7.572448321429423 72.84489664285886
    endloop
  endfacet
  facet normal 0.5499018608222984 0.44530174671810063 0.7066217501846246
    outer loop
      vertex -8.95941166289984 -8.286867166969119 73.74000000000001
      vertex -8.096880167651136 -7.937837361212096 72.84881421885069
      vertex -8.232262404592756 -7.758562306601466 72.8411940869439
    endloop
  endfacet
  facet normal 0.44530174671811507 0.5499018608222889 0.7066217501846229
    outer loop
      vertex -8.534157043330929 -8.759160269451279 73.74000000000001
      vertex -8.286867166969119 -8.959411662899841 73.74000000000001
      vertex -7.795664468215401 -8.215737038652515 72.85171503098567
    endloop
  endfacet
  facet normal 0.445301746718103 0.5499018608223014 0.7066217501846207
    outer loop
      vertex -8.534157043330929 -8.759160269451279 73.74000000000001
      vertex -7.795664468215401 -8.215737038652515 72.85171503098567
      vertex -7.932521037008626 -8.090975791457874 72.84086909699712
    endloop
  endfacet
  facet normal 0.38538194069712217 0.5934361481663714 0.7066217501846235
    outer loop
      vertex -8.02 -9.132717227504694 73.74000000000001
      vertex -7.570922156784644 -8.354891586502248 72.8418443135693
      vertex -8.286867166969119 -8.959411662899841 73.74000000000001
    endloop
  endfacet
  facet normal 0.3212398094875018 0.6304686248866456 0.7066217501846201
    outer loop
      vertex -8.02 -9.132717227504694 73.74000000000001
      vertex -7.7364793949504325 -9.277178191233507 73.74000000000001
      vertex -7.3718117752637715 -8.45812130716515 72.84343062053865
    endloop
  endfacet
  facet normal 0.3853819406971316 0.593436148166363 0.7066217501846254
    outer loop
      vertex -8.286867166969119 -8.959411662899841 73.74000000000001
      vertex -7.570922156784644 -8.354891586502248 72.8418443135693
      vertex -7.761793145968744 -8.236709273485822 72.84669071918276
    endloop
  endfacet
  facet normal 0.44530174671804423 0.5499018608223408 0.7066217501846271
    outer loop
      vertex -8.286867166969119 -8.959411662899841 73.74000000000001
      vertex -7.761793145968744 -8.236709273485822 72.84669071918276
      vertex -7.795664468215401 -8.215737038652515 72.85171503098567
    endloop
  endfacet
  facet normal 0.32123980948751746 0.6304686248866337 0.7066217501846237
    outer loop
      vertex -8.02 -9.132717227504694 73.74000000000001
      vertex -7.458337464919557 -8.424601076413383 72.85285863810408
      vertex -7.570922156784644 -8.354891586502248 72.8418443135693
    endloop
  endfacet
  facet normal 0.798017227280238 0.6026346363792583 1.6581630135687357e-16
    outer loop
      vertex -8.096880167651136 -7.937837361212096 72.84881421885069
      vertex -8.088869172024417 -7.948445633840098 70.03
      vertex -8.327966841818672 -7.631829150186315 70.03
    endloop
  endfacet
  facet normal 0.6736956436465569 0.7390089172206593 5.716318183674823e-17
    outer loop
      vertex -7.932521037008626 -8.090975791457874 72.84086909699712
      vertex -7.795664468215401 -8.215737038652515 70.03
      vertex -8.088869172024417 -7.948445633840098 70.03
    endloop
  endfacet
  facet normal 0.5003427336166852 0.5003427336166717 0.7066217501846225
    outer loop
      vertex -8.759160269451279 -8.534157043330929 73.74000000000001
      vertex -7.932521037008626 -8.090975791457874 72.84086909699712
      vertex -8.088869172024417 -7.948445633840098 72.85065329141595
    endloop
  endfacet
  facet normal 0.5003427336167071 0.500342733616648 0.7066217501846238
    outer loop
      vertex -8.759160269451279 -8.534157043330929 73.74000000000001
      vertex -8.088869172024417 -7.948445633840098 72.85065329141595
      vertex -8.096880167651136 -7.937837361212096 72.84881421885069
    endloop
  endfacet
  facet normal 0.7980172272802395 0.6026346363792564 -1.546018597468509e-16
    outer loop
      vertex -8.232262404592756 -7.758562306601466 72.8411940869439
      vertex -8.096880167651136 -7.937837361212096 72.84881421885069
      vertex -8.327966841818672 -7.631829150186315 70.03
    endloop
  endfacet
  facet normal 0.7980172272802168 0.6026346363792863 0
    outer loop
      vertex -8.088869172024417 -7.948445633840098 72.85065329141595
      vertex -8.088869172024417 -7.948445633840098 70.03
      vertex -8.096880167651136 -7.937837361212096 72.84881421885069
    endloop
  endfacet
  facet normal 0.6736956436465575 0.7390089172206588 0
    outer loop
      vertex -8.088869172024417 -7.948445633840098 72.85065329141595
      vertex -7.932521037008626 -8.090975791457874 72.84086909699712
      vertex -8.088869172024417 -7.948445633840098 70.03
    endloop
  endfacet
  facet normal 0.6736956436465563 0.7390089172206599 3.035883395982048e-18
    outer loop
      vertex -7.932521037008626 -8.090975791457874 72.84086909699712
      vertex -7.795664468215401 -8.215737038652515 72.85171503098567
      vertex -7.795664468215401 -8.215737038652515 70.03
    endloop
  endfacet
  facet normal 0.5264321628773431 0.850217135729622 0
    outer loop
      vertex -7.795664468215401 -8.215737038652515 72.85171503098567
      vertex -7.761793145968744 -8.236709273485822 72.84669071918276
      vertex -7.795664468215401 -8.215737038652515 70.03
    endloop
  endfacet
  facet normal 0.5264321628773584 0.8502171357296125 -2.529020989468193e-16
    outer loop
      vertex -7.761793145968744 -8.236709273485822 72.84669071918276
      vertex -7.570922156784644 -8.354891586502248 72.8418443135693
      vertex -7.795664468215401 -8.215737038652515 70.03
    endloop
  endfacet
  facet normal -0.9493976084683798 -0.31407671202195353 -6.705130811039592e-19
    outer loop
      vertex -9.992510665446268 -7.865602157198084 69.99
      vertex -10.117879508054436 -7.4866346158532044 73.74000000000001
      vertex -10.117879508054436 -7.4866346158532044 69.99
    endloop
  endfacet
  facet normal -0.9943348002111965 -0.10629348563745529 0
    outer loop
      vertex -10.202256330205042 -7.096488110071521 69.98
      vertex -10.202256330205042 -7.096488110071521 69.99
      vertex -10.202259689966569 -7.0964566807907286 69.98
    endloop
  endfacet
  facet normal -0.9774033898178672 -0.21138262362962165 3.10102459267917e-19
    outer loop
      vertex -10.117879508054436 -7.4866346158532044 69.99
      vertex -10.202256330205042 -7.096488110071521 73.74000000000001
      vertex -10.202256330205042 -7.096488110071521 69.99
    endloop
  endfacet
  facet normal 0 0 1
    outer loop
      vertex -9.827570281462144 -8.229096880434971 73.74000000000001
      vertex -10.244685108787857 -6.69958315565817 73.74000000000001
      vertex -10.117879508054436 -7.4866346158532044 73.74000000000001
    endloop
  endfacet
  facet normal -0.9774033898178672 -0.21138262362962165 0
    outer loop
      vertex -10.117879508054436 -7.4866346158532044 69.99
      vertex -10.117879508054436 -7.4866346158532044 73.74000000000001
      vertex -10.202256330205042 -7.096488110071521 73.74000000000001
    endloop
  endfacet
  facet normal 0 0 1
    outer loop
      vertex -10.117879508054436 -7.4866346158532044 73.74000000000001
      vertex -10.244685108787857 -6.69958315565817 73.74000000000001
      vertex -10.202256330205042 -7.096488110071521 73.74000000000001
    endloop
  endfacet
  facet normal 0 0 1
    outer loop
      vertex -10.244685108787857 -6.69958315565817 73.74000000000001
      vertex -9.391211809537266 -7.43941166289984 73.74000000000001
      vertex -9.473568706230768 -7.132051540085988 73.74000000000001
    endloop
  endfacet
  facet normal -0.994334800210137 -0.10629348564736557 -3.106513512133924e-19
    outer loop
      vertex -10.202256330205042 -7.096488110071521 69.99
      vertex -10.244685108787857 -6.69958315565817 73.74000000000001
      vertex -10.244685108787857 -6.69958315565817 69.99
    endloop
  endfacet
  facet normal -0.994334800210137 -0.10629348564736557 0
    outer loop
      vertex -10.202256330205042 -7.096488110071521 69.99
      vertex -10.202256330205042 -7.096488110071521 73.74000000000001
      vertex -10.244685108787857 -6.69958315565817 73.74000000000001
    endloop
  endfacet
  facet normal 0 0 1
    outer loop
      vertex -10.244685108787857 -6.69958315565817 73.74000000000001
      vertex -9.473568706230768 -7.132051540085988 73.74000000000001
      vertex -9.523346561919551 -6.817766528333666 73.74000000000001
    endloop
  endfacet
  facet normal 0 0 1
    outer loop
      vertex -10.244685108787857 -6.69958315565817 73.74000000000001
      vertex -9.523346561919551 -6.817766528333666 73.74000000000001
      vertex -9.54 -6.5 73.74000000000001
    endloop
  endfacet
  facet normal 0.660593555418618 0.2535781077013803 0.7066217501846206
    outer loop
      vertex -9.277178191233507 -7.7364793949504325 73.74000000000001
      vertex -8.4575637249286 -7.371563523657641 72.84282027079428
      vertex -9.391211809537266 -7.43941166289984 73.74000000000001
    endloop
  endfacet
  facet normal 0.6834808847193323 0.18313815110265483 0.706621750184623
    outer loop
      vertex -9.391211809537266 -7.43941166289984 73.74000000000001
      vertex -8.537440324459622 -7.162004491316095 72.84229153530906
      vertex -9.473568706230768 -7.132051540085988 73.74000000000001
    endloop
  endfacet
  facet normal 0.6988798544194981 0.11069169459632759 0.7066217501846193
    outer loop
      vertex -9.473568706230768 -7.132051540085988 73.74000000000001
      vertex -8.613392164320388 -6.895061463305627 72.85212343885141
      vertex -9.523346561919551 -6.817766528333666 73.74000000000001
    endloop
  endfacet
  facet normal 0.7066217501846246 0.03703247672027014 0.7066217501846236
    outer loop
      vertex -9.523346561919551 -6.817766528333666 73.74000000000001
      vertex -8.629262386105571 -6.723794494771595 72.84099095859233
      vertex -9.54 -6.5 73.74000000000001
    endloop
  endfacet
  facet normal 0.895163291355065 0.4457383557765331 5.1583644780250384e-17
    outer loop
      vertex -8.357534981207719 -7.572448321429423 72.84489664285886
      vertex -8.327966841818672 -7.631829150186315 70.03
      vertex -8.503452002900342 -7.279407438341089 70.03
    endloop
  endfacet
  facet normal 0.895163291354906 0.44573835577685234 1.3163816864827942e-14
    outer loop
      vertex -8.4575637249286 -7.371563523657641 72.84282027079428
      vertex -8.503452002900342 -7.279407438341089 70.03
      vertex -8.504815293219364 -7.276669582302379 69.99
    endloop
  endfacet
  facet normal 0.8951632913550631 0.4457383557765367 -2.4823496649915487e-17
    outer loop
      vertex -8.4575637249286 -7.371563523657641 72.84282027079428
      vertex -8.504815293219364 -7.276669582302379 69.99
      vertex -8.504815293219364 -7.276669582302379 70.03
    endloop
  endfacet
  facet normal 0.961825643172819 0.27366299007208295 1.4986451168472252e-16
    outer loop
      vertex -8.537440324459622 -7.162004491316095 72.84229153530906
      vertex -8.504815293219364 -7.276669582302379 70.03
      vertex -8.612758102985785 -6.897289957742544 70.03
    endloop
  endfacet
  facet normal 0.6304686248866321 0.32123980948752834 0.70662175018462
    outer loop
      vertex -9.277178191233507 -7.7364793949504325 73.74000000000001
      vertex -8.357534981207719 -7.572448321429423 72.84489664285886
      vertex -8.4575637249286 -7.371563523657641 72.84282027079428
    endloop
  endfacet
  facet normal 0.6605935554186266 0.25357810770134903 0.7066217501846238
    outer loop
      vertex -9.391211809537266 -7.43941166289984 73.74000000000001
      vertex -8.504815293219364 -7.276669582302379 72.85294033207634
      vertex -8.537440324459622 -7.162004491316095 72.84229153530906
    endloop
  endfacet
  facet normal 0.6834808847193332 0.18313815110264794 0.7066217501846241
    outer loop
      vertex -9.473568706230768 -7.132051540085988 73.74000000000001
      vertex -8.537440324459622 -7.162004491316095 72.84229153530906
      vertex -8.598862752206108 -6.94612705002621 72.84575259463045
    endloop
  endfacet
  facet normal 0.6605935554186189 0.25357810770137645 0.7066217501846214
    outer loop
      vertex -9.391211809537266 -7.43941166289984 73.74000000000001
      vertex -8.4575637249286 -7.371563523657641 72.84282027079428
      vertex -8.504815293219364 -7.276669582302379 72.85294033207634
    endloop
  endfacet
  facet normal 0.8951632913550639 0.4457383557765351 0
    outer loop
      vertex -8.327966841818672 -7.631829150186315 72.85245018374215
      vertex -8.327966841818672 -7.631829150186315 70.03
      vertex -8.357534981207719 -7.572448321429423 72.84489664285886
    endloop
  endfacet
  facet normal 0.8951632913550649 0.4457383557765333 7.113933401054195e-17
    outer loop
      vertex -8.357534981207719 -7.572448321429423 72.84489664285886
      vertex -8.503452002900342 -7.279407438341089 70.03
      vertex -8.4575637249286 -7.371563523657641 72.84282027079428
    endloop
  endfacet
  facet normal 0.8951632913550632 0.4457383557765363 -3.5173958681104553e-19
    outer loop
      vertex -8.4575637249286 -7.371563523657641 72.84282027079428
      vertex -8.504815293219364 -7.276669582302379 70.03
      vertex -8.504815293219364 -7.276669582302379 72.85294033207634
    endloop
  endfacet
  facet normal 0.961825643172818 0.2736629900720864 0
    outer loop
      vertex -8.504815293219364 -7.276669582302379 72.85294033207634
      vertex -8.504815293219364 -7.276669582302379 70.03
      vertex -8.537440324459622 -7.162004491316095 72.84229153530906
    endloop
  endfacet
  facet normal 1 0 0
    outer loop
      vertex -8.65 -6.5 72.85000000000001
      vertex -8.65 -6.5 70.03
      vertex -8.65 -6.491637182373752 69.99
    endloop
  endfacet
  facet normal 0.9618256431728456 0.2736629900719894 -1.979007542115729e-15
    outer loop
      vertex -8.598862752206108 -6.94612705002621 72.84575259463045
      vertex -8.612758102985785 -6.897289957742544 70.03
      vertex -8.613392164320388 -6.895061463305627 69.99
    endloop
  endfacet
  facet normal 0.961825643172817 0.2736629900720895 1.9395408606951368e-17
    outer loop
      vertex -8.598862752206108 -6.94612705002621 72.84575259463045
      vertex -8.613392164320388 -6.895061463305627 69.99
      vertex -8.613392164320388 -6.895061463305627 70.03
    endloop
  endfacet
  facet normal 0.9957341762950342 0.0922683594633056 2.1645316006199783e-16
    outer loop
      vertex -8.629262386105571 -6.723794494771595 72.84099095859233
      vertex -8.613392164320388 -6.895061463305627 70.03
      vertex -8.65 -6.5 70.03
    endloop
  endfacet
  facet normal 0.6988798544194645 0.11069169459648212 0.7066217501846283
    outer loop
      vertex -9.473568706230768 -7.132051540085988 73.74000000000001
      vertex -8.598862752206108 -6.94612705002621 72.84575259463045
      vertex -8.613392164320388 -6.895061463305627 72.85212343885141
    endloop
  endfacet
  facet normal 0.6988798544194997 0.11069169459628268 0.7066217501846248
    outer loop
      vertex -9.523346561919551 -6.817766528333666 73.74000000000001
      vertex -8.613392164320388 -6.895061463305627 72.85212343885141
      vertex -8.629262386105571 -6.723794494771595 72.84099095859233
    endloop
  endfacet
  facet normal 0.7066217501846247 0.037032476720271656 0.7066217501846233
    outer loop
      vertex -9.54 -6.5 73.74000000000001
      vertex -8.629262386105571 -6.723794494771595 72.84099095859233
      vertex -8.65 -6.5 72.85000000000001
    endloop
  endfacet
  facet normal 0.9618256431728203 0.2736629900720786 -2.905444626471197e-16
    outer loop
      vertex -8.537440324459622 -7.162004491316095 72.84229153530906
      vertex -8.612758102985785 -6.897289957742544 70.03
      vertex -8.598862752206108 -6.94612705002621 72.84575259463045
    endloop
  endfacet
  facet normal 0.9618256431728168 0.273662990072091 0
    outer loop
      vertex -8.613392164320388 -6.895061463305627 72.85212343885141
      vertex -8.598862752206108 -6.94612705002621 72.84575259463045
      vertex -8.613392164320388 -6.895061463305627 70.03
    endloop
  endfacet
  facet normal 0.9957341762950339 0.09226835946330912 0
    outer loop
      vertex -8.613392164320388 -6.895061463305627 72.85212343885141
      vertex -8.613392164320388 -6.895061463305627 70.03
      vertex -8.629262386105571 -6.723794494771595 72.84099095859233
    endloop
  endfacet
  facet normal 0.9957341762950345 0.0922683594633029 0
    outer loop
      vertex -8.65 -6.5 72.85000000000001
      vertex -8.629262386105571 -6.723794494771595 72.84099095859233
      vertex -8.65 -6.5 70.03
    endloop
  endfacet
  facet normal 0.7980172272802378 0.6026346363792586 -1.6796537213857351e-18
    outer loop
      vertex -8.232262404592756 -7.758562306601466 72.8411940869439
      vertex -8.327966841818672 -7.631829150186315 70.03
      vertex -8.327966841818672 -7.631829150186315 72.85245018374215
    endloop
  endfacet
  facet normal -0.185288724080225 -0.9826841245938199 -2.1968631915170013e-21
    outer loop
      vertex -7.3899149959361115 -10.142873437208788 69.98
      vertex -7.389975124516679 -10.142862099742663 69.99
      vertex -7.389975124516679 -10.142862099742663 69.98
    endloop
  endfacet
  facet normal -0.2886919473396232 -0.9574220383620049 0
    outer loop
      vertex -7.772145747942614 -10.027626000016374 69.99
      vertex -7.389975124516679 -10.142862099742663 69.99
      vertex -7.772145747942614 -10.027626000016374 73.74000000000001
    endloop
  endfacet
  facet normal -0.1852887240871112 -0.9826841245925214 0
    outer loop
      vertex -7.389975124516679 -10.142862099742663 69.99
      vertex -6.9977207273139586 -10.216823116265026 69.99
      vertex -7.389975124516679 -10.142862099742663 73.74000000000001
    endloop
  endfacet
  facet normal -0.2886919473396232 -0.9574220383620049 -7.348904570707611e-19
    outer loop
      vertex -7.772145747942614 -10.027626000016374 73.74000000000001
      vertex -7.389975124516679 -10.142862099742663 69.99
      vertex -7.389975124516679 -10.142862099742663 73.74000000000001
    endloop
  endfacet
  facet normal 0 0 1
    outer loop
      vertex -8.139902451720708 -9.872420488142073 73.74000000000001
      vertex -7.389975124516679 -10.142862099742663 73.74000000000001
      vertex -6.599826955391656 -10.248671041712948 73.74000000000001
    endloop
  endfacet
  facet normal -0.1852887240871112 -0.9826841245925214 1.1396847266994589e-18
    outer loop
      vertex -7.389975124516679 -10.142862099742663 73.74000000000001
      vertex -6.9977207273139586 -10.216823116265026 69.99
      vertex -6.9977207273139586 -10.216823116265026 73.74000000000001
    endloop
  endfacet
  facet normal 0 0 1
    outer loop
      vertex -7.43941166289984 -9.391211809537266 73.74000000000001
      vertex -6.599826955391656 -10.248671041712948 73.74000000000001
      vertex -7.132051540085988 -9.473568706230768 73.74000000000001
    endloop
  endfacet
  facet normal 0.2535781077013803 0.6605935554186181 0.7066217501846207
    outer loop
      vertex -7.7364793949504325 -9.277178191233507 73.74000000000001
      vertex -7.43941166289984 -9.391211809537266 73.74000000000001
      vertex -7.162570352524392 -8.539181866184723 72.84412270064493
    endloop
  endfacet
  facet normal 0.18313815110265516 0.6834808847193337 0.7066217501846218
    outer loop
      vertex -7.43941166289984 -9.391211809537266 73.74000000000001
      vertex -7.132051540085988 -9.473568706230768 73.74000000000001
      vertex -7.088375428654977 -8.56792513282156 72.85269525325945
    endloop
  endfacet
  facet normal -0.07978610555308664 -0.9968120070307498 0
    outer loop
      vertex -6.9977207273139586 -10.216823116265026 69.99
      vertex -6.599826955391656 -10.248671041712948 69.99
      vertex -6.9977207273139586 -10.216823116265026 73.74000000000001
    endloop
  endfacet
  facet normal 0 -1 0
    outer loop
      vertex -6.597834353430972 -10.248671041712948 69.98
      vertex -6.599826955391656 -10.248671041712948 69.99
      vertex -6.599811654208037 -10.248671041712948 69.98
    endloop
  endfacet
  facet normal -0.07978610555308664 -0.9968120070307498 0
    outer loop
      vertex -6.599826955391656 -10.248671041712948 69.99
      vertex -6.599826955391656 -10.248671041712948 73.74000000000001
      vertex -6.9977207273139586 -10.216823116265026 73.74000000000001
    endloop
  endfacet
  facet normal 0 0 1
    outer loop
      vertex -7.389975124516679 -10.142862099742663 73.74000000000001
      vertex -6.9977207273139586 -10.216823116265026 73.74000000000001
      vertex -6.599826955391656 -10.248671041712948 73.74000000000001
    endloop
  endfacet
  facet normal 0 0 1
    outer loop
      vertex -7.132051540085988 -9.473568706230768 73.74000000000001
      vertex -6.599826955391656 -10.248671041712948 73.74000000000001
      vertex -6.8177665283336655 -9.523346561919551 73.74000000000001
    endloop
  endfacet
  facet normal 0 0 1
    outer loop
      vertex -6.599826955391656 -10.248671041712948 73.74000000000001
      vertex -6.5 -9.54 73.74000000000001
      vertex -6.8177665283336655 -9.523346561919551 73.74000000000001
    endloop
  endfacet
  facet normal 0.11069169459632718 0.6988798544194974 0.70662175018462
    outer loop
      vertex -7.132051540085988 -9.473568706230768 73.74000000000001
      vertex -6.8177665283336655 -9.523346561919551 73.74000000000001
      vertex -6.724496950817535 -8.635945808939717 72.84771119558788
    endloop
  endfacet
  facet normal 0.037032476720270324 0.7066217501846261 0.706621750184622
    outer loop
      vertex -6.8177665283336655 -9.523346561919551 73.74000000000001
      vertex -6.5 -9.54 73.74000000000001
      vertex -6.5 -8.640828479034324 72.84082847903433
    endloop
  endfacet
  facet normal 0.5264321628773547 0.8502171357296148 1.4453176501703432e-16
    outer loop
      vertex -7.570922156784644 -8.354891586502248 72.8418443135693
      vertex -7.458337464919557 -8.424601076413383 70.03
      vertex -7.795664468215401 -8.215737038652515 70.03
    endloop
  endfacet
  facet normal 0.3612416661871533 0.9324722294043557 1.7936055800362156e-16
    outer loop
      vertex -7.162570352524392 -8.539181866184723 72.84412270064493
      vertex -7.088375428654977 -8.56792513282156 70.03
      vertex -7.458337464919557 -8.424601076413383 70.03
    endloop
  endfacet
  facet normal 0.32123980948753106 0.6304686248866247 0.7066217501846255
    outer loop
      vertex -8.02 -9.132717227504694 73.74000000000001
      vertex -7.3718117752637715 -8.45812130716515 72.84343062053865
      vertex -7.458337464919557 -8.424601076413383 72.85285863810408
    endloop
  endfacet
  facet normal 0.25357810770137607 0.6605935554186205 0.7066217501846198
    outer loop
      vertex -7.7364793949504325 -9.277178191233507 73.74000000000001
      vertex -7.162570352524392 -8.539181866184723 72.84412270064493
      vertex -7.3718117752637715 -8.45812130716515 72.84343062053865
    endloop
  endfacet
  facet normal 0.5264321628773522 0.8502171357296164 -1.4479521580908333e-18
    outer loop
      vertex -7.570922156784644 -8.354891586502248 72.8418443135693
      vertex -7.458337464919557 -8.424601076413383 72.85285863810408
      vertex -7.458337464919557 -8.424601076413383 70.03
    endloop
  endfacet
  facet normal 0.36124166618715586 0.9324722294043547 0
    outer loop
      vertex -7.458337464919557 -8.424601076413383 72.85285863810408
      vertex -7.3718117752637715 -8.45812130716515 72.84343062053865
      vertex -7.458337464919557 -8.424601076413383 70.03
    endloop
  endfacet
  facet normal 0.18313815110263124 0.6834808847193419 0.7066217501846199
    outer loop
      vertex -7.43941166289984 -9.391211809537266 73.74000000000001
      vertex -7.088375428654977 -8.56792513282156 72.85269525325945
      vertex -7.162570352524392 -8.539181866184723 72.84412270064493
    endloop
  endfacet
  facet normal 0.18313815110266168 0.6834808847193327 0.7066217501846211
    outer loop
      vertex -7.132051540085988 -9.473568706230768 73.74000000000001
      vertex -6.945238420068625 -8.594682076951473 72.84147852060369
      vertex -7.088375428654977 -8.56792513282156 72.85269525325945
    endloop
  endfacet
  facet normal 0.3612416661871543 0.9324722294043553 5.446252036622133e-17
    outer loop
      vertex -7.3718117752637715 -8.45812130716515 72.84343062053865
      vertex -7.162570352524392 -8.539181866184723 72.84412270064493
      vertex -7.458337464919557 -8.424601076413383 70.03
    endloop
  endfacet
  facet normal 0.36124166618714737 0.9324722294043579 5.169747825848115e-19
    outer loop
      vertex -7.162570352524392 -8.539181866184723 72.84412270064493
      vertex -7.088375428654977 -8.56792513282156 72.85269525325945
      vertex -7.088375428654977 -8.56792513282156 70.03
    endloop
  endfacet
  facet normal 0.1837495178165718 0.9829730996839016 1.0507997775159867e-16
    outer loop
      vertex -6.724496950817535 -8.635945808939717 72.84771119558788
      vertex -6.6983769728461 -8.640828479034324 70.03
      vertex -7.088375428654977 -8.56792513282156 70.03
    endloop
  endfacet
  facet normal 0.11069169459633602 0.6988798544194945 0.7066217501846214
    outer loop
      vertex -7.132051540085988 -9.473568706230768 73.74000000000001
      vertex -6.724496950817535 -8.635945808939717 72.84771119558788
      vertex -6.945238420068625 -8.594682076951473 72.84147852060369
    endloop
  endfacet
  facet normal 0.037032476720186634 0.7066217501846346 0.7066217501846179
    outer loop
      vertex -6.8177665283336655 -9.523346561919551 73.74000000000001
      vertex -6.6983769728461 -8.640828479034324 72.85122497564208
      vertex -6.724496950817535 -8.635945808939717 72.84771119558788
    endloop
  endfacet
  facet normal 0.18374951781657523 0.9829730996839008 0
    outer loop
      vertex -7.088375428654977 -8.56792513282156 72.85269525325945
      vertex -6.945238420068625 -8.594682076951473 72.84147852060369
      vertex -7.088375428654977 -8.56792513282156 70.03
    endloop
  endfacet
  facet normal 0.18374951781657087 0.9829730996839017 2.309828802873425e-16
    outer loop
      vertex -6.945238420068625 -8.594682076951473 72.84147852060369
      vertex -6.724496950817535 -8.635945808939717 72.84771119558788
      vertex -7.088375428654977 -8.56792513282156 70.03
    endloop
  endfacet
  facet normal 0.03703247672026416 0.7066217501846275 0.706621750184621
    outer loop
      vertex -6.8177665283336655 -9.523346561919551 73.74000000000001
      vertex -6.5 -8.640828479034324 72.84082847903433
      vertex -6.6983769728461 -8.640828479034324 72.85122497564208
    endloop
  endfacet
  facet normal 0.18374951781656088 0.9829730996839036 1.0936893842137104e-19
    outer loop
      vertex -6.724496950817535 -8.635945808939717 72.84771119558788
      vertex -6.6983769728461 -8.640828479034324 72.85122497564208
      vertex -6.6983769728461 -8.640828479034324 70.03
    endloop
  endfacet
  facet normal 0 1 0
    outer loop
      vertex -6.6983769728461 -8.640828479034324 72.85122497564208
      vertex -6.5 -8.640828479034324 72.84082847903433
      vertex -6.6983769728461 -8.640828479034324 70.03
    endloop
  endfacet
  facet normal -1 0 0
    outer loop
      vertex -10.244685108787857 -6.69958315565817 69.99
      vertex -10.244685108787857 -6.69958315565817 73.74000000000001
      vertex -10.244685108787857 6.300416844341829 73.74000000000001
    endloop
  endfacet
  facet normal 0 0 1
    outer loop
      vertex -10.244685108787857 -6.69958315565817 73.74000000000001
      vertex -9.54 -6.5 73.74000000000001
      vertex -9.54 6.5 73.74000000000001
    endloop
  endfacet
  facet normal 0.7071067811865481 0 0.7071067811865468
    outer loop
      vertex -9.54 -6.5 73.74000000000001
      vertex -8.65 -6.5 72.85000000000001
      vertex -9.54 6.5 73.74000000000001
    endloop
  endfacet
  facet normal 1 0 0
    outer loop
      vertex -8.65 -6.5 72.85000000000001
      vertex -8.65 -6.491637182373752 69.99
      vertex -8.65 6.5 69.99
    endloop
  endfacet
  facet normal 0 -1 0
    outer loop
      vertex -6.599826955391656 -10.248671041712948 69.99
      vertex 6.400173044608344 -10.248671041712948 69.99
      vertex -6.599826955391656 -10.248671041712948 73.74000000000001
    endloop
  endfacet
  facet normal 0 0 1
    outer loop
      vertex -6.599826955391656 -10.248671041712948 73.74000000000001
      vertex 6.400173044608344 -10.248671041712948 73.74000000000001
      vertex -6.5 -9.54 73.74000000000001
    endloop
  endfacet
  facet normal 2.481880877583585e-18 0.7071067811865497 0.7071067811865455
    outer loop
      vertex -6.5 -9.54 73.74000000000001
      vertex 6.5 -8.640828479034324 72.84082847903433
      vertex -6.5 -8.640828479034324 72.84082847903433
    endloop
  endfacet
  facet normal 0 1 0
    outer loop
      vertex -6.5 -8.640828479034324 72.84082847903433
      vertex 6.5 -8.640828479034324 72.84082847903433
      vertex -6.6983769728461 -8.640828479034324 70.03
    endloop
  endfacet
  facet normal -1 0 0
    outer loop
      vertex -10.244685108787857 -6.69958315565817 69.99
      vertex -10.244685108787857 6.699583155658171 73.74000000000001
      vertex -10.244685108787857 6.699583155658171 69.99
    endloop
  endfacet
  facet normal -1 0 0
    outer loop
      vertex -10.244685108787857 -6.69958315565817 69.99
      vertex -10.244685108787857 6.300416844341829 73.74000000000001
      vertex -10.244685108787857 6.699583155658171 73.74000000000001
    endloop
  endfacet
  facet normal 0 0 1
    outer loop
      vertex -10.244685108787857 -6.69958315565817 73.74000000000001
      vertex -9.54 6.5 73.74000000000001
      vertex -10.244685108787857 6.300416844341829 73.74000000000001
    endloop
  endfacet
  facet normal 1 0 0
    outer loop
      vertex -8.65 -6.5 72.85000000000001
      vertex -8.65 6.5 69.99
      vertex -8.65 6.5 70.03
    endloop
  endfacet
  facet normal 1 0 0
    outer loop
      vertex -8.65 -6.5 72.85000000000001
      vertex -8.65 6.5 70.03
      vertex -8.65 6.5 72.85000000000001
    endloop
  endfacet
  facet normal 0.7071067811865481 0 0.7071067811865468
    outer loop
      vertex -8.65 -6.5 72.85000000000001
      vertex -8.65 6.5 72.85000000000001
      vertex -9.54 6.5 73.74000000000001
    endloop
  endfacet
  facet normal -0.994334800210137 0.10629348564736629 -1.0459588398366e-18
    outer loop
      vertex -10.244685108787857 6.699583155658171 69.99
      vertex -10.202256330205042 7.096488110071519 73.74000000000001
      vertex -10.202256330205042 7.096488110071519 69.99
    endloop
  endfacet
  facet normal 0 0 1
    outer loop
      vertex -10.244685108787857 6.300416844341829 73.74000000000001
      vertex -10.202256330205042 7.096488110071519 73.74000000000001
      vertex -10.244685108787857 6.699583155658171 73.74000000000001
    endloop
  endfacet
  facet normal -0.994334800210137 0.10629348564736629 0
    outer loop
      vertex -10.244685108787857 6.699583155658171 69.99
      vertex -10.244685108787857 6.699583155658171 73.74000000000001
      vertex -10.202256330205042 7.096488110071519 73.74000000000001
    endloop
  endfacet
  facet normal 0 0 1
    outer loop
      vertex -10.244685108787857 6.300416844341829 73.74000000000001
      vertex -9.54 6.5 73.74000000000001
      vertex -9.523346561919551 6.817766528333664 73.74000000000001
    endloop
  endfacet
  facet normal 0 0 1
    outer loop
      vertex -10.244685108787857 6.300416844341829 73.74000000000001
      vertex -9.523346561919551 6.817766528333664 73.74000000000001
      vertex -9.473568706230768 7.132051540085989 73.74000000000001
    endloop
  endfacet
  facet normal 0 0 1
    outer loop
      vertex -10.244685108787857 6.300416844341829 73.74000000000001
      vertex -9.473568706230768 7.132051540085989 73.74000000000001
      vertex -9.391211809537266 7.43941166289984 73.74000000000001
    endloop
  endfacet
  facet normal -0.9774033898178676 0.21138262362962026 1.5473774380584489e-18
    outer loop
      vertex -10.202256330205042 7.096488110071519 69.99
      vertex -10.117879508054436 7.486634615853205 73.74000000000001
      vertex -10.117879508054436 7.486634615853205 69.99
    endloop
  endfacet
  facet normal -0.9774033898123117 0.21138262365530985 -3.3075669332101804e-20
    outer loop
      vertex -10.117886404847154 7.486602726057988 69.98
      vertex -10.117879508054436 7.486634615853205 69.99
      vertex -10.117879508054436 7.486634615853205 69.98
    endloop
  endfacet
  facet normal -0.9774033898178676 0.21138262362962026 0
    outer loop
      vertex -10.202256330205042 7.096488110071519 69.99
      vertex -10.202256330205042 7.096488110071519 73.74000000000001
      vertex -10.117879508054436 7.486634615853205 73.74000000000001
    endloop
  endfacet
  facet normal 0 0 1
    outer loop
      vertex -10.244685108787857 6.300416844341829 73.74000000000001
      vertex -9.992510665446268 7.865602157198083 73.74000000000001
      vertex -10.202256330205042 7.096488110071519 73.74000000000001
    endloop
  endfacet
  facet normal -0.9493976084683793 0.31407671202195486 0
    outer loop
      vertex -10.117879508054436 7.486634615853205 69.99
      vertex -10.117879508054436 7.486634615853205 73.74000000000001
      vertex -9.992510665446268 7.865602157198083 73.74000000000001
    endloop
  endfacet
  facet normal 0 0 1
    outer loop
      vertex -10.202256330205042 7.096488110071519 73.74000000000001
      vertex -9.992510665446268 7.865602157198083 73.74000000000001
      vertex -10.117879508054436 7.486634615853205 73.74000000000001
    endloop
  endfacet
  facet normal 0 0 1
    outer loop
      vertex -10.244685108787857 6.300416844341829 73.74000000000001
      vertex -9.391211809537266 7.43941166289984 73.74000000000001
      vertex -9.277178191233507 7.7364793949504325 73.74000000000001
    endloop
  endfacet
  facet normal 0.7066217501846248 -0.03703247672027046 0.7066217501846235
    outer loop
      vertex -9.54 6.5 73.74000000000001
      vertex -8.65 6.5 72.85000000000001
      vertex -9.523346561919551 6.817766528333664 73.74000000000001
    endloop
  endfacet
  facet normal 0.6988798544194942 -0.11069169459632573 0.7066217501846235
    outer loop
      vertex -9.523346561919551 6.817766528333664 73.74000000000001
      vertex -8.629262386105571 6.723794494771596 72.84099095859233
      vertex -9.473568706230768 7.132051540085989 73.74000000000001
    endloop
  endfacet
  facet normal 0 0 1
    outer loop
      vertex -10.244685108787857 6.300416844341829 73.74000000000001
      vertex -9.277178191233507 7.7364793949504325 73.74000000000001
      vertex -9.132717227504694 8.02 73.74000000000001
    endloop
  endfacet
  facet normal 0.6834808847193313 -0.18313815110265508 0.706621750184624
    outer loop
      vertex -9.473568706230768 7.132051540085989 73.74000000000001
      vertex -8.598862752206108 6.94612705002621 72.84575259463045
      vertex -9.391211809537266 7.43941166289984 73.74000000000001
    endloop
  endfacet
  facet normal 0.6605935554186178 -0.2535781077013802 0.7066217501846209
    outer loop
      vertex -9.391211809537266 7.43941166289984 73.74000000000001
      vertex -8.504815293219364 7.276669582302379 72.85294033207634
      vertex -9.277178191233507 7.7364793949504325 73.74000000000001
    endloop
  endfacet
  facet normal 0.9957341762950342 -0.0922683594633056 0
    outer loop
      vertex -8.65 6.5 72.85000000000001
      vertex -8.65 6.5 70.03
      vertex -8.613392164320388 6.895061463305627 70.03
    endloop
  endfacet
  facet normal 0.961825643172819 -0.27366299007208256 -1.638773144916427e-16
    outer loop
      vertex -8.598862752206108 6.94612705002621 72.84575259463045
      vertex -8.613392164320388 6.895061463305627 70.03
      vertex -8.504815293219364 7.276669582302379 70.03
    endloop
  endfacet
  facet normal 0.7066217501846246 -0.037032476720271414 0.7066217501846235
    outer loop
      vertex -9.523346561919551 6.817766528333664 73.74000000000001
      vertex -8.65 6.5 72.85000000000001
      vertex -8.629262386105571 6.723794494771596 72.84099095859233
    endloop
  endfacet
  facet normal 0.6988798544195076 -0.1106916945962835 0.7066217501846168
    outer loop
      vertex -9.473568706230768 7.132051540085989 73.74000000000001
      vertex -8.629262386105571 6.723794494771596 72.84099095859233
      vertex -8.613392164320388 6.895061463305627 72.85212343885141
    endloop
  endfacet
  facet normal 0.6988798544194645 -0.1106916945964829 0.7066217501846283
    outer loop
      vertex -9.473568706230768 7.132051540085989 73.74000000000001
      vertex -8.613392164320388 6.895061463305627 72.85212343885141
      vertex -8.598862752206108 6.94612705002621 72.84575259463045
    endloop
  endfacet
  facet normal 0.9957341762950344 -0.0922683594633025 4.345328233542768e-16
    outer loop
      vertex -8.65 6.5 72.85000000000001
      vertex -8.613392164320388 6.895061463305627 70.03
      vertex -8.629262386105571 6.723794494771596 72.84099095859233
    endloop
  endfacet
  facet normal 0.9957341762950338 -0.09226835946330961 -1.2426027481970495e-19
    outer loop
      vertex -8.629262386105571 6.723794494771596 72.84099095859233
      vertex -8.613392164320388 6.895061463305627 70.03
      vertex -8.613392164320388 6.895061463305627 72.85212343885141
    endloop
  endfacet
  facet normal 0.9618256431728168 -0.273662990072091 0
    outer loop
      vertex -8.613392164320388 6.895061463305627 72.85212343885141
      vertex -8.613392164320388 6.895061463305627 70.03
      vertex -8.598862752206108 6.94612705002621 72.84575259463045
    endloop
  endfacet
  facet normal 0.8951632913550635 -0.4457383557765362 1.3359952876738812e-16
    outer loop
      vertex -8.4575637249286 7.371563523657642 72.84282027079428
      vertex -8.504815293219364 7.276669582302379 70.03
      vertex -8.327966841818672 7.631829150186313 70.03
    endloop
  endfacet
  facet normal 0.6834808847193349 -0.18313815110264683 0.7066217501846227
    outer loop
      vertex -9.391211809537266 7.43941166289984 73.74000000000001
      vertex -8.598862752206108 6.94612705002621 72.84575259463045
      vertex -8.537440324459622 7.162004491316097 72.84229153530906
    endloop
  endfacet
  facet normal 0.6605935554186255 -0.2535781077013522 0.7066217501846237
    outer loop
      vertex -9.391211809537266 7.43941166289984 73.74000000000001
      vertex -8.537440324459622 7.162004491316097 72.84229153530906
      vertex -8.504815293219364 7.276669582302379 72.85294033207634
    endloop
  endfacet
  facet normal 0.6605935554186202 -0.25357810770137496 0.7066217501846204
    outer loop
      vertex -8.504815293219364 7.276669582302379 72.85294033207634
      vertex -8.4575637249286 7.371563523657642 72.84282027079428
      vertex -9.277178191233507 7.7364793949504325 73.74000000000001
    endloop
  endfacet
  facet normal 0.6304686248866267 -0.32123980948752723 0.7066217501846254
    outer loop
      vertex -8.4575637249286 7.371563523657642 72.84282027079428
      vertex -8.357534981207719 7.572448321429423 72.84489664285886
      vertex -9.132717227504694 8.02 73.74000000000001
    endloop
  endfacet
  facet normal 0.9618256431728208 -0.2736629900720765 6.069085740703756e-16
    outer loop
      vertex -8.598862752206108 6.94612705002621 72.84575259463045
      vertex -8.504815293219364 7.276669582302379 70.03
      vertex -8.537440324459622 7.162004491316097 72.84229153530906
    endloop
  endfacet
  facet normal 0.9618256431728168 -0.2736629900720903 2.4397671138201056e-19
    outer loop
      vertex -8.537440324459622 7.162004491316097 72.84229153530906
      vertex -8.504815293219364 7.276669582302379 70.03
      vertex -8.504815293219364 7.276669582302379 72.85294033207634
    endloop
  endfacet
  facet normal 0.895163291355065 -0.445738355776533 0
    outer loop
      vertex -8.504815293219364 7.276669582302379 72.85294033207634
      vertex -8.504815293219364 7.276669582302379 70.03
      vertex -8.4575637249286 7.371563523657642 72.84282027079428
    endloop
  endfacet
  facet normal 0.8951632913550641 -0.4457383557765349 2.859145446547713e-16
    outer loop
      vertex -8.4575637249286 7.371563523657642 72.84282027079428
      vertex -8.327966841818672 7.631829150186313 70.03
      vertex -8.357534981207719 7.572448321429423 72.84489664285886
    endloop
  endfacet
  facet normal 0.8951632913550586 -0.44573835577654575 1.4110183777999781e-19
    outer loop
      vertex -8.357534981207719 7.572448321429423 72.84489664285886
      vertex -8.327966841818672 7.631829150186313 70.03
      vertex -8.327966841818672 7.631829150186313 72.85245018374215
    endloop
  endfacet
  facet normal 0.7980172272802398 -0.6026346363792559 0
    outer loop
      vertex -8.327966841818672 7.631829150186313 72.85245018374215
      vertex -8.327966841818672 7.631829150186313 70.03
      vertex -8.232262404592756 7.7585623066014655 72.8411940869439
    endloop
  endfacet
  facet normal -0.9493976084683793 0.31407671202195486 2.3280340397154875e-19
    outer loop
      vertex -10.117879508054436 7.486634615853205 69.99
      vertex -9.992510665446268 7.865602157198083 73.74000000000001
      vertex -9.992510665446268 7.865602157198083 69.99
    endloop
  endfacet
  facet normal -0.9106347728549152 0.4132121857683736 1.996997975561541e-18
    outer loop
      vertex -9.992510665446268 7.865602157198083 69.99
      vertex -9.827570281462144 8.229096880434973 73.74000000000001
      vertex -9.827570281462144 8.229096880434973 69.99
    endloop
  endfacet
  facet normal -0.9106347728549152 0.4132121857683736 0
    outer loop
      vertex -9.992510665446268 7.865602157198083 69.99
      vertex -9.992510665446268 7.865602157198083 73.74000000000001
      vertex -9.827570281462144 8.229096880434973 73.74000000000001
    endloop
  endfacet
  facet normal 0 0 1
    outer loop
      vertex -10.244685108787857 6.300416844341829 73.74000000000001
      vertex -9.116118204256193 9.186712776118682 73.74000000000001
      vertex -9.992510665446268 7.865602157198083 73.74000000000001
    endloop
  endfacet
  facet normal -0.8615540813775774 0.5076658003663813 5.854005318110164e-20
    outer loop
      vertex -9.624945311762604 8.572969501991157 69.98
      vertex -9.624927196559431 8.573000245104474 69.99
      vertex -9.624927196559431 8.573000245104474 69.98
    endloop
  endfacet
  facet normal -0.8615540813938042 0.5076658003388431 -1.7010997103488796e-18
    outer loop
      vertex -9.827570281462144 8.229096880434973 69.99
      vertex -9.624927196559431 8.573000245104474 73.74000000000001
      vertex -9.624927196559431 8.573000245104474 69.99
    endloop
  endfacet
  facet normal -0.8615540813938042 0.5076658003388431 0
    outer loop
      vertex -9.827570281462144 8.229096880434973 69.99
      vertex -9.827570281462144 8.229096880434973 73.74000000000001
      vertex -9.624927196559431 8.573000245104474 73.74000000000001
    endloop
  endfacet
  facet normal 0 0 1
    outer loop
      vertex -9.992510665446268 7.865602157198083 73.74000000000001
      vertex -9.116118204256193 9.186712776118682 73.74000000000001
      vertex -9.827570281462144 8.229096880434973 73.74000000000001
    endloop
  endfacet
  facet normal 0 0 1
    outer loop
      vertex -9.827570281462144 8.229096880434973 73.74000000000001
      vertex -9.386877437862148 8.893415688668078 73.74000000000001
      vertex -9.624927196559431 8.573000245104474 73.74000000000001
    endloop
  endfacet
  facet normal 0 0 1
    outer loop
      vertex -10.244685108787857 6.300416844341829 73.74000000000001
      vertex -9.132717227504694 8.02 73.74000000000001
      vertex -9.116118204256193 9.186712776118682 73.74000000000001
    endloop
  endfacet
  facet normal -0.8027116379291407 0.5963673585409551 1.1728620903848314e-19
    outer loop
      vertex -9.386899325827162 8.893386227424106 69.98
      vertex -9.386877437862148 8.893415688668078 69.99
      vertex -9.386877437862148 8.893415688668078 69.98
    endloop
  endfacet
  facet normal -0.802711637930967 0.5963673585384969 -4.16326879889179e-18
    outer loop
      vertex -9.624927196559431 8.573000245104474 69.99
      vertex -9.386877437862148 8.893415688668078 73.74000000000001
      vertex -9.386877437862148 8.893415688668078 69.99
    endloop
  endfacet
  facet normal -0.802711637930967 0.5963673585384969 0
    outer loop
      vertex -9.624927196559431 8.573000245104474 69.99
      vertex -9.624927196559431 8.573000245104474 73.74000000000001
      vertex -9.386877437862148 8.893415688668078 73.74000000000001
    endloop
  endfacet
  facet normal 0 0 1
    outer loop
      vertex -9.827570281462144 8.229096880434973 73.74000000000001
      vertex -9.116118204256193 9.186712776118682 73.74000000000001
      vertex -9.386877437862148 8.893415688668078 73.74000000000001
    endloop
  endfacet
  facet normal 0 0 1
    outer loop
      vertex -9.132717227504694 8.02 73.74000000000001
      vertex -8.95941166289984 8.286867166969117 73.74000000000001
      vertex -9.116118204256193 9.186712776118682 73.74000000000001
    endloop
  endfacet
  facet normal -0.7347741508677269 0.6783118362645686 6.377637269858151e-20
    outer loop
      vertex -9.116143790874645 9.18668505968379 69.98
      vertex -9.116118204256193 9.186712776118682 69.99
      vertex -9.116118204256193 9.186712776118682 69.98
    endloop
  endfacet
  facet normal -0.7347741508630644 0.6783118362696192 3.2788761259599896e-18
    outer loop
      vertex -9.386877437862148 8.893415688668078 69.99
      vertex -9.116118204256193 9.186712776118682 73.74000000000001
      vertex -9.116118204256193 9.186712776118682 69.99
    endloop
  endfacet
  facet normal -0.7347741508630644 0.6783118362696192 0
    outer loop
      vertex -9.386877437862148 8.893415688668078 69.99
      vertex -9.386877437862148 8.893415688668078 73.74000000000001
      vertex -9.116118204256193 9.186712776118682 73.74000000000001
    endloop
  endfacet
  facet normal -0.6585113790650376 0.7525707698561395 0
    outer loop
      vertex -9.116118204256193 9.186712776118682 69.99
      vertex -9.116118204256193 9.186712776118682 73.74000000000001
      vertex -8.81571730604822 9.449568334259908 73.74000000000001
    endloop
  endfacet
  facet normal 0.6304686248866451 -0.3212398094875017 0.7066217501846206
    outer loop
      vertex -8.4575637249286 7.371563523657642 72.84282027079428
      vertex -9.132717227504694 8.02 73.74000000000001
      vertex -9.277178191233507 7.7364793949504325 73.74000000000001
    endloop
  endfacet
  facet normal 0.5934361481663675 -0.38538194069712617 0.7066217501846245
    outer loop
      vertex -8.357534981207719 7.572448321429423 72.84489664285886
      vertex -8.95941166289984 8.286867166969117 73.74000000000001
      vertex -9.132717227504694 8.02 73.74000000000001
    endloop
  endfacet
  facet normal 0.5499018608222885 -0.445301746718114 0.7066217501846241
    outer loop
      vertex -8.95941166289984 8.286867166969117 73.74000000000001
      vertex -8.232262404592756 7.7585623066014655 72.8411940869439
      vertex -8.759160269451279 8.534157043330925 73.74000000000001
    endloop
  endfacet
  facet normal 0.5934361481664473 -0.3853819406970364 0.7066217501846064
    outer loop
      vertex -8.357534981207719 7.572448321429423 72.84489664285886
      vertex -8.327966841818672 7.631829150186313 72.85245018374215
      vertex -8.95941166289984 8.286867166969117 73.74000000000001
    endloop
  endfacet
  facet normal 0.5934361481663426 -0.38538194069716303 0.7066217501846253
    outer loop
      vertex -8.327966841818672 7.631829150186313 72.85245018374215
      vertex -8.232262404592756 7.7585623066014655 72.8411940869439
      vertex -8.95941166289984 8.286867166969117 73.74000000000001
    endloop
  endfacet
  facet normal 0.5499018608222982 -0.44530174671810485 0.706621750184622
    outer loop
      vertex -8.759160269451279 8.534157043330925 73.74000000000001
      vertex -8.232262404592756 7.7585623066014655 72.8411940869439
      vertex -8.096880167651136 7.937837361212093 72.84881421885069
    endloop
  endfacet
  facet normal 0 0 1
    outer loop
      vertex -9.116118204256193 9.186712776118682 73.74000000000001
      vertex -8.95941166289984 8.286867166969117 73.74000000000001
      vertex -8.759160269451279 8.534157043330925 73.74000000000001
    endloop
  endfacet
  facet normal 0 0 1
    outer loop
      vertex -9.116118204256193 9.186712776118682 73.74000000000001
      vertex -8.759160269451279 8.534157043330925 73.74000000000001
      vertex -8.534157043330929 8.759160269451279 73.74000000000001
    endloop
  endfacet
  facet normal 0.5003427336166831 -0.5003427336166754 0.7066217501846214
    outer loop
      vertex -8.759160269451279 8.534157043330925 73.74000000000001
      vertex -8.088869172024417 7.948445633840098 72.85065329141595
      vertex -8.534157043330929 8.759160269451279 73.74000000000001
    endloop
  endfacet
  facet normal 0.7980172272802397 -0.6026346363792561 1.511793441146722e-17
    outer loop
      vertex -8.232262404592756 7.7585623066014655 72.8411940869439
      vertex -8.327966841818672 7.631829150186313 70.03
      vertex -8.088869172024417 7.948445633840098 70.03
    endloop
  endfacet
  facet normal 0.6736956436465545 -0.7390089172206616 -3.733412661514066e-16
    outer loop
      vertex -7.932521037008625 8.090975791457872 72.84086909699712
      vertex -8.088869172024417 7.948445633840098 70.03
      vertex -7.795664468215401 8.215737038652513 70.03
    endloop
  endfacet
  facet normal 0.7980172272802366 -0.6026346363792602 -4.177324447248147e-16
    outer loop
      vertex -8.232262404592756 7.7585623066014655 72.8411940869439
      vertex -8.088869172024417 7.948445633840098 70.03
      vertex -8.096880167651136 7.937837361212093 72.84881421885069
    endloop
  endfacet
  facet normal 0.7980172272802897 -0.6026346363791899 -1.1259875127447282e-19
    outer loop
      vertex -8.096880167651136 7.937837361212093 72.84881421885069
      vertex -8.088869172024417 7.948445633840098 70.03
      vertex -8.088869172024417 7.948445633840098 72.85065329141595
    endloop
  endfacet
  facet normal 0.6736956436465508 -0.739008917220665 0
    outer loop
      vertex -8.088869172024417 7.948445633840098 72.85065329141595
      vertex -8.088869172024417 7.948445633840098 70.03
      vertex -7.932521037008625 8.090975791457872 72.84086909699712
    endloop
  endfacet
  facet normal 0.5003427336167738 -0.5003427336165787 0.7066217501846256
    outer loop
      vertex -8.759160269451279 8.534157043330925 73.74000000000001
      vertex -8.096880167651136 7.937837361212093 72.84881421885069
      vertex -8.088869172024417 7.948445633840098 72.85065329141595
    endloop
  endfacet
  facet normal 0.5003427336166812 -0.5003427336166768 0.7066217501846216
    outer loop
      vertex -8.534157043330929 8.759160269451279 73.74000000000001
      vertex -8.088869172024417 7.948445633840098 72.85065329141595
      vertex -7.932521037008625 8.090975791457872 72.84086909699712
    endloop
  endfacet
  facet normal 0.6736956436465588 -0.7390089172206579 -2.6300763532234563e-18
    outer loop
      vertex -7.932521037008625 8.090975791457872 72.84086909699712
      vertex -7.795664468215401 8.215737038652513 70.03
      vertex -7.795664468215401 8.215737038652513 72.85171503098567
    endloop
  endfacet
  facet normal 0.5264321628773754 -0.8502171357296021 0
    outer loop
      vertex -7.795664468215401 8.215737038652513 72.85171503098567
      vertex -7.795664468215401 8.215737038652513 70.03
      vertex -7.761793145968744 8.236709273485822 72.84669071918276
    endloop
  endfacet
  facet normal 0.44530174671811334 -0.5499018608222916 0.7066217501846218
    outer loop
      vertex -8.534157043330929 8.759160269451279 73.74000000000001
      vertex -7.932521037008625 8.090975791457872 72.84086909699712
      vertex -8.286867166969119 8.95941166289984 73.74000000000001
    endloop
  endfacet
  facet normal 0.44530174671810274 -0.549901860822298 0.7066217501846237
    outer loop
      vertex -7.932521037008625 8.090975791457872 72.84086909699712
      vertex -7.795664468215401 8.215737038652513 72.85171503098567
      vertex -8.286867166969119 8.95941166289984 73.74000000000001
    endloop
  endfacet
  facet normal 0.38538194069712706 -0.5934361481663668 0.7066217501846246
    outer loop
      vertex -7.761793145968744 8.236709273485822 72.84669071918276
      vertex -8.02 9.132717227504696 73.74000000000001
      vertex -8.286867166969119 8.95941166289984 73.74000000000001
    endloop
  endfacet
  facet normal 0.44530174671806416 -0.5499018608223262 0.706621750184626
    outer loop
      vertex -7.795664468215401 8.215737038652513 72.85171503098567
      vertex -7.761793145968744 8.236709273485822 72.84669071918276
      vertex -8.286867166969119 8.95941166289984 73.74000000000001
    endloop
  endfacet
  facet normal 0.385381940697131 -0.593436148166365 0.7066217501846239
    outer loop
      vertex -7.761793145968744 8.236709273485822 72.84669071918276
      vertex -7.570922156784643 8.354891586502248 72.8418443135693
      vertex -8.02 9.132717227504696 73.74000000000001
    endloop
  endfacet
  facet normal 0.3212398094874969 -0.6304686248866437 0.706621750184624
    outer loop
      vertex -8.02 9.132717227504696 73.74000000000001
      vertex -7.570922156784643 8.354891586502248 72.8418443135693
      vertex -7.7364793949504325 9.277178191233507 73.74000000000001
    endloop
  endfacet
  facet normal -0.6585113790650376 0.7525707698561395 -5.368049241692547e-20
    outer loop
      vertex -9.116118204256193 9.186712776118682 69.99
      vertex -8.81571730604822 9.449568334259908 73.74000000000001
      vertex -8.81571730604822 9.449568334259908 69.99
    endloop
  endfacet
  facet normal -0.5747874102144086 0.8183027759081677 -2.814094599523027e-18
    outer loop
      vertex -8.81571730604822 9.449568334259908 69.99
      vertex -8.489078405449035 9.679004104586266 73.74000000000001
      vertex -8.489078405449035 9.679004104586266 69.99
    endloop
  endfacet
  facet normal 0 0 1
    outer loop
      vertex -9.116118204256193 9.186712776118682 73.74000000000001
      vertex -8.534157043330929 8.759160269451279 73.74000000000001
      vertex -8.286867166969119 8.95941166289984 73.74000000000001
    endloop
  endfacet
  facet normal -0.5747874102144086 0.8183027759081677 0
    outer loop
      vertex -8.81571730604822 9.449568334259908 69.99
      vertex -8.81571730604822 9.449568334259908 73.74000000000001
      vertex -8.489078405449035 9.679004104586266 73.74000000000001
    endloop
  endfacet
  facet normal 0 0 1
    outer loop
      vertex -9.116118204256193 9.186712776118682 73.74000000000001
      vertex -8.139902451720708 9.872420488142073 73.74000000000001
      vertex -8.81571730604822 9.449568334259908 73.74000000000001
    endloop
  endfacet
  facet normal 0 0 1
    outer loop
      vertex -9.116118204256193 9.186712776118682 73.74000000000001
      vertex -8.286867166969119 8.95941166289984 73.74000000000001
      vertex -8.02 9.132717227504696 73.74000000000001
    endloop
  endfacet
  facet normal -0.48455087033265076 0.874763084531961 0
    outer loop
      vertex -8.489078405449035 9.679004104586266 69.99
      vertex -8.489078405449035 9.679004104586266 73.74000000000001
      vertex -8.139902451720708 9.872420488142073 73.74000000000001
    endloop
  endfacet
  facet normal 0 0 1
    outer loop
      vertex -8.81571730604822 9.449568334259908 73.74000000000001
      vertex -8.139902451720708 9.872420488142073 73.74000000000001
      vertex -8.489078405449035 9.679004104586266 73.74000000000001
    endloop
  endfacet
  facet normal 0 0 1
    outer loop
      vertex -9.116118204256193 9.186712776118682 73.74000000000001
      vertex -7.772145747942614 10.027626000016376 73.74000000000001
      vertex -8.139902451720708 9.872420488142073 73.74000000000001
    endloop
  endfacet
  facet normal 0 0 1
    outer loop
      vertex -9.116118204256193 9.186712776118682 73.74000000000001
      vertex -8.02 9.132717227504696 73.74000000000001
      vertex -7.7364793949504325 9.277178191233507 73.74000000000001
    endloop
  endfacet
  facet normal 0 0 1
    outer loop
      vertex -9.116118204256193 9.186712776118682 73.74000000000001
      vertex -7.7364793949504325 9.277178191233507 73.74000000000001
      vertex -7.43941166289984 9.391211809537264 73.74000000000001
    endloop
  endfacet
  facet normal 0 0 1
    outer loop
      vertex -9.116118204256193 9.186712776118682 73.74000000000001
      vertex -7.43941166289984 9.391211809537264 73.74000000000001
      vertex -7.132051540085988 9.473568706230768 73.74000000000001
    endloop
  endfacet
  facet normal -0.3888241754733235 0.9213119778704117 -6.811604865805074e-14
    outer loop
      vertex -8.139884594080419 9.872428024657854 69.98
      vertex -8.139902451720708 9.872420488142073 69.99
      vertex -7.772145747942614 10.027626000016376 69.98
    endloop
  endfacet
  facet normal -0.48455087033265076 0.874763084531961 -2.6526709014878352e-18
    outer loop
      vertex -8.489078405449035 9.679004104586266 69.99
      vertex -8.139902451720708 9.872420488142073 73.74000000000001
      vertex -8.139902451720708 9.872420488142073 69.99
    endloop
  endfacet
  facet normal -0.388824175473322 0.9213119778704124 1.7089369933398017e-16
    outer loop
      vertex -8.139902451720708 9.872420488142073 69.99
      vertex -7.772145747942614 10.027626000016376 69.99
      vertex -7.772145747942614 10.027626000016376 69.98
    endloop
  endfacet
  facet normal -0.38882417547332193 0.9213119778704124 4.557165315568642e-19
    outer loop
      vertex -8.139902451720708 9.872420488142073 69.99
      vertex -7.772145747942614 10.027626000016376 73.74000000000001
      vertex -7.772145747942614 10.027626000016376 69.99
    endloop
  endfacet
  facet normal -0.38882417547332193 0.9213119778704124 0
    outer loop
      vertex -8.139902451720708 9.872420488142073 69.99
      vertex -8.139902451720708 9.872420488142073 73.74000000000001
      vertex -7.772145747942614 10.027626000016376 73.74000000000001
    endloop
  endfacet
  facet normal 0 0 1
    outer loop
      vertex -9.116118204256193 9.186712776118682 73.74000000000001
      vertex -6.599826955391656 10.248671041712946 73.74000000000001
      vertex -7.772145747942614 10.027626000016376 73.74000000000001
    endloop
  endfacet
  facet normal 0.5264321628773548 -0.8502171357296148 3.4261662252804874e-16
    outer loop
      vertex -7.761793145968744 8.236709273485822 72.84669071918276
      vertex -7.795664468215401 8.215737038652513 70.03
      vertex -7.458337464919557 8.424601076413381 70.03
    endloop
  endfacet
  facet normal 0.36124166618715725 -0.9324722294043543 -7.498387726431958e-16
    outer loop
      vertex -7.371811775263771 8.458121307165147 72.84343062053865
      vertex -7.458337464919557 8.424601076413381 70.03
      vertex -7.088375428654977 8.56792513282156 70.03
    endloop
  endfacet
  facet normal 0.5264321628773566 -0.8502171357296137 6.186718338145629e-16
    outer loop
      vertex -7.761793145968744 8.236709273485822 72.84669071918276
      vertex -7.458337464919557 8.424601076413381 70.03
      vertex -7.570922156784643 8.354891586502248 72.8418443135693
    endloop
  endfacet
  facet normal 0.5264321628773454 -0.8502171357296207 1.550126953011835e-18
    outer loop
      vertex -7.570922156784643 8.354891586502248 72.8418443135693
      vertex -7.458337464919557 8.424601076413381 70.03
      vertex -7.458337464919557 8.424601076413381 72.85285863810408
    endloop
  endfacet
  facet normal 0.361241666187136 -0.9324722294043624 0
    outer loop
      vertex -7.458337464919557 8.424601076413381 72.85285863810408
      vertex -7.458337464919557 8.424601076413381 70.03
      vertex -7.371811775263771 8.458121307165147 72.84343062053865
    endloop
  endfacet
  facet normal 0.3212398094875129 -0.6304686248866382 0.7066217501846216
    outer loop
      vertex -7.7364793949504325 9.277178191233507 73.74000000000001
      vertex -7.570922156784643 8.354891586502248 72.8418443135693
      vertex -7.458337464919557 8.424601076413381 72.85285863810408
    endloop
  endfacet
  facet normal 0.32123980948751907 -0.6304686248866359 0.7066217501846209
    outer loop
      vertex -7.7364793949504325 9.277178191233507 73.74000000000001
      vertex -7.458337464919557 8.424601076413381 72.85285863810408
      vertex -7.371811775263771 8.458121307165147 72.84343062053865
    endloop
  endfacet
  facet normal 0.36124166618716813 -0.93247222940435 5.119597587889291e-16
    outer loop
      vertex -7.371811775263771 8.458121307165147 72.84343062053865
      vertex -7.088375428654977 8.56792513282156 70.03
      vertex -7.162570352524391 8.539181866184723 72.84412270064493
    endloop
  endfacet
  facet normal 0.36124166618715114 -0.9324722294043565 -2.5863493209056984e-19
    outer loop
      vertex -7.162570352524391 8.539181866184723 72.84412270064493
      vertex -7.088375428654977 8.56792513282156 70.03
      vertex -7.088375428654977 8.56792513282156 72.85269525325945
    endloop
  endfacet
  facet normal 0.2535781077013858 -0.6605935554186166 0.7066217501846198
    outer loop
      vertex -7.371811775263771 8.458121307165147 72.84343062053865
      vertex -7.162570352524391 8.539181866184723 72.84412270064493
      vertex -7.43941166289984 9.391211809537264 73.74000000000001
    endloop
  endfacet
  facet normal 0.18313815110263074 -0.6834808847193374 0.7066217501846244
    outer loop
      vertex -7.162570352524391 8.539181866184723 72.84412270064493
      vertex -7.088375428654977 8.56792513282156 72.85269525325945
      vertex -7.132051540085988 9.473568706230768 73.74000000000001
    endloop
  endfacet
  facet normal 0.1831381511026535 -0.683480884719334 0.7066217501846219
    outer loop
      vertex -7.088375428654977 8.56792513282156 72.85269525325945
      vertex -6.945238420068625 8.594682076951472 72.84147852060369
      vertex -7.132051540085988 9.473568706230768 73.74000000000001
    endloop
  endfacet
  facet normal 0.18374951781657572 -0.9829730996839007 -6.467799422547552e-16
    outer loop
      vertex -6.945238420068625 8.594682076951472 72.84147852060369
      vertex -7.088375428654977 8.56792513282156 70.03
      vertex -6.698376972846099 8.640828479034326 70.03
    endloop
  endfacet
  facet normal 0.18374951781656346 -0.982973099683903 0
    outer loop
      vertex -7.088375428654977 8.56792513282156 72.85269525325945
      vertex -7.088375428654977 8.56792513282156 70.03
      vertex -6.945238420068625 8.594682076951472 72.84147852060369
    endloop
  endfacet
  facet normal 0.18374951781657853 -0.9829730996839002 -3.929409247177292e-16
    outer loop
      vertex -6.945238420068625 8.594682076951472 72.84147852060369
      vertex -6.698376972846099 8.640828479034326 70.03
      vertex -6.724496950817535 8.635945808939717 72.84771119558789
    endloop
  endfacet
  facet normal 0.11069169459629628 -0.6988798544194965 0.7066217501846259
    outer loop
      vertex -6.945238420068625 8.594682076951472 72.84147852060369
      vertex -6.724496950817535 8.635945808939717 72.84771119558789
      vertex -6.817766528333666 9.52334656191955 73.74000000000001
    endloop
  endfacet
  facet normal 0.03703247672060962 -0.7066217501845964 0.7066217501846338
    outer loop
      vertex -6.724496950817535 8.635945808939717 72.84771119558789
      vertex -6.698376972846099 8.640828479034326 72.85122497564208
      vertex -6.817766528333666 9.52334656191955 73.74000000000001
    endloop
  endfacet
  facet normal 0.18374951781661947 -0.9829730996838927 1.7778629615445665e-19
    outer loop
      vertex -6.724496950817535 8.635945808939717 72.84771119558789
      vertex -6.698376972846099 8.640828479034326 70.03
      vertex -6.698376972846099 8.640828479034326 72.85122497564208
    endloop
  endfacet
  facet normal 0 -1 0
    outer loop
      vertex -6.698376972846099 8.640828479034326 72.85122497564208
      vertex -6.698376972846099 8.640828479034326 70.03
      vertex -6.5 8.640828479034326 72.84082847903433
    endloop
  endfacet
  facet normal 0.03703247672026433 -0.7066217501846269 0.7066217501846215
    outer loop
      vertex -6.698376972846099 8.640828479034326 72.85122497564208
      vertex -6.5 8.640828479034326 72.84082847903433
      vertex -6.5 9.54 73.74000000000001
    endloop
  endfacet
  facet normal 0.25357810770137656 -0.6605935554186186 0.7066217501846214
    outer loop
      vertex -7.7364793949504325 9.277178191233507 73.74000000000001
      vertex -7.371811775263771 8.458121307165147 72.84343062053865
      vertex -7.43941166289984 9.391211809537264 73.74000000000001
    endloop
  endfacet
  facet normal 0.1831381511026594 -0.6834808847193342 0.7066217501846201
    outer loop
      vertex -7.162570352524391 8.539181866184723 72.84412270064493
      vertex -7.132051540085988 9.473568706230768 73.74000000000001
      vertex -7.43941166289984 9.391211809537264 73.74000000000001
    endloop
  endfacet
  facet normal -0.2886919473308185 0.9574220383646597 -1.9971929624181227e-21
    outer loop
      vertex -7.390016117838197 10.142849739005868 69.98
      vertex -7.38997512451668 10.142862099742661 69.99
      vertex -7.38997512451668 10.142862099742661 69.98
    endloop
  endfacet
  facet normal -0.2886919473396156 0.957422038362007 -1.2193817513664751e-18
    outer loop
      vertex -7.772145747942614 10.027626000016376 69.99
      vertex -7.38997512451668 10.142862099742661 73.74000000000001
      vertex -7.38997512451668 10.142862099742661 69.99
    endloop
  endfacet
  facet normal -0.18528872408711428 0.9826841245925209 0
    outer loop
      vertex -7.38997512451668 10.142862099742661 69.98
      vertex -7.38997512451668 10.142862099742661 69.99
      vertex -6.997720727313957 10.216823116265026 69.99
    endloop
  endfacet
  facet normal -0.18528872408711428 0.9826841245925209 1.2568367012556832e-16
    outer loop
      vertex -7.38997512451668 10.142862099742661 69.98
      vertex -6.997720727313957 10.216823116265026 69.99
      vertex -6.997720727313957 10.216823116265026 69.98
    endloop
  endfacet
  facet normal -0.1852887240871143 0.982684124592521 3.351564536678761e-19
    outer loop
      vertex -7.38997512451668 10.142862099742661 69.99
      vertex -6.997720727313957 10.216823116265026 73.74000000000001
      vertex -6.997720727313957 10.216823116265026 69.99
    endloop
  endfacet
  facet normal 0 0 1
    outer loop
      vertex -9.116118204256193 9.186712776118682 73.74000000000001
      vertex -7.132051540085988 9.473568706230768 73.74000000000001
      vertex -6.599826955391656 10.248671041712946 73.74000000000001
    endloop
  endfacet
  facet normal -0.2886919473396156 0.957422038362007 0
    outer loop
      vertex -7.772145747942614 10.027626000016376 69.99
      vertex -7.772145747942614 10.027626000016376 73.74000000000001
      vertex -7.38997512451668 10.142862099742661 73.74000000000001
    endloop
  endfacet
  facet normal 0 0 1
    outer loop
      vertex -7.772145747942614 10.027626000016376 73.74000000000001
      vertex -6.997720727313957 10.216823116265026 73.74000000000001
      vertex -7.38997512451668 10.142862099742661 73.74000000000001
    endloop
  endfacet
  facet normal -0.1852887240871143 0.982684124592521 0
    outer loop
      vertex -7.38997512451668 10.142862099742661 69.99
      vertex -7.38997512451668 10.142862099742661 73.74000000000001
      vertex -6.997720727313957 10.216823116265026 73.74000000000001
    endloop
  endfacet
  facet normal 0 0 1
    outer loop
      vertex -7.772145747942614 10.027626000016376 73.74000000000001
      vertex -6.599826955391656 10.248671041712946 73.74000000000001
      vertex -6.997720727313957 10.216823116265026 73.74000000000001
    endloop
  endfacet
  facet normal 0.11069169459632329 -0.6988798544194963 0.7066217501846218
    outer loop
      vertex -6.945238420068625 8.594682076951472 72.84147852060369
      vertex -6.817766528333666 9.52334656191955 73.74000000000001
      vertex -7.132051540085988 9.473568706230768 73.74000000000001
    endloop
  endfacet
  facet normal 0.03703247672027438 -0.7066217501846279 0.7066217501846201
    outer loop
      vertex -6.698376972846099 8.640828479034326 72.85122497564208
      vertex -6.5 9.54 73.74000000000001
      vertex -6.817766528333666 9.52334656191955 73.74000000000001
    endloop
  endfacet
  facet normal -0.07978610555308259 0.9968120070307502 3.1243422834848646e-19
    outer loop
      vertex -6.997720727313957 10.216823116265026 69.99
      vertex -6.599826955391656 10.248671041712946 73.74000000000001
      vertex -6.599826955391656 10.248671041712946 69.99
    endloop
  endfacet
  facet normal 0 0 1
    outer loop
      vertex -7.132051540085988 9.473568706230768 73.74000000000001
      vertex -6.817766528333666 9.52334656191955 73.74000000000001
      vertex -6.599826955391656 10.248671041712946 73.74000000000001
    endloop
  endfacet
  facet normal -0.07978610555308259 0.9968120070307502 0
    outer loop
      vertex -6.997720727313957 10.216823116265026 69.99
      vertex -6.997720727313957 10.216823116265026 73.74000000000001
      vertex -6.599826955391656 10.248671041712946 73.74000000000001
    endloop
  endfacet
  facet normal 0 0 1
    outer loop
      vertex -6.817766528333666 9.52334656191955 73.74000000000001
      vertex -6.5 9.54 73.74000000000001
      vertex -6.599826955391656 10.248671041712946 73.74000000000001
    endloop
  endfacet
  facet normal 0 -1 0
    outer loop
      vertex -6.5 8.640828479034326 72.84082847903433
      vertex -6.698376972846099 8.640828479034326 70.03
      vertex 6.6983769728460985 8.640828479034326 70.03
    endloop
  endfacet
  facet normal 1.6367313530292354e-18 -0.7071067811865503 0.7071067811865447
    outer loop
      vertex -6.5 8.640828479034326 72.84082847903433
      vertex 6.5 9.54 73.74000000000001
      vertex -6.5 9.54 73.74000000000001
    endloop
  endfacet
  facet normal 0 1 0
    outer loop
      vertex -6.599811654208037 10.248671041712946 69.98
      vertex -6.599811660976693 10.248671041712946 69.98000442361541
      vertex 6.398196618513097 10.248671041712946 69.98000442361541
    endloop
  endfacet
  facet normal 0 1 0
    outer loop
      vertex -6.599826955391656 10.248671041712946 69.99
      vertex -6.599826955391656 10.248671041712946 73.74000000000001
      vertex 6.400173044608344 10.248671041712946 73.74000000000001
    endloop
  endfacet
  facet normal 0 0 1
    outer loop
      vertex -6.5 9.54 73.74000000000001
      vertex 6.5 9.54 73.74000000000001
      vertex -6.599826955391656 10.248671041712946 73.74000000000001
    endloop
  endfacet
  facet normal 0 -1 0
    outer loop
      vertex -6.599826955391656 -10.248671041712948 73.74000000000001
      vertex 6.400173044608344 -10.248671041712948 69.99
      vertex 6.400173044608344 -10.248671041712948 73.74000000000001
    endloop
  endfacet
  facet normal 0 0 1
    outer loop
      vertex -6.5 -9.54 73.74000000000001
      vertex 6.400173044608344 -10.248671041712948 73.74000000000001
      vertex 6.5 -9.54 73.74000000000001
    endloop
  endfacet
  facet normal 0 0.7071067811865497 0.7071067811865455
    outer loop
      vertex -6.5 -9.54 73.74000000000001
      vertex 6.5 -9.54 73.74000000000001
      vertex 6.5 -8.640828479034324 72.84082847903433
    endloop
  endfacet
  facet normal 0 1 0
    outer loop
      vertex 6.5 -8.640828479034324 72.84082847903433
      vertex 6.6983769728460985 -8.640828479034324 70.03
      vertex -6.6983769728461 -8.640828479034324 70.03
    endloop
  endfacet
  facet normal 0.026620521437775786 -0.9996456111234525 0
    outer loop
      vertex 6.400173044608344 -10.248671041712948 69.99
      vertex 6.7991978958240615 -10.238045026365313 69.99
      vertex 6.400173044608344 -10.248671041712948 73.74000000000001
    endloop
  endfacet
  facet normal 0.13272552728372333 -0.991152831004007 0
    outer loop
      vertex 6.7991978958240615 -10.238045026365313 69.99
      vertex 7.194832715326676 -10.185065467221953 69.99
      vertex 6.7991978958240615 -10.238045026365313 73.74000000000001
    endloop
  endfacet
  facet normal 0.026620521437775786 -0.9996456111234525 2.8003588073940327e-19
    outer loop
      vertex 6.400173044608344 -10.248671041712948 73.74000000000001
      vertex 6.7991978958240615 -10.238045026365313 69.99
      vertex 6.7991978958240615 -10.238045026365313 73.74000000000001
    endloop
  endfacet
  facet normal 0 0 1
    outer loop
      vertex 6.400173044608344 -10.248671041712948 73.74000000000001
      vertex 6.817766528333667 -9.523346561919551 73.74000000000001
      vertex 6.5 -9.54 73.74000000000001
    endloop
  endfacet
  facet normal 0 0 1
    outer loop
      vertex 6.400173044608344 -10.248671041712948 73.74000000000001
      vertex 6.7991978958240615 -10.238045026365313 73.74000000000001
      vertex 7.194832715326676 -10.185065467221953 73.74000000000001
    endloop
  endfacet
  facet normal 0 0 1
    outer loop
      vertex 6.400173044608344 -10.248671041712948 73.74000000000001
      vertex 7.132051540085989 -9.473568706230768 73.74000000000001
      vertex 6.817766528333667 -9.523346561919551 73.74000000000001
    endloop
  endfacet
  facet normal 0 0 1
    outer loop
      vertex 6.400173044608344 -10.248671041712948 73.74000000000001
      vertex 7.43941166289984 -9.391211809537266 73.74000000000001
      vertex 7.132051540085989 -9.473568706230768 73.74000000000001
    endloop
  endfacet
  facet normal -0.03703247672027015 0.7066217501846269 0.7066217501846215
    outer loop
      vertex 6.5 -9.54 73.74000000000001
      vertex 6.817766528333667 -9.523346561919551 73.74000000000001
      vertex 6.6983769728460985 -8.640828479034324 72.85122497564208
    endloop
  endfacet
  facet normal -0.1106916945963272 0.6988798544194956 0.7066217501846218
    outer loop
      vertex 6.817766528333667 -9.523346561919551 73.74000000000001
      vertex 7.132051540085989 -9.473568706230768 73.74000000000001
      vertex 6.945238420068627 -8.594682076951472 72.84147852060369
    endloop
  endfacet
  facet normal 0.1327255273537226 -0.9911528309946335 -4.0756378253437107e-13
    outer loop
      vertex 7.1947862360254184 -10.185071691276987 69.98
      vertex 7.194832715326676 -10.185065467221953 69.99
      vertex 7.194772068880898 -10.185073588402908 69.98
    endloop
  endfacet
  facet normal 0.23732669987111268 -0.9714298932647105 0
    outer loop
      vertex 7.194832715326676 -10.185065467221953 69.99
      vertex 7.58259480252358 -10.09033264385752 69.99
      vertex 7.194832715326676 -10.185065467221953 73.74000000000001
    endloop
  endfacet
  facet normal 0.13272552728372333 -0.991152831004007 1.156299821111627e-18
    outer loop
      vertex 6.7991978958240615 -10.238045026365313 73.74000000000001
      vertex 7.194832715326676 -10.185065467221953 69.99
      vertex 7.194832715326676 -10.185065467221953 73.74000000000001
    endloop
  endfacet
  facet normal 0 0 1
    outer loop
      vertex 6.400173044608344 -10.248671041712948 73.74000000000001
      vertex 7.194832715326676 -10.185065467221953 73.74000000000001
      vertex 7.958090658024954 -9.954919917014049 73.74000000000001
    endloop
  endfacet
  facet normal 0.23732669987111268 -0.9714298932647105 0
    outer loop
      vertex 7.58259480252358 -10.09033264385752 69.99
      vertex 7.58259480252358 -10.09033264385752 73.74000000000001
      vertex 7.194832715326676 -10.185065467221953 73.74000000000001
    endloop
  endfacet
  facet normal 0 0 1
    outer loop
      vertex 7.194832715326676 -10.185065467221953 73.74000000000001
      vertex 7.58259480252358 -10.09033264385752 73.74000000000001
      vertex 7.958090658024954 -9.954919917014049 73.74000000000001
    endloop
  endfacet
  facet normal -0.18313815110265594 0.6834808847193345 0.7066217501846207
    outer loop
      vertex 7.132051540085989 -9.473568706230768 73.74000000000001
      vertex 7.43941166289984 -9.391211809537266 73.74000000000001
      vertex 7.162570352524391 -8.539181866184723 72.84412270064493
    endloop
  endfacet
  facet normal -0.25357810770138056 0.6605935554186187 0.7066217501846199
    outer loop
      vertex 7.43941166289984 -9.391211809537266 73.74000000000001
      vertex 7.7364793949504325 -9.277178191233507 73.74000000000001
      vertex 7.371811775263772 -8.45812130716515 72.84343062053865
    endloop
  endfacet
  facet normal -0.18374951781654983 0.9829730996839057 -7.951853227703024e-18
    outer loop
      vertex 6.724496950817535 -8.635945808939717 72.84771119558788
      vertex 6.6983769728460985 -8.640828479034324 69.99
      vertex 6.6983769728460985 -8.640828479034324 70.03
    endloop
  endfacet
  facet normal -0.1837495178166272 0.9829730996838911 7.412185974926226e-16
    outer loop
      vertex 6.724496950817535 -8.635945808939717 72.84771119558788
      vertex 6.701839898418765 -8.640181146056019 70.03
      vertex 6.6983769728460985 -8.640828479034324 69.99
    endloop
  endfacet
  facet normal -0.18374951781657056 0.9829730996839017 -2.585157241883156e-16
    outer loop
      vertex 6.945238420068627 -8.594682076951472 72.84147852060369
      vertex 7.088375428654977 -8.56792513282156 70.03
      vertex 6.701839898418765 -8.640181146056019 70.03
    endloop
  endfacet
  facet normal -0.03703247672026466 0.7066217501846264 0.7066217501846221
    outer loop
      vertex 6.5 -9.54 73.74000000000001
      vertex 6.6983769728460985 -8.640828479034324 72.85122497564208
      vertex 6.5 -8.640828479034324 72.84082847903433
    endloop
  endfacet
  facet normal 0 1 0
    outer loop
      vertex 6.5 -8.640828479034324 72.84082847903433
      vertex 6.6983769728460985 -8.640828479034324 72.85122497564208
      vertex 6.6983769728460985 -8.640828479034324 70.03
    endloop
  endfacet
  facet normal -0.1837495178165488 0.9829730996839058 0
    outer loop
      vertex 6.6983769728460985 -8.640828479034324 72.85122497564208
      vertex 6.724496950817535 -8.635945808939717 72.84771119558788
      vertex 6.6983769728460985 -8.640828479034324 70.03
    endloop
  endfacet
  facet normal -0.03703247672018519 0.7066217501846348 0.7066217501846179
    outer loop
      vertex 6.817766528333667 -9.523346561919551 73.74000000000001
      vertex 6.724496950817535 -8.635945808939717 72.84771119558788
      vertex 6.6983769728460985 -8.640828479034324 72.85122497564208
    endloop
  endfacet
  facet normal -0.11069169459634105 0.6988798544194954 0.7066217501846199
    outer loop
      vertex 6.817766528333667 -9.523346561919551 73.74000000000001
      vertex 6.945238420068627 -8.594682076951472 72.84147852060369
      vertex 6.724496950817535 -8.635945808939717 72.84771119558788
    endloop
  endfacet
  facet normal -0.18374951781657708 0.9829730996839005 3.246834446755615e-16
    outer loop
      vertex 6.724496950817535 -8.635945808939717 72.84771119558788
      vertex 6.945238420068627 -8.594682076951472 72.84147852060369
      vertex 6.701839898418765 -8.640181146056019 70.03
    endloop
  endfacet
  facet normal -0.18374951781656565 0.9829730996839027 -1.5307336201503914e-19
    outer loop
      vertex 6.945238420068627 -8.594682076951472 72.84147852060369
      vertex 7.088375428654977 -8.56792513282156 72.85269525325945
      vertex 7.088375428654977 -8.56792513282156 70.03
    endloop
  endfacet
  facet normal -0.36124166618715176 0.9324722294043563 3.0626329242197935e-17
    outer loop
      vertex 7.371811775263772 -8.45812130716515 72.84343062053865
      vertex 7.458337464919559 -8.424601076413383 70.03
      vertex 7.088375428654977 -8.56792513282156 70.03
    endloop
  endfacet
  facet normal -0.18313815110265552 0.6834808847193335 0.7066217501846217
    outer loop
      vertex 7.132051540085989 -9.473568706230768 73.74000000000001
      vertex 7.088375428654977 -8.56792513282156 72.85269525325945
      vertex 6.945238420068627 -8.594682076951472 72.84147852060369
    endloop
  endfacet
  facet normal -0.1831381511026302 0.6834808847193374 0.7066217501846245
    outer loop
      vertex 7.132051540085989 -9.473568706230768 73.74000000000001
      vertex 7.162570352524391 -8.539181866184723 72.84412270064493
      vertex 7.088375428654977 -8.56792513282156 72.85269525325945
    endloop
  endfacet
  facet normal -0.25357810770137384 0.6605935554186202 0.7066217501846209
    outer loop
      vertex 7.43941166289984 -9.391211809537266 73.74000000000001
      vertex 7.371811775263772 -8.45812130716515 72.84343062053865
      vertex 7.162570352524391 -8.539181866184723 72.84412270064493
    endloop
  endfacet
  facet normal -0.36124166618715114 0.9324722294043565 0
    outer loop
      vertex 7.088375428654977 -8.56792513282156 72.85269525325945
      vertex 7.162570352524391 -8.539181866184723 72.84412270064493
      vertex 7.088375428654977 -8.56792513282156 70.03
    endloop
  endfacet
  facet normal -0.36124166618715164 0.9324722294043563 1.4496303999208307e-17
    outer loop
      vertex 7.162570352524391 -8.539181866184723 72.84412270064493
      vertex 7.371811775263772 -8.45812130716515 72.84343062053865
      vertex 7.088375428654977 -8.56792513282156 70.03
    endloop
  endfacet
  facet normal -0.32123980948753056 0.6304686248866321 0.7066217501846191
    outer loop
      vertex 7.371811775263772 -8.45812130716515 72.84343062053865
      vertex 7.7364793949504325 -9.277178191233507 73.74000000000001
      vertex 7.458337464919559 -8.424601076413383 72.85285863810408
    endloop
  endfacet
  facet normal -0.3612416661871526 0.9324722294043559 -7.097760222415214e-19
    outer loop
      vertex 7.371811775263772 -8.45812130716515 72.84343062053865
      vertex 7.458337464919559 -8.424601076413383 72.85285863810408
      vertex 7.458337464919559 -8.424601076413383 70.03
    endloop
  endfacet
  facet normal -0.5264321628773612 0.8502171357296108 0
    outer loop
      vertex 7.458337464919559 -8.424601076413383 72.85285863810408
      vertex 7.570922156784643 -8.354891586502248 72.8418443135693
      vertex 7.458337464919559 -8.424601076413383 70.03
    endloop
  endfacet
  facet normal -0.52643216287736 0.8502171357296114 -5.52081723868351e-17
    outer loop
      vertex 7.570922156784643 -8.354891586502248 72.8418443135693
      vertex 7.761793145968742 -8.236709273485822 72.84669071918276
      vertex 7.458337464919559 -8.424601076413383 70.03
    endloop
  endfacet
  facet normal -0.32123980948752295 0.6304686248866304 0.7066217501846243
    outer loop
      vertex 7.458337464919559 -8.424601076413383 72.85285863810408
      vertex 8.02 -9.132717227504694 73.74000000000001
      vertex 7.570922156784643 -8.354891586502248 72.8418443135693
    endloop
  endfacet
  facet normal -0.5264321628773587 0.8502171357296122 -2.599536902138402e-16
    outer loop
      vertex 7.761793145968742 -8.236709273485822 72.84669071918276
      vertex 7.795664468215399 -8.215737038652515 70.03
      vertex 7.458337464919559 -8.424601076413383 70.03
    endloop
  endfacet
  facet normal 0.339238866119185 -0.9407002666706168 0
    outer loop
      vertex 7.958090658024954 -9.954919917014049 69.98
      vertex 7.958090658024954 -9.954919917014049 69.99
      vertex 7.958033099004201 -9.954940674164469 69.98
    endloop
  endfacet
  facet normal 0.339238866118029 -0.9407002666710337 0
    outer loop
      vertex 7.58259480252358 -10.09033264385752 69.99
      vertex 7.958090658024954 -9.954919917014049 69.99
      vertex 7.58259480252358 -10.09033264385752 73.74000000000001
    endloop
  endfacet
  facet normal 0.4373073204588576 -0.899312130171218 0
    outer loop
      vertex 7.958090658024954 -9.954919917014049 69.99
      vertex 8.317065763747436 -9.780361566994856 69.99
      vertex 7.958090658024954 -9.954919917014049 73.74000000000001
    endloop
  endfacet
  facet normal 0.339238866118029 -0.9407002666710337 -1.4524242643354885e-18
    outer loop
      vertex 7.58259480252358 -10.09033264385752 73.74000000000001
      vertex 7.958090658024954 -9.954919917014049 69.99
      vertex 7.958090658024954 -9.954919917014049 73.74000000000001
    endloop
  endfacet
  facet normal 0 0 1
    outer loop
      vertex 6.400173044608344 -10.248671041712948 73.74000000000001
      vertex 7.958090658024954 -9.954919917014049 73.74000000000001
      vertex 9.255403065736502 -9.04366938601106 73.74000000000001
    endloop
  endfacet
  facet normal 0.4373073204588576 -0.899312130171218 0
    outer loop
      vertex 8.317065763747436 -9.780361566994856 69.99
      vertex 8.317065763747436 -9.780361566994856 73.74000000000001
      vertex 7.958090658024954 -9.954919917014049 73.74000000000001
    endloop
  endfacet
  facet normal 0 0 1
    outer loop
      vertex 7.958090658024954 -9.954919917014049 73.74000000000001
      vertex 8.317065763747436 -9.780361566994856 73.74000000000001
      vertex 8.655452788304025 -9.568635409655634 73.74000000000001
    endloop
  endfacet
  facet normal 0 0 1
    outer loop
      vertex 6.400173044608344 -10.248671041712948 73.74000000000001
      vertex 9.255403065736502 -9.04366938601106 73.74000000000001
      vertex 7.43941166289984 -9.391211809537266 73.74000000000001
    endloop
  endfacet
  facet normal 0 0 1
    outer loop
      vertex 7.43941166289984 -9.391211809537266 73.74000000000001
      vertex 9.255403065736502 -9.04366938601106 73.74000000000001
      vertex 7.7364793949504325 -9.277178191233507 73.74000000000001
    endloop
  endfacet
  facet normal 0.5304209081197421 -0.8477344278896712 0
    outer loop
      vertex 8.317065763747436 -9.780361566994856 69.99
      vertex 8.655452788304025 -9.568635409655634 69.99
      vertex 8.317065763747436 -9.780361566994856 73.74000000000001
    endloop
  endfacet
  facet normal 0.5304209081197421 -0.8477344278896712 3.971596394315348e-18
    outer loop
      vertex 8.317065763747436 -9.780361566994856 73.74000000000001
      vertex 8.655452788304025 -9.568635409655634 69.99
      vertex 8.655452788304025 -9.568635409655634 73.74000000000001
    endloop
  endfacet
  facet normal 0.6175246149461929 -0.7865515558026417 0
    outer loop
      vertex 8.655452788304025 -9.568635409655634 69.99
      vertex 8.969417671493893 -9.32214038696052 69.99
      vertex 8.655452788304025 -9.568635409655634 73.74000000000001
    endloop
  endfacet
  facet normal 0 0 1
    outer loop
      vertex 7.958090658024954 -9.954919917014049 73.74000000000001
      vertex 8.655452788304025 -9.568635409655634 73.74000000000001
      vertex 9.255403065736502 -9.04366938601106 73.74000000000001
    endloop
  endfacet
  facet normal 0 0 1
    outer loop
      vertex 7.7364793949504325 -9.277178191233507 73.74000000000001
      vertex 9.255403065736502 -9.04366938601106 73.74000000000001
      vertex 8.02 -9.132717227504694 73.74000000000001
    endloop
  endfacet
  facet normal 0 0 1
    outer loop
      vertex 8.02 -9.132717227504694 73.74000000000001
      vertex 9.255403065736502 -9.04366938601106 73.74000000000001
      vertex 8.28686716696912 -8.95941166289984 73.74000000000001
    endloop
  endfacet
  facet normal 0.6175246149461929 -0.7865515558026417 -2.4835669703849093e-18
    outer loop
      vertex 8.655452788304025 -9.568635409655634 73.74000000000001
      vertex 8.969417671493893 -9.32214038696052 69.99
      vertex 8.969417671493893 -9.32214038696052 73.74000000000001
    endloop
  endfacet
  facet normal 0 0 1
    outer loop
      vertex 8.655452788304025 -9.568635409655634 73.74000000000001
      vertex 8.969417671493893 -9.32214038696052 73.74000000000001
      vertex 9.255403065736502 -9.04366938601106 73.74000000000001
    endloop
  endfacet
  facet normal -0.321239809487501 0.6304686248866442 0.7066217501846216
    outer loop
      vertex 7.458337464919559 -8.424601076413383 72.85285863810408
      vertex 7.7364793949504325 -9.277178191233507 73.74000000000001
      vertex 8.02 -9.132717227504694 73.74000000000001
    endloop
  endfacet
  facet normal -0.3853819406971339 0.5934361481663639 0.7066217501846233
    outer loop
      vertex 7.570922156784643 -8.354891586502248 72.8418443135693
      vertex 8.02 -9.132717227504694 73.74000000000001
      vertex 7.761793145968742 -8.236709273485822 72.84669071918276
    endloop
  endfacet
  facet normal -0.4453017467180447 0.5499018608223405 0.7066217501846274
    outer loop
      vertex 8.28686716696912 -8.95941166289984 73.74000000000001
      vertex 7.795664468215399 -8.215737038652515 72.85171503098567
      vertex 7.761793145968742 -8.236709273485822 72.84669071918276
    endloop
  endfacet
  facet normal -0.4453017467181023 0.5499018608222977 0.7066217501846241
    outer loop
      vertex 8.28686716696912 -8.95941166289984 73.74000000000001
      vertex 7.932521037008623 -8.090975791457874 72.84086909699712
      vertex 7.795664468215399 -8.215737038652515 72.85171503098567
    endloop
  endfacet
  facet normal -0.3853819406971222 0.5934361481663692 0.7066217501846251
    outer loop
      vertex 8.02 -9.132717227504694 73.74000000000001
      vertex 8.28686716696912 -8.95941166289984 73.74000000000001
      vertex 7.761793145968742 -8.236709273485822 72.84669071918276
    endloop
  endfacet
  facet normal -0.4453017467181197 0.5499018608222876 0.706621750184621
    outer loop
      vertex 8.28686716696912 -8.95941166289984 73.74000000000001
      vertex 8.534157043330925 -8.759160269451279 73.74000000000001
      vertex 7.932521037008623 -8.090975791457874 72.84086909699712
    endloop
  endfacet
  facet normal -0.6736956436465547 0.7390089172206613 -3.5429504474490084e-16
    outer loop
      vertex 7.932521037008623 -8.090975791457874 72.84086909699712
      vertex 8.088869172024417 -7.948445633840098 70.03
      vertex 7.795664468215399 -8.215737038652515 70.03
    endloop
  endfacet
  facet normal -0.7980172272802146 0.6026346363792894 -8.59834763363351e-18
    outer loop
      vertex 8.096880167651136 -7.937837361212096 72.84881421885069
      vertex 8.088869172024417 -7.948445633840098 69.99
      vertex 8.088869172024417 -7.948445633840098 70.03
    endloop
  endfacet
  facet normal -0.798017227280238 0.6026346363792583 1.6519036227812842e-16
    outer loop
      vertex 8.232262404592756 -7.758562306601467 72.8411940869439
      vertex 8.327966841818672 -7.631829150186315 69.99
      vertex 8.088869172024417 -7.948445633840098 69.99
    endloop
  endfacet
  facet normal -0.5264321628773432 0.8502171357296219 4.000752275839121e-19
    outer loop
      vertex 7.761793145968742 -8.236709273485822 72.84669071918276
      vertex 7.795664468215399 -8.215737038652515 72.85171503098567
      vertex 7.795664468215399 -8.215737038652515 70.03
    endloop
  endfacet
  facet normal -0.6736956436465588 0.7390089172206579 0
    outer loop
      vertex 7.795664468215399 -8.215737038652515 72.85171503098567
      vertex 7.932521037008623 -8.090975791457874 72.84086909699712
      vertex 7.795664468215399 -8.215737038652515 70.03
    endloop
  endfacet
  facet normal -0.5003427336166818 0.5003427336166776 0.7066217501846208
    outer loop
      vertex 7.932521037008623 -8.090975791457874 72.84086909699712
      vertex 8.534157043330925 -8.759160269451279 73.74000000000001
      vertex 8.088869172024417 -7.948445633840098 72.85065329141595
    endloop
  endfacet
  facet normal -0.5003427336167056 0.5003427336166499 0.7066217501846237
    outer loop
      vertex 8.088869172024417 -7.948445633840098 72.85065329141595
      vertex 8.759160269451279 -8.534157043330929 73.74000000000001
      vertex 8.096880167651136 -7.937837361212096 72.84881421885069
    endloop
  endfacet
  facet normal -0.6736956436465512 0.7390089172206644 4.982617964010284e-19
    outer loop
      vertex 7.932521037008623 -8.090975791457874 72.84086909699712
      vertex 8.088869172024417 -7.948445633840098 72.85065329141595
      vertex 8.088869172024417 -7.948445633840098 70.03
    endloop
  endfacet
  facet normal -0.7980172272802168 0.6026346363792863 0
    outer loop
      vertex 8.088869172024417 -7.948445633840098 72.85065329141595
      vertex 8.096880167651136 -7.937837361212096 72.84881421885069
      vertex 8.088869172024417 -7.948445633840098 70.03
    endloop
  endfacet
  facet normal -0.798017227280238 0.6026346363792583 1.6310212902045674e-16
    outer loop
      vertex 8.096880167651136 -7.937837361212096 72.84881421885069
      vertex 8.232262404592756 -7.758562306601467 72.8411940869439
      vertex 8.088869172024417 -7.948445633840098 69.99
    endloop
  endfacet
  facet normal -0.5003427336166748 0.5003427336166827 0.7066217501846219
    outer loop
      vertex 8.088869172024417 -7.948445633840098 72.85065329141595
      vertex 8.534157043330925 -8.759160269451279 73.74000000000001
      vertex 8.759160269451279 -8.534157043330929 73.74000000000001
    endloop
  endfacet
  facet normal 0 0 1
    outer loop
      vertex 8.28686716696912 -8.95941166289984 73.74000000000001
      vertex 9.255403065736502 -9.04366938601106 73.74000000000001
      vertex 8.534157043330925 -8.759160269451279 73.74000000000001
    endloop
  endfacet
  facet normal 0 0 1
    outer loop
      vertex 8.534157043330925 -8.759160269451279 73.74000000000001
      vertex 9.255403065736502 -9.04366938601106 73.74000000000001
      vertex 8.759160269451279 -8.534157043330929 73.74000000000001
    endloop
  endfacet
  facet normal -0.5499018608222993 0.4453017467181036 0.7066217501846223
    outer loop
      vertex 8.096880167651136 -7.937837361212096 72.84881421885069
      vertex 8.759160269451279 -8.534157043330929 73.74000000000001
      vertex 8.232262404592756 -7.758562306601467 72.8411940869439
    endloop
  endfacet
  facet normal -0.5934361481663426 0.38538194069716303 0.7066217501846253
    outer loop
      vertex 8.232262404592756 -7.758562306601467 72.8411940869439
      vertex 8.95941166289984 -8.286867166969119 73.74000000000001
      vertex 8.327966841818672 -7.631829150186315 72.85245018374215
    endloop
  endfacet
  facet normal -0.5934361481663469 0.3853819406971577 0.7066217501846246
    outer loop
      vertex 8.95941166289984 -8.286867166969119 73.74000000000001
      vertex 8.35753498120772 -7.572448321429422 72.84489664285884
      vertex 8.327966841818672 -7.631829150186315 72.85245018374215
    endloop
  endfacet
  facet normal -0.5499018608222899 0.44530174671811196 0.7066217501846241
    outer loop
      vertex 8.232262404592756 -7.758562306601467 72.8411940869439
      vertex 8.759160269451279 -8.534157043330929 73.74000000000001
      vertex 8.95941166289984 -8.286867166969119 73.74000000000001
    endloop
  endfacet
  facet normal -0.5934361481663715 0.38538194069713017 0.7066217501846189
    outer loop
      vertex 8.95941166289984 -8.286867166969119 73.74000000000001
      vertex 9.132717227504696 -8.02 73.74000000000001
      vertex 8.35753498120772 -7.572448321429422 72.84489664285884
    endloop
  endfacet
  facet normal -0.6304686248866473 0.3212398094874987 0.70662175018462
    outer loop
      vertex 9.132717227504696 -8.02 73.74000000000001
      vertex 9.277178191233507 -7.7364793949504325 73.74000000000001
      vertex 8.457563724928601 -7.371563523657642 72.84282027079428
    endloop
  endfacet
  facet normal 0.6976315211349831 -0.7164567402983167 0
    outer loop
      vertex 8.969417671493893 -9.32214038696052 69.99
      vertex 9.255403065736502 -9.04366938601106 69.99
      vertex 8.969417671493893 -9.32214038696052 73.74000000000001
    endloop
  endfacet
  facet normal 0.6976315211349831 -0.7164567402983167 0
    outer loop
      vertex 9.255403065736502 -9.04366938601106 69.99
      vertex 9.255403065736502 -9.04366938601106 73.74000000000001
      vertex 8.969417671493893 -9.32214038696052 73.74000000000001
    endloop
  endfacet
  facet normal 0.7698339834299083 -0.6382441836448177 0
    outer loop
      vertex 9.255403065736502 -9.04366938601106 69.99
      vertex 9.510168642241112 -8.73637759451938 69.99
      vertex 9.255403065736502 -9.04366938601106 73.74000000000001
    endloop
  endfacet
  facet normal 0.8333139190825126 -0.5528000653611971 0
    outer loop
      vertex 9.510168642241112 -8.73637759451938 69.99
      vertex 9.730827805226774 -8.40374675127065 69.99
      vertex 9.510168642241112 -8.73637759451938 73.74000000000001
    endloop
  endfacet
  facet normal 0 0 1
    outer loop
      vertex 8.759160269451279 -8.534157043330929 73.74000000000001
      vertex 9.255403065736502 -9.04366938601106 73.74000000000001
      vertex 8.95941166289984 -8.286867166969119 73.74000000000001
    endloop
  endfacet
  facet normal 0 0 1
    outer loop
      vertex 8.95941166289984 -8.286867166969119 73.74000000000001
      vertex 9.255403065736502 -9.04366938601106 73.74000000000001
      vertex 9.132717227504696 -8.02 73.74000000000001
    endloop
  endfacet
  facet normal 0.7698339834299083 -0.6382441836448177 2.1061992480954298e-18
    outer loop
      vertex 9.255403065736502 -9.04366938601106 73.74000000000001
      vertex 9.510168642241112 -8.73637759451938 69.99
      vertex 9.510168642241112 -8.73637759451938 73.74000000000001
    endloop
  endfacet
  facet normal 0 0 1
    outer loop
      vertex 9.255403065736502 -9.04366938601106 73.74000000000001
      vertex 9.510168642241112 -8.73637759451938 73.74000000000001
      vertex 9.730827805226774 -8.40374675127065 73.74000000000001
    endloop
  endfacet
  facet normal 0 0 1
    outer loop
      vertex 9.255403065736502 -9.04366938601106 73.74000000000001
      vertex 9.277178191233507 -7.7364793949504325 73.74000000000001
      vertex 9.132717227504696 -8.02 73.74000000000001
    endloop
  endfacet
  facet normal 0 0 1
    outer loop
      vertex 9.255403065736502 -9.04366938601106 73.74000000000001
      vertex 9.391211809537268 -7.43941166289984 73.74000000000001
      vertex 9.277178191233507 -7.7364793949504325 73.74000000000001
    endloop
  endfacet
  facet normal 0.8333139190825126 -0.5528000653611971 3.0449076210813105e-18
    outer loop
      vertex 9.510168642241112 -8.73637759451938 73.74000000000001
      vertex 9.730827805226774 -8.40374675127065 69.99
      vertex 9.730827805226774 -8.40374675127065 73.74000000000001
    endloop
  endfacet
  facet normal 0 0 1
    outer loop
      vertex 9.255403065736502 -9.04366938601106 73.74000000000001
      vertex 9.730827805226774 -8.40374675127065 73.74000000000001
      vertex 9.914880398205923 -8.04954569663142 73.74000000000001
    endloop
  endfacet
  facet normal 0.8873520750565724 -0.4610925014493241 0
    outer loop
      vertex 9.730827805226774 -8.40374675127065 69.99
      vertex 9.914880398205923 -8.04954569663142 69.99
      vertex 9.730827805226774 -8.40374675127065 73.74000000000001
    endloop
  endfacet
  facet normal 0.9313361774523379 -0.3641605752528234 0
    outer loop
      vertex 9.914880398205923 -8.04954569663142 69.99
      vertex 10.06024103175643 -7.677787670082308 69.99
      vertex 9.914880398205923 -8.04954569663142 73.74000000000001
    endloop
  endfacet
  facet normal 0.8873520750565724 -0.4610925014493241 1.995884877313855e-18
    outer loop
      vertex 9.730827805226774 -8.40374675127065 73.74000000000001
      vertex 9.914880398205923 -8.04954569663142 69.99
      vertex 9.914880398205923 -8.04954569663142 73.74000000000001
    endloop
  endfacet
  facet normal 0 0 1
    outer loop
      vertex 9.255403065736502 -9.04366938601106 73.74000000000001
      vertex 9.914880398205923 -8.04954569663142 73.74000000000001
      vertex 10.25 -6.5 73.74000000000001
    endloop
  endfacet
  facet normal 0.9313361774523379 -0.3641605752528234 -2.218096726652226e-18
    outer loop
      vertex 9.914880398205923 -8.04954569663142 73.74000000000001
      vertex 10.06024103175643 -7.677787670082308 69.99
      vertex 10.06024103175643 -7.677787670082308 73.74000000000001
    endloop
  endfacet
  facet normal -0.7980172272802398 0.602634636379256 1.658746020930718e-18
    outer loop
      vertex 8.232262404592756 -7.758562306601467 72.8411940869439
      vertex 8.327966841818672 -7.631829150186315 72.85245018374215
      vertex 8.327966841818672 -7.631829150186315 69.99
    endloop
  endfacet
  facet normal -0.8951632913550626 0.4457383557765379 2.0623371131789945e-16
    outer loop
      vertex 8.457563724928601 -7.371563523657642 72.84282027079428
      vertex 8.504815293219366 -7.276669582302379 69.99
      vertex 8.327966841818672 -7.631829150186315 69.99
    endloop
  endfacet
  facet normal -0.8951632913550559 0.4457383557765512 0
    outer loop
      vertex 8.327966841818672 -7.631829150186315 72.85245018374215
      vertex 8.35753498120772 -7.572448321429422 72.84489664285884
      vertex 8.327966841818672 -7.631829150186315 69.99
    endloop
  endfacet
  facet normal -0.8951632913550632 0.4457383557765364 3.8412401082036095e-16
    outer loop
      vertex 8.35753498120772 -7.572448321429422 72.84489664285884
      vertex 8.457563724928601 -7.371563523657642 72.84282027079428
      vertex 8.327966841818672 -7.631829150186315 69.99
    endloop
  endfacet
  facet normal -0.8951632913550649 0.4457383557765329 -1.4090706690161593e-18
    outer loop
      vertex 8.457563724928601 -7.371563523657642 72.84282027079428
      vertex 8.504815293219366 -7.276669582302379 72.85294033207634
      vertex 8.504815293219366 -7.276669582302379 69.99
    endloop
  endfacet
  facet normal -0.961825643172818 0.2736629900720864 0
    outer loop
      vertex 8.504815293219366 -7.276669582302379 72.85294033207634
      vertex 8.537440324459624 -7.162004491316095 72.84229153530906
      vertex 8.504815293219366 -7.276669582302379 69.99
    endloop
  endfacet
  facet normal -0.9618256431728203 0.2736629900720786 3.371132586563566e-16
    outer loop
      vertex 8.537440324459624 -7.162004491316095 72.84229153530906
      vertex 8.59886275220611 -6.94612705002621 72.84575259463045
      vertex 8.504815293219366 -7.276669582302379 69.99
    endloop
  endfacet
  facet normal -0.6304686248866525 0.32123980948749137 0.7066217501846187
    outer loop
      vertex 9.132717227504696 -8.02 73.74000000000001
      vertex 8.457563724928601 -7.371563523657642 72.84282027079428
      vertex 8.35753498120772 -7.572448321429422 72.84489664285884
    endloop
  endfacet
  facet normal -0.6605935554186209 0.2535781077013757 0.7066217501846195
    outer loop
      vertex 9.277178191233507 -7.7364793949504325 73.74000000000001
      vertex 8.504815293219366 -7.276669582302379 72.85294033207634
      vertex 8.457563724928601 -7.371563523657642 72.84282027079428
    endloop
  endfacet
  facet normal -0.6605935554186266 0.25357810770134875 0.7066217501846239
    outer loop
      vertex 8.504815293219366 -7.276669582302379 72.85294033207634
      vertex 9.391211809537268 -7.43941166289984 73.74000000000001
      vertex 8.537440324459624 -7.162004491316095 72.84229153530906
    endloop
  endfacet
  facet normal -0.6834808847193343 0.18313815110264825 0.7066217501846229
    outer loop
      vertex 8.537440324459624 -7.162004491316095 72.84229153530906
      vertex 9.391211809537268 -7.43941166289984 73.74000000000001
      vertex 8.59886275220611 -6.94612705002621 72.84575259463045
    endloop
  endfacet
  facet normal -0.9618256431728207 0.2736629900720773 5.043859446745148e-16
    outer loop
      vertex 8.59886275220611 -6.94612705002621 72.84575259463045
      vertex 8.613392164320388 -6.895061463305625 69.99
      vertex 8.504815293219366 -7.276669582302379 69.99
    endloop
  endfacet
  facet normal -0.9618256431728288 0.2736629900720487 5.822727021906268e-19
    outer loop
      vertex 8.59886275220611 -6.94612705002621 72.84575259463045
      vertex 8.613392164320388 -6.895061463305625 70.03
      vertex 8.613392164320388 -6.895061463305625 69.99
    endloop
  endfacet
  facet normal -0.9957341762950347 0.09226835946330157 0
    outer loop
      vertex 8.649999999999999 -6.5 72.85000000000001
      vertex 8.649999999999999 -6.5 70.03
      vertex 8.613392164320388 -6.895061463305625 70.03
    endloop
  endfacet
  facet normal -0.961825643172828 0.2736629900720512 8.252972838462418e-21
    outer loop
      vertex 8.59886275220611 -6.94612705002621 72.84575259463045
      vertex 8.613392164320388 -6.895061463305625 72.85212343885141
      vertex 8.613392164320388 -6.895061463305625 70.03
    endloop
  endfacet
  facet normal -0.9957341762950347 0.09226835946329982 0
    outer loop
      vertex 8.613392164320388 -6.895061463305625 72.85212343885141
      vertex 8.62926238610557 -6.723794494771595 72.84099095859233
      vertex 8.613392164320388 -6.895061463305625 70.03
    endloop
  endfacet
  facet normal -0.9957341762950344 0.0922683594633029 -1.8925627059862145e-16
    outer loop
      vertex 8.62926238610557 -6.723794494771595 72.84099095859233
      vertex 8.649999999999999 -6.5 72.85000000000001
      vertex 8.613392164320388 -6.895061463305625 70.03
    endloop
  endfacet
  facet normal -0.6988798544194689 0.11069169459645534 0.7066217501846281
    outer loop
      vertex 8.59886275220611 -6.94612705002621 72.84575259463045
      vertex 9.473568706230772 -7.132051540085988 73.74000000000001
      vertex 8.613392164320388 -6.895061463305625 72.85212343885141
    endloop
  endfacet
  facet normal -0.6988798544195075 0.11069169459627701 0.7066217501846179
    outer loop
      vertex 8.613392164320388 -6.895061463305625 72.85212343885141
      vertex 9.473568706230772 -7.132051540085988 73.74000000000001
      vertex 8.62926238610557 -6.723794494771595 72.84099095859233
    endloop
  endfacet
  facet normal -0.7066217501846246 0.037032476720271566 0.7066217501846237
    outer loop
      vertex 8.62926238610557 -6.723794494771595 72.84099095859233
      vertex 9.52334656191955 -6.817766528333666 73.74000000000001
      vertex 8.649999999999999 -6.5 72.85000000000001
    endloop
  endfacet
  facet normal -0.6605935554186168 0.2535781077013837 0.7066217501846206
    outer loop
      vertex 9.277178191233507 -7.7364793949504325 73.74000000000001
      vertex 9.391211809537268 -7.43941166289984 73.74000000000001
      vertex 8.504815293219366 -7.276669582302379 72.85294033207634
    endloop
  endfacet
  facet normal -0.68348088471933 0.1831381511026582 0.7066217501846245
    outer loop
      vertex 8.59886275220611 -6.94612705002621 72.84575259463045
      vertex 9.391211809537268 -7.43941166289984 73.74000000000001
      vertex 9.473568706230772 -7.132051540085988 73.74000000000001
    endloop
  endfacet
  facet normal -0.6988798544194954 0.11069169459631531 0.7066217501846238
    outer loop
      vertex 8.62926238610557 -6.723794494771595 72.84099095859233
      vertex 9.473568706230772 -7.132051540085988 73.74000000000001
      vertex 9.52334656191955 -6.817766528333666 73.74000000000001
    endloop
  endfacet
  facet normal -0.706621750184624 0.03703247672027412 0.706621750184624
    outer loop
      vertex 8.649999999999999 -6.5 72.85000000000001
      vertex 9.52334656191955 -6.817766528333666 73.74000000000001
      vertex 9.54 -6.5 73.74000000000001
    endloop
  endfacet
  facet normal 0.9313361774458181 -0.364160575269498 0
    outer loop
      vertex 10.06024103175643 -7.677787670082308 69.98
      vertex 10.06024103175643 -7.677787670082308 69.99
      vertex 10.060218750405749 -7.677844654361719 69.98
    endloop
  endfacet
  facet normal 0.9647678688145159 -0.2631025642275212 0
    outer loop
      vertex 10.06024103175643 -7.677787670082308 69.99
      vertex 10.165262711817 -7.29268483861109 69.99
      vertex 10.06024103175643 -7.677787670082308 73.74000000000001
    endloop
  endfacet
  facet normal 0.9872683547213442 -0.1590634960190743 0
    outer loop
      vertex 10.165262711817 -7.29268483861109 69.99
      vertex 10.228755500788015 -6.898600571177622 69.99
      vertex 10.165262711817 -7.29268483861109 73.74000000000001
    endloop
  endfacet
  facet normal 0 0 1
    outer loop
      vertex 9.255403065736502 -9.04366938601106 73.74000000000001
      vertex 10.25 -6.5 73.74000000000001
      vertex 9.391211809537268 -7.43941166289984 73.74000000000001
    endloop
  endfacet
  facet normal 0.9647678688145159 -0.2631025642275212 0
    outer loop
      vertex 10.165262711817 -7.29268483861109 69.99
      vertex 10.165262711817 -7.29268483861109 73.74000000000001
      vertex 10.06024103175643 -7.677787670082308 73.74000000000001
    endloop
  endfacet
  facet normal 0 0 1
    outer loop
      vertex 9.914880398205923 -8.04954569663142 73.74000000000001
      vertex 10.06024103175643 -7.677787670082308 73.74000000000001
      vertex 10.165262711817 -7.29268483861109 73.74000000000001
    endloop
  endfacet
  facet normal 0 0 1
    outer loop
      vertex 9.914880398205923 -8.04954569663142 73.74000000000001
      vertex 10.165262711817 -7.29268483861109 73.74000000000001
      vertex 10.25 -6.5 73.74000000000001
    endloop
  endfacet
  facet normal 0.9872683547227468 -0.1590634960103696 0
    outer loop
      vertex 10.228755500788015 -6.898600571177622 69.98
      vertex 10.228755500788015 -6.898600571177622 69.99
      vertex 10.228745768500318 -6.898660977115526 69.98
    endloop
  endfacet
  facet normal 0.9985826956767622 -0.053222174842176326 0
    outer loop
      vertex 10.228755500788015 -6.898600571177622 69.99
      vertex 10.25 -6.5 69.99
      vertex 10.228755500788015 -6.898600571177622 73.74000000000001
    endloop
  endfacet
  facet normal 1 0 0
    outer loop
      vertex 10.25 -6.5 69.99
      vertex 10.25 -6.49800735744942 69.98
      vertex 10.25 -6.5 73.74000000000001
    endloop
  endfacet
  facet normal 0 0 1
    outer loop
      vertex 9.391211809537268 -7.43941166289984 73.74000000000001
      vertex 10.25 -6.5 73.74000000000001
      vertex 9.473568706230772 -7.132051540085988 73.74000000000001
    endloop
  endfacet
  facet normal 0 0 1
    outer loop
      vertex 9.473568706230772 -7.132051540085988 73.74000000000001
      vertex 10.25 -6.5 73.74000000000001
      vertex 9.52334656191955 -6.817766528333666 73.74000000000001
    endloop
  endfacet
  facet normal 0 0 1
    outer loop
      vertex 9.52334656191955 -6.817766528333666 73.74000000000001
      vertex 10.25 -6.5 73.74000000000001
      vertex 9.54 -6.5 73.74000000000001
    endloop
  endfacet
  facet normal 0.9872683547213442 -0.1590634960190743 -4.653099216490461e-19
    outer loop
      vertex 10.165262711817 -7.29268483861109 73.74000000000001
      vertex 10.228755500788015 -6.898600571177622 69.99
      vertex 10.228755500788015 -6.898600571177622 73.74000000000001
    endloop
  endfacet
  facet normal 0 0 1
    outer loop
      vertex 10.165262711817 -7.29268483861109 73.74000000000001
      vertex 10.228755500788015 -6.898600571177622 73.74000000000001
      vertex 10.25 -6.5 73.74000000000001
    endloop
  endfacet
  facet normal 0.9985826956767622 -0.053222174842176326 0
    outer loop
      vertex 10.25 -6.5 69.99
      vertex 10.25 -6.5 73.74000000000001
      vertex 10.228755500788015 -6.898600571177622 73.74000000000001
    endloop
  endfacet
  facet normal -1 0 0
    outer loop
      vertex 8.649999999999999 6.5 69.99
      vertex 8.649999999999999 -6.491637182373752 69.99
      vertex 8.649999999999999 -6.5 70.03
    endloop
  endfacet
  facet normal -1 0 0
    outer loop
      vertex 8.649999999999999 -6.5 72.85000000000001
      vertex 8.649999999999999 6.5 72.85000000000001
      vertex 8.649999999999999 -6.5 70.03
    endloop
  endfacet
  facet normal -0.7071067811865476 0 0.7071067811865476
    outer loop
      vertex 8.649999999999999 -6.5 72.85000000000001
      vertex 9.54 -6.5 73.74000000000001
      vertex 8.649999999999999 6.5 72.85000000000001
    endloop
  endfacet
  facet normal 1 0 0
    outer loop
      vertex 10.25 -6.49800735744942 69.98
      vertex 10.25 6.5 73.74000000000001
      vertex 10.25 -6.5 73.74000000000001
    endloop
  endfacet
  facet normal 0 0 1
    outer loop
      vertex 9.54 -6.5 73.74000000000001
      vertex 10.25 -6.5 73.74000000000001
      vertex 10.25 6.5 73.74000000000001
    endloop
  endfacet
  facet normal 0 -1 0
    outer loop
      vertex -6.5 8.640828479034326 72.84082847903433
      vertex 6.6983769728460985 8.640828479034326 70.03
      vertex 6.5 8.640828479034326 72.84082847903433
    endloop
  endfacet
  facet normal 0 -0.7071067811865503 0.7071067811865447
    outer loop
      vertex -6.5 8.640828479034326 72.84082847903433
      vertex 6.5 8.640828479034326 72.84082847903433
      vertex 6.5 9.54 73.74000000000001
    endloop
  endfacet
  facet normal 0 1 0
    outer loop
      vertex -6.599811654208037 10.248671041712946 69.98
      vertex 6.398196618513097 10.248671041712946 69.98000442361541
      vertex 6.400173044608344 10.248671041712946 69.98
    endloop
  endfacet
  facet normal 0 1 0
    outer loop
      vertex -6.599826955391656 10.248671041712946 69.99
      vertex 6.400173044608344 10.248671041712946 73.74000000000001
      vertex 6.400173044608344 10.248671041712946 69.99
    endloop
  endfacet
  facet normal 0 0 1
    outer loop
      vertex -6.599826955391656 10.248671041712946 73.74000000000001
      vertex 6.5 9.54 73.74000000000001
      vertex 6.400173044608344 10.248671041712946 73.74000000000001
    endloop
  endfacet
  facet normal -1 0 0
    outer loop
      vertex 8.649999999999999 6.5 69.99
      vertex 8.649999999999999 -6.5 70.03
      vertex 8.649999999999999 6.5 70.03
    endloop
  endfacet
  facet normal -1 0 0
    outer loop
      vertex 8.649999999999999 -6.5 70.03
      vertex 8.649999999999999 6.5 72.85000000000001
      vertex 8.649999999999999 6.5 70.03
    endloop
  endfacet
  facet normal -0.7071067811865476 0 0.7071067811865476
    outer loop
      vertex 9.54 -6.5 73.74000000000001
      vertex 9.54 6.5 73.74000000000001
      vertex 8.649999999999999 6.5 72.85000000000001
    endloop
  endfacet
  facet normal 1 0 0
    outer loop
      vertex 10.25 -6.49800735744942 69.98
      vertex 10.25 6.5 69.98
      vertex 10.25 6.5 69.99
    endloop
  endfacet
  facet normal 1 0 0
    outer loop
      vertex 10.25 -6.49800735744942 69.98
      vertex 10.25 6.5 69.99
      vertex 10.25 6.5 73.74000000000001
    endloop
  endfacet
  facet normal 0 0 1
    outer loop
      vertex 9.54 -6.5 73.74000000000001
      vertex 10.25 6.5 73.74000000000001
      vertex 9.54 6.5 73.74000000000001
    endloop
  endfacet
  facet normal 0 1 0
    outer loop
      vertex 6.398196618513097 10.248671041712946 69.98000442361541
      vertex 6.400173044608344 10.248671041712946 69.98054491704099
      vertex 6.400173044608344 10.248671041712946 69.98
    endloop
  endfacet
  facet normal -0.18374951781657536 -0.9829730996839009 -3.6504656387520373e-16
    outer loop
      vertex 6.724496950817535 8.635945808939717 72.84771119558789
      vertex 6.6983769728460985 8.640828479034326 70.03
      vertex 7.088375428654977 8.56792513282156 70.03
    endloop
  endfacet
  facet normal 0 -1 0
    outer loop
      vertex 6.5 8.640828479034326 72.84082847903433
      vertex 6.6983769728460985 8.640828479034326 70.03
      vertex 6.6983769728460985 8.640828479034326 72.85122497564208
    endloop
  endfacet
  facet normal -0.1837495178166134 -0.9829730996838938 0
    outer loop
      vertex 6.6983769728460985 8.640828479034326 72.85122497564208
      vertex 6.6983769728460985 8.640828479034326 70.03
      vertex 6.724496950817535 8.635945808939717 72.84771119558789
    endloop
  endfacet
  facet normal -0.03703247672026441 -0.7066217501846288 0.7066217501846197
    outer loop
      vertex 6.5 8.640828479034326 72.84082847903433
      vertex 6.6983769728460985 8.640828479034326 72.85122497564208
      vertex 6.817766528333667 9.52334656191955 73.74000000000001
    endloop
  endfacet
  facet normal -0.1837495178165771 -0.9829730996839006 -6.022636761447541e-16
    outer loop
      vertex 6.724496950817535 8.635945808939717 72.84771119558789
      vertex 7.088375428654977 8.56792513282156 70.03
      vertex 6.945238420068627 8.594682076951472 72.84147852060369
    endloop
  endfacet
  facet normal -0.1837495178165657 -0.9829730996839026 1.5307336201503914e-19
    outer loop
      vertex 6.945238420068627 8.594682076951472 72.84147852060369
      vertex 7.088375428654977 8.56792513282156 70.03
      vertex 7.088375428654977 8.56792513282156 72.85269525325945
    endloop
  endfacet
  facet normal -0.03703247672060837 -0.7066217501845965 0.7066217501846339
    outer loop
      vertex 6.6983769728460985 8.640828479034326 72.85122497564208
      vertex 6.724496950817535 8.635945808939717 72.84771119558789
      vertex 6.817766528333667 9.52334656191955 73.74000000000001
    endloop
  endfacet
  facet normal -0.11069169459629642 -0.6988798544195013 0.7066217501846211
    outer loop
      vertex 6.724496950817535 8.635945808939717 72.84771119558789
      vertex 6.945238420068627 8.594682076951472 72.84147852060369
      vertex 7.132051540085989 9.473568706230768 73.74000000000001
    endloop
  endfacet
  facet normal -0.3612416661871557 -0.9324722294043547 1.3789278828319745e-16
    outer loop
      vertex 7.162570352524391 8.539181866184723 72.84412270064493
      vertex 7.088375428654977 8.56792513282156 70.03
      vertex 7.458337464919559 8.424601076413381 70.03
    endloop
  endfacet
  facet normal -0.5264321628773587 -0.8502171357296122 -6.687532322122752e-16
    outer loop
      vertex 7.570922156784643 8.354891586502244 72.8418443135693
      vertex 7.458337464919559 8.424601076413381 70.03
      vertex 7.795664468215399 8.215737038652513 70.03
    endloop
  endfacet
  facet normal -0.36124166618715114 -0.9324722294043565 0
    outer loop
      vertex 7.088375428654977 8.56792513282156 72.85269525325945
      vertex 7.088375428654977 8.56792513282156 70.03
      vertex 7.162570352524391 8.539181866184723 72.84412270064493
    endloop
  endfacet
  facet normal -0.36124166618715164 -0.9324722294043564 6.260519836341278e-16
    outer loop
      vertex 7.162570352524391 8.539181866184723 72.84412270064493
      vertex 7.458337464919559 8.424601076413381 70.03
      vertex 7.371811775263772 8.45812130716515 72.84343062053865
    endloop
  endfacet
  facet normal -0.18313815110265566 -0.6834808847193335 0.7066217501846217
    outer loop
      vertex 6.945238420068627 8.594682076951472 72.84147852060369
      vertex 7.088375428654977 8.56792513282156 72.85269525325945
      vertex 7.132051540085989 9.473568706230768 73.74000000000001
    endloop
  endfacet
  facet normal -0.1831381511026325 -0.6834808847193409 0.7066217501846207
    outer loop
      vertex 7.088375428654977 8.56792513282156 72.85269525325945
      vertex 7.162570352524391 8.539181866184723 72.84412270064493
      vertex 7.43941166289984 9.391211809537268 73.74000000000001
    endloop
  endfacet
  facet normal -0.36124166618716924 -0.9324722294043496 3.223756890912258e-20
    outer loop
      vertex 7.371811775263772 8.45812130716515 72.84343062053865
      vertex 7.458337464919559 8.424601076413381 70.03
      vertex 7.458337464919559 8.424601076413381 72.85285863810408
    endloop
  endfacet
  facet normal -0.5264321628773709 -0.8502171357296049 0
    outer loop
      vertex 7.458337464919559 8.424601076413381 72.85285863810408
      vertex 7.458337464919559 8.424601076413381 70.03
      vertex 7.570922156784643 8.354891586502244 72.8418443135693
    endloop
  endfacet
  facet normal -0.32123980948753 -0.6304686248866257 0.706621750184625
    outer loop
      vertex 7.458337464919559 8.424601076413381 72.85285863810408
      vertex 7.570922156784643 8.354891586502244 72.8418443135693
      vertex 8.02 9.132717227504692 73.74000000000001
    endloop
  endfacet
  facet normal -0.2535781077013743 -0.6605935554186214 0.7066217501846197
    outer loop
      vertex 7.162570352524391 8.539181866184723 72.84412270064493
      vertex 7.371811775263772 8.45812130716515 72.84343062053865
      vertex 7.7364793949504325 9.277178191233507 73.74000000000001
    endloop
  endfacet
  facet normal -0.3212398094875394 -0.6304686248866197 0.7066217501846261
    outer loop
      vertex 7.371811775263772 8.45812130716515 72.84343062053865
      vertex 7.458337464919559 8.424601076413381 72.85285863810408
      vertex 8.02 9.132717227504692 73.74000000000001
    endloop
  endfacet
  facet normal -0.037032476720274037 -0.7066217501846268 0.7066217501846213
    outer loop
      vertex 6.5 8.640828479034326 72.84082847903433
      vertex 6.817766528333667 9.52334656191955 73.74000000000001
      vertex 6.5 9.54 73.74000000000001
    endloop
  endfacet
  facet normal -0.11069169459632282 -0.6988798544194929 0.7066217501846253
    outer loop
      vertex 6.724496950817535 8.635945808939717 72.84771119558789
      vertex 7.132051540085989 9.473568706230768 73.74000000000001
      vertex 6.817766528333667 9.52334656191955 73.74000000000001
    endloop
  endfacet
  facet normal 0.02662052143777134 0.9996456111234526 -1.6246843666613816e-19
    outer loop
      vertex 6.400173044608344 10.248671041712946 69.99
      vertex 6.7991978958240615 10.238045026365313 73.74000000000001
      vertex 6.7991978958240615 10.238045026365313 69.99
    endloop
  endfacet
  facet normal 0 0 1
    outer loop
      vertex 6.400173044608344 10.248671041712946 73.74000000000001
      vertex 6.5 9.54 73.74000000000001
      vertex 6.817766528333667 9.52334656191955 73.74000000000001
    endloop
  endfacet
  facet normal 0.02662052143777134 0.9996456111234526 0
    outer loop
      vertex 6.400173044608344 10.248671041712946 69.99
      vertex 6.400173044608344 10.248671041712946 73.74000000000001
      vertex 6.7991978958240615 10.238045026365313 73.74000000000001
    endloop
  endfacet
  facet normal 0 0 1
    outer loop
      vertex 6.400173044608344 10.248671041712946 73.74000000000001
      vertex 6.817766528333667 9.52334656191955 73.74000000000001
      vertex 7.132051540085989 9.473568706230768 73.74000000000001
    endloop
  endfacet
  facet normal 0 0 1
    outer loop
      vertex 6.400173044608344 10.248671041712946 73.74000000000001
      vertex 7.132051540085989 9.473568706230768 73.74000000000001
      vertex 7.43941166289984 9.391211809537268 73.74000000000001
    endloop
  endfacet
  facet normal 0.13272552728372214 0.9911528310040071 0
    outer loop
      vertex 6.7991978958240615 10.238045026365313 69.99
      vertex 6.7991978958240615 10.238045026365313 73.74000000000001
      vertex 7.19483271532668 10.185065467221953 73.74000000000001
    endloop
  endfacet
  facet normal 0 0 1
    outer loop
      vertex 6.400173044608344 10.248671041712946 73.74000000000001
      vertex 7.19483271532668 10.185065467221953 73.74000000000001
      vertex 6.7991978958240615 10.238045026365313 73.74000000000001
    endloop
  endfacet
  facet normal -0.18313815110265194 -0.6834808847193341 0.7066217501846221
    outer loop
      vertex 7.088375428654977 8.56792513282156 72.85269525325945
      vertex 7.43941166289984 9.391211809537268 73.74000000000001
      vertex 7.132051540085989 9.473568706230768 73.74000000000001
    endloop
  endfacet
  facet normal -0.25357810770138345 -0.6605935554186162 0.7066217501846211
    outer loop
      vertex 7.162570352524391 8.539181866184723 72.84412270064493
      vertex 7.7364793949504325 9.277178191233507 73.74000000000001
      vertex 7.43941166289984 9.391211809537268 73.74000000000001
    endloop
  endfacet
  facet normal 0.13272552728372214 0.9911528310040071 5.795700445563547e-19
    outer loop
      vertex 6.7991978958240615 10.238045026365313 69.99
      vertex 7.19483271532668 10.185065467221953 73.74000000000001
      vertex 7.19483271532668 10.185065467221953 69.99
    endloop
  endfacet
  facet normal 0.23732670000517436 0.9714298932319584 -7.255633274644593e-13
    outer loop
      vertex 7.5825353630531005 10.090347165310352 69.98
      vertex 7.58259480252358 10.090332643857522 69.99
      vertex 7.582548257514837 10.090344015108702 69.98
    endloop
  endfacet
  facet normal 0.23732669987111052 0.971429893264711 1.7003738069252789e-18
    outer loop
      vertex 7.19483271532668 10.185065467221953 69.99
      vertex 7.58259480252358 10.090332643857522 73.74000000000001
      vertex 7.58259480252358 10.090332643857522 69.99
    endloop
  endfacet
  facet normal 0.23732669987111052 0.971429893264711 0
    outer loop
      vertex 7.19483271532668 10.185065467221953 69.99
      vertex 7.19483271532668 10.185065467221953 73.74000000000001
      vertex 7.58259480252358 10.090332643857522 73.74000000000001
    endloop
  endfacet
  facet normal 0 0 1
    outer loop
      vertex 6.400173044608344 10.248671041712946 73.74000000000001
      vertex 7.95809065802495 9.954919917014049 73.74000000000001
      vertex 7.19483271532668 10.185065467221953 73.74000000000001
    endloop
  endfacet
  facet normal 0 0 1
    outer loop
      vertex 7.19483271532668 10.185065467221953 73.74000000000001
      vertex 7.95809065802495 9.954919917014049 73.74000000000001
      vertex 7.58259480252358 10.090332643857522 73.74000000000001
    endloop
  endfacet
  facet normal -0.7980172272802398 -0.6026346363792559 0
    outer loop
      vertex 8.327966841818672 7.631829150186313 72.85245018374215
      vertex 8.232262404592756 7.7585623066014655 72.8411940869439
      vertex 8.327966841818672 7.631829150186313 70.03
    endloop
  endfacet
  facet normal -0.9957341762950346 -0.09226835946330116 -1.106375370579363e-16
    outer loop
      vertex 8.62926238610557 6.723794494771596 72.84099095859233
      vertex 8.613392164320388 6.895061463305627 70.03
      vertex 8.649999999999999 6.5 70.03
    endloop
  endfacet
  facet normal -0.9618256431728259 -0.27366299007205913 1.9646461037512576e-18
    outer loop
      vertex 8.59886275220611 6.94612705002621 72.84575259463045
      vertex 8.613392164320388 6.895061463305627 69.99
      vertex 8.613392164320388 6.895061463305627 70.03
    endloop
  endfacet
  facet normal -0.9957341762950345 -0.09226835946330253 -2.2286628317625387e-19
    outer loop
      vertex 8.62926238610557 6.723794494771596 72.84099095859233
      vertex 8.649999999999999 6.5 70.03
      vertex 8.649999999999999 6.5 72.85000000000001
    endloop
  endfacet
  facet normal -0.9957341762950348 -0.09226835946329934 -3.1396791905860697e-19
    outer loop
      vertex 8.62926238610557 6.723794494771596 72.84099095859233
      vertex 8.613392164320388 6.895061463305627 72.85212343885141
      vertex 8.613392164320388 6.895061463305627 70.03
    endloop
  endfacet
  facet normal -0.9618256431728255 -0.27366299007206 2.784635252597138e-20
    outer loop
      vertex 8.59886275220611 6.94612705002621 72.84575259463045
      vertex 8.613392164320388 6.895061463305627 70.03
      vertex 8.613392164320388 6.895061463305627 72.85212343885141
    endloop
  endfacet
  facet normal -0.9618256431728208 -0.2736629900720765 3.1938938424863736e-16
    outer loop
      vertex 8.59886275220611 6.94612705002621 72.84575259463045
      vertex 8.537440324459624 7.162004491316097 72.84229153530906
      vertex 8.613392164320388 6.895061463305627 69.99
    endloop
  endfacet
  facet normal -0.706621750184624 -0.037032476720271365 0.706621750184624
    outer loop
      vertex 8.62926238610557 6.723794494771596 72.84099095859233
      vertex 8.649999999999999 6.5 72.85000000000001
      vertex 9.54 6.5 73.74000000000001
    endloop
  endfacet
  facet normal -0.6988798544194992 -0.11069169459627623 0.7066217501846264
    outer loop
      vertex 8.62926238610557 6.723794494771596 72.84099095859233
      vertex 9.523346561919553 6.817766528333667 73.74000000000001
      vertex 8.613392164320388 6.895061463305627 72.85212343885141
    endloop
  endfacet
  facet normal -0.6988798544194683 -0.11069169459645896 0.7066217501846284
    outer loop
      vertex 8.59886275220611 6.94612705002621 72.84575259463045
      vertex 8.613392164320388 6.895061463305627 72.85212343885141
      vertex 9.473568706230772 7.132051540085989 73.74000000000001
    endloop
  endfacet
  facet normal -0.8951632913553562 -0.44573835577594795 -2.4224630696865606e-14
    outer loop
      vertex 8.457563724928601 7.371563523657642 72.84282027079428
      vertex 8.503452002900346 7.279407438341089 70.03
      vertex 8.504815293219366 7.276669582302379 69.99
    endloop
  endfacet
  facet normal -0.9618256431728204 -0.2736629900720785 5.141880246742185e-16
    outer loop
      vertex 8.537440324459624 7.162004491316097 72.84229153530906
      vertex 8.504815293219366 7.276669582302379 69.99
      vertex 8.613392164320388 6.895061463305627 69.99
    endloop
  endfacet
  facet normal -0.8951632913550603 -0.4457383557765421 -4.69788670447951e-16
    outer loop
      vertex 8.357534981207717 7.572448321429423 72.84489664285884
      vertex 8.327966841818672 7.631829150186313 70.03
      vertex 8.503452002900346 7.279407438341089 70.03
    endloop
  endfacet
  facet normal -0.961825643172817 -0.2736629900720903 -2.4056795418719887e-19
    outer loop
      vertex 8.537440324459624 7.162004491316097 72.84229153530906
      vertex 8.504815293219366 7.276669582302379 72.85294033207634
      vertex 8.504815293219366 7.276669582302379 69.99
    endloop
  endfacet
  facet normal -0.8951632913550649 -0.44573835577653304 0
    outer loop
      vertex 8.504815293219366 7.276669582302379 72.85294033207634
      vertex 8.457563724928601 7.371563523657642 72.84282027079428
      vertex 8.504815293219366 7.276669582302379 69.99
    endloop
  endfacet
  facet normal -0.8951632913550577 -0.4457383557765475 2.308895884164445e-16
    outer loop
      vertex 8.457563724928601 7.371563523657642 72.84282027079428
      vertex 8.357534981207717 7.572448321429423 72.84489664285884
      vertex 8.503452002900346 7.279407438341089 70.03
    endloop
  endfacet
  facet normal -0.8951632913550693 -0.4457383557765243 0
    outer loop
      vertex 8.327966841818672 7.631829150186313 72.85245018374215
      vertex 8.327966841818672 7.631829150186313 70.03
      vertex 8.357534981207717 7.572448321429423 72.84489664285884
    endloop
  endfacet
  facet normal -0.6834808847193328 -0.18313815110264622 0.7066217501846248
    outer loop
      vertex 8.59886275220611 6.94612705002621 72.84575259463045
      vertex 9.473568706230772 7.132051540085989 73.74000000000001
      vertex 8.537440324459624 7.162004491316097 72.84229153530906
    endloop
  endfacet
  facet normal -0.6605935554186255 -0.2535781077013524 0.7066217501846236
    outer loop
      vertex 8.537440324459624 7.162004491316097 72.84229153530906
      vertex 9.391211809537268 7.43941166289984 73.74000000000001
      vertex 8.504815293219366 7.276669582302379 72.85294033207634
    endloop
  endfacet
  facet normal -0.6605935554186209 -0.25357810770137523 0.7066217501846197
    outer loop
      vertex 8.504815293219366 7.276669582302379 72.85294033207634
      vertex 9.277178191233507 7.7364793949504325 73.74000000000001
      vertex 8.457563724928601 7.371563523657642 72.84282027079428
    endloop
  endfacet
  facet normal -0.6304686248866473 -0.32123980948749864 0.7066217501846201
    outer loop
      vertex 8.457563724928601 7.371563523657642 72.84282027079428
      vertex 9.277178191233507 7.7364793949504325 73.74000000000001
      vertex 8.357534981207717 7.572448321429423 72.84489664285884
    endloop
  endfacet
  facet normal -0.7066217501846236 -0.037032476720266036 0.7066217501846249
    outer loop
      vertex 8.62926238610557 6.723794494771596 72.84099095859233
      vertex 9.54 6.5 73.74000000000001
      vertex 9.523346561919553 6.817766528333667 73.74000000000001
    endloop
  endfacet
  facet normal -0.6988798544194974 -0.11069169459632366 0.7066217501846205
    outer loop
      vertex 8.613392164320388 6.895061463305627 72.85212343885141
      vertex 9.523346561919553 6.817766528333667 73.74000000000001
      vertex 9.473568706230772 7.132051540085989 73.74000000000001
    endloop
  endfacet
  facet normal -0.6834808847193313 -0.18313815110265902 0.706621750184623
    outer loop
      vertex 8.537440324459624 7.162004491316097 72.84229153530906
      vertex 9.473568706230772 7.132051540085989 73.74000000000001
      vertex 9.391211809537268 7.43941166289984 73.74000000000001
    endloop
  endfacet
  facet normal -0.6605935554186168 -0.25357810770138367 0.7066217501846206
    outer loop
      vertex 8.504815293219366 7.276669582302379 72.85294033207634
      vertex 9.391211809537268 7.43941166289984 73.74000000000001
      vertex 9.277178191233507 7.7364793949504325 73.74000000000001
    endloop
  endfacet
  facet normal 0 0 1
    outer loop
      vertex 9.523346561919553 6.817766528333667 73.74000000000001
      vertex 9.255403065736502 9.04366938601106 73.74000000000001
      vertex 9.473568706230772 7.132051540085989 73.74000000000001
    endloop
  endfacet
  facet normal 0.998582695676762 0.05322217484217644 0
    outer loop
      vertex 10.25 6.5 69.99
      vertex 10.228755500788015 6.898600571177621 69.99
      vertex 10.25 6.5 73.74000000000001
    endloop
  endfacet
  facet normal 0.9872683547213444 0.15906349601907363 0
    outer loop
      vertex 10.228755500788015 6.898600571177621 69.99
      vertex 10.165262711817 7.292684838611091 69.99
      vertex 10.228755500788015 6.898600571177621 73.74000000000001
    endloop
  endfacet
  facet normal 0 0 1
    outer loop
      vertex 9.54 6.5 73.74000000000001
      vertex 10.25 6.5 73.74000000000001
      vertex 9.523346561919553 6.817766528333667 73.74000000000001
    endloop
  endfacet
  facet normal 0.998582695676762 0.05322217484217644 0
    outer loop
      vertex 10.228755500788015 6.898600571177621 69.99
      vertex 10.228755500788015 6.898600571177621 73.74000000000001
      vertex 10.25 6.5 73.74000000000001
    endloop
  endfacet
  facet normal 0 0 1
    outer loop
      vertex 10.25 6.5 73.74000000000001
      vertex 10.228755500788015 6.898600571177621 73.74000000000001
      vertex 10.165262711817 7.292684838611091 73.74000000000001
    endloop
  endfacet
  facet normal 0.9647678687783056 0.2631025643603006 6.896458467546655e-13
    outer loop
      vertex 10.165246613828177 7.292743868147397 69.98
      vertex 10.165262711817 7.292684838611091 69.99
      vertex 10.165247420499604 7.29274091017291 69.98
    endloop
  endfacet
  facet normal 0.9647678688145161 0.26310256422752065 0
    outer loop
      vertex 10.165262711817 7.292684838611091 69.99
      vertex 10.06024103175643 7.67778767008231 69.99
      vertex 10.165262711817 7.292684838611091 73.74000000000001
    endloop
  endfacet
  facet normal 0 0 1
    outer loop
      vertex 9.523346561919553 6.817766528333667 73.74000000000001
      vertex 10.25 6.5 73.74000000000001
      vertex 9.255403065736502 9.04366938601106 73.74000000000001
    endloop
  endfacet
  facet normal 0 0 1
    outer loop
      vertex 10.25 6.5 73.74000000000001
      vertex 10.165262711817 7.292684838611091 73.74000000000001
      vertex 9.255403065736502 9.04366938601106 73.74000000000001
    endloop
  endfacet
  facet normal 0.9872683547213444 0.15906349601907363 -7.128439313503328e-19
    outer loop
      vertex 10.228755500788015 6.898600571177621 73.74000000000001
      vertex 10.165262711817 7.292684838611091 69.99
      vertex 10.165262711817 7.292684838611091 73.74000000000001
    endloop
  endfacet
  facet normal 0.9647678688145161 0.26310256422752065 0
    outer loop
      vertex 10.06024103175643 7.67778767008231 69.99
      vertex 10.06024103175643 7.67778767008231 73.74000000000001
      vertex 10.165262711817 7.292684838611091 73.74000000000001
    endloop
  endfacet
  facet normal 0 0 1
    outer loop
      vertex 10.165262711817 7.292684838611091 73.74000000000001
      vertex 10.06024103175643 7.67778767008231 73.74000000000001
      vertex 9.914880398205923 8.04954569663142 73.74000000000001
    endloop
  endfacet
  facet normal -0.6736956436465523 -0.7390089172206636 -5.729932660512301e-16
    outer loop
      vertex 7.932521037008623 8.090975791457872 72.84086909699712
      vertex 7.795664468215399 8.215737038652513 70.03
      vertex 8.088869172024417 7.948445633840098 70.03
    endloop
  endfacet
  facet normal -0.7980172272802397 -0.6026346363792561 -3.911897635434783e-16
    outer loop
      vertex 8.096880167651136 7.937837361212093 72.84881421885069
      vertex 8.088869172024417 7.948445633840098 70.03
      vertex 8.327966841818672 7.631829150186313 70.03
    endloop
  endfacet
  facet normal -0.5264321628773487 -0.8502171357296184 4.458787721454635e-16
    outer loop
      vertex 7.570922156784643 8.354891586502244 72.8418443135693
      vertex 7.795664468215399 8.215737038652513 70.03
      vertex 7.761793145968742 8.236709273485822 72.84669071918276
    endloop
  endfacet
  facet normal -0.5264321628773754 -0.8502171357296021 -3.49674875492562e-19
    outer loop
      vertex 7.761793145968742 8.236709273485822 72.84669071918276
      vertex 7.795664468215399 8.215737038652513 70.03
      vertex 7.795664468215399 8.215737038652513 72.85171503098567
    endloop
  endfacet
  facet normal -0.6736956436465588 -0.7390089172206579 0
    outer loop
      vertex 7.795664468215399 8.215737038652513 72.85171503098567
      vertex 7.795664468215399 8.215737038652513 70.03
      vertex 7.932521037008623 8.090975791457872 72.84086909699712
    endloop
  endfacet
  facet normal -0.6736956436465467 -0.7390089172206689 -2.0614167266891477e-19
    outer loop
      vertex 7.932521037008623 8.090975791457872 72.84086909699712
      vertex 8.088869172024417 7.948445633840098 70.03
      vertex 8.088869172024417 7.948445633840098 72.85065329141595
    endloop
  endfacet
  facet normal -0.7980172272802897 -0.6026346363791899 1.1259875127447282e-19
    outer loop
      vertex 8.096880167651136 7.937837361212093 72.84881421885069
      vertex 8.088869172024417 7.948445633840098 72.85065329141595
      vertex 8.088869172024417 7.948445633840098 70.03
    endloop
  endfacet
  facet normal -0.7980172272802366 -0.6026346363792602 3.0798216791110192e-16
    outer loop
      vertex 8.096880167651136 7.937837361212093 72.84881421885069
      vertex 8.327966841818672 7.631829150186313 70.03
      vertex 8.232262404592756 7.7585623066014655 72.8411940869439
    endloop
  endfacet
  facet normal -0.5003427336167758 -0.5003427336165776 0.7066217501846249
    outer loop
      vertex 8.096880167651136 7.937837361212093 72.84881421885069
      vertex 8.759160269451275 8.534157043330925 73.74000000000001
      vertex 8.088869172024417 7.948445633840098 72.85065329141595
    endloop
  endfacet
  facet normal -0.5003427336166791 -0.5003427336166809 0.7066217501846201
    outer loop
      vertex 7.932521037008623 8.090975791457872 72.84086909699712
      vertex 8.088869172024417 7.948445633840098 72.85065329141595
      vertex 8.759160269451275 8.534157043330925 73.74000000000001
    endloop
  endfacet
  facet normal -0.4453017467180638 -0.5499018608223254 0.7066217501846269
    outer loop
      vertex 7.761793145968742 8.236709273485822 72.84669071918276
      vertex 7.795664468215399 8.215737038652513 72.85171503098567
      vertex 8.28686716696912 8.95941166289984 73.74000000000001
    endloop
  endfacet
  facet normal -0.38538194069712506 -0.5934361481663675 0.7066217501846253
    outer loop
      vertex 7.570922156784643 8.354891586502244 72.8418443135693
      vertex 7.761793145968742 8.236709273485822 72.84669071918276
      vertex 8.28686716696912 8.95941166289984 73.74000000000001
    endloop
  endfacet
  facet normal -0.32123980948750513 -0.6304686248866442 0.7066217501846198
    outer loop
      vertex 7.371811775263772 8.45812130716515 72.84343062053865
      vertex 8.02 9.132717227504692 73.74000000000001
      vertex 7.7364793949504325 9.277178191233507 73.74000000000001
    endloop
  endfacet
  facet normal -0.38538194069712006 -0.5934361481663718 0.7066217501846243
    outer loop
      vertex 7.570922156784643 8.354891586502244 72.8418443135693
      vertex 8.28686716696912 8.95941166289984 73.74000000000001
      vertex 8.02 9.132717227504692 73.74000000000001
    endloop
  endfacet
  facet normal -0.44530174671810474 -0.5499018608222999 0.7066217501846209
    outer loop
      vertex 7.795664468215399 8.215737038652513 72.85171503098567
      vertex 7.932521037008623 8.090975791457872 72.84086909699712
      vertex 8.534157043330929 8.759160269451275 73.74000000000001
    endloop
  endfacet
  facet normal -0.44530174671811906 -0.5499018608222849 0.7066217501846236
    outer loop
      vertex 7.795664468215399 8.215737038652513 72.85171503098567
      vertex 8.534157043330929 8.759160269451275 73.74000000000001
      vertex 8.28686716696912 8.95941166289984 73.74000000000001
    endloop
  endfacet
  facet normal -0.5499018608222956 -0.4453017467181031 0.7066217501846251
    outer loop
      vertex 8.096880167651136 7.937837361212093 72.84881421885069
      vertex 8.232262404592756 7.7585623066014655 72.8411940869439
      vertex 8.95941166289984 8.28686716696912 73.74000000000001
    endloop
  endfacet
  facet normal -0.5934361481663617 -0.3853819406971466 0.7066217501846183
    outer loop
      vertex 8.327966841818672 7.631829150186313 72.85245018374215
      vertex 8.357534981207717 7.572448321429423 72.84489664285884
      vertex 9.132717227504692 8.02 73.74000000000001
    endloop
  endfacet
  facet normal -0.593436148166342 -0.3853819406971625 0.7066217501846261
    outer loop
      vertex 8.327966841818672 7.631829150186313 72.85245018374215
      vertex 8.95941166289984 8.28686716696912 73.74000000000001
      vertex 8.232262404592756 7.7585623066014655 72.8411940869439
    endloop
  endfacet
  facet normal -0.5499018608222834 -0.44530174671812406 0.7066217501846216
    outer loop
      vertex 8.096880167651136 7.937837361212093 72.84881421885069
      vertex 8.95941166289984 8.28686716696912 73.74000000000001
      vertex 8.759160269451275 8.534157043330925 73.74000000000001
    endloop
  endfacet
  facet normal -0.5934361481663755 -0.3853819406971222 0.7066217501846201
    outer loop
      vertex 8.327966841818672 7.631829150186313 72.85245018374215
      vertex 9.132717227504692 8.02 73.74000000000001
      vertex 8.95941166289984 8.28686716696912 73.74000000000001
    endloop
  endfacet
  facet normal -0.630468624886645 -0.32123980948750547 0.7066217501846189
    outer loop
      vertex 8.357534981207717 7.572448321429423 72.84489664285884
      vertex 9.277178191233507 7.7364793949504325 73.74000000000001
      vertex 9.132717227504692 8.02 73.74000000000001
    endloop
  endfacet
  facet normal -0.5003427336166834 -0.5003427336166755 0.7066217501846213
    outer loop
      vertex 7.932521037008623 8.090975791457872 72.84086909699712
      vertex 8.759160269451275 8.534157043330925 73.74000000000001
      vertex 8.534157043330929 8.759160269451275 73.74000000000001
    endloop
  endfacet
  facet normal 0 0 1
    outer loop
      vertex 8.28686716696912 8.95941166289984 73.74000000000001
      vertex 8.534157043330929 8.759160269451275 73.74000000000001
      vertex 9.255403065736502 9.04366938601106 73.74000000000001
    endloop
  endfacet
  facet normal 0 0 1
    outer loop
      vertex 8.534157043330929 8.759160269451275 73.74000000000001
      vertex 8.759160269451275 8.534157043330925 73.74000000000001
      vertex 9.255403065736502 9.04366938601106 73.74000000000001
    endloop
  endfacet
  facet normal 0 0 1
    outer loop
      vertex 6.400173044608344 10.248671041712946 73.74000000000001
      vertex 7.43941166289984 9.391211809537268 73.74000000000001
      vertex 9.255403065736502 9.04366938601106 73.74000000000001
    endloop
  endfacet
  facet normal 0 0 1
    outer loop
      vertex 7.43941166289984 9.391211809537268 73.74000000000001
      vertex 7.7364793949504325 9.277178191233507 73.74000000000001
      vertex 9.255403065736502 9.04366938601106 73.74000000000001
    endloop
  endfacet
  facet normal 0.33923886611803583 0.9407002666710313 -2.235757820995945e-18
    outer loop
      vertex 7.58259480252358 10.090332643857522 69.99
      vertex 7.95809065802495 9.954919917014049 73.74000000000001
      vertex 7.95809065802495 9.954919917014049 69.99
    endloop
  endfacet
  facet normal 0.4373073204588541 0.8993121301712198 -2.68000385040404e-18
    outer loop
      vertex 7.95809065802495 9.954919917014049 69.99
      vertex 8.317065763747436 9.780361566994856 73.74000000000001
      vertex 8.317065763747436 9.780361566994856 69.99
    endloop
  endfacet
  facet normal 0 0 1
    outer loop
      vertex 6.400173044608344 10.248671041712946 73.74000000000001
      vertex 9.255403065736502 9.04366938601106 73.74000000000001
      vertex 7.95809065802495 9.954919917014049 73.74000000000001
    endloop
  endfacet
  facet normal 0.33923886611803583 0.9407002666710313 0
    outer loop
      vertex 7.58259480252358 10.090332643857522 69.99
      vertex 7.58259480252358 10.090332643857522 73.74000000000001
      vertex 7.95809065802495 9.954919917014049 73.74000000000001
    endloop
  endfacet
  facet normal 0.4373073204588541 0.8993121301712198 0
    outer loop
      vertex 7.95809065802495 9.954919917014049 69.99
      vertex 7.95809065802495 9.954919917014049 73.74000000000001
      vertex 8.317065763747436 9.780361566994856 73.74000000000001
    endloop
  endfacet
  facet normal 0 0 1
    outer loop
      vertex 7.95809065802495 9.954919917014049 73.74000000000001
      vertex 8.655452788304025 9.568635409655634 73.74000000000001
      vertex 8.317065763747436 9.780361566994856 73.74000000000001
    endloop
  endfacet
  facet normal 0.6175246149461929 0.7865515558026417 2.4835669703849093e-18
    outer loop
      vertex 8.655452788304025 9.568635409655634 69.99
      vertex 8.969417671493893 9.32214038696052 73.74000000000001
      vertex 8.969417671493893 9.32214038696052 69.99
    endloop
  endfacet
  facet normal 0 0 1
    outer loop
      vertex 7.7364793949504325 9.277178191233507 73.74000000000001
      vertex 8.02 9.132717227504692 73.74000000000001
      vertex 9.255403065736502 9.04366938601106 73.74000000000001
    endloop
  endfacet
  facet normal 0 0 1
    outer loop
      vertex 8.28686716696912 8.95941166289984 73.74000000000001
      vertex 9.255403065736502 9.04366938601106 73.74000000000001
      vertex 8.02 9.132717227504692 73.74000000000001
    endloop
  endfacet
  facet normal 0 0 1
    outer loop
      vertex 7.95809065802495 9.954919917014049 73.74000000000001
      vertex 9.255403065736502 9.04366938601106 73.74000000000001
      vertex 8.655452788304025 9.568635409655634 73.74000000000001
    endloop
  endfacet
  facet normal 0.6175246149461929 0.7865515558026417 0
    outer loop
      vertex 8.655452788304025 9.568635409655634 69.99
      vertex 8.655452788304025 9.568635409655634 73.74000000000001
      vertex 8.969417671493893 9.32214038696052 73.74000000000001
    endloop
  endfacet
  facet normal 0 0 1
    outer loop
      vertex 8.655452788304025 9.568635409655634 73.74000000000001
      vertex 9.255403065736502 9.04366938601106 73.74000000000001
      vertex 8.969417671493893 9.32214038696052 73.74000000000001
    endloop
  endfacet
  facet normal 0.5304209081197386 0.8477344278896735 0
    outer loop
      vertex 8.317065763747436 9.780361566994856 69.98
      vertex 8.317065763747436 9.780361566994856 69.99
      vertex 8.655409575986976 9.56866244726989 69.98
    endloop
  endfacet
  facet normal 0.5304209081197386 0.8477344278896733 0
    outer loop
      vertex 8.317065763747436 9.780361566994856 69.99
      vertex 8.317065763747436 9.780361566994856 73.74000000000001
      vertex 8.655409575986976 9.56866244726989 69.98
    endloop
  endfacet
  facet normal 0.5304209081209921 0.8477344278888891 1.544052940201095e-13
    outer loop
      vertex 8.317065763747436 9.780361566994856 73.74000000000001
      vertex 8.655452788304025 9.568635409655634 69.99
      vertex 8.655409575986976 9.56866244726989 69.98
    endloop
  endfacet
  facet normal 0.5304209081197421 0.8477344278896712 -3.971596394315348e-18
    outer loop
      vertex 8.317065763747436 9.780361566994856 73.74000000000001
      vertex 8.655452788304025 9.568635409655634 73.74000000000001
      vertex 8.655452788304025 9.568635409655634 69.99
    endloop
  endfacet
  facet normal 0 0 1
    outer loop
      vertex 9.277178191233507 7.7364793949504325 73.74000000000001
      vertex 9.255403065736502 9.04366938601106 73.74000000000001
      vertex 9.132717227504692 8.02 73.74000000000001
    endloop
  endfacet
  facet normal 0 0 1
    outer loop
      vertex 9.473568706230772 7.132051540085989 73.74000000000001
      vertex 9.255403065736502 9.04366938601106 73.74000000000001
      vertex 9.391211809537268 7.43941166289984 73.74000000000001
    endloop
  endfacet
  facet normal 0 0 1
    outer loop
      vertex 9.391211809537268 7.43941166289984 73.74000000000001
      vertex 9.255403065736502 9.04366938601106 73.74000000000001
      vertex 9.277178191233507 7.7364793949504325 73.74000000000001
    endloop
  endfacet
  facet normal 0.8333139189848918 0.5528000655083547 0
    outer loop
      vertex 9.510168642241112 8.736377594519382 69.98
      vertex 9.510168642241112 8.736377594519382 69.99
      vertex 9.510172029016946 8.736372489151965 69.98
    endloop
  endfacet
  facet normal 0.7698339834299065 0.6382441836448199 0
    outer loop
      vertex 9.510168642241112 8.736377594519382 69.99
      vertex 9.255403065736502 9.04366938601106 69.99
      vertex 9.510168642241112 8.736377594519382 73.74000000000001
    endloop
  endfacet
  facet normal 0 0 1
    outer loop
      vertex 8.95941166289984 8.28686716696912 73.74000000000001
      vertex 9.132717227504692 8.02 73.74000000000001
      vertex 9.255403065736502 9.04366938601106 73.74000000000001
    endloop
  endfacet
  facet normal 0 0 1
    outer loop
      vertex 8.95941166289984 8.28686716696912 73.74000000000001
      vertex 9.255403065736502 9.04366938601106 73.74000000000001
      vertex 8.759160269451275 8.534157043330925 73.74000000000001
    endloop
  endfacet
  facet normal 0.8333139190825138 0.552800065361195 0
    outer loop
      vertex 9.510168642241112 8.736377594519382 69.99
      vertex 9.510168642241112 8.736377594519382 73.74000000000001
      vertex 9.730827805226774 8.40374675127065 73.74000000000001
    endloop
  endfacet
  facet normal 0.7698339834299065 0.6382441836448199 3.54916406132014e-18
    outer loop
      vertex 9.510168642241112 8.736377594519382 73.74000000000001
      vertex 9.255403065736502 9.04366938601106 69.99
      vertex 9.255403065736502 9.04366938601106 73.74000000000001
    endloop
  endfacet
  facet normal 0.8873520750565714 0.4610925014493263 -9.789743487448422e-16
    outer loop
      vertex 9.91485218589801 8.04959998996712 69.98
      vertex 9.730827805226774 8.40374675127065 69.98
      vertex 9.730827805226774 8.40374675127065 69.99
    endloop
  endfacet
  facet normal 0.8873520750565714 0.4610925014493263 -2.610598263317195e-18
    outer loop
      vertex 9.91485218589801 8.04959998996712 69.98
      vertex 9.730827805226774 8.40374675127065 69.99
      vertex 9.730827805226774 8.40374675127065 73.74000000000001
    endloop
  endfacet
  facet normal 0.8873520750569639 0.46109250144857084 9.035428556934115e-14
    outer loop
      vertex 9.914880398205923 8.04954569663142 69.99
      vertex 9.91485218589801 8.04959998996712 69.98
      vertex 9.730827805226774 8.40374675127065 73.74000000000001
    endloop
  endfacet
  facet normal 0.9313361774523373 0.36416057525282497 0
    outer loop
      vertex 10.06024103175643 7.67778767008231 69.99
      vertex 9.914880398205923 8.04954569663142 69.99
      vertex 10.06024103175643 7.67778767008231 73.74000000000001
    endloop
  endfacet
  facet normal 0.8873520750565724 0.4610925014493241 0
    outer loop
      vertex 9.914880398205923 8.04954569663142 69.99
      vertex 9.730827805226774 8.40374675127065 73.74000000000001
      vertex 9.914880398205923 8.04954569663142 73.74000000000001
    endloop
  endfacet
  facet normal 0 0 1
    outer loop
      vertex 10.165262711817 7.292684838611091 73.74000000000001
      vertex 9.914880398205923 8.04954569663142 73.74000000000001
      vertex 9.510168642241112 8.736377594519382 73.74000000000001
    endloop
  endfacet
  facet normal 0.9313361774523373 0.36416057525282497 -1.4332553415821576e-18
    outer loop
      vertex 10.06024103175643 7.67778767008231 73.74000000000001
      vertex 9.914880398205923 8.04954569663142 69.99
      vertex 9.914880398205923 8.04954569663142 73.74000000000001
    endloop
  endfacet
  facet normal 0.8333139190825138 0.552800065361195 3.960648899038742e-18
    outer loop
      vertex 9.510168642241112 8.736377594519382 69.99
      vertex 9.730827805226774 8.40374675127065 73.74000000000001
      vertex 9.730827805226774 8.40374675127065 69.99
    endloop
  endfacet
  facet normal 0 0 1
    outer loop
      vertex 10.165262711817 7.292684838611091 73.74000000000001
      vertex 9.510168642241112 8.736377594519382 73.74000000000001
      vertex 9.255403065736502 9.04366938601106 73.74000000000001
    endloop
  endfacet
  facet normal 0 0 1
    outer loop
      vertex 9.510168642241112 8.736377594519382 73.74000000000001
      vertex 9.914880398205923 8.04954569663142 73.74000000000001
      vertex 9.730827805226774 8.40374675127065 73.74000000000001
    endloop
  endfacet
  facet normal 0.6976315211349831 0.7164567402983167 0
    outer loop
      vertex 9.255403065736502 9.04366938601106 69.99
      vertex 8.969417671493893 9.32214038696052 69.99
      vertex 9.255403065736502 9.04366938601106 73.74000000000001
    endloop
  endfacet
  facet normal 0.6175246150169075 0.7865515557471234 -5.357448149566774e-13
    outer loop
      vertex 8.969369544932153 9.322178171306998 69.98
      vertex 8.969417671493893 9.32214038696052 69.99
      vertex 8.969376775409593 9.322172494631687 69.98
    endloop
  endfacet
  facet normal 0.6976315211349831 0.7164567402983167 0
    outer loop
      vertex 8.969417671493893 9.32214038696052 69.99
      vertex 8.969417671493893 9.32214038696052 73.74000000000001
      vertex 9.255403065736502 9.04366938601106 73.74000000000001
    endloop
  endfacet
  facet normal -0.6585113790650394 -0.7525707698561378 -1.5218266168347656e-17
    outer loop
      vertex -9.005936036387082 -9.283123923372957 4.745062641841159
      vertex -8.81571730604822 -9.449568334259908 4.754718951443891
      vertex -9.116118204256193 -9.186712776118682 69.99
    endloop
  endfacet
  facet normal -0.7347741508630706 -0.6783118362696124 4.27403074782592e-17
    outer loop
      vertex -9.283058162486668 -9.005876825019111 4.74497415184024
      vertex -9.116143790874645 -9.18668505968379 69.98
      vertex -9.386877437862148 -8.893415688668076 4.754896394201655
    endloop
  endfacet
  facet normal -0.7347741508630636 -0.67831183626962 3.868595939381398e-18
    outer loop
      vertex -9.283058162486668 -9.005876825019111 4.74497415184024
      vertex -9.116118204256193 -9.186712776118682 4.7548135872335395
      vertex -9.116143790874645 -9.18668505968379 69.98
    endloop
  endfacet
  facet normal -0.6585113790650344 -0.7525707698561424 0
    outer loop
      vertex -9.116118204256193 -9.186712776118682 4.7548135872335395
      vertex -9.005936036387082 -9.283123923372957 4.745062641841159
      vertex -9.116118204256193 -9.186712776118682 69.98
    endloop
  endfacet
  facet normal -0.8615540813938056 -0.5076658003388408 -1.748812548120567e-17
    outer loop
      vertex -9.624927196559431 -8.573000245104474 4.75496737208737
      vertex -9.624945311762604 -8.572969501991157 69.98
      vertex -9.743120142944854 -8.372416287543508 4.744832575087018
    endloop
  endfacet
  facet normal -0.8615540813938051 -0.5076658003388418 -2.1439946406536902e-17
    outer loop
      vertex -9.743120142944854 -8.372416287543508 4.744832575087018
      vertex -9.624945311762604 -8.572969501991157 69.98
      vertex -9.827570281462144 -8.229096880434971 4.755026520667085
    endloop
  endfacet
  facet normal -0.9106347728549145 -0.41321218576837543 1.0479069382213276e-17
    outer loop
      vertex -9.992510665446268 -7.865602157198084 4.755073839754461
      vertex -9.921026289403816 -8.0231390372372 4.744779486104343
      vertex -9.9924853814038 -7.86565787803368 69.98
    endloop
  endfacet
  facet normal -0.9493976084683791 -0.31407671202195553 1.2923634635277968e-19
    outer loop
      vertex -9.992510665446268 -7.865602157198084 4.755073839754461
      vertex -9.992521232803243 -7.865570213971935 69.98
      vertex -10.061457662688232 -7.657187741907017 4.744738195540589
    endloop
  endfacet
  facet normal -0.9106347728549139 -0.4132121857683766 1.4158904805076536e-17
    outer loop
      vertex -9.827570281462144 -8.229096880434971 4.755026520667085
      vertex -9.9924853814038 -7.86565787803368 69.98
      vertex -9.921026289403816 -8.0231390372372 4.744779486104343
    endloop
  endfacet
  facet normal -0.802711637930966 -0.5963673585384982 -6.410475611055394e-18
    outer loop
      vertex -9.529685690021486 -8.701195500289876 4.744897463324912
      vertex -9.386877437862148 -8.893415688668076 4.754896394201655
      vertex -9.624927196559431 -8.573000245104474 69.99
    endloop
  endfacet
  facet normal -0.8027116379309646 -0.5963673585385003 0
    outer loop
      vertex -9.624927196559431 -8.573000245104474 4.75496737208737
      vertex -9.529685690021486 -8.701195500289876 4.744897463324912
      vertex -9.624927196559431 -8.573000245104474 69.98
    endloop
  endfacet
  facet normal -0.48455087033265476 -0.8747630845319586 1.553639908961681e-17
    outer loop
      vertex -8.489078405449034 -9.679004104586266 4.754612487130844
      vertex -8.372637516031226 -9.743503321925662 4.745275032062453
      vertex -8.139902451720708 -9.872420488142073 69.99
    endloop
  endfacet
  facet normal -0.5747874102144028 -0.8183027759081719 0
    outer loop
      vertex -8.81571730604822 -9.449568334259908 4.754718951443891
      vertex -8.701351540461888 -9.52990046089311 4.745162934721827
      vertex -8.81571730604822 -9.449568334259908 69.99
    endloop
  endfacet
  facet normal -0.5747874102144086 -0.8183027759081678 -1.5230620257163265e-17
    outer loop
      vertex -8.489078405449034 -9.679004104586266 4.754612487130844
      vertex -8.81571730604822 -9.449568334259908 69.99
      vertex -8.701351540461888 -9.52990046089311 4.745162934721827
    endloop
  endfacet
  facet normal -0.48455087033265143 -0.8747630845319604 8.293463964008514e-20
    outer loop
      vertex -8.372637516031226 -9.743503321925662 4.745275032062453
      vertex -8.139902451720708 -9.872420488142073 4.754494194629793
      vertex -8.139902451720708 -9.872420488142073 69.99
    endloop
  endfacet
  facet normal -0.3888241754733213 -0.9213119778704127 1.8606037646842332e-17
    outer loop
      vertex -8.139902451720708 -9.872420488142073 4.754494194629793
      vertex -8.023390990057557 -9.921592184703623 4.745398935629348
      vertex -7.77218425614682 -10.027609748278516 69.98
    endloop
  endfacet
  facet normal -0.38882417547331677 -0.9213119778704146 -1.982946436857408e-18
    outer loop
      vertex -8.023390990057557 -9.921592184703623 4.745398935629348
      vertex -7.772145747942614 -10.027626000016374 4.754364074313394
      vertex -7.77218425614682 -10.027609748278516 69.98
    endloop
  endfacet
  facet normal -0.2886919473396227 -0.957422038362005 0
    outer loop
      vertex -7.772145747942614 -10.027626000016374 4.754364074313394
      vertex -7.657433859059054 -10.062215133395274 4.745534647375011
      vertex -7.772145747942614 -10.027626000016374 69.98
    endloop
  endfacet
  facet normal -0.9493976084683806 -0.31407671202195103 1.61234917237848e-17
    outer loop
      vertex -10.117879508054436 -7.4866346158532044 4.755109329200433
      vertex -10.061457662688232 -7.657187741907017 4.744738195540589
      vertex -9.992521232803243 -7.865570213971935 69.98
    endloop
  endfacet
  facet normal -0.9774033898178666 -0.2113826236296246 1.865177114842865e-17
    outer loop
      vertex -10.117879508054436 -7.4866346158532044 4.755109329200433
      vertex -10.202256330205042 -7.096488110071521 69.99
      vertex -10.162877833037347 -7.27856871800776 4.7447087027453305
    endloop
  endfacet
  facet normal -0.977403389817868 -0.21138262362961824 -5.3719863810710386e-21
    outer loop
      vertex -10.162877833037347 -7.27856871800776 4.7447087027453305
      vertex -10.202256330205042 -7.096488110071521 69.98
      vertex -10.202256330205042 -7.096488110071521 4.75513298889319
    endloop
  endfacet
  facet normal -0.9943348002101373 -0.10629348564736375 4.829065002615687e-18
    outer loop
      vertex -10.202256330205042 -7.096488110071521 4.75513298889319
      vertex -10.202259689966569 -7.0964566807907286 69.98
      vertex -10.224177198102774 -6.891426796400462 4.744691007253999
    endloop
  endfacet
  facet normal -0.9943348002101369 -0.10629348564736751 -7.187278246355774e-18
    outer loop
      vertex -10.224177198102774 -6.891426796400462 4.744691007253999
      vertex -10.202259689966569 -7.0964566807907286 69.98
      vertex -10.244685108787857 -6.69958315565817 4.755144818758205
    endloop
  endfacet
  facet normal -1 0 0
    outer loop
      vertex -10.244685108787857 -6.69958315565817 4.755144818758205
      vertex -10.244685108787857 -6.69958315565817 69.99
      vertex -10.244685108787857 -6.5 4.744685108787858
    endloop
  endfacet
  facet normal -0.28869194733962333 -0.9574220383620048 -1.3271064710837245e-18
    outer loop
      vertex -7.657433859059054 -10.062215133395274 4.745534647375011
      vertex -7.389975124516679 -10.142862099742663 4.75422212659157
      vertex -7.772145747942614 -10.027626000016374 69.99
    endloop
  endfacet
  facet normal -0.1852887240871095 -0.982684124592522 6.57211827362468e-18
    outer loop
      vertex -7.389975124516679 -10.142862099742663 4.75422212659157
      vertex -7.278771113113826 -10.163830027147359 4.745682169438187
      vertex -7.3899149959361115 -10.142873437208788 69.98
    endloop
  endfacet
  facet normal -0.18528872408711186 -0.9826841245925212 2.359394982537847e-18
    outer loop
      vertex -7.278771113113826 -10.163830027147359 4.745682169438187
      vertex -6.9977207273139586 -10.216823116265026 4.754068351911495
      vertex -7.3899149959361115 -10.142873437208788 69.98
    endloop
  endfacet
  facet normal -0.07978610555309225 -0.9968120070307495 3.444395066753779e-17
    outer loop
      vertex -6.9977207273139586 -10.216823116265026 4.754068351911495
      vertex -6.891547056072364 -10.225321392450397 4.745841504143962
      vertex -6.599826955391656 -10.248671041712948 69.99
    endloop
  endfacet
  facet normal -0.0797861055530846 -0.99681200703075 -1.586379485787506e-20
    outer loop
      vertex -6.891547056072364 -10.225321392450397 4.745841504143962
      vertex -6.599826955391656 -10.248671041712948 4.753902750757613
      vertex -6.599826955391656 -10.248671041712948 69.99
    endloop
  endfacet
  facet normal 0 -1 0
    outer loop
      vertex -6.599826955391656 -10.248671041712948 4.753902750757613
      vertex -6.5 -10.248671041712948 4.7486710417129485
      vertex -6.599811654208037 -10.248671041712948 69.98
    endloop
  endfacet
  facet normal 0 -1 0
    outer loop
      vertex -6.5 -10.248671041712948 4.7486710417129485
      vertex 6.400173044608344 -10.248671041712948 4.7486710417129485
      vertex -6.597834353430972 -10.248671041712948 69.98
    endloop
  endfacet
  facet normal -0.7347741508630663 -0.6783118362696171 0
    outer loop
      vertex -9.386877437862148 -8.893415688668076 4.754896394201655
      vertex -9.116118204256193 -9.186712776118682 69.99
      vertex -9.386877437862148 -8.893415688668076 69.99
    endloop
  endfacet
  facet normal -0.734774150855364 -0.6783118362779605 -6.977603597421729e-14
    outer loop
      vertex -9.386877437862148 -8.893415688668076 4.754896394201655
      vertex -9.116143790874645 -9.18668505968379 69.98
      vertex -9.116118204256193 -9.186712776118682 69.99
    endloop
  endfacet
  facet normal -0.6585113790649947 -0.7525707698561769 5.869329605506616e-16
    outer loop
      vertex -9.005936036387082 -9.283123923372957 4.745062641841159
      vertex -9.116118204256193 -9.186712776118682 69.99
      vertex -9.116118204256193 -9.186712776118682 69.98
    endloop
  endfacet
  facet normal -0.7347741508677269 -0.6783118362645686 0
    outer loop
      vertex -9.116118204256193 -9.186712776118682 4.7548135872335395
      vertex -9.116118204256193 -9.186712776118682 69.98
      vertex -9.116143790874645 -9.18668505968379 69.98
    endloop
  endfacet
  facet normal -0.8615540813775774 -0.5076658003663813 0
    outer loop
      vertex -9.624927196559431 -8.573000245104474 4.75496737208737
      vertex -9.624927196559431 -8.573000245104474 69.98
      vertex -9.624945311762604 -8.572969501991157 69.98
    endloop
  endfacet
  facet normal -0.8615540814166197 -0.5076658003001234 2.7083202912469e-13
    outer loop
      vertex -9.827570281462144 -8.229096880434971 4.755026520667085
      vertex -9.624945311762604 -8.572969501991157 69.98
      vertex -9.624927196559431 -8.573000245104474 69.99
    endloop
  endfacet
  facet normal -0.8615540813938055 -0.5076658003388412 0
    outer loop
      vertex -9.827570281462144 -8.229096880434971 4.755026520667085
      vertex -9.624927196559431 -8.573000245104474 69.99
      vertex -9.827570281462144 -8.229096880434971 69.99
    endloop
  endfacet
  facet normal -0.9106347728502987 -0.41321218577854746 0
    outer loop
      vertex -9.992510665446268 -7.865602157198084 4.755073839754461
      vertex -9.9924853814038 -7.86565787803368 69.98
      vertex -9.992510665446268 -7.865602157198084 69.98
    endloop
  endfacet
  facet normal -0.9493976084684577 -0.3140767120217176 0
    outer loop
      vertex -9.992510665446268 -7.865602157198084 4.755073839754461
      vertex -9.992510665446268 -7.865602157198084 69.98
      vertex -9.992521232803243 -7.865570213971935 69.98
    endloop
  endfacet
  facet normal -0.9493976084684502 -0.3140767120217402 -1.0246204390033772e-15
    outer loop
      vertex -10.117879508054436 -7.4866346158532044 4.755109329200433
      vertex -9.992521232803243 -7.865570213971935 69.98
      vertex -9.992510665446268 -7.865602157198084 69.99
    endloop
  endfacet
  facet normal -0.9106347728549148 -0.4132121857683745 0
    outer loop
      vertex -9.827570281462144 -8.229096880434971 4.755026520667085
      vertex -9.827570281462144 -8.229096880434971 69.99
      vertex -9.9924853814038 -7.86565787803368 69.98
    endloop
  endfacet
  facet normal -0.8027116379309654 -0.596367358538499 0
    outer loop
      vertex -9.386877437862148 -8.893415688668076 4.754896394201655
      vertex -9.386877437862148 -8.893415688668076 69.99
      vertex -9.624927196559431 -8.573000245104474 69.99
    endloop
  endfacet
  facet normal -0.8027116379306606 -0.5963673585389093 -3.4124377655169276e-16
    outer loop
      vertex -9.529685690021486 -8.701195500289876 4.744897463324912
      vertex -9.624927196559431 -8.573000245104474 69.99
      vertex -9.624927196559431 -8.573000245104474 69.98
    endloop
  endfacet
  facet normal -0.48455087033265254 -0.8747630845319598 0
    outer loop
      vertex -8.489078405449034 -9.679004104586266 4.754612487130844
      vertex -8.139902451720708 -9.872420488142073 69.99
      vertex -8.489078405449034 -9.679004104586266 69.99
    endloop
  endfacet
  facet normal -0.6585113790650375 -0.7525707698561394 0
    outer loop
      vertex -8.81571730604822 -9.449568334259908 4.754718951443891
      vertex -8.81571730604822 -9.449568334259908 69.99
      vertex -9.116118204256193 -9.186712776118682 69.99
    endloop
  endfacet
  facet normal -0.5747874102144067 -0.8183027759081692 0
    outer loop
      vertex -8.489078405449034 -9.679004104586266 4.754612487130844
      vertex -8.489078405449034 -9.679004104586266 69.99
      vertex -8.81571730604822 -9.449568334259908 69.99
    endloop
  endfacet
  facet normal -0.3888241754733182 -0.9213119778704141 0
    outer loop
      vertex -8.139902451720708 -9.872420488142073 4.754494194629793
      vertex -7.772145747942614 -10.027626000016374 69.99
      vertex -8.139902451720708 -9.872420488142073 69.99
    endloop
  endfacet
  facet normal -0.3888241754787125 -0.9213119778681376 4.1587150987036615e-14
    outer loop
      vertex -8.139902451720708 -9.872420488142073 4.754494194629793
      vertex -7.77218425614682 -10.027609748278516 69.98
      vertex -7.772145747942614 -10.027626000016374 69.99
    endloop
  endfacet
  facet normal -0.38882417547041864 -0.9213119778716378 0
    outer loop
      vertex -7.772145747942614 -10.027626000016374 4.754364074313394
      vertex -7.772145747942614 -10.027626000016374 69.98
      vertex -7.77218425614682 -10.027609748278516 69.98
    endloop
  endfacet
  facet normal -0.2886919473398696 -0.9574220383619305 2.295894865457922e-16
    outer loop
      vertex -7.657433859059054 -10.062215133395274 4.745534647375011
      vertex -7.772145747942614 -10.027626000016374 69.99
      vertex -7.772145747942614 -10.027626000016374 69.98
    endloop
  endfacet
  facet normal -0.9493976084683798 -0.3140767120219535 0
    outer loop
      vertex -10.117879508054436 -7.4866346158532044 4.755109329200433
      vertex -9.992510665446268 -7.865602157198084 69.99
      vertex -10.117879508054436 -7.4866346158532044 69.99
    endloop
  endfacet
  facet normal -0.9774033898178672 -0.21138262362962162 0
    outer loop
      vertex -10.117879508054436 -7.4866346158532044 4.755109329200433
      vertex -10.117879508054436 -7.4866346158532044 69.99
      vertex -10.202256330205042 -7.096488110071521 69.99
    endloop
  endfacet
  facet normal -0.9774033898178792 -0.21138262362956628 -3.5038709729101994e-17
    outer loop
      vertex -10.162877833037347 -7.27856871800776 4.7447087027453305
      vertex -10.202256330205042 -7.096488110071521 69.99
      vertex -10.202256330205042 -7.096488110071521 69.98
    endloop
  endfacet
  facet normal -0.9943348002111966 -0.10629348563745529 0
    outer loop
      vertex -10.202256330205042 -7.096488110071521 4.75513298889319
      vertex -10.202256330205042 -7.096488110071521 69.98
      vertex -10.202259689966569 -7.0964566807907286 69.98
    endloop
  endfacet
  facet normal -0.9943348002090074 -0.1062934856579337 -6.601542897278568e-14
    outer loop
      vertex -10.244685108787857 -6.69958315565817 4.755144818758205
      vertex -10.202259689966569 -7.0964566807907286 69.98
      vertex -10.202256330205042 -7.096488110071521 69.99
    endloop
  endfacet
  facet normal -0.9943348002101371 -0.10629348564736557 0
    outer loop
      vertex -10.244685108787857 -6.69958315565817 4.755144818758205
      vertex -10.202256330205042 -7.096488110071521 69.99
      vertex -10.244685108787857 -6.69958315565817 69.99
    endloop
  endfacet
  facet normal -0.28869194733962317 -0.9574220383620049 0
    outer loop
      vertex -7.389975124516679 -10.142862099742663 4.75422212659157
      vertex -7.389975124516679 -10.142862099742663 69.98
      vertex -7.772145747942614 -10.027626000016374 69.99
    endloop
  endfacet
  facet normal -0.185288724080225 -0.9826841245938199 0
    outer loop
      vertex -7.389975124516679 -10.142862099742663 4.75422212659157
      vertex -7.3899149959361115 -10.142873437208788 69.98
      vertex -7.389975124516679 -10.142862099742663 69.98
    endloop
  endfacet
  facet normal -0.18528872408711228 -0.9826841245925214 0
    outer loop
      vertex -6.9977207273139586 -10.216823116265026 4.754068351911495
      vertex -6.9977207273139586 -10.216823116265026 69.99
      vertex -7.3899149959361115 -10.142873437208788 69.98
    endloop
  endfacet
  facet normal -0.07978610555308664 -0.9968120070307499 0
    outer loop
      vertex -6.9977207273139586 -10.216823116265026 4.754068351911495
      vertex -6.599826955391656 -10.248671041712948 69.99
      vertex -6.9977207273139586 -10.216823116265026 69.99
    endloop
  endfacet
  facet normal 0 -1 0
    outer loop
      vertex -6.599826955391656 -10.248671041712948 4.753902750757613
      vertex -6.599811654208037 -10.248671041712948 69.98
      vertex -6.599826955391656 -10.248671041712948 69.99
    endloop
  endfacet
  facet normal 0 -1 0
    outer loop
      vertex -6.5 -10.248671041712948 4.7486710417129485
      vertex -6.597834353430972 -10.248671041712948 69.98
      vertex -6.599811654208037 -10.248671041712948 69.98
    endloop
  endfacet
  facet normal -0.910634772854914 -0.4132121857683761 -6.834532681560521e-14
    outer loop
      vertex -9.9924853814038 -7.86565787803368 69.98
      vertex -9.827570281462144 -8.229096880434971 69.99
      vertex -9.992510665446268 -7.865602157198084 69.99
    endloop
  endfacet
  facet normal -0.28869194733962317 -0.9574220383620049 -2.755839214017871e-16
    outer loop
      vertex -7.772145747942614 -10.027626000016374 69.99
      vertex -7.389975124516679 -10.142862099742663 69.98
      vertex -7.389975124516679 -10.142862099742663 69.99
    endloop
  endfacet
  facet normal -0.18528872408711122 -0.9826841245925216 -4.287771835685104e-14
    outer loop
      vertex -7.3899149959361115 -10.142873437208788 69.98
      vertex -6.9977207273139586 -10.216823116265026 69.99
      vertex -7.389975124516679 -10.142862099742663 69.99
    endloop
  endfacet
  facet normal -1 0 0
    outer loop
      vertex -10.244685108787857 -6.5 4.744685108787858
      vertex -10.244685108787857 -6.69958315565817 69.99
      vertex -10.244685108787857 6.699583155658171 69.99
    endloop
  endfacet
  facet normal 0 -1 0
    outer loop
      vertex -6.597834353430972 -10.248671041712948 69.98
      vertex 6.400173044608344 -10.248671041712948 69.99
      vertex -6.599826955391656 -10.248671041712948 69.99
    endloop
  endfacet
  facet normal -1 0 0
    outer loop
      vertex -10.244685108787857 -6.5 4.744685108787858
      vertex -10.244685108787857 6.699583155658171 4.755144818758205
      vertex -10.244685108787857 6.5 4.744685108787858
    endloop
  endfacet
  facet normal -1 0 0
    outer loop
      vertex -10.244685108787857 -6.5 4.744685108787858
      vertex -10.244685108787857 6.699583155658171 69.99
      vertex -10.244685108787857 6.699583155658171 4.755144818758205
    endloop
  endfacet
  facet normal -0.9943348002101366 0.10629348564736946 0
    outer loop
      vertex -10.244685108787857 6.699583155658171 4.755144818758205
      vertex -10.244685108787857 6.699583155658171 69.99
      vertex -10.224177198102774 6.891426796400459 4.744691007254
    endloop
  endfacet
  facet normal -0.9943348002101374 0.1062934856473633 -1.8350138448333847e-17
    outer loop
      vertex -10.224177198102774 6.891426796400459 4.744691007254
      vertex -10.244685108787857 6.699583155658171 69.99
      vertex -10.202256330205042 7.096488110071519 4.755132988893191
    endloop
  endfacet
  facet normal -0.977403389817868 0.21138262362961827 -4.376719877972215e-19
    outer loop
      vertex -10.202256330205042 7.096488110071519 4.755132988893191
      vertex -10.117886404847154 7.486602726057988 69.98
      vertex -10.162877833037347 7.278568718007758 4.7447087027453305
    endloop
  endfacet
  facet normal -0.9774033898178671 0.21138262362962204 -1.3150959241679094e-17
    outer loop
      vertex -10.162877833037347 7.278568718007758 4.7447087027453305
      vertex -10.117886404847154 7.486602726057988 69.98
      vertex -10.117879508054436 7.486634615853205 4.755109329200433
    endloop
  endfacet
  facet normal -0.9493976084683796 0.314076712021954 0
    outer loop
      vertex -10.117879508054436 7.486634615853205 4.755109329200433
      vertex -10.117879508054436 7.486634615853205 69.98
      vertex -10.061457662688232 7.657187741907016 4.744738195540589
    endloop
  endfacet
  facet normal -0.9493976084683791 0.31407671202195553 4.502479360108897e-18
    outer loop
      vertex -10.061457662688232 7.657187741907016 4.744738195540589
      vertex -10.117879508054436 7.486634615853205 69.99
      vertex -9.992510665446268 7.865602157198083 4.75507383975446
    endloop
  endfacet
  facet normal -0.9106347728549153 0.41321218576837354 5.999359770125859e-19
    outer loop
      vertex -9.992510665446268 7.865602157198083 4.75507383975446
      vertex -9.827570281462144 8.229096880434973 69.99
      vertex -9.921026289403816 8.0231390372372 4.744779486104342
    endloop
  endfacet
  facet normal -0.9106347728549152 0.41321218576837365 3.9129065270604054e-20
    outer loop
      vertex -9.921026289403816 8.0231390372372 4.744779486104342
      vertex -9.827570281462144 8.229096880434973 69.99
      vertex -9.827570281462144 8.229096880434973 4.755026520667086
    endloop
  endfacet
  facet normal -0.8615540813938023 0.5076658003388465 -4.0809935338589735e-17
    outer loop
      vertex -9.827570281462144 8.229096880434973 4.755026520667086
      vertex -9.624945311762604 8.572969501991157 69.98
      vertex -9.743120142944854 8.372416287543508 4.744832575087018
    endloop
  endfacet
  facet normal -0.8615540813938056 0.5076658003388408 -1.74816590104112e-17
    outer loop
      vertex -9.743120142944854 8.372416287543508 4.744832575087018
      vertex -9.624945311762604 8.572969501991157 69.98
      vertex -9.624927196559431 8.573000245104474 4.75496737208737
    endloop
  endfacet
  facet normal -0.8027116379309683 0.5963673585384949 0
    outer loop
      vertex -9.624927196559431 8.573000245104474 4.75496737208737
      vertex -9.624927196559431 8.573000245104474 69.98
      vertex -9.529685690021486 8.701195500289877 4.744897463324912
    endloop
  endfacet
  facet normal -0.802711637930966 0.5963673585384982 -1.6825960017113787e-18
    outer loop
      vertex -9.529685690021486 8.701195500289877 4.744897463324912
      vertex -9.386899325827162 8.893386227424106 69.98
      vertex -9.386877437862148 8.893415688668078 4.754896394201655
    endloop
  endfacet
  facet normal -0.7347741508630653 0.6783118362696182 1.2881914565283655e-17
    outer loop
      vertex -9.386877437862148 8.893415688668078 4.754896394201655
      vertex -9.116143790874645 9.18668505968379 69.98
      vertex -9.283058162486668 9.005876825019111 4.744974151840241
    endloop
  endfacet
  facet normal -0.7347741508630637 0.6783118362696199 3.997472603015028e-18
    outer loop
      vertex -9.283058162486668 9.005876825019111 4.744974151840241
      vertex -9.116143790874645 9.18668505968379 69.98
      vertex -9.116118204256193 9.186712776118682 4.754813587233539
    endloop
  endfacet
  facet normal -0.6585113790650335 0.7525707698561431 0
    outer loop
      vertex -9.116118204256193 9.186712776118682 4.754813587233539
      vertex -9.116118204256193 9.186712776118682 69.98
      vertex -9.005936036387084 9.283123923372955 4.74506264184116
    endloop
  endfacet
  facet normal -0.65851137906504 0.7525707698561375 -1.724711097717926e-20
    outer loop
      vertex -9.005936036387084 9.283123923372955 4.74506264184116
      vertex -8.81571730604822 9.449568334259908 69.99
      vertex -8.81571730604822 9.449568334259908 4.75471895144389
    endloop
  endfacet
  facet normal -0.5747874102144088 0.8183027759081677 1.0733779472947305e-18
    outer loop
      vertex -8.81571730604822 9.449568334259908 4.75471895144389
      vertex -8.489078405449035 9.679004104586266 69.99
      vertex -8.70135154046189 9.52990046089311 4.745162934721828
    endloop
  endfacet
  facet normal -0.5747874102144087 0.8183027759081679 -8.922214121718209e-21
    outer loop
      vertex -8.70135154046189 9.52990046089311 4.745162934721828
      vertex -8.489078405449035 9.679004104586266 69.99
      vertex -8.489078405449035 9.679004104586266 4.754612487130844
    endloop
  endfacet
  facet normal -0.4845508703326491 0.8747630845319618 -1.0764637440789901e-17
    outer loop
      vertex -8.489078405449035 9.679004104586266 4.754612487130844
      vertex -8.139902451720708 9.872420488142073 69.99
      vertex -8.372637516031226 9.743503321925662 4.745275032062451
    endloop
  endfacet
  facet normal -0.48455087033265143 0.8747630845319606 -8.293463964008516e-20
    outer loop
      vertex -8.372637516031226 9.743503321925662 4.745275032062451
      vertex -8.139902451720708 9.872420488142073 69.99
      vertex -8.139902451720708 9.872420488142073 4.754494194629793
    endloop
  endfacet
  facet normal -0.3888241754733213 0.9213119778704127 1.0442439018795473e-17
    outer loop
      vertex -8.139902451720708 9.872420488142073 4.754494194629793
      vertex -8.139884594080419 9.872428024657854 69.98
      vertex -8.023390990057557 9.921592184703623 4.745398935629348
    endloop
  endfacet
  facet normal -0.3888241754733222 0.9213119778704123 8.45051147540936e-18
    outer loop
      vertex -8.023390990057557 9.921592184703623 4.745398935629348
      vertex -8.139884594080419 9.872428024657854 69.98
      vertex -7.772145747942614 10.027626000016376 4.754364074313395
    endloop
  endfacet
  facet normal -0.28869194733960907 0.9574220383620091 -4.7749781529271066e-17
    outer loop
      vertex -7.772145747942614 10.027626000016376 4.754364074313395
      vertex -7.390016117838197 10.142849739005868 69.98
      vertex -7.657433859059054 10.062215133395274 4.74553464737501
    endloop
  endfacet
  facet normal -0.28869194733961845 0.9574220383620062 -6.070026620618031e-18
    outer loop
      vertex -7.657433859059054 10.062215133395274 4.74553464737501
      vertex -7.390016117838197 10.142849739005868 69.98
      vertex -7.38997512451668 10.142862099742661 4.75422212659157
    endloop
  endfacet
  facet normal -0.18528872408709435 0.9826841245925247 -1.2409281506532456e-16
    outer loop
      vertex -7.38997512451668 10.142862099742661 4.75422212659157
      vertex -6.997720727313957 10.216823116265026 69.98
      vertex -7.278771113113827 10.163830027147355 4.745682169438188
    endloop
  endfacet
  facet normal -0.1852887240871222 0.9826841245925194 -3.775300876016496e-20
    outer loop
      vertex -7.278771113113827 10.163830027147355 4.745682169438188
      vertex -6.997720727313957 10.216823116265026 69.98
      vertex -6.997720727313957 10.216823116265026 4.754068351911496
    endloop
  endfacet
  facet normal -0.07978610555309357 0.9968120070307492 6.749134339555945e-17
    outer loop
      vertex -6.997720727313957 10.216823116265026 4.754068351911496
      vertex -6.599826955391656 10.248671041712946 69.99
      vertex -6.891547056072364 10.225321392450397 4.745841504143961
    endloop
  endfacet
  facet normal -0.07978610555307855 0.9968120070307505 -4.251835612576632e-21
    outer loop
      vertex -6.891547056072364 10.225321392450397 4.745841504143961
      vertex -6.599826955391656 10.248671041712946 69.99
      vertex -6.599826955391656 10.248671041712946 4.75390275075761
    endloop
  endfacet
  facet normal 0 1 0
    outer loop
      vertex -6.599826955391656 10.248671041712946 4.75390275075761
      vertex -6.599811654208037 10.248671041712946 69.98
      vertex -6.5 10.248671041712946 4.748671041712946
    endloop
  endfacet
  facet normal 0 1 0
    outer loop
      vertex -6.5 10.248671041712946 4.748671041712946
      vertex -6.599811654208037 10.248671041712946 69.98
      vertex 6.400173044608344 10.248671041712946 4.748671041712945
    endloop
  endfacet
  facet normal -0.994334800210137 0.10629348564736628 0
    outer loop
      vertex -10.202256330205042 7.096488110071519 4.755132988893191
      vertex -10.244685108787857 6.699583155658171 69.99
      vertex -10.202256330205042 7.096488110071519 69.99
    endloop
  endfacet
  facet normal -0.9774033898178676 0.21138262362962026 0
    outer loop
      vertex -10.202256330205042 7.096488110071519 4.755132988893191
      vertex -10.202256330205042 7.096488110071519 69.99
      vertex -10.117879508054436 7.486634615853205 69.99
    endloop
  endfacet
  facet normal -0.9774033898242774 0.21138262359998194 1.8393274756890023e-13
    outer loop
      vertex -10.202256330205042 7.096488110071519 4.755132988893191
      vertex -10.117879508054436 7.486634615853205 69.99
      vertex -10.117886404847154 7.486602726057988 69.98
    endloop
  endfacet
  facet normal -0.9774033898123116 0.21138262365530988 0
    outer loop
      vertex -10.117879508054436 7.486634615853205 4.755109329200433
      vertex -10.117886404847154 7.486602726057988 69.98
      vertex -10.117879508054436 7.486634615853205 69.98
    endloop
  endfacet
  facet normal -0.9493976084683232 0.31407671202212417 -3.6737109758253506e-16
    outer loop
      vertex -10.061457662688232 7.657187741907016 4.744738195540589
      vertex -10.117879508054436 7.486634615853205 69.98
      vertex -10.117879508054436 7.486634615853205 69.99
    endloop
  endfacet
  facet normal -0.9493976084683794 0.31407671202195486 0
    outer loop
      vertex -9.992510665446268 7.865602157198083 4.75507383975446
      vertex -10.117879508054436 7.486634615853205 69.99
      vertex -9.992510665446268 7.865602157198083 69.99
    endloop
  endfacet
  facet normal -0.9106347728549152 0.4132121857683736 0
    outer loop
      vertex -9.992510665446268 7.865602157198083 4.75507383975446
      vertex -9.992510665446268 7.865602157198083 69.99
      vertex -9.827570281462144 8.229096880434973 69.99
    endloop
  endfacet
  facet normal -0.8615540813938043 0.5076658003388431 0
    outer loop
      vertex -9.827570281462144 8.229096880434973 4.755026520667086
      vertex -9.827570281462144 8.229096880434973 69.99
      vertex -9.624927196559431 8.573000245104474 69.99
    endloop
  endfacet
  facet normal -0.8615540814164843 0.5076658003003529 2.702298650254789e-13
    outer loop
      vertex -9.827570281462144 8.229096880434973 4.755026520667086
      vertex -9.624927196559431 8.573000245104474 69.99
      vertex -9.624945311762604 8.572969501991157 69.98
    endloop
  endfacet
  facet normal -0.8615540813775774 0.5076658003663813 0
    outer loop
      vertex -9.624927196559431 8.573000245104474 4.75496737208737
      vertex -9.624945311762604 8.572969501991157 69.98
      vertex -9.624927196559431 8.573000245104474 69.98
    endloop
  endfacet
  facet normal -0.802711637930816 0.5963673585387 -1.722095720578955e-16
    outer loop
      vertex -9.529685690021486 8.701195500289877 4.744897463324912
      vertex -9.624927196559431 8.573000245104474 69.98
      vertex -9.624927196559431 8.573000245104474 69.99
    endloop
  endfacet
  facet normal -0.8027116379309672 0.5963673585384967 5.221419371330234e-18
    outer loop
      vertex -9.529685690021486 8.701195500289877 4.744897463324912
      vertex -9.624927196559431 8.573000245104474 69.99
      vertex -9.386899325827162 8.893386227424106 69.98
    endloop
  endfacet
  facet normal -0.8027116379291406 0.5963673585409551 0
    outer loop
      vertex -9.386877437862148 8.893415688668078 4.754896394201655
      vertex -9.386899325827162 8.893386227424106 69.98
      vertex -9.386877437862148 8.893415688668078 69.98
    endloop
  endfacet
  facet normal -0.7347741508630644 0.6783118362696193 0
    outer loop
      vertex -9.386877437862148 8.893415688668078 4.754896394201655
      vertex -9.386877437862148 8.893415688668078 69.98
      vertex -9.116118204256193 9.186712776118682 69.99
    endloop
  endfacet
  facet normal -0.734774150855498 0.6783118362778155 -6.721055119601727e-14
    outer loop
      vertex -9.386877437862148 8.893415688668078 4.754896394201655
      vertex -9.116118204256193 9.186712776118682 69.99
      vertex -9.116143790874645 9.18668505968379 69.98
    endloop
  endfacet
  facet normal -0.7347741508677269 0.6783118362645686 0
    outer loop
      vertex -9.116118204256193 9.186712776118682 4.754813587233539
      vertex -9.116143790874645 9.18668505968379 69.98
      vertex -9.116118204256193 9.186712776118682 69.98
    endloop
  endfacet
  facet normal -0.6585113790649475 0.7525707698562184 -5.558896295110246e-17
    outer loop
      vertex -9.005936036387084 9.283123923372955 4.74506264184116
      vertex -9.116118204256193 9.186712776118682 69.98
      vertex -9.116118204256193 9.186712776118682 69.99
    endloop
  endfacet
  facet normal -0.6585113790650375 0.7525707698561394 -1.2183288783559172e-17
    outer loop
      vertex -9.005936036387084 9.283123923372955 4.74506264184116
      vertex -9.116118204256193 9.186712776118682 69.99
      vertex -8.81571730604822 9.449568334259908 69.99
    endloop
  endfacet
  facet normal -0.5747874102144088 0.8183027759081678 0
    outer loop
      vertex -8.81571730604822 9.449568334259908 4.75471895144389
      vertex -8.81571730604822 9.449568334259908 69.99
      vertex -8.489078405449035 9.679004104586266 69.99
    endloop
  endfacet
  facet normal -0.48455087033265076 0.8747630845319609 0
    outer loop
      vertex -8.489078405449035 9.679004104586266 4.754612487130844
      vertex -8.489078405449035 9.679004104586266 69.99
      vertex -8.139902451720708 9.872420488142073 69.99
    endloop
  endfacet
  facet normal -0.3888241754409464 0.921311977884076 0
    outer loop
      vertex -8.139902451720708 9.872420488142073 4.754494194629793
      vertex -8.139902451720708 9.872420488142073 69.99
      vertex -8.139884594080419 9.872428024657854 69.98
    endloop
  endfacet
  facet normal -0.3888241754733236 0.9213119778704119 0
    outer loop
      vertex -7.772145747942614 10.027626000016376 4.754364074313395
      vertex -8.139884594080419 9.872428024657854 69.98
      vertex -7.772145747942614 10.027626000016376 69.98
    endloop
  endfacet
  facet normal -0.2886919473396156 0.957422038362007 0
    outer loop
      vertex -7.772145747942614 10.027626000016376 4.754364074313395
      vertex -7.772145747942614 10.027626000016376 69.98
      vertex -7.38997512451668 10.142862099742661 69.99
    endloop
  endfacet
  facet normal -0.2886919473599907 0.9574220383558635 1.287860268090335e-13
    outer loop
      vertex -7.772145747942614 10.027626000016376 4.754364074313395
      vertex -7.38997512451668 10.142862099742661 69.99
      vertex -7.390016117838197 10.142849739005868 69.98
    endloop
  endfacet
  facet normal -0.28869194733081854 0.9574220383646598 0
    outer loop
      vertex -7.38997512451668 10.142862099742661 4.75422212659157
      vertex -7.390016117838197 10.142849739005868 69.98
      vertex -7.38997512451668 10.142862099742661 69.98
    endloop
  endfacet
  facet normal -0.18528872408711428 0.982684124592521 0
    outer loop
      vertex -7.38997512451668 10.142862099742661 4.75422212659157
      vertex -7.38997512451668 10.142862099742661 69.98
      vertex -6.997720727313957 10.216823116265026 69.98
    endloop
  endfacet
  facet normal -0.07978610555308258 0.9968120070307502 0
    outer loop
      vertex -6.997720727313957 10.216823116265026 4.754068351911496
      vertex -6.997720727313957 10.216823116265026 69.98
      vertex -6.599826955391656 10.248671041712946 69.99
    endloop
  endfacet
  facet normal 0 1 0
    outer loop
      vertex -6.599826955391656 10.248671041712946 4.75390275075761
      vertex -6.599826955391656 10.248671041712946 69.99
      vertex -6.599811660976693 10.248671041712946 69.98000442361541
    endloop
  endfacet
  facet normal 0 1 0
    outer loop
      vertex -6.599826955391656 10.248671041712946 4.75390275075761
      vertex -6.599811660976693 10.248671041712946 69.98000442361541
      vertex -6.599811654208037 10.248671041712946 69.98
    endloop
  endfacet
  facet normal -0.8027116379309671 0.596367358538497 1.0132367160928305e-14
    outer loop
      vertex -9.624927196559431 8.573000245104474 69.99
      vertex -9.386877437862148 8.893415688668078 69.99
      vertex -9.386899325827162 8.893386227424106 69.98
    endloop
  endfacet
  facet normal -0.7347741508630643 0.6783118362696192 0
    outer loop
      vertex -9.386877437862148 8.893415688668078 69.99
      vertex -9.116118204256193 9.186712776118682 69.99
      vertex -9.386877437862148 8.893415688668078 69.98
    endloop
  endfacet
  facet normal -0.2886919473396156 0.9574220383620072 0
    outer loop
      vertex -7.772145747942614 10.027626000016376 69.99
      vertex -7.38997512451668 10.142862099742661 69.99
      vertex -7.772145747942614 10.027626000016376 69.98
    endloop
  endfacet
  facet normal -0.07978610555308258 0.9968120070307501 0
    outer loop
      vertex -6.997720727313957 10.216823116265026 69.98
      vertex -6.997720727313957 10.216823116265026 69.99
      vertex -6.599826955391656 10.248671041712946 69.99
    endloop
  endfacet
  facet normal 0 1 0
    outer loop
      vertex -6.599826955391656 10.248671041712946 69.99
      vertex 6.398196618513097 10.248671041712946 69.98000442361541
      vertex -6.599811660976693 10.248671041712946 69.98000442361541
    endloop
  endfacet
  facet normal 0.02662052143778443 -0.9996456111234523 0
    outer loop
      vertex 6.400173044608344 -10.248671041712948 4.7486710417129485
      vertex 6.5 -10.246012654003842 4.746012654003843
      vertex 6.400173044608344 -10.248671041712948 69.99
    endloop
  endfacet
  facet normal 0.026620521437772906 -0.9996456111234526 -1.7645981474452326e-17
    outer loop
      vertex 6.5 -10.246012654003842 4.746012654003843
      vertex 6.7991978958240615 -10.238045026365313 4.7537253236516115
      vertex 6.400173044608344 -10.248671041712948 69.99
    endloop
  endfacet
  facet normal 0.1327255272837197 -0.9911528310040075 3.414074259376862e-17
    outer loop
      vertex 6.7991978958240615 -10.238045026365313 4.7537253236516115
      vertex 6.891584071437968 -10.225673570129183 4.746195621715859
      vertex 7.1947862360254184 -10.185071691276987 69.98
    endloop
  endfacet
  facet normal 0.13272552728372444 -0.9911528310040069 1.1734836512892305e-17
    outer loop
      vertex 6.891584071437968 -10.225673570129183 4.746195621715859
      vertex 7.194832715326676 -10.185065467221953 4.753536071152445
      vertex 7.1947862360254184 -10.185071691276987 69.98
    endloop
  endfacet
  facet normal 0.23732669987111668 -0.9714298932647096 0
    outer loop
      vertex 7.194832715326676 -10.185065467221953 4.753536071152445
      vertex 7.278918364640774 -10.164522791114706 4.746390410164667
      vertex 7.194832715326676 -10.185065467221953 69.99
    endloop
  endfacet
  facet normal 0.23732669987111157 -0.9714298932647106 -6.967892373115493e-18
    outer loop
      vertex 7.278918364640774 -10.164522791114706 4.746390410164667
      vertex 7.58259480252358 -10.09033264385752 4.753334993856318
      vertex 7.194832715326676 -10.185065467221953 69.99
    endloop
  endfacet
  facet normal 0.33923886611803056 -0.9407002666710331 -9.78222233750838e-18
    outer loop
      vertex 7.58259480252358 -10.09033264385752 4.753334993856318
      vertex 7.657762151002867 -10.063225512106138 4.746597022421659
      vertex 7.958090658024954 -9.954919917014049 69.98
    endloop
  endfacet
  facet normal 0.33923886611802867 -0.9407002666710339 1.0313238175859457e-19
    outer loop
      vertex 7.657762151002867 -10.063225512106138 4.746597022421659
      vertex 7.958090658024954 -9.954919917014049 4.753122092396683
      vertex 7.958090658024954 -9.954919917014049 69.98
    endloop
  endfacet
  facet normal 0.4373073204588605 -0.8993121301712168 0
    outer loop
      vertex 7.958090658024954 -9.954919917014049 4.753122092396683
      vertex 8.023967143134701 -9.92288624570228 4.746815461745078
      vertex 7.958090658024954 -9.954919917014049 69.98
    endloop
  endfacet
  facet normal 0.43730732045885706 -0.8993121301712185 -4.2344985492906695e-18
    outer loop
      vertex 8.023967143134701 -9.92288624570228 4.746815461745078
      vertex 8.317065763747436 -9.780361566994856 4.752897367444247
      vertex 7.958090658024954 -9.954919917014049 69.99
    endloop
  endfacet
  facet normal 0.5304209081197389 -0.8477344278896731 2.312802433132491e-17
    outer loop
      vertex 8.317065763747436 -9.780361566994856 4.752897367444247
      vertex 8.373522865790079 -9.745036792690462 4.747045731580156
      vertex 8.655452788304025 -9.568635409655634 69.99
    endloop
  endfacet
  facet normal 0.5304209081197426 -0.8477344278896707 3.7821877215270165e-20
    outer loop
      vertex 8.373522865790079 -9.745036792690462 4.747045731580156
      vertex 8.655452788304025 -9.568635409655634 4.752660819706963
      vertex 8.655452788304025 -9.568635409655634 69.99
    endloop
  endfacet
  facet normal 0.6175246149462015 -0.786551555802635 -6.580906581224551e-17
    outer loop
      vertex 8.655452788304025 -9.568635409655634 4.752660819706963
      vertex 8.702600525836697 -9.531619541781929 4.747287835559227
      vertex 8.969417671493893 -9.32214038696052 69.99
    endloop
  endfacet
  facet normal 0.6175246149461915 -0.7865515558026429 7.087067064514336e-20
    outer loop
      vertex 8.702600525836697 -9.531619541781929 4.747287835559227
      vertex 8.969417671493893 -9.32214038696052 4.752412449930031
      vertex 8.969417671493893 -9.32214038696052 69.99
    endloop
  endfacet
  facet normal 0.6976315211349806 -0.716456740298319 2.0074025311631906e-17
    outer loop
      vertex 8.969417671493893 -9.32214038696052 4.752412449930031
      vertex 9.007594901934993 -9.284966280210885 4.7475417775018895
      vertex 9.255403065736502 -9.04366938601106 69.99
    endloop
  endfacet
  facet normal 0.6976315211349835 -0.7164567402983164 -5.435629597993609e-20
    outer loop
      vertex 9.007594901934993 -9.284966280210885 4.7475417775018895
      vertex 9.255403065736502 -9.04366938601106 4.75215225889589
      vertex 9.255403065736502 -9.04366938601106 69.99
    endloop
  endfacet
  facet normal 0.7698339834299011 -0.6382441836448263 6.86434278818053e-17
    outer loop
      vertex 9.255403065736502 -9.04366938601106 4.75215225889589
      vertex 9.285163796150705 -9.00777274608602 4.747807561415131
      vertex 9.510168642241112 -8.73637759451938 69.99
    endloop
  endfacet
  facet normal 0.7698339834299092 -0.6382441836448166 9.064683166444603e-20
    outer loop
      vertex 9.285163796150705 -9.00777274608602 4.747807561415131
      vertex 9.510168642241112 -8.73637759451938 4.7518802474242205
      vertex 9.510168642241112 -8.73637759451938 69.99
    endloop
  endfacet
  facet normal 0.8333139190824959 -0.5528000653612221 0
    outer loop
      vertex 9.510168642241112 -8.73637759451938 4.7518802474242205
      vertex 9.532264616283317 -8.703069199895687 4.7480851914934945
      vertex 9.510168642241112 -8.73637759451938 69.99
    endloop
  endfacet
  facet normal 0.8333139190825145 -0.5528000653611942 2.0465955593817734e-17
    outer loop
      vertex 9.532264616283317 -8.703069199895687 4.7480851914934945
      vertex 9.730827805226774 -8.40374675127065 4.751596416371947
      vertex 9.510168642241112 -8.73637759451938 69.99
    endloop
  endfacet
  facet normal 0.8873520750565538 -0.46109250144936026 0
    outer loop
      vertex 9.730827805226774 -8.40374675127065 4.751596416371947
      vertex 9.746187688957438 -8.374187336059624 4.7483746721192475
      vertex 9.730827805226774 -8.40374675127065 69.99
    endloop
  endfacet
  facet normal 0.8873520750565742 -0.4610925014493209 -6.974399671366533e-20
    outer loop
      vertex 9.746187688957438 -8.374187336059624 4.7483746721192475
      vertex 9.914880398205923 -8.04954569663142 4.751300766633221
      vertex 9.914880398205923 -8.04954569663142 69.99
    endloop
  endfacet
  facet normal 0.931336177452341 -0.36416057525281564 -5.141765752070707e-17
    outer loop
      vertex 9.914880398205923 -8.04954569663142 4.751300766633221
      vertex 9.924585939156618 -8.0247238954168 4.748676007862534
      vertex 10.06024103175643 -7.677787670082308 69.98
    endloop
  endfacet
  facet normal 0.9313361774523378 -0.3641605752528241 -1.0153258981874603e-19
    outer loop
      vertex 9.924585939156618 -8.0247238954168 4.748676007862534
      vertex 10.06024103175643 -7.677787670082308 4.750993299139435
      vertex 10.06024103175643 -7.677787670082308 69.98
    endloop
  endfacet
  facet normal 0.9647678688145127 -0.26310256422753303 0
    outer loop
      vertex 10.06024103175643 -7.677787670082308 4.750993299139435
      vertex 10.06550061149132 -7.6585013756040015 4.748989203481565
      vertex 10.06024103175643 -7.677787670082308 69.98
    endloop
  endfacet
  facet normal 0.9647678688145161 -0.2631025642275206 3.969620134693217e-18
    outer loop
      vertex 10.06550061149132 -7.6585013756040015 4.748989203481565
      vertex 10.165262711817 -7.29268483861109 4.7506740148592055
      vertex 10.06024103175643 -7.677787670082308 69.99
    endloop
  endfacet
  facet normal 0.9872683547213643 -0.15906349601894948 -7.737405724701944e-16
    outer loop
      vertex 10.165262711817 -7.29268483861109 4.7506740148592055
      vertex 10.167382751653108 -7.27952626801933 4.74931426392279
      vertex 10.228755500788015 -6.898600571177622 69.98
    endloop
  endfacet
  facet normal 0.9872683547213434 -0.15906349601907857 4.380972851236354e-20
    outer loop
      vertex 10.167382751653108 -7.27952626801933 4.74931426392279
      vertex 10.228755500788015 -6.898600571177622 4.7503429147983685
      vertex 10.228755500788015 -6.898600571177622 69.98
    endloop
  endfacet
  facet normal 0.9985826956767486 -0.05322217484243018 0
    outer loop
      vertex 10.228755500788015 -6.898600571177622 4.7503429147983685
      vertex 10.229110212746125 -6.8919452771321055 4.749651194321093
      vertex 10.228755500788015 -6.898600571177622 69.98
    endloop
  endfacet
  facet normal 0.9985826956767623 -0.05322217484217202 2.640978983195048e-17
    outer loop
      vertex 10.229110212746125 -6.8919452771321055 4.749651194321093
      vertex 10.25 -6.5 4.75
      vertex 10.228755500788015 -6.898600571177622 69.99
    endloop
  endfacet
  facet normal 1 0 0
    outer loop
      vertex 10.25 -6.5 4.75
      vertex 10.25 6.5 4.750000000000001
      vertex 10.25 -6.49800735744942 69.98
    endloop
  endfacet
  facet normal 0 -1 0
    outer loop
      vertex -6.597834353430972 -10.248671041712948 69.98
      vertex 6.400173044608344 -10.248671041712948 4.7486710417129485
      vertex 6.400173044608344 -10.248671041712948 69.99
    endloop
  endfacet
  facet normal 0.026620521437775786 -0.9996456111234525 0
    outer loop
      vertex 6.7991978958240615 -10.238045026365313 4.7537253236516115
      vertex 6.7991978958240615 -10.238045026365313 69.99
      vertex 6.400173044608344 -10.248671041712948 69.99
    endloop
  endfacet
  facet normal 0.13272552728372272 -0.9911528310040071 0
    outer loop
      vertex 6.7991978958240615 -10.238045026365313 4.7537253236516115
      vertex 7.194772068880898 -10.185073588402908 69.98
      vertex 6.7991978958240615 -10.238045026365313 69.99
    endloop
  endfacet
  facet normal 0.1327255273538087 -0.9911528309946218 -4.336279986317003e-13
    outer loop
      vertex 6.7991978958240615 -10.238045026365313 4.7537253236516115
      vertex 7.1947862360254184 -10.185071691276987 69.98
      vertex 7.194772068880898 -10.185073588402908 69.98
    endloop
  endfacet
  facet normal 0.13272552726758013 -0.9911528310061687 0
    outer loop
      vertex 7.194832715326676 -10.185065467221953 4.753536071152445
      vertex 7.194832715326676 -10.185065467221953 69.99
      vertex 7.1947862360254184 -10.185071691276987 69.98
    endloop
  endfacet
  facet normal 0.23732669987111268 -0.9714298932647105 0
    outer loop
      vertex 7.58259480252358 -10.09033264385752 4.753334993856318
      vertex 7.58259480252358 -10.09033264385752 69.99
      vertex 7.194832715326676 -10.185065467221953 69.99
    endloop
  endfacet
  facet normal 0.3392388661180289 -0.9407002666710339 0
    outer loop
      vertex 7.58259480252358 -10.09033264385752 4.753334993856318
      vertex 7.958033099004201 -9.954940674164469 69.98
      vertex 7.58259480252358 -10.09033264385752 69.99
    endloop
  endfacet
  facet normal 0.3392388661190818 -0.9407002666706541 -6.8324207119781395e-15
    outer loop
      vertex 7.58259480252358 -10.09033264385752 4.753334993856318
      vertex 7.958090658024954 -9.954919917014049 69.98
      vertex 7.958033099004201 -9.954940674164469 69.98
    endloop
  endfacet
  facet normal 0.4373073204585986 -0.899312130171344 -1.7102774260740876e-16
    outer loop
      vertex 8.023967143134701 -9.92288624570228 4.746815461745078
      vertex 7.958090658024954 -9.954919917014049 69.99
      vertex 7.958090658024954 -9.954919917014049 69.98
    endloop
  endfacet
  facet normal 0.4373073204588576 -0.899312130171218 0
    outer loop
      vertex 8.317065763747436 -9.780361566994856 4.752897367444247
      vertex 8.317065763747436 -9.780361566994856 69.99
      vertex 7.958090658024954 -9.954919917014049 69.99
    endloop
  endfacet
  facet normal 0.5304209081197421 -0.8477344278896712 0
    outer loop
      vertex 8.317065763747436 -9.780361566994856 4.752897367444247
      vertex 8.655452788304025 -9.568635409655634 69.99
      vertex 8.317065763747436 -9.780361566994856 69.99
    endloop
  endfacet
  facet normal 0.617524614946193 -0.7865515558026416 0
    outer loop
      vertex 8.655452788304025 -9.568635409655634 4.752660819706963
      vertex 8.969417671493893 -9.32214038696052 69.99
      vertex 8.655452788304025 -9.568635409655634 69.99
    endloop
  endfacet
  facet normal 0.6976315211349831 -0.7164567402983169 0
    outer loop
      vertex 8.969417671493893 -9.32214038696052 4.752412449930031
      vertex 9.255403065736502 -9.04366938601106 69.99
      vertex 8.969417671493893 -9.32214038696052 69.99
    endloop
  endfacet
  facet normal 0.7698339834299083 -0.6382441836448177 0
    outer loop
      vertex 9.255403065736502 -9.04366938601106 4.75215225889589
      vertex 9.510168642241112 -8.73637759451938 69.99
      vertex 9.255403065736502 -9.04366938601106 69.99
    endloop
  endfacet
  facet normal 0.8333139190825125 -0.552800065361197 0
    outer loop
      vertex 9.730827805226774 -8.40374675127065 4.751596416371947
      vertex 9.730827805226774 -8.40374675127065 69.99
      vertex 9.510168642241112 -8.73637759451938 69.99
    endloop
  endfacet
  facet normal 0.8873520750565725 -0.46109250144932407 2.079223757132685e-17
    outer loop
      vertex 9.746187688957438 -8.374187336059624 4.7483746721192475
      vertex 9.914880398205923 -8.04954569663142 69.99
      vertex 9.730827805226774 -8.40374675127065 69.99
    endloop
  endfacet
  facet normal 0.931336177452339 -0.3641605752528209 0
    outer loop
      vertex 9.914880398205923 -8.04954569663142 4.751300766633221
      vertex 10.060218750405749 -7.677844654361719 69.98
      vertex 9.914880398205923 -8.04954569663142 69.99
    endloop
  endfacet
  facet normal 0.9313361774457565 -0.3641605752696557 1.0907271477529257e-13
    outer loop
      vertex 9.914880398205923 -8.04954569663142 4.751300766633221
      vertex 10.06024103175643 -7.677787670082308 69.98
      vertex 10.060218750405749 -7.677844654361719 69.98
    endloop
  endfacet
  facet normal 0.9647678688145354 -0.26310256422745 1.504624908191e-17
    outer loop
      vertex 10.06550061149132 -7.6585013756040015 4.748989203481565
      vertex 10.06024103175643 -7.677787670082308 69.99
      vertex 10.06024103175643 -7.677787670082308 69.98
    endloop
  endfacet
  facet normal 0.9647678688145159 -0.26310256422752115 0
    outer loop
      vertex 10.165262711817 -7.29268483861109 4.7506740148592055
      vertex 10.165262711817 -7.29268483861109 69.99
      vertex 10.06024103175643 -7.677787670082308 69.99
    endloop
  endfacet
  facet normal 0.987268354721344 -0.15906349601907563 0
    outer loop
      vertex 10.165262711817 -7.29268483861109 4.7506740148592055
      vertex 10.228745768500318 -6.898660977115526 69.98
      vertex 10.165262711817 -7.29268483861109 69.99
    endloop
  endfacet
  facet normal 0.9872683547227665 -0.15906349601024625 -5.363006755032306e-14
    outer loop
      vertex 10.165262711817 -7.29268483861109 4.7506740148592055
      vertex 10.228755500788015 -6.898600571177622 69.98
      vertex 10.228745768500318 -6.898660977115526 69.98
    endloop
  endfacet
  facet normal 0.9985826956767487 -0.05322217484242881 -2.0466584332628758e-18
    outer loop
      vertex 10.229110212746125 -6.8919452771321055 4.749651194321093
      vertex 10.228755500788015 -6.898600571177622 69.99
      vertex 10.228755500788015 -6.898600571177622 69.98
    endloop
  endfacet
  facet normal 0.998582695676762 -0.05322217484217632 0
    outer loop
      vertex 10.25 -6.5 4.75
      vertex 10.25 -6.5 69.99
      vertex 10.228755500788015 -6.898600571177622 69.99
    endloop
  endfacet
  facet normal 1 0 0
    outer loop
      vertex 10.25 -6.5 4.75
      vertex 10.25 -6.49800735744942 69.98
      vertex 10.25 -6.5 69.99
    endloop
  endfacet
  facet normal 0.13272552728372333 -0.9911528310040071 2.4342564432159492e-14
    outer loop
      vertex 6.7991978958240615 -10.238045026365313 69.99
      vertex 7.194772068880898 -10.185073588402908 69.98
      vertex 7.194832715326676 -10.185065467221953 69.99
    endloop
  endfacet
  facet normal 0.3392388661180291 -0.9407002666710339 7.640824016662889e-15
    outer loop
      vertex 7.58259480252358 -10.09033264385752 69.99
      vertex 7.958033099004201 -9.954940674164469 69.98
      vertex 7.958090658024954 -9.954919917014049 69.99
    endloop
  endfacet
  facet normal 0.9313361774523379 -0.3641605752528234 -1.1000575544589856e-13
    outer loop
      vertex 9.914880398205923 -8.04954569663142 69.99
      vertex 10.060218750405749 -7.677844654361719 69.98
      vertex 10.06024103175643 -7.677787670082308 69.99
    endloop
  endfacet
  facet normal 0.9872683547213443 -0.1590634960190743 5.421339246782044e-14
    outer loop
      vertex 10.165262711817 -7.29268483861109 69.99
      vertex 10.228745768500318 -6.898660977115526 69.98
      vertex 10.228755500788015 -6.898600571177622 69.99
    endloop
  endfacet
  facet normal 0.026620521437769832 0.9996456111234527 1.1937535763017066e-13
    outer loop
      vertex 6.400173044608344 10.248671041712946 4.748671041712945
      vertex 6.7991978958240615 10.238045026365313 4.7537253236516115
      vertex 6.5 10.246012654003842 4.7460126540038425
    endloop
  endfacet
  facet normal 0.8873520750565722 0.4610925014493245 -5.624951387276344e-13
    outer loop
      vertex 9.914880398205923 8.04954569663142 4.751300766633221
      vertex 9.746187688957434 8.374187336059624 4.748374672119247
      vertex 9.730827805226774 8.40374675127065 4.751596416371947
    endloop
  endfacet
  facet normal 0.026620521437771345 0.9996456111234527 -9.339230980320039e-21
    outer loop
      vertex 6.400173044608344 10.248671041712946 4.748671041712945
      vertex 6.7991978958240615 10.238045026365313 69.99
      vertex 6.7991978958240615 10.238045026365313 4.7537253236516115
    endloop
  endfacet
  facet normal 0.13272552728370096 0.99115283100401 0
    outer loop
      vertex 6.7991978958240615 10.238045026365313 4.7537253236516115
      vertex 6.7991978958240615 10.238045026365313 69.99
      vertex 6.891584071437968 10.225673570129185 4.7461956217158585
    endloop
  endfacet
  facet normal 0.1327255272837286 0.9911528310040063 -3.791149140413329e-20
    outer loop
      vertex 6.891584071437968 10.225673570129185 4.7461956217158585
      vertex 7.19483271532668 10.185065467221953 69.99
      vertex 7.19483271532668 10.185065467221953 4.753536071152446
    endloop
  endfacet
  facet normal 0.23732669987112615 0.9714298932647073 -8.822057466747107e-17
    outer loop
      vertex 7.19483271532668 10.185065467221953 4.753536071152446
      vertex 7.582548257514837 10.090344015108702 69.98
      vertex 7.278918364640774 10.164522791114706 4.746390410164669
    endloop
  endfacet
  facet normal 0.2373266998711062 0.9714298932647121 9.833004297820848e-18
    outer loop
      vertex 7.278918364640774 10.164522791114706 4.746390410164669
      vertex 7.582548257514837 10.090344015108702 69.98
      vertex 7.58259480252358 10.090332643857522 4.753334993856318
    endloop
  endfacet
  facet normal 0.3392388661180306 0.9407002666710332 1.5742284803128965e-21
    outer loop
      vertex 7.657762151002867 10.06322551210614 4.74659702242166
      vertex 7.58259480252358 10.090332643857522 4.753334993856318
      vertex 7.58259480252358 10.090332643857522 69.99
    endloop
  endfacet
  facet normal 0.9985826956767623 0.05322217484217249 0
    outer loop
      vertex 10.25 6.5 4.750000000000001
      vertex 10.229110212746125 6.891945277132102 4.749651194321093
      vertex 10.25 6.5 69.98
    endloop
  endfacet
  facet normal 0.9985826956767497 0.05322217484240878 1.423531736860939e-15
    outer loop
      vertex 10.228755500788015 6.898600571177621 4.750342914798369
      vertex 10.25 6.5 69.99
      vertex 10.229110212746125 6.891945277132102 4.749651194321093
    endloop
  endfacet
  facet normal 0.9872683547213449 0.15906349601906997 0
    outer loop
      vertex 10.228755500788015 6.898600571177621 4.750342914798369
      vertex 10.167382751653111 7.279526268019328 4.749314263922791
      vertex 10.228755500788015 6.898600571177621 69.99
    endloop
  endfacet
  facet normal 0.9872683547213276 0.1590634960191778 9.136330077160708e-23
    outer loop
      vertex 10.167382751653111 7.279526268019328 4.749314263922791
      vertex 10.165262711817 7.292684838611091 4.750674014859206
      vertex 10.165262711817 7.292684838611091 69.99
    endloop
  endfacet
  facet normal 0.9647678688145158 0.26310256422752176 1.689981715590748e-17
    outer loop
      vertex 10.165262711817 7.292684838611091 4.750674014859206
      vertex 10.06550061149132 7.658501375604001 4.748989203481566
      vertex 10.165247420499604 7.29274091017291 69.98
    endloop
  endfacet
  facet normal 0.9647678688145219 0.2631025642274992 -1.1880928783180237e-16
    outer loop
      vertex 10.06550061149132 7.658501375604001 4.748989203481566
      vertex 10.06024103175643 7.67778767008231 4.750993299139436
      vertex 10.165247420499604 7.29274091017291 69.98
    endloop
  endfacet
  facet normal 0.33923886611803716 0.9407002666710308 8.583622160854927e-18
    outer loop
      vertex 7.657762151002867 10.06322551210614 4.74659702242166
      vertex 7.58259480252358 10.090332643857522 69.99
      vertex 7.95809065802495 9.954919917014049 4.753122092396682
    endloop
  endfacet
  facet normal 0.43730732045884135 0.899312130171226 0
    outer loop
      vertex 7.95809065802495 9.954919917014049 4.753122092396682
      vertex 7.95809065802495 9.954919917014049 69.99
      vertex 8.023967143134701 9.92288624570228 4.746815461745077
    endloop
  endfacet
  facet normal 0.437307320458857 0.8993121301712184 1.5111384801957037e-19
    outer loop
      vertex 8.023967143134701 9.92288624570228 4.746815461745077
      vertex 8.317065763747436 9.780361566994856 69.98
      vertex 8.317065763747436 9.780361566994856 4.752897367444245
    endloop
  endfacet
  facet normal 0.6175246149462014 0.7865515558026349 -5.5413811357703704e-17
    outer loop
      vertex 8.655452788304025 9.568635409655634 4.752660819706964
      vertex 8.969376775409593 9.322172494631687 69.98
      vertex 8.702600525836697 9.531619541781929 4.747287835559227
    endloop
  endfacet
  facet normal 0.6175246149461914 0.7865515558026428 1.058188290655888e-17
    outer loop
      vertex 8.702600525836697 9.531619541781929 4.747287835559227
      vertex 8.969376775409593 9.322172494631687 69.98
      vertex 8.969417671493893 9.32214038696052 4.752412449930031
    endloop
  endfacet
  facet normal 0.5304209081197437 0.8477344278896702 -3.662425022668417e-17
    outer loop
      vertex 8.317065763747436 9.780361566994856 4.752897367444245
      vertex 8.655409575986976 9.56866244726989 69.98
      vertex 8.373522865790076 9.745036792690463 4.747045731580155
    endloop
  endfacet
  facet normal 0.5304209081197416 0.8477344278896713 -2.496830519283246e-17
    outer loop
      vertex 8.655452788304025 9.568635409655634 4.752660819706964
      vertex 8.373522865790076 9.745036792690463 4.747045731580155
      vertex 8.655409575986976 9.56866244726989 69.98
    endloop
  endfacet
  facet normal 0.769833983429905 0.6382441836448215 0
    outer loop
      vertex 9.510168642241112 8.736377594519382 4.751880247424221
      vertex 9.285163796150705 9.007772746086019 4.747807561415131
      vertex 9.510168642241112 8.736377594519382 69.98
    endloop
  endfacet
  facet normal 0.8333139190825095 0.5528000653612016 -1.6586094150212735e-17
    outer loop
      vertex 9.510168642241112 8.736377594519382 4.751880247424221
      vertex 9.510172029016946 8.736372489151965 69.98
      vertex 9.532264616283317 8.703069199895687 4.748085191493496
    endloop
  endfacet
  facet normal 0.9313361774523322 0.36416057525283824 5.411650608295682e-21
    outer loop
      vertex 9.924585939156618 8.024723895416802 4.748676007862533
      vertex 9.914880398205923 8.04954569663142 4.751300766633221
      vertex 9.914880398205923 8.04954569663142 69.99
    endloop
  endfacet
  facet normal 0.8873520750565725 0.4610925014493242 -1.4648143901153706e-17
    outer loop
      vertex 9.914880398205923 8.04954569663142 4.751300766633221
      vertex 9.730827805226774 8.40374675127065 4.751596416371947
      vertex 9.91485218589801 8.04959998996712 69.98
    endloop
  endfacet
  facet normal 0.9313361774523377 0.3641605752528239 6.121733685185393e-18
    outer loop
      vertex 10.06024103175643 7.67778767008231 4.750993299139436
      vertex 9.924585939156618 8.024723895416802 4.748676007862533
      vertex 9.914880398205923 8.04954569663142 69.99
    endloop
  endfacet
  facet normal 0.8333139190825145 0.5528000653611942 1.432411956235812e-19
    outer loop
      vertex 9.532264616283317 8.703069199895687 4.748085191493496
      vertex 9.730827805226774 8.40374675127065 69.98
      vertex 9.730827805226774 8.40374675127065 4.751596416371947
    endloop
  endfacet
  facet normal 0.6976315211349833 0.7164567402983164 3.0713438181584876e-18
    outer loop
      vertex 9.007594901934993 9.284966280210885 4.747541777501891
      vertex 8.969417671493893 9.32214038696052 69.99
      vertex 9.255403065736502 9.04366938601106 4.752152258895889
    endloop
  endfacet
  facet normal 0.7698339834299166 0.6382441836448076 0
    outer loop
      vertex 9.255403065736502 9.04366938601106 4.752152258895889
      vertex 9.255403065736502 9.04366938601106 69.99
      vertex 9.285163796150705 9.007772746086019 4.747807561415131
    endloop
  endfacet
  facet normal 0.6976315211349807 0.716456740298319 -2.2718359964805522e-20
    outer loop
      vertex 9.007594901934993 9.284966280210885 4.747541777501891
      vertex 8.969417671493893 9.32214038696052 4.752412449930031
      vertex 8.969417671493893 9.32214038696052 69.99
    endloop
  endfacet
  facet normal 0 1 0
    outer loop
      vertex -6.599811654208037 10.248671041712946 69.98
      vertex 6.400173044608344 10.248671041712946 69.98
      vertex 6.400173044608344 10.248671041712946 4.748671041712945
    endloop
  endfacet
  facet normal 0 1 0
    outer loop
      vertex -6.599826955391656 10.248671041712946 69.99
      vertex 6.400173044608344 10.248671041712946 69.99
      vertex 6.398196618513097 10.248671041712946 69.98000442361541
    endloop
  endfacet
  facet normal 1 0 0
    outer loop
      vertex 10.25 -6.49800735744942 69.98
      vertex 10.25 6.5 4.750000000000001
      vertex 10.25 6.5 69.98
    endloop
  endfacet
  facet normal 0.026620521437771338 0.9996456111234526 0
    outer loop
      vertex 6.400173044608344 10.248671041712946 4.748671041712945
      vertex 6.400173044608344 10.248671041712946 69.98
      vertex 6.7991978958240615 10.238045026365313 69.99
    endloop
  endfacet
  facet normal 0.13272552728372217 0.9911528310040072 3.0544452457426624e-17
    outer loop
      vertex 6.891584071437968 10.225673570129185 4.7461956217158585
      vertex 6.7991978958240615 10.238045026365313 69.99
      vertex 7.19483271532668 10.185065467221953 69.99
    endloop
  endfacet
  facet normal 0.23732669987110763 0.9714298932647117 0
    outer loop
      vertex 7.19483271532668 10.185065467221953 4.753536071152446
      vertex 7.19483271532668 10.185065467221953 69.99
      vertex 7.5825353630531005 10.090347165310352 69.98
    endloop
  endfacet
  facet normal 0.2373267000047167 0.9714298932320702 -8.419711185075943e-13
    outer loop
      vertex 7.19483271532668 10.185065467221953 4.753536071152446
      vertex 7.5825353630531005 10.090347165310352 69.98
      vertex 7.582548257514837 10.090344015108702 69.98
    endloop
  endfacet
  facet normal 0.23732669985807014 0.9714298932678969 0
    outer loop
      vertex 7.58259480252358 10.090332643857522 4.753334993856318
      vertex 7.582548257514837 10.090344015108702 69.98
      vertex 7.58259480252358 10.090332643857522 69.99
    endloop
  endfacet
  facet normal 0.9985826956767629 0.05322217484216206 5.919855281122875e-17
    outer loop
      vertex 10.229110212746125 6.891945277132102 4.749651194321093
      vertex 10.25 6.5 69.99
      vertex 10.25 6.5 69.98
    endloop
  endfacet
  facet normal 0.998582695676762 0.053222174842176444 0
    outer loop
      vertex 10.228755500788015 6.898600571177621 4.750342914798369
      vertex 10.228755500788015 6.898600571177621 69.99
      vertex 10.25 6.5 69.99
    endloop
  endfacet
  facet normal 0.9872683547213443 0.1590634960190736 2.1562170151350218e-17
    outer loop
      vertex 10.167382751653111 7.279526268019328 4.749314263922791
      vertex 10.165262711817 7.292684838611091 69.99
      vertex 10.228755500788015 6.898600571177621 69.99
    endloop
  endfacet
  facet normal 0.9647678688095255 0.26310256424582074 0
    outer loop
      vertex 10.165262711817 7.292684838611091 4.750674014859206
      vertex 10.165247420499604 7.29274091017291 69.98
      vertex 10.165262711817 7.292684838611091 69.99
    endloop
  endfacet
  facet normal 0.9647678687786359 0.2631025643590897 8.326472970846373e-13
    outer loop
      vertex 10.06024103175643 7.67778767008231 4.750993299139436
      vertex 10.165246613828177 7.292743868147397 69.98
      vertex 10.165247420499604 7.29274091017291 69.98
    endloop
  endfacet
  facet normal 0.964767868814517 0.26310256422751693 0
    outer loop
      vertex 10.06024103175643 7.67778767008231 4.750993299139436
      vertex 10.06024103175643 7.67778767008231 69.99
      vertex 10.165246613828177 7.292743868147397 69.98
    endloop
  endfacet
  facet normal 0.3392388661180359 0.9407002666710313 0
    outer loop
      vertex 7.95809065802495 9.954919917014049 4.753122092396682
      vertex 7.58259480252358 10.090332643857522 69.99
      vertex 7.95809065802495 9.954919917014049 69.99
    endloop
  endfacet
  facet normal 0.4373073204588542 0.8993121301712198 1.6001482965708645e-17
    outer loop
      vertex 8.023967143134701 9.92288624570228 4.746815461745077
      vertex 7.95809065802495 9.954919917014049 69.99
      vertex 8.317065763747436 9.780361566994856 69.99
    endloop
  endfacet
  facet normal 0.4373073204588522 0.8993121301712208 9.856718473982643e-16
    outer loop
      vertex 8.023967143134701 9.92288624570228 4.746815461745077
      vertex 8.317065763747436 9.780361566994856 69.99
      vertex 8.317065763747436 9.780361566994856 69.98
    endloop
  endfacet
  facet normal 0.5304209081468269 0.8477344278727245 0
    outer loop
      vertex 8.655452788304025 9.568635409655634 4.752660819706964
      vertex 8.655409575986976 9.56866244726989 69.98
      vertex 8.655452788304025 9.568635409655634 69.99
    endloop
  endfacet
  facet normal 0.6175246149461927 0.7865515558026419 0
    outer loop
      vertex 8.655452788304025 9.568635409655634 4.752660819706964
      vertex 8.655452788304025 9.568635409655634 69.99
      vertex 8.969369544932153 9.322178171306998 69.98
    endloop
  endfacet
  facet normal 0.6175246150173238 0.7865515557467967 -5.615894898605892e-13
    outer loop
      vertex 8.655452788304025 9.568635409655634 4.752660819706964
      vertex 8.969369544932153 9.322178171306998 69.98
      vertex 8.969376775409593 9.322172494631687 69.98
    endloop
  endfacet
  facet normal 0.5304209081197387 0.8477344278896735 0
    outer loop
      vertex 8.317065763747436 9.780361566994856 4.752897367444245
      vertex 8.317065763747436 9.780361566994856 69.98
      vertex 8.655409575986976 9.56866244726989 69.98
    endloop
  endfacet
  facet normal 0.8333139190825154 0.5528000653611926 -1.0029192083715175e-17
    outer loop
      vertex 9.532264616283317 8.703069199895687 4.748085191493496
      vertex 9.510172029016946 8.736372489151965 69.98
      vertex 9.730827805226774 8.40374675127065 69.99
    endloop
  endfacet
  facet normal 0.7698339834299065 0.6382441836448199 -1.1398943039007293e-17
    outer loop
      vertex 9.285163796150705 9.007772746086019 4.747807561415131
      vertex 9.255403065736502 9.04366938601106 69.99
      vertex 9.510168642241112 8.736377594519382 69.99
    endloop
  endfacet
  facet normal 0.76983398343003 0.6382441836446707 -1.9282469665067277e-16
    outer loop
      vertex 9.285163796150705 9.007772746086019 4.747807561415131
      vertex 9.510168642241112 8.736377594519382 69.99
      vertex 9.510168642241112 8.736377594519382 69.98
    endloop
  endfacet
  facet normal 0.8333139189848917 0.5528000655083546 0
    outer loop
      vertex 9.510168642241112 8.736377594519382 4.751880247424221
      vertex 9.510168642241112 8.736377594519382 69.98
      vertex 9.510172029016946 8.736372489151965 69.98
    endloop
  endfacet
  facet normal 0.8873520750637729 0.4610925014354672 0
    outer loop
      vertex 9.914880398205923 8.04954569663142 4.751300766633221
      vertex 9.91485218589801 8.04959998996712 69.98
      vertex 9.914880398205923 8.04954569663142 69.99
    endloop
  endfacet
  facet normal 0.8873520750565713 0.4610925014493263 0
    outer loop
      vertex 9.730827805226774 8.40374675127065 4.751596416371947
      vertex 9.730827805226774 8.40374675127065 69.98
      vertex 9.91485218589801 8.04959998996712 69.98
    endloop
  endfacet
  facet normal 0.9313361774523373 0.36416057525282497 0
    outer loop
      vertex 10.06024103175643 7.67778767008231 4.750993299139436
      vertex 9.914880398205923 8.04954569663142 69.99
      vertex 10.06024103175643 7.67778767008231 69.99
    endloop
  endfacet
  facet normal 0.8333139190824752 0.5528000653612533 9.343394517946481e-16
    outer loop
      vertex 9.532264616283317 8.703069199895687 4.748085191493496
      vertex 9.730827805226774 8.40374675127065 69.99
      vertex 9.730827805226774 8.40374675127065 69.98
    endloop
  endfacet
  facet normal 0.697631521134983 0.7164567402983169 0
    outer loop
      vertex 9.255403065736502 9.04366938601106 4.752152258895889
      vertex 8.969417671493893 9.32214038696052 69.99
      vertex 9.255403065736502 9.04366938601106 69.99
    endloop
  endfacet
  facet normal 0.6175246149358617 0.7865515558107529 0
    outer loop
      vertex 8.969417671493893 9.32214038696052 4.752412449930031
      vertex 8.969376775409593 9.322172494631687 69.98
      vertex 8.969417671493893 9.32214038696052 69.99
    endloop
  endfacet
  facet normal 0 1 0
    outer loop
      vertex 6.400173044608344 10.248671041712946 69.99
      vertex 6.400173044608344 10.248671041712946 69.98054491704099
      vertex 6.398196618513097 10.248671041712946 69.98000442361541
    endloop
  endfacet
  facet normal 0.026620521437771345 0.9996456111234526 0
    outer loop
      vertex 6.400173044608344 10.248671041712946 69.99
      vertex 6.7991978958240615 10.238045026365313 69.99
      vertex 6.400173044608344 10.248671041712946 69.98054491704099
    endloop
  endfacet
  facet normal 0.02662052143777134 0.9996456111234526 0
    outer loop
      vertex 6.400173044608344 10.248671041712946 69.98
      vertex 6.400173044608344 10.248671041712946 69.98054491704099
      vertex 6.7991978958240615 10.238045026365313 69.99
    endloop
  endfacet
  facet normal 0.23732669987111052 0.9714298932647109 1.196033900476011e-13
    outer loop
      vertex 7.19483271532668 10.185065467221953 69.99
      vertex 7.58259480252358 10.090332643857522 69.99
      vertex 7.5825353630531005 10.090347165310352 69.98
    endloop
  endfacet
  facet normal 0.9647678688145161 0.26310256422752065 -1.5244010605565167e-13
    outer loop
      vertex 10.165246613828177 7.292743868147397 69.98
      vertex 10.06024103175643 7.67778767008231 69.99
      vertex 10.165262711817 7.292684838611091 69.99
    endloop
  endfacet
  facet normal 0.617524614946193 0.7865515558026417 1.4131659080559899e-14
    outer loop
      vertex 8.655452788304025 9.568635409655634 69.99
      vertex 8.969417671493893 9.32214038696052 69.99
      vertex 8.969369544932153 9.322178171306998 69.98
    endloop
  endfacet
  facet normal 0.833313919082514 0.552800065361195 1.0819286327041697e-13
    outer loop
      vertex 9.510168642241112 8.736377594519382 69.99
      vertex 9.730827805226774 8.40374675127065 69.99
      vertex 9.510172029016946 8.736372489151965 69.98
    endloop
  endfacet
  facet normal -0.5934361481663719 -0.38538194069712034 -0.706621750184624
    outer loop
      vertex -9.624927196559431 -8.573000245104474 4.75496737208737
      vertex -7.794427190999916 -7.440456403667957 2.6
      vertex -9.529685690021486 -8.701195500289876 4.744897463324912
    endloop
  endfacet
  facet normal -0.59343614816637 -0.385381940697123 -0.706621750184624
    outer loop
      vertex -9.624927196559431 -8.573000245104474 4.75496737208737
      vertex -9.743120142944854 -8.372416287543508 4.744832575087018
      vertex -7.885640646055101 -7.3 2.6
    endloop
  endfacet
  facet normal -0.630468624886641 -0.32123980948750214 -0.7066217501846241
    outer loop
      vertex -9.743120142944854 -8.372416287543508 4.744832575087018
      vertex -9.827570281462144 -8.229096880434971 4.755026520667085
      vertex -7.885640646055101 -7.3 2.6
    endloop
  endfacet
  facet normal -0.6304686248866417 -0.32123980948750075 -0.706621750184624
    outer loop
      vertex -9.827570281462144 -8.229096880434971 4.755026520667085
      vertex -9.921026289403816 -8.0231390372372 4.744779486104343
      vertex -7.961672732228162 -7.15077862892128 2.6
    endloop
  endfacet
  facet normal -0.3853819406971234 -0.5934361481663697 -0.706621750184624
    outer loop
      vertex -8.489078405449034 -9.679004104586266 4.754612487130844
      vertex -8.701351540461888 -9.52990046089311 4.745162934721827
      vertex -7.440456403667957 -7.794427190999916 2.6
    endloop
  endfacet
  facet normal -0.3853819406971216 -0.5934361481663708 -0.7066217501846241
    outer loop
      vertex -8.489078405449034 -9.679004104586266 4.754612487130844
      vertex -7.3 -7.885640646055101 2.6
      vertex -8.372637516031226 -9.743503321925662 4.745275032062453
    endloop
  endfacet
  facet normal -0.32123980948750164 -0.6304686248866412 -0.7066217501846241
    outer loop
      vertex -8.372637516031226 -9.743503321925662 4.745275032062453
      vertex -7.3 -7.885640646055101 2.6
      vertex -8.139902451720708 -9.872420488142073 4.754494194629793
    endloop
  endfacet
  facet normal -0.3212398094875039 -0.6304686248866401 -0.706621750184624
    outer loop
      vertex -8.139902451720708 -9.872420488142073 4.754494194629793
      vertex -7.15077862892128 -7.961672732228162 2.6
      vertex -8.023390990057557 -9.921592184703623 4.745398935629348
    endloop
  endfacet
  facet normal -0.5499018608222888 -0.44530174671811346 -0.7066217501846241
    outer loop
      vertex -9.529685690021486 -8.701195500289876 4.744897463324912
      vertex -7.794427190999916 -7.440456403667957 2.6
      vertex -9.386877437862148 -8.893415688668076 4.754896394201655
    endloop
  endfacet
  facet normal -0.5499018608222912 -0.44530174671811024 -0.7066217501846241
    outer loop
      vertex -9.283058162486668 -9.005876825019111 4.74497415184024
      vertex -9.386877437862148 -8.893415688668076 4.754896394201655
      vertex -7.689031720763831 -7.570608970174173 2.6
    endloop
  endfacet
  facet normal -0.5003427336166747 -0.5003427336166801 -0.7066217501846243
    outer loop
      vertex -9.283058162486668 -9.005876825019111 4.74497415184024
      vertex -7.689031720763831 -7.570608970174173 2.6
      vertex -9.116118204256193 -9.186712776118682 4.7548135872335395
    endloop
  endfacet
  facet normal -0.5003427336166772 -0.5003427336166775 -0.706621750184624
    outer loop
      vertex -9.116118204256193 -9.186712776118682 4.7548135872335395
      vertex -7.570608970174173 -7.689031720763831 2.6
      vertex -9.005936036387082 -9.283123923372957 4.745062641841159
    endloop
  endfacet
  facet normal -0.4453017467181138 -0.5499018608222885 -0.706621750184624
    outer loop
      vertex -9.005936036387082 -9.283123923372957 4.745062641841159
      vertex -7.570608970174173 -7.689031720763831 2.6
      vertex -8.81571730604822 -9.449568334259908 4.754718951443891
    endloop
  endfacet
  facet normal -0.5934361481663715 -0.3853819406971213 -0.706621750184624
    outer loop
      vertex -9.624927196559431 -8.573000245104474 4.75496737208737
      vertex -7.885640646055101 -7.3 2.6
      vertex -7.794427190999916 -7.440456403667957 2.6
    endloop
  endfacet
  facet normal -0.44530174671811223 -0.5499018608222899 -0.706621750184624
    outer loop
      vertex -8.81571730604822 -9.449568334259908 4.754718951443891
      vertex -7.440456403667957 -7.794427190999916 2.6
      vertex -8.701351540461888 -9.52990046089311 4.745162934721827
    endloop
  endfacet
  facet normal -0.38538194069711385 -0.5934361481663736 -0.7066217501846263
    outer loop
      vertex -8.489078405449034 -9.679004104586266 4.754612487130844
      vertex -7.440456403667957 -7.794427190999916 2.6
      vertex -7.41675239910113 -7.809820751554802 2.6
    endloop
  endfacet
  facet normal -0.38538194069711534 -0.593436148166376 -0.7066217501846231
    outer loop
      vertex -8.489078405449034 -9.679004104586266 4.754612487130844
      vertex -7.408903594769849 -7.816774185429851 2.6015590116914877
      vertex -7.394001099184187 -7.824595618475978 2.6
    endloop
  endfacet
  facet normal -0.38538194069715453 -0.5934361481663545 -0.7066217501846198
    outer loop
      vertex -8.489078405449034 -9.679004104586266 4.754612487130844
      vertex -7.41675239910113 -7.809820751554802 2.6
      vertex -7.408903594769849 -7.816774185429851 2.6015590116914877
    endloop
  endfacet
  facet normal -0.3853819406971206 -0.5934361481663715 -0.7066217501846241
    outer loop
      vertex -8.489078405449034 -9.679004104586266 4.754612487130844
      vertex -7.394001099184187 -7.824595618475978 2.6
      vertex -7.3 -7.885640646055101 2.6
    endloop
  endfacet
  facet normal -0.5499018608222881 -0.44530174671810985 -0.7066217501846268
    outer loop
      vertex -9.386877437862148 -8.893415688668076 4.754896394201655
      vertex -7.694781851227725 -7.563508150414605 2.6
      vertex -7.689031720763831 -7.570608970174173 2.6
    endloop
  endfacet
  facet normal -0.5003427336166774 -0.5003427336166777 -0.7066217501846238
    outer loop
      vertex -9.116118204256193 -9.186712776118682 4.7548135872335395
      vertex -7.689031720763831 -7.570608970174173 2.6
      vertex -7.570608970174173 -7.689031720763831 2.6
    endloop
  endfacet
  facet normal -0.5499018608222898 -0.44530174671811273 -0.7066217501846239
    outer loop
      vertex -9.386877437862148 -8.893415688668076 4.754896394201655
      vertex -7.794427190999916 -7.440456403667957 2.6
      vertex -7.702244036520372 -7.554293119015178 2.6
    endloop
  endfacet
  facet normal -0.5499018608222849 -0.4453017467181096 -0.7066217501846296
    outer loop
      vertex -9.386877437862148 -8.893415688668076 4.754896394201655
      vertex -7.697617197073762 -7.560996253185273 2.6006235439722847
      vertex -7.694781851227725 -7.563508150414605 2.6
    endloop
  endfacet
  facet normal -0.5499018608222751 -0.44530174671813744 -0.7066217501846196
    outer loop
      vertex -9.386877437862148 -8.893415688668076 4.754896394201655
      vertex -7.702244036520372 -7.554293119015178 2.6
      vertex -7.697617197073762 -7.560996253185273 2.6006235439722847
    endloop
  endfacet
  facet normal -0.44530174671811373 -0.5499018608222888 -0.7066217501846238
    outer loop
      vertex -8.81571730604822 -9.449568334259908 4.754718951443891
      vertex -7.570608970174173 -7.689031720763831 2.6
      vertex -7.440456403667957 -7.794427190999916 2.6
    endloop
  endfacet
  facet normal -0.6605935554186139 -0.2535781077013816 -0.7066217501846241
    outer loop
      vertex -9.992510665446268 -7.865602157198084 4.755073839754461
      vertex -7.961672732228162 -7.15077862892128 2.6
      vertex -9.921026289403816 -8.0231390372372 4.744779486104343
    endloop
  endfacet
  facet normal -0.6834808847193323 -0.18313815110265128 -0.706621750184624
    outer loop
      vertex -10.117879508054436 -7.4866346158532044 4.755109329200433
      vertex -8.021690426072245 -6.994427190999916 2.6
      vertex -10.061457662688232 -7.657187741907017 4.744738195540589
    endloop
  endfacet
  facet normal -0.6605935554186144 -0.25357810770138 -0.7066217501846241
    outer loop
      vertex -9.992510665446268 -7.865602157198084 4.755073839754461
      vertex -10.061457662688232 -7.657187741907017 4.744738195540589
      vertex -8.021690426072245 -6.994427190999916 2.6
    endloop
  endfacet
  facet normal -0.6834808847193302 -0.18313815110265838 -0.7066217501846241
    outer loop
      vertex -10.117879508054436 -7.4866346158532044 4.755109329200433
      vertex -10.162877833037347 -7.27856871800776 4.7447087027453305
      vertex -8.065036161174088 -6.832658705308415 2.6
    endloop
  endfacet
  facet normal -0.6988798544194937 -0.11069169459632308 -0.7066217501846243
    outer loop
      vertex -10.162877833037347 -7.27856871800776 4.7447087027453305
      vertex -10.202256330205042 -7.096488110071521 4.75513298889319
      vertex -8.065036161174088 -6.832658705308415 2.6
    endloop
  endfacet
  facet normal -0.6988798544194945 -0.11069169459632049 -0.7066217501846241
    outer loop
      vertex -10.202256330205042 -7.096488110071521 4.75513298889319
      vertex -10.224177198102774 -6.891426796400462 4.744691007253999
      vertex -8.091235032589237 -6.667245541228246 2.6
    endloop
  endfacet
  facet normal -0.7066217501846241 -0.037032476720272094 -0.7066217501846238
    outer loop
      vertex -10.224177198102774 -6.891426796400462 4.744691007253999
      vertex -10.244685108787857 -6.69958315565817 4.755144818758205
      vertex -8.091235032589237 -6.667245541228246 2.6
    endloop
  endfacet
  facet normal -0.706621750184624 -0.03703247672027296 -0.7066217501846239
    outer loop
      vertex -10.244685108787857 -6.69958315565817 4.755144818758205
      vertex -10.244685108787857 -6.5 4.744685108787858
      vertex -8.1 -6.5 2.6
    endloop
  endfacet
  facet normal -0.6605935554186146 -0.25357810770137956 -0.7066217501846241
    outer loop
      vertex -9.992510665446268 -7.865602157198084 4.755073839754461
      vertex -8.021690426072245 -6.994427190999916 2.6
      vertex -7.961672732228162 -7.15077862892128 2.6
    endloop
  endfacet
  facet normal -0.6834808847193322 -0.18313815110265189 -0.7066217501846241
    outer loop
      vertex -10.117879508054436 -7.4866346158532044 4.755109329200433
      vertex -8.046916190625774 -6.900283356026376 2.6
      vertex -8.021690426072245 -6.994427190999916 2.6
    endloop
  endfacet
  facet normal -0.6834808847193311 -0.18313815110265785 -0.7066217501846235
    outer loop
      vertex -10.117879508054436 -7.4866346158532044 4.755109329200433
      vertex -8.053506907881683 -6.882905062860092 2.6018708747372483
      vertex -8.046916190625774 -6.900283356026376 2.6
    endloop
  endfacet
  facet normal -0.6834808847193343 -0.183138151102645 -0.7066217501846236
    outer loop
      vertex -10.117879508054436 -7.4866346158532044 4.755109329200433
      vertex -8.065036161174088 -6.832658705308415 2.6
      vertex -8.05510972651609 -6.869704663790079 2.6
    endloop
  endfacet
  facet normal -0.6834808847193296 -0.1831381511026541 -0.706621750184626
    outer loop
      vertex -10.117879508054436 -7.4866346158532044 4.755109329200433
      vertex -8.05510972651609 -6.869704663790079 2.6
      vertex -8.053506907881683 -6.882905062860092 2.6018708747372483
    endloop
  endfacet
  facet normal -0.6304686248866401 -0.3212398094875016 -0.706621750184625
    outer loop
      vertex -9.827570281462144 -8.229096880434971 4.755026520667085
      vertex -7.961672732228162 -7.15077862892128 2.6
      vertex -7.923512269342176 -7.225672754276255 2.6
    endloop
  endfacet
  facet normal -0.6304686248866389 -0.3212398094875098 -0.7066217501846226
    outer loop
      vertex -9.827570281462144 -8.229096880434971 4.755026520667085
      vertex -7.916729641045136 -7.243557075270029 2.6020787946775172
      vertex -7.907830991708053 -7.256448994500727 2.6
    endloop
  endfacet
  facet normal -0.6304686248866387 -0.3212398094875059 -0.7066217501846244
    outer loop
      vertex -9.827570281462144 -8.229096880434971 4.755026520667085
      vertex -7.907830991708053 -7.256448994500727 2.6
      vertex -7.885640646055101 -7.3 2.6
    endloop
  endfacet
  facet normal -0.6304686248866407 -0.3212398094875021 -0.7066217501846245
    outer loop
      vertex -9.827570281462144 -8.229096880434971 4.755026520667085
      vertex -7.923512269342176 -7.225672754276255 2.6
      vertex -7.916729641045136 -7.243557075270029 2.6020787946775172
    endloop
  endfacet
  facet normal -0.6988798544194932 -0.11069169459632755 -0.7066217501846244
    outer loop
      vertex -10.202256330205042 -7.096488110071521 4.75513298889319
      vertex -8.091235032589237 -6.667245541228246 2.6
      vertex -8.065036161174088 -6.832658705308415 2.6
    endloop
  endfacet
  facet normal -0.7066217501846243 -0.03703247672027093 -0.7066217501846239
    outer loop
      vertex -10.244685108787857 -6.69958315565817 4.755144818758205
      vertex -8.1 -6.5 2.6
      vertex -8.091235032589237 -6.667245541228246 2.6
    endloop
  endfacet
  facet normal -0.6631226582407704 -0.7485107481711231 0
    outer loop
      vertex -7.697617197073762 -7.560996253185273 0.8
      vertex -7.694781851227725 -7.563508150414605 2.6
      vertex -7.697617197073762 -7.560996253185273 2.6006235439722847
    endloop
  endfacet
  facet normal -0.822983865893643 -0.5680647467311751 0
    outer loop
      vertex -7.697617197073762 -7.560996253185273 0.8
      vertex -7.697617197073762 -7.560996253185273 2.6006235439722847
      vertex -7.702244036520372 -7.554293119015178 2.6
    endloop
  endfacet
  facet normal -0.822983865893657 -0.568064746731155 -1.1087934145695379e-16
    outer loop
      vertex -7.697617197073762 -7.560996253185273 0.8
      vertex -7.702244036520372 -7.554293119015178 2.6
      vertex -7.916729641045136 -7.243557075270029 0.8
    endloop
  endfacet
  facet normal -0.8229838658936591 -0.5680647467311518 0
    outer loop
      vertex -7.916729641045136 -7.243557075270029 0.8
      vertex -7.907830991708053 -7.256448994500727 2.6
      vertex -7.916729641045136 -7.243557075270029 2.6020787946775172
    endloop
  endfacet
  facet normal -0.9350162426854158 -0.3546048870425333 0
    outer loop
      vertex -7.916729641045136 -7.243557075270029 0.8
      vertex -7.916729641045136 -7.243557075270029 2.6020787946775172
      vertex -7.923512269342176 -7.225672754276255 2.6
    endloop
  endfacet
  facet normal -0.9350162426854152 -0.3546048870425349 1.8100763783856337e-17
    outer loop
      vertex -7.916729641045136 -7.243557075270029 0.8
      vertex -7.923512269342176 -7.225672754276255 2.6
      vertex -8.053506907881683 -6.882905062860092 0.8
    endloop
  endfacet
  facet normal -0.8229838658936571 -0.5680647467311546 -2.9335092013735207e-17
    outer loop
      vertex -7.916729641045136 -7.243557075270029 0.8
      vertex -7.702244036520372 -7.554293119015178 2.6
      vertex -7.907830991708053 -7.256448994500727 2.6
    endloop
  endfacet
  facet normal 0 0 -1
    outer loop
      vertex -7.702244036520372 -7.554293119015178 2.6
      vertex -7.885640646055101 -7.3 2.6
      vertex -7.907830991708053 -7.256448994500727 2.6
    endloop
  endfacet
  facet normal 0 0 -1
    outer loop
      vertex -7.702244036520372 -7.554293119015178 2.6
      vertex -7.794427190999916 -7.440456403667957 2.6
      vertex -7.885640646055101 -7.3 2.6
    endloop
  endfacet
  facet normal 0 0 -1
    outer loop
      vertex -7.923512269342176 -7.225672754276255 2.6
      vertex -7.961672732228162 -7.15077862892128 2.6
      vertex -8.021690426072245 -6.994427190999916 2.6
    endloop
  endfacet
  facet normal -0.9350162426854149 -0.3546048870425357 -1.4913353347587074e-16
    outer loop
      vertex -7.923512269342176 -7.225672754276255 2.6
      vertex -8.046916190625774 -6.900283356026376 2.6
      vertex -8.053506907881683 -6.882905062860092 0.8
    endloop
  endfacet
  facet normal -0.93501624268542 -0.35460488704252197 0
    outer loop
      vertex -8.053506907881683 -6.882905062860092 0.8
      vertex -8.046916190625774 -6.900283356026376 2.6
      vertex -8.053506907881683 -6.882905062860092 2.6018708747372483
    endloop
  endfacet
  facet normal -0.9927088740980541 -0.12053668025532226 -1.9185210910186814e-16
    outer loop
      vertex -8.053506907881683 -6.882905062860092 0.8
      vertex -8.05510972651609 -6.869704663790079 2.6
      vertex -8.1 -6.5 0.8
    endloop
  endfacet
  facet normal -0.992708874098051 -0.12053668025534803 0
    outer loop
      vertex -8.053506907881683 -6.882905062860092 0.8
      vertex -8.053506907881683 -6.882905062860092 2.6018708747372483
      vertex -8.05510972651609 -6.869704663790079 2.6
    endloop
  endfacet
  facet normal -0.9927088740980541 -0.12053668025532131 0
    outer loop
      vertex -8.1 -6.5 0.8
      vertex -8.05510972651609 -6.869704663790079 2.6
      vertex -8.1 -6.5 2.6
    endloop
  endfacet
  facet normal -0.6635709899475992 -0.2516592816176774 -0.7045148311253906
    outer loop
      vertex -7.916729641045136 -7.243557075270029 0.8
      vertex -8.053506907881683 -6.882905062860092 0.8
      vertex -7.276753453940842 -6.691452531430046 0
    endloop
  endfacet
  facet normal -0.7045148311253907 -0.08554358800474031 -0.7045148311253904
    outer loop
      vertex -8.053506907881683 -6.882905062860092 0.8
      vertex -8.1 -6.5 0.8
      vertex -7.276753453940842 -6.691452531430046 0
    endloop
  endfacet
  facet normal 0 0 -1
    outer loop
      vertex -8.05510972651609 -6.869704663790079 2.6
      vertex -8.065036161174088 -6.832658705308415 2.6
      vertex -8.1 -6.5 2.6
    endloop
  endfacet
  facet normal 0 0 -1
    outer loop
      vertex -8.065036161174088 -6.832658705308415 2.6
      vertex -8.091235032589237 -6.667245541228246 2.6
      vertex -8.1 -6.5 2.6
    endloop
  endfacet
  facet normal 0 0 -1
    outer loop
      vertex -7.923512269342176 -7.225672754276255 2.6
      vertex -8.021690426072245 -6.994427190999916 2.6
      vertex -8.046916190625774 -6.900283356026376 2.6
    endloop
  endfacet
  facet normal -0.2535781077013788 -0.6605935554186149 -0.7066217501846241
    outer loop
      vertex -8.023390990057557 -9.921592184703623 4.745398935629348
      vertex -7.15077862892128 -7.961672732228162 2.6
      vertex -7.772145747942614 -10.027626000016374 4.754364074313394
    endloop
  endfacet
  facet normal -0.2535781077013791 -0.6605935554186149 -0.7066217501846241
    outer loop
      vertex -7.772145747942614 -10.027626000016374 4.754364074313394
      vertex -6.994427190999916 -8.021690426072245 2.6
      vertex -7.657433859059054 -10.062215133395274 4.745534647375011
    endloop
  endfacet
  facet normal -0.18313815110265524 -0.6834808847193313 -0.7066217501846241
    outer loop
      vertex -7.657433859059054 -10.062215133395274 4.745534647375011
      vertex -6.994427190999916 -8.021690426072245 2.6
      vertex -7.389975124516679 -10.142862099742663 4.75422212659157
    endloop
  endfacet
  facet normal -0.18313815110265239 -0.6834808847193318 -0.7066217501846241
    outer loop
      vertex -7.389975124516679 -10.142862099742663 4.75422212659157
      vertex -6.832658705308415 -8.065036161174088 2.6
      vertex -7.278771113113826 -10.163830027147359 4.745682169438187
    endloop
  endfacet
  facet normal -0.11069169459632497 -0.6988798544194936 -0.7066217501846241
    outer loop
      vertex -7.278771113113826 -10.163830027147359 4.745682169438187
      vertex -6.832658705308415 -8.065036161174088 2.6
      vertex -6.9977207273139586 -10.216823116265026 4.754068351911495
    endloop
  endfacet
  facet normal -0.1106916945963266 -0.6988798544194935 -0.706621750184624
    outer loop
      vertex -6.9977207273139586 -10.216823116265026 4.754068351911495
      vertex -6.667245541228246 -8.091235032589237 2.6
      vertex -6.891547056072364 -10.225321392450397 4.745841504143962
    endloop
  endfacet
  facet normal -0.03703247672026932 -0.7066217501846243 -0.7066217501846239
    outer loop
      vertex -6.891547056072364 -10.225321392450397 4.745841504143962
      vertex -6.667245541228246 -8.091235032589237 2.6
      vertex -6.599826955391656 -10.248671041712948 4.753902750757613
    endloop
  endfacet
  facet normal -0.037032476720273357 -0.7066217501846241 -0.706621750184624
    outer loop
      vertex -6.599826955391656 -10.248671041712948 4.753902750757613
      vertex -6.5 -8.1 2.6
      vertex -6.5 -10.248671041712948 4.7486710417129485
    endloop
  endfacet
  facet normal -0.32123980948750297 -0.6304686248866405 -0.7066217501846241
    outer loop
      vertex -8.139902451720708 -9.872420488142073 4.754494194629793
      vertex -7.3 -7.885640646055101 2.6
      vertex -7.15077862892128 -7.961672732228162 2.6
    endloop
  endfacet
  facet normal -0.25357810770138683 -0.6605935554186128 -0.7066217501846234
    outer loop
      vertex -7.772145747942614 -10.027626000016374 4.754364074313394
      vertex -7.15077862892128 -7.961672732228162 2.6
      vertex -7.083929777459431 -7.987333602087791 2.6
    endloop
  endfacet
  facet normal -0.25357810770136013 -0.6605935554186203 -0.7066217501846256
    outer loop
      vertex -7.772145747942614 -10.027626000016374 4.754364074313394
      vertex -7.083929777459431 -7.987333602087791 2.6
      vertex -7.067367819268057 -7.9960259882966636 2.602182758020667
    endloop
  endfacet
  facet normal -0.2535781077013349 -0.6605935554186311 -0.7066217501846248
    outer loop
      vertex -7.772145747942614 -10.027626000016374 4.754364074313394
      vertex -7.067367819268057 -7.9960259882966636 2.602182758020667
      vertex -7.050373051342023 -8.000214822377796 2.6
    endloop
  endfacet
  facet normal -0.2535781077013893 -0.6605935554186106 -0.7066217501846241
    outer loop
      vertex -7.772145747942614 -10.027626000016374 4.754364074313394
      vertex -7.050373051342023 -8.000214822377796 2.6
      vertex -6.994427190999916 -8.021690426072245 2.6
    endloop
  endfacet
  facet normal -0.18313815110265116 -0.6834808847193322 -0.7066217501846241
    outer loop
      vertex -7.389975124516679 -10.142862099742663 4.75422212659157
      vertex -6.994427190999916 -8.021690426072245 2.6
      vertex -6.832658705308415 -8.065036161174088 2.6
    endloop
  endfacet
  facet normal -0.6631226582407942 -0.748510748171102 2.4258554910759797e-16
    outer loop
      vertex -7.697617197073762 -7.560996253185273 0.8
      vertex -7.408903594769849 -7.816774185429851 0.8
      vertex -7.41675239910113 -7.809820751554802 2.6
    endloop
  endfacet
  facet normal -0.4647231720437686 -0.8854560256532099 0
    outer loop
      vertex -7.408903594769849 -7.816774185429851 0.8
      vertex -7.394001099184187 -7.824595618475978 2.6
      vertex -7.408903594769849 -7.816774185429851 2.6015590116914877
    endloop
  endfacet
  facet normal -0.6631226582408256 -0.7485107481710741 0
    outer loop
      vertex -7.408903594769849 -7.816774185429851 0.8
      vertex -7.408903594769849 -7.816774185429851 2.6015590116914877
      vertex -7.41675239910113 -7.809820751554802 2.6
    endloop
  endfacet
  facet normal -0.3298090463530314 -0.6283986359533783 -0.7045148311253905
    outer loop
      vertex -7.408903594769849 -7.816774185429851 0.8
      vertex -6.7836839096340285 -7.248012994148332 0
      vertex -7.067367819268057 -7.9960259882966636 0.8
    endloop
  endfacet
  facet normal -0.4647231720437688 -0.8854560256532097 2.1981105677465527e-18
    outer loop
      vertex -7.408903594769849 -7.816774185429851 0.8
      vertex -7.083929777459431 -7.987333602087791 2.6
      vertex -7.394001099184187 -7.824595618475978 2.6
    endloop
  endfacet
  facet normal -0.4647231720437675 -0.8854560256532105 -2.985965366564986e-16
    outer loop
      vertex -7.408903594769849 -7.816774185429851 0.8
      vertex -7.067367819268057 -7.9960259882966636 0.8
      vertex -7.083929777459431 -7.987333602087791 2.6
    endloop
  endfacet
  facet normal -0.46472317204374236 -0.8854560256532237 0
    outer loop
      vertex -7.067367819268057 -7.9960259882966636 0.8
      vertex -7.067367819268057 -7.9960259882966636 2.602182758020667
      vertex -7.083929777459431 -7.987333602087791 2.6
    endloop
  endfacet
  facet normal -0.23931566428749976 -0.9709418174260663 0
    outer loop
      vertex -7.067367819268057 -7.9960259882966636 0.8
      vertex -7.050373051342023 -8.000214822377796 2.6
      vertex -7.067367819268057 -7.9960259882966636 2.602182758020667
    endloop
  endfacet
  facet normal 0 0 -1
    outer loop
      vertex -7.689031720763831 -7.570608970174173 2.6
      vertex -7.41675239910113 -7.809820751554802 2.6
      vertex -7.440456403667957 -7.794427190999916 2.6
    endloop
  endfacet
  facet normal 0 0 -1
    outer loop
      vertex -7.394001099184187 -7.824595618475978 2.6
      vertex -7.083929777459431 -7.987333602087791 2.6
      vertex -7.3 -7.885640646055101 2.6
    endloop
  endfacet
  facet normal 0 0 -1
    outer loop
      vertex -7.3 -7.885640646055101 2.6
      vertex -7.083929777459431 -7.987333602087791 2.6
      vertex -7.15077862892128 -7.961672732228162 2.6
    endloop
  endfacet
  facet normal -0.11069169459632665 -0.6988798544194933 -0.7066217501846241
    outer loop
      vertex -6.9977207273139586 -10.216823116265026 4.754068351911495
      vertex -6.832658705308415 -8.065036161174088 2.6
      vertex -6.705979871729827 -8.085100117331399 2.6
    endloop
  endfacet
  facet normal -0.11069169459631227 -0.6988798544194949 -0.7066217501846247
    outer loop
      vertex -6.9977207273139586 -10.216823116265026 4.754068351911495
      vertex -6.705979871729827 -8.085100117331399 2.6
      vertex -6.692858688408516 -8.088334198556886 2.6011432257765823
    endloop
  endfacet
  facet normal -0.1106916945963373 -0.6988798544194899 -0.7066217501846259
    outer loop
      vertex -6.9977207273139586 -10.216823116265026 4.754068351911495
      vertex -6.692858688408516 -8.088334198556886 2.6011432257765823
      vertex -6.685560686493823 -8.088334198556886 2.6
    endloop
  endfacet
  facet normal -0.11069169459631857 -0.6988798544194945 -0.7066217501846243
    outer loop
      vertex -6.9977207273139586 -10.216823116265026 4.754068351911495
      vertex -6.685560686493823 -8.088334198556886 2.6
      vertex -6.667245541228246 -8.091235032589237 2.6
    endloop
  endfacet
  facet normal -0.03703247672027114 -0.7066217501846243 -0.706621750184624
    outer loop
      vertex -6.599826955391656 -10.248671041712948 4.753902750757613
      vertex -6.667245541228246 -8.091235032589237 2.6
      vertex -6.5 -8.1 2.6
    endloop
  endfacet
  facet normal -0.23931566428755988 -0.9709418174260513 6.023487994595393e-16
    outer loop
      vertex -7.067367819268057 -7.9960259882966636 0.8
      vertex -6.705979871729827 -8.085100117331399 2.6
      vertex -7.050373051342023 -8.000214822377796 2.6
    endloop
  endfacet
  facet normal -0.23931566428755727 -0.9709418174260521 5.041903127770897e-17
    outer loop
      vertex -7.067367819268057 -7.9960259882966636 0.8
      vertex -6.692858688408516 -8.088334198556886 0.8
      vertex -6.705979871729827 -8.085100117331399 2.6
    endloop
  endfacet
  facet normal -0.1698397578689879 -0.6890669846766466 -0.7045148311253905
    outer loop
      vertex -7.067367819268057 -7.9960259882966636 0.8
      vertex -6.7836839096340285 -7.248012994148332 0
      vertex -6.692858688408516 -8.088334198556886 0.8
    endloop
  endfacet
  facet normal 0 -1 0
    outer loop
      vertex -6.692858688408516 -8.088334198556886 0.8
      vertex -6.685560686493823 -8.088334198556886 2.6
      vertex -6.692858688408516 -8.088334198556886 2.6011432257765823
    endloop
  endfacet
  facet normal -0.23931566428756323 -0.9709418174260508 0
    outer loop
      vertex -6.692858688408516 -8.088334198556886 0.8
      vertex -6.692858688408516 -8.088334198556886 2.6011432257765823
      vertex -6.705979871729827 -8.085100117331399 2.6
    endloop
  endfacet
  facet normal 0 0 -1
    outer loop
      vertex -7.050373051342023 -8.000214822377796 2.6
      vertex -6.705979871729827 -8.085100117331399 2.6
      vertex -6.994427190999916 -8.021690426072245 2.6
    endloop
  endfacet
  facet normal 0 0 -1
    outer loop
      vertex -6.994427190999916 -8.021690426072245 2.6
      vertex -6.705979871729827 -8.085100117331399 2.6
      vertex -6.832658705308415 -8.065036161174088 2.6
    endloop
  endfacet
  facet normal -0.4706110318701431 -0.5312100426446035 -0.7045148311253908
    outer loop
      vertex -7.697617197073762 -7.560996253185273 0.8
      vertex -7.0988085985368805 -7.0304981265926365 0
      vertex -7.408903594769849 -7.816774185429851 0.8
    endloop
  endfacet
  facet normal -0.6631226582407935 -0.7485107481711025 6.51708892329127e-17
    outer loop
      vertex -7.697617197073762 -7.560996253185273 0.8
      vertex -7.41675239910113 -7.809820751554802 2.6
      vertex -7.694781851227725 -7.563508150414605 2.6
    endloop
  endfacet
  facet normal -0.5840628148164625 -0.4031494525272642 -0.7045148311253908
    outer loop
      vertex -7.697617197073762 -7.560996253185273 0.8
      vertex -7.916729641045136 -7.243557075270029 0.8
      vertex -7.0988085985368805 -7.0304981265926365 0
    endloop
  endfacet
  facet normal -0.39588933772540863 -0.5735447226784708 -0.7171597335064298
    outer loop
      vertex -7.408903594769849 -7.816774185429851 0.8
      vertex -7.0988085985368805 -7.0304981265926365 0
      vertex -6.7836839096340285 -7.248012994148332 0
    endloop
  endfacet
  facet normal 0 0 -1
    outer loop
      vertex -7.689031720763831 -7.570608970174173 2.6
      vertex -7.694781851227725 -7.563508150414605 2.6
      vertex -7.41675239910113 -7.809820751554802 2.6
    endloop
  endfacet
  facet normal 0 0 -1
    outer loop
      vertex -7.689031720763831 -7.570608970174173 2.6
      vertex -7.440456403667957 -7.794427190999916 2.6
      vertex -7.570608970174173 -7.689031720763831 2.6
    endloop
  endfacet
  facet normal -0.6170821224129244 -0.32386968187119214 -0.7171597335064299
    outer loop
      vertex -7.916729641045136 -7.243557075270029 0.8
      vertex -7.276753453940842 -6.691452531430046 0
      vertex -7.0988085985368805 -7.0304981265926365 0
    endloop
  endfacet
  facet normal -0.08400307674871946 -0.6918275794833099 -0.7171597335064297
    outer loop
      vertex -6.692858688408516 -8.088334198556886 0.8
      vertex -6.7836839096340285 -7.248012994148332 0
      vertex -6.4035706557957415 -7.294167099278443 0
    endloop
  endfacet
  facet normal -0.7071067811865477 5.977520352048914e-19 -0.7071067811865475
    outer loop
      vertex -10.244685108787857 -6.5 4.744685108787858
      vertex -8.1 6.5 2.6
      vertex -8.1 -6.5 2.6
    endloop
  endfacet
  facet normal -1 0 0
    outer loop
      vertex -8.1 -6.5 0.8
      vertex -8.1 -6.5 2.6
      vertex -8.1 6.5 0.8
    endloop
  endfacet
  facet normal -0.6969088295013823 3.4016629950639414e-18 -0.7171597335064296
    outer loop
      vertex -8.1 -6.5 0.8
      vertex -7.276753453940842 6.691452531430045 0
      vertex -7.276753453940842 -6.691452531430046 0
    endloop
  endfacet
  facet normal 0 0 -1
    outer loop
      vertex -7.0988085985368805 -7.0304981265926365 0
      vertex -7.276753453940842 -6.691452531430046 0
      vertex -7.276753453940842 6.691452531430045 0
    endloop
  endfacet
  facet normal 0 0 -1
    outer loop
      vertex -7.0988085985368805 -7.0304981265926365 0
      vertex -7.276753453940842 6.691452531430045 0
      vertex -7.0988085985368805 -5.9695018734073635 0
    endloop
  endfacet
  facet normal 0 -0.7071067811865476 -0.7071067811865476
    outer loop
      vertex -6.5 -10.248671041712948 4.7486710417129485
      vertex -6.5 -8.1 2.6
      vertex 6.400173044608344 -10.248671041712948 4.7486710417129485
    endloop
  endfacet
  facet normal 0 -1 0
    outer loop
      vertex -6.692858688408516 -8.088334198556886 0.8
      vertex 6.685560686493826 -8.088334198556886 2.6
      vertex -6.685560686493823 -8.088334198556886 2.6
    endloop
  endfacet
  facet normal 0 -0.7096892649070876 -0.7045148311253905
    outer loop
      vertex -6.692858688408516 -8.088334198556886 0.8
      vertex -6.4035706557957415 -7.294167099278443 0
      vertex 6.692858688408517 -8.088334198556886 0.8
    endloop
  endfacet
  facet normal 0 0 -1
    outer loop
      vertex -6.685560686493823 -8.088334198556886 2.6
      vertex 6.685560686493826 -8.088334198556886 2.6
      vertex -6.667245541228246 -8.091235032589237 2.6
    endloop
  endfacet
  facet normal 0 0 -1
    outer loop
      vertex -6.667245541228246 -8.091235032589237 2.6
      vertex 6.685560686493826 -8.088334198556886 2.6
      vertex -6.5 -8.1 2.6
    endloop
  endfacet
  facet normal 0 0 -1
    outer loop
      vertex -7.0988085985368805 -7.0304981265926365 0
      vertex 6.59642934420426 -7.294167099278443 0
      vertex -6.7836839096340285 -7.248012994148332 0
    endloop
  endfacet
  facet normal 0 0 -1
    outer loop
      vertex -6.7836839096340285 -7.248012994148332 0
      vertex 6.59642934420426 -7.294167099278443 0
      vertex -6.4035706557957415 -7.294167099278443 0
    endloop
  endfacet
  facet normal 0 0 -1
    outer loop
      vertex -7.0988085985368805 -7.0304981265926365 0
      vertex -7.0988085985368805 -5.9695018734073635 0
      vertex 6.954451797384927 7.158387092714925 0
    endloop
  endfacet
  facet normal -0.7071067811865477 0 -0.7071067811865475
    outer loop
      vertex -10.244685108787857 -6.5 4.744685108787858
      vertex -10.244685108787857 6.5 4.744685108787858
      vertex -8.1 6.5 2.6
    endloop
  endfacet
  facet normal -1 0 0
    outer loop
      vertex -8.1 -6.5 2.6
      vertex -8.1 6.5 2.6
      vertex -8.1 6.5 0.8
    endloop
  endfacet
  facet normal -0.6969088295013823 0 -0.7171597335064296
    outer loop
      vertex -8.1 -6.5 0.8
      vertex -8.1 6.5 0.8
      vertex -7.276753453940842 6.691452531430045 0
    endloop
  endfacet
  facet normal 0 0 -1
    outer loop
      vertex -7.0988085985368805 -5.9695018734073635 0
      vertex -7.276753453940842 6.691452531430045 0
      vertex -6.7836839096340285 7.248012994148333 0
    endloop
  endfacet
  facet normal -0.706621750184624 0.037032476720272794 -0.7066217501846239
    outer loop
      vertex -10.244685108787857 6.5 4.744685108787858
      vertex -10.244685108787857 6.699583155658171 4.755144818758205
      vertex -8.1 6.5 2.6
    endloop
  endfacet
  facet normal -0.7066217501846241 0.03703247672027604 -0.7066217501846238
    outer loop
      vertex -10.244685108787857 6.699583155658171 4.755144818758205
      vertex -10.224177198102774 6.891426796400459 4.744691007254
      vertex -8.091235032589237 6.667245541228247 2.6
    endloop
  endfacet
  facet normal -0.6988798544194947 0.11069169459632 -0.7066217501846237
    outer loop
      vertex -10.224177198102774 6.891426796400459 4.744691007254
      vertex -10.202256330205042 7.096488110071519 4.755132988893191
      vertex -8.091235032589237 6.667245541228247 2.6
    endloop
  endfacet
  facet normal -0.6988798544194944 0.1106916945963198 -0.7066217501846241
    outer loop
      vertex -10.202256330205042 7.096488110071519 4.755132988893191
      vertex -10.162877833037347 7.278568718007758 4.7447087027453305
      vertex -8.065036161174088 6.832658705308415 2.6
    endloop
  endfacet
  facet normal -0.6834808847193309 0.18313815110265616 -0.7066217501846241
    outer loop
      vertex -10.162877833037347 7.278568718007758 4.7447087027453305
      vertex -10.117879508054436 7.486634615853205 4.755109329200433
      vertex -8.065036161174088 6.832658705308415 2.6
    endloop
  endfacet
  facet normal -0.6834808847193318 0.183138151102653 -0.7066217501846241
    outer loop
      vertex -10.117879508054436 7.486634615853205 4.755109329200433
      vertex -10.061457662688232 7.657187741907016 4.744738195540589
      vertex -8.021690426072245 6.9944271909999145 2.6
    endloop
  endfacet
  facet normal -0.6605935554186153 0.25357810770137734 -0.7066217501846244
    outer loop
      vertex -10.061457662688232 7.657187741907016 4.744738195540589
      vertex -9.992510665446268 7.865602157198083 4.75507383975446
      vertex -8.021690426072245 6.9944271909999145 2.6
    endloop
  endfacet
  facet normal -0.6605935554186142 0.2535781077013805 -0.7066217501846241
    outer loop
      vertex -7.961672732228162 7.15077862892128 2.6
      vertex -9.992510665446268 7.865602157198083 4.75507383975446
      vertex -9.921026289403816 8.0231390372372 4.744779486104342
    endloop
  endfacet
  facet normal -0.7066217501846244 0.03703247672027023 -0.7066217501846239
    outer loop
      vertex -10.244685108787857 6.699583155658171 4.755144818758205
      vertex -8.091235032589237 6.667245541228247 2.6
      vertex -8.1 6.5 2.6
    endloop
  endfacet
  facet normal -0.6988798544194933 0.11069169459632822 -0.706621750184624
    outer loop
      vertex -10.202256330205042 7.096488110071519 4.755132988893191
      vertex -8.065036161174088 6.832658705308415 2.6
      vertex -8.091235032589237 6.667245541228247 2.6
    endloop
  endfacet
  facet normal -0.6834808847193308 0.18313815110265436 -0.7066217501846247
    outer loop
      vertex -10.117879508054436 7.486634615853205 4.755109329200433
      vertex -8.05510972651609 6.869704663790078 2.6
      vertex -8.065036161174088 6.832658705308415 2.6
    endloop
  endfacet
  facet normal -0.6834808847193278 0.18313815110265733 -0.706621750184627
    outer loop
      vertex -10.117879508054436 7.486634615853205 4.755109329200433
      vertex -8.053506907881683 6.882905062860093 2.601870874737249
      vertex -8.05510972651609 6.869704663790078 2.6
    endloop
  endfacet
  facet normal -0.6834808847193361 0.18313815110264003 -0.7066217501846233
    outer loop
      vertex -10.117879508054436 7.486634615853205 4.755109329200433
      vertex -8.046916190625772 6.900283356026382 2.6
      vertex -8.053506907881683 6.882905062860093 2.601870874737249
    endloop
  endfacet
  facet normal -0.6834808847193317 0.18313815110265486 -0.7066217501846238
    outer loop
      vertex -10.117879508054436 7.486634615853205 4.755109329200433
      vertex -8.021690426072245 6.9944271909999145 2.6
      vertex -8.046916190625772 6.900283356026382 2.6
    endloop
  endfacet
  facet normal -0.6605935554186155 0.25357810770137684 -0.7066217501846243
    outer loop
      vertex -8.021690426072245 6.9944271909999145 2.6
      vertex -9.992510665446268 7.865602157198083 4.75507383975446
      vertex -7.961672732228162 7.15077862892128 2.6
    endloop
  endfacet
  facet normal -0.6304686248866439 0.32123980948749653 -0.7066217501846238
    outer loop
      vertex -7.961672732228162 7.15077862892128 2.6
      vertex -9.827570281462144 8.229096880434973 4.755026520667086
      vertex -7.923512269342176 7.225672754276257 2.6
    endloop
  endfacet
  facet normal -0.630468624886634 0.3212398094875159 -0.7066217501846241
    outer loop
      vertex -7.923512269342176 7.225672754276257 2.6
      vertex -9.827570281462144 8.229096880434973 4.755026520667086
      vertex -7.916729641045136 7.243557075270029 2.602078794677517
    endloop
  endfacet
  facet normal -0.6304686248866402 0.3212398094875036 -0.7066217501846239
    outer loop
      vertex -7.916729641045136 7.243557075270029 2.602078794677517
      vertex -9.827570281462144 8.229096880434973 4.755026520667086
      vertex -7.907830991708054 7.256448994500726 2.6
    endloop
  endfacet
  facet normal -0.6304686248866397 0.3212398094875046 -0.7066217501846239
    outer loop
      vertex -7.907830991708054 7.256448994500726 2.6
      vertex -9.827570281462144 8.229096880434973 4.755026520667086
      vertex -7.885640646055101 7.300000000000001 2.6
    endloop
  endfacet
  facet normal -0.9927088740980541 0.12053668025532198 0
    outer loop
      vertex -8.1 6.5 0.8
      vertex -8.1 6.5 2.6
      vertex -8.053506907881683 6.882905062860093 0.8
    endloop
  endfacet
  facet normal -0.9927088740980541 0.1205366802553219 -1.6145160545882666e-17
    outer loop
      vertex -8.053506907881683 6.882905062860093 0.8
      vertex -8.1 6.5 2.6
      vertex -8.05510972651609 6.869704663790078 2.6
    endloop
  endfacet
  facet normal -0.9927088740980539 0.12053668025532407 0
    outer loop
      vertex -8.053506907881683 6.882905062860093 0.8
      vertex -8.05510972651609 6.869704663790078 2.6
      vertex -8.053506907881683 6.882905062860093 2.601870874737249
    endloop
  endfacet
  facet normal -0.9350162426854148 0.3546048870425356 -1.0313481630725738e-16
    outer loop
      vertex -8.053506907881683 6.882905062860093 0.8
      vertex -8.046916190625772 6.900283356026382 2.6
      vertex -7.916729641045136 7.243557075270029 0.8
    endloop
  endfacet
  facet normal -0.9350162426854184 0.3546048870425263 0
    outer loop
      vertex -8.053506907881683 6.882905062860093 0.8
      vertex -8.053506907881683 6.882905062860093 2.601870874737249
      vertex -8.046916190625772 6.900283356026382 2.6
    endloop
  endfacet
  facet normal -0.7045148311253906 0.0855435880047401 -0.7045148311253906
    outer loop
      vertex -8.1 6.5 0.8
      vertex -8.053506907881683 6.882905062860093 0.8
      vertex -7.276753453940842 6.691452531430045 0
    endloop
  endfacet
  facet normal -0.6635709899475988 0.25165928161767787 -0.7045148311253908
    outer loop
      vertex -8.053506907881683 6.882905062860093 0.8
      vertex -7.916729641045136 7.243557075270029 0.8
      vertex -7.276753453940842 6.691452531430045 0
    endloop
  endfacet
  facet normal 0 0 -1
    outer loop
      vertex -8.1 6.5 2.6
      vertex -8.091235032589237 6.667245541228247 2.6
      vertex -8.065036161174088 6.832658705308415 2.6
    endloop
  endfacet
  facet normal 0 0 -1
    outer loop
      vertex -8.1 6.5 2.6
      vertex -8.065036161174088 6.832658705308415 2.6
      vertex -8.05510972651609 6.869704663790078 2.6
    endloop
  endfacet
  facet normal 0 0 -1
    outer loop
      vertex -8.046916190625772 6.900283356026382 2.6
      vertex -8.021690426072245 6.9944271909999145 2.6
      vertex -7.961672732228162 7.15077862892128 2.6
    endloop
  endfacet
  facet normal -0.9350162426854153 0.35460488704253457 -3.3474607808556276e-16
    outer loop
      vertex -8.046916190625772 6.900283356026382 2.6
      vertex -7.923512269342176 7.225672754276257 2.6
      vertex -7.916729641045136 7.243557075270029 0.8
    endloop
  endfacet
  facet normal -0.9350162426854041 0.3546048870425641 0
    outer loop
      vertex -7.916729641045136 7.243557075270029 0.8
      vertex -7.923512269342176 7.225672754276257 2.6
      vertex -7.916729641045136 7.243557075270029 2.602078794677517
    endloop
  endfacet
  facet normal -0.8229838658936673 0.5680647467311399 0
    outer loop
      vertex -7.916729641045136 7.243557075270029 0.8
      vertex -7.916729641045136 7.243557075270029 2.602078794677517
      vertex -7.907830991708054 7.256448994500726 2.6
    endloop
  endfacet
  facet normal -0.822983865893657 0.568064746731155 -1.5874814343267082e-16
    outer loop
      vertex -7.916729641045136 7.243557075270029 0.8
      vertex -7.907830991708054 7.256448994500726 2.6
      vertex -7.697617197073762 7.560996253185273 0.8
    endloop
  endfacet
  facet normal -0.822983865893656 0.5680647467311563 1.8782612066756094e-16
    outer loop
      vertex -7.697617197073762 7.560996253185273 0.8
      vertex -7.907830991708054 7.256448994500726 2.6
      vertex -7.702244036520364 7.554293119015188 2.6
    endloop
  endfacet
  facet normal -0.8229838658936796 0.5680647467311222 0
    outer loop
      vertex -7.697617197073762 7.560996253185273 0.8
      vertex -7.702244036520364 7.554293119015188 2.6
      vertex -7.697617197073762 7.560996253185273 2.6006235439722833
    endloop
  endfacet
  facet normal -0.6631226582409583 0.7485107481709568 0
    outer loop
      vertex -7.697617197073762 7.560996253185273 0.8
      vertex -7.697617197073762 7.560996253185273 2.6006235439722833
      vertex -7.694781851227729 7.563508150414602 2.6
    endloop
  endfacet
  facet normal 0 0 -1
    outer loop
      vertex -8.046916190625772 6.900283356026382 2.6
      vertex -7.961672732228162 7.15077862892128 2.6
      vertex -7.923512269342176 7.225672754276257 2.6
    endloop
  endfacet
  facet normal 0 0 -1
    outer loop
      vertex -7.907830991708054 7.256448994500726 2.6
      vertex -7.885640646055101 7.300000000000001 2.6
      vertex -7.794427190999916 7.440456403667959 2.6
    endloop
  endfacet
  facet normal 0 0 -1
    outer loop
      vertex -7.907830991708054 7.256448994500726 2.6
      vertex -7.794427190999916 7.440456403667959 2.6
      vertex -7.702244036520364 7.554293119015188 2.6
    endloop
  endfacet
  facet normal -0.6304686248866401 0.3212398094875038 -0.706621750184624
    outer loop
      vertex -7.961672732228162 7.15077862892128 2.6
      vertex -9.921026289403816 8.0231390372372 4.744779486104342
      vertex -9.827570281462144 8.229096880434973 4.755026520667086
    endloop
  endfacet
  facet normal -0.6304686248866412 0.32123980948750175 -0.706621750184624
    outer loop
      vertex -7.885640646055101 7.300000000000001 2.6
      vertex -9.827570281462144 8.229096880434973 4.755026520667086
      vertex -9.743120142944854 8.372416287543508 4.744832575087018
    endloop
  endfacet
  facet normal -0.5934361481663701 0.3853819406971232 -0.7066217501846238
    outer loop
      vertex -7.885640646055101 7.300000000000001 2.6
      vertex -9.743120142944854 8.372416287543508 4.744832575087018
      vertex -9.624927196559431 8.573000245104474 4.75496737208737
    endloop
  endfacet
  facet normal -0.5934361481663742 0.38538194069711673 -0.7066217501846239
    outer loop
      vertex -7.794427190999916 7.440456403667959 2.6
      vertex -9.624927196559431 8.573000245104474 4.75496737208737
      vertex -9.529685690021486 8.701195500289877 4.744897463324912
    endloop
  endfacet
  facet normal -0.5934361481663726 0.38538194069711956 -0.706621750184624
    outer loop
      vertex -7.885640646055101 7.300000000000001 2.6
      vertex -9.624927196559431 8.573000245104474 4.75496737208737
      vertex -7.794427190999916 7.440456403667959 2.6
    endloop
  endfacet
  facet normal -0.5499018608222886 0.44530174671811373 -0.7066217501846241
    outer loop
      vertex -7.794427190999916 7.440456403667959 2.6
      vertex -9.529685690021486 8.701195500289877 4.744897463324912
      vertex -9.386877437862148 8.893415688668078 4.754896394201655
    endloop
  endfacet
  facet normal -0.5499018608222859 0.4453017467181171 -0.706621750184624
    outer loop
      vertex -7.689031720763831 7.570608970174174 2.6
      vertex -9.386877437862148 8.893415688668078 4.754896394201655
      vertex -9.283058162486668 9.005876825019111 4.744974151840241
    endloop
  endfacet
  facet normal -0.500342733616678 0.5003427336166767 -0.706621750184624
    outer loop
      vertex -7.689031720763831 7.570608970174174 2.6
      vertex -9.283058162486668 9.005876825019111 4.744974151840241
      vertex -9.116118204256193 9.186712776118682 4.754813587233539
    endloop
  endfacet
  facet normal -0.500342733616671 0.5003427336166832 -0.7066217501846243
    outer loop
      vertex -9.116118204256193 9.186712776118682 4.754813587233539
      vertex -9.005936036387084 9.283123923372955 4.74506264184116
      vertex -7.570608970174173 7.689031720763829 2.6
    endloop
  endfacet
  facet normal -0.4453017467181181 0.5499018608222848 -0.7066217501846243
    outer loop
      vertex -9.005936036387084 9.283123923372955 4.74506264184116
      vertex -8.81571730604822 9.449568334259908 4.75471895144389
      vertex -7.570608970174173 7.689031720763829 2.6
    endloop
  endfacet
  facet normal -0.5499018608222875 0.4453017467181148 -0.7066217501846241
    outer loop
      vertex -7.794427190999916 7.440456403667959 2.6
      vertex -9.386877437862148 8.893415688668078 4.754896394201655
      vertex -7.702244036520364 7.554293119015188 2.6
    endloop
  endfacet
  facet normal -0.5499018608223123 0.4453017467180839 -0.7066217501846244
    outer loop
      vertex -7.702244036520364 7.554293119015188 2.6
      vertex -9.386877437862148 8.893415688668078 4.754896394201655
      vertex -7.697617197073762 7.560996253185273 2.6006235439722833
    endloop
  endfacet
  facet normal -0.5499018608223467 0.4453017467180408 -0.7066217501846247
    outer loop
      vertex -7.694781851227729 7.563508150414602 2.6
      vertex -7.697617197073762 7.560996253185273 2.6006235439722833
      vertex -9.386877437862148 8.893415688668078 4.754896394201655
    endloop
  endfacet
  facet normal -0.5499018608222318 0.4453017467181849 -0.7066217501846234
    outer loop
      vertex -7.694781851227729 7.563508150414602 2.6
      vertex -9.386877437862148 8.893415688668078 4.754896394201655
      vertex -7.689031720763831 7.570608970174174 2.6
    endloop
  endfacet
  facet normal -0.5003427336166715 0.5003427336166828 -0.7066217501846244
    outer loop
      vertex -7.689031720763831 7.570608970174174 2.6
      vertex -9.116118204256193 9.186712776118682 4.754813587233539
      vertex -7.570608970174173 7.689031720763829 2.6
    endloop
  endfacet
  facet normal -0.4453017467181159 0.5499018608222868 -0.706621750184624
    outer loop
      vertex -8.81571730604822 9.449568334259908 4.75471895144389
      vertex -7.440456403667957 7.794427190999915 2.6
      vertex -7.570608970174173 7.689031720763829 2.6
    endloop
  endfacet
  facet normal -0.44530174671810946 0.5499018608222916 -0.7066217501846244
    outer loop
      vertex -8.81571730604822 9.449568334259908 4.75471895144389
      vertex -8.70135154046189 9.52990046089311 4.745162934721828
      vertex -7.440456403667957 7.794427190999915 2.6
    endloop
  endfacet
  facet normal -0.38538194069711584 0.5934361481663732 -0.7066217501846251
    outer loop
      vertex -8.489078405449035 9.679004104586266 4.754612487130844
      vertex -7.416752399101127 7.809820751554803 2.6
      vertex -7.440456403667957 7.794427190999915 2.6
    endloop
  endfacet
  facet normal -0.38538194069720344 0.5934361481663217 -0.7066217501846207
    outer loop
      vertex -8.489078405449035 9.679004104586266 4.754612487130844
      vertex -7.408903594769849 7.81677418542985 2.601559011691487
      vertex -7.416752399101127 7.809820751554803 2.6
    endloop
  endfacet
  facet normal -0.38538194069710746 0.5934361481663789 -0.7066217501846251
    outer loop
      vertex -8.489078405449035 9.679004104586266 4.754612487130844
      vertex -7.394001099184193 7.824595618475975 2.6
      vertex -7.408903594769849 7.81677418542985 2.601559011691487
    endloop
  endfacet
  facet normal -0.3853819406971204 0.593436148166371 -0.7066217501846247
    outer loop
      vertex -8.489078405449035 9.679004104586266 4.754612487130844
      vertex -7.3 7.885640646055101 2.6
      vertex -7.394001099184193 7.824595618475975 2.6
    endloop
  endfacet
  facet normal -0.3853819406971254 0.5934361481663682 -0.7066217501846243
    outer loop
      vertex -8.70135154046189 9.52990046089311 4.745162934721828
      vertex -8.489078405449035 9.679004104586266 4.754612487130844
      vertex -7.440456403667957 7.794427190999915 2.6
    endloop
  endfacet
  facet normal -0.38538194069712517 0.5934361481663684 -0.7066217501846243
    outer loop
      vertex -8.489078405449035 9.679004104586266 4.754612487130844
      vertex -8.372637516031226 9.743503321925662 4.745275032062451
      vertex -7.3 7.885640646055101 2.6
    endloop
  endfacet
  facet normal -0.32123980948749736 0.6304686248866432 -0.7066217501846244
    outer loop
      vertex -8.372637516031226 9.743503321925662 4.745275032062451
      vertex -8.139902451720708 9.872420488142073 4.754494194629793
      vertex -7.3 7.885640646055101 2.6
    endloop
  endfacet
  facet normal -0.321239809487504 0.6304686248866403 -0.7066217501846239
    outer loop
      vertex -8.139902451720708 9.872420488142073 4.754494194629793
      vertex -8.023390990057557 9.921592184703623 4.745398935629348
      vertex -7.15077862892128 7.961672732228163 2.6
    endloop
  endfacet
  facet normal -0.6170821224129247 0.32386968187119125 -0.71715973350643
    outer loop
      vertex -7.916729641045136 7.243557075270029 0.8
      vertex -7.0988085985368805 7.0304981265926365 0
      vertex -7.276753453940842 6.691452531430045 0
    endloop
  endfacet
  facet normal 0 0 -1
    outer loop
      vertex -7.276753453940842 6.691452531430045 0
      vertex -7.0988085985368805 7.0304981265926365 0
      vertex -6.7836839096340285 7.248012994148333 0
    endloop
  endfacet
  facet normal -0.5840628148164625 0.4031494525272642 -0.7045148311253908
    outer loop
      vertex -7.916729641045136 7.243557075270029 0.8
      vertex -7.697617197073762 7.560996253185273 0.8
      vertex -7.0988085985368805 7.0304981265926365 0
    endloop
  endfacet
  facet normal -0.4706110318701422 0.5312100426446043 -0.7045148311253907
    outer loop
      vertex -7.697617197073762 7.560996253185273 0.8
      vertex -7.408903594769849 7.81677418542985 0.8
      vertex -7.0988085985368805 7.0304981265926365 0
    endloop
  endfacet
  facet normal -0.663122658240793 0.7485107481711031 -4.646282017972061e-16
    outer loop
      vertex -7.697617197073762 7.560996253185273 0.8
      vertex -7.694781851227729 7.563508150414602 2.6
      vertex -7.408903594769849 7.81677418542985 0.8
    endloop
  endfacet
  facet normal -0.39588933772541 0.5735447226784703 -0.7171597335064294
    outer loop
      vertex -7.0988085985368805 7.0304981265926365 0
      vertex -7.408903594769849 7.81677418542985 0.8
      vertex -6.7836839096340285 7.248012994148333 0
    endloop
  endfacet
  facet normal 0 0 -1
    outer loop
      vertex -7.694781851227729 7.563508150414602 2.6
      vertex -7.689031720763831 7.570608970174174 2.6
      vertex -7.570608970174173 7.689031720763829 2.6
    endloop
  endfacet
  facet normal 0 0 -1
    outer loop
      vertex -7.694781851227729 7.563508150414602 2.6
      vertex -7.570608970174173 7.689031720763829 2.6
      vertex -7.440456403667957 7.794427190999915 2.6
    endloop
  endfacet
  facet normal -0.08400307674871794 0.6918275794833103 -0.7171597335064295
    outer loop
      vertex -6.7836839096340285 7.248012994148333 0
      vertex -6.692858688408517 8.088334198556886 0.8
      vertex -6.4035706557957415 7.294167099278443 0
    endloop
  endfacet
  facet normal -0.6631226582407894 0.7485107481711062 5.146219240616846e-16
    outer loop
      vertex -7.694781851227729 7.563508150414602 2.6
      vertex -7.416752399101127 7.809820751554803 2.6
      vertex -7.408903594769849 7.81677418542985 0.8
    endloop
  endfacet
  facet normal -0.6631226582408567 0.7485107481710465 0
    outer loop
      vertex -7.408903594769849 7.81677418542985 0.8
      vertex -7.416752399101127 7.809820751554803 2.6
      vertex -7.408903594769849 7.81677418542985 2.601559011691487
    endloop
  endfacet
  facet normal -0.4647231720437748 0.8854560256532067 0
    outer loop
      vertex -7.408903594769849 7.81677418542985 0.8
      vertex -7.408903594769849 7.81677418542985 2.601559011691487
      vertex -7.394001099184193 7.824595618475975 2.6
    endloop
  endfacet
  facet normal -0.32980904635303515 0.6283986359533762 -0.7045148311253907
    outer loop
      vertex -6.7836839096340285 7.248012994148333 0
      vertex -7.408903594769849 7.81677418542985 0.8
      vertex -7.067367819268057 7.996025988296665 0.8
    endloop
  endfacet
  facet normal -0.4647231720437729 0.8854560256532076 -1.9461739269819497e-17
    outer loop
      vertex -7.408903594769849 7.81677418542985 0.8
      vertex -7.394001099184193 7.824595618475975 2.6
      vertex -7.067367819268057 7.996025988296665 0.8
    endloop
  endfacet
  facet normal -0.4647231720437748 0.8854560256532067 -4.2380419900040076e-16
    outer loop
      vertex -7.067367819268057 7.996025988296665 0.8
      vertex -7.394001099184193 7.824595618475975 2.6
      vertex -7.083929777459435 7.987333602087791 2.6
    endloop
  endfacet
  facet normal -0.46472317204373853 0.8854560256532256 0
    outer loop
      vertex -7.067367819268057 7.996025988296665 0.8
      vertex -7.083929777459435 7.987333602087791 2.6
      vertex -7.067367819268057 7.996025988296665 2.6021827580206676
    endloop
  endfacet
  facet normal -0.23931566428754822 0.9709418174260543 0
    outer loop
      vertex -7.067367819268057 7.996025988296665 0.8
      vertex -7.067367819268057 7.996025988296665 2.6021827580206676
      vertex -7.050373051342019 8.0002148223778 2.6
    endloop
  endfacet
  facet normal 0 0 -1
    outer loop
      vertex -7.694781851227729 7.563508150414602 2.6
      vertex -7.440456403667957 7.794427190999915 2.6
      vertex -7.416752399101127 7.809820751554803 2.6
    endloop
  endfacet
  facet normal 0 0 -1
    outer loop
      vertex -7.394001099184193 7.824595618475975 2.6
      vertex -7.3 7.885640646055101 2.6
      vertex -7.15077862892128 7.961672732228163 2.6
    endloop
  endfacet
  facet normal 0 0 -1
    outer loop
      vertex -7.394001099184193 7.824595618475975 2.6
      vertex -7.15077862892128 7.961672732228163 2.6
      vertex -7.083929777459435 7.987333602087791 2.6
    endloop
  endfacet
  facet normal -0.32123980948750647 0.6304686248866391 -0.7066217501846239
    outer loop
      vertex -8.139902451720708 9.872420488142073 4.754494194629793
      vertex -7.15077862892128 7.961672732228163 2.6
      vertex -7.3 7.885640646055101 2.6
    endloop
  endfacet
  facet normal -0.2535781077013902 0.6605935554186112 -0.7066217501846233
    outer loop
      vertex -7.772145747942614 10.027626000016376 4.754364074313395
      vertex -7.083929777459435 7.987333602087791 2.6
      vertex -7.15077862892128 7.961672732228163 2.6
    endloop
  endfacet
  facet normal -0.2535781077013584 0.6605935554186229 -0.706621750184624
    outer loop
      vertex -7.772145747942614 10.027626000016376 4.754364074313395
      vertex -7.067367819268057 7.996025988296665 2.6021827580206676
      vertex -7.083929777459435 7.987333602087791 2.6
    endloop
  endfacet
  facet normal -0.25357810770136885 0.6605935554186181 -0.7066217501846246
    outer loop
      vertex -7.772145747942614 10.027626000016376 4.754364074313395
      vertex -7.050373051342019 8.0002148223778 2.6
      vertex -7.067367819268057 7.996025988296665 2.6021827580206676
    endloop
  endfacet
  facet normal -0.25357810770138467 0.6605935554186129 -0.706621750184624
    outer loop
      vertex -7.772145747942614 10.027626000016376 4.754364074313395
      vertex -6.994427190999916 8.021690426072247 2.6
      vertex -7.050373051342019 8.0002148223778 2.6
    endloop
  endfacet
  facet normal -0.18313815110264497 0.6834808847193341 -0.706621750184624
    outer loop
      vertex -6.994427190999916 8.021690426072247 2.6
      vertex -7.38997512451668 10.142862099742661 4.75422212659157
      vertex -6.832658705308415 8.065036161174088 2.6
    endloop
  endfacet
  facet normal -0.16983975786898511 0.6890669846766472 -0.7045148311253906
    outer loop
      vertex -6.7836839096340285 7.248012994148333 0
      vertex -7.067367819268057 7.996025988296665 0.8
      vertex -6.692858688408517 8.088334198556886 0.8
    endloop
  endfacet
  facet normal -0.23931566428755346 0.9709418174260531 5.2303138954645664e-17
    outer loop
      vertex -7.067367819268057 7.996025988296665 0.8
      vertex -7.050373051342019 8.0002148223778 2.6
      vertex -6.692858688408517 8.088334198556886 0.8
    endloop
  endfacet
  facet normal -0.23931566428755052 0.9709418174260538 6.747566293971952e-16
    outer loop
      vertex -7.050373051342019 8.0002148223778 2.6
      vertex -6.7059798717298165 8.0851001173314 2.6
      vertex -6.692858688408517 8.088334198556886 0.8
    endloop
  endfacet
  facet normal -0.23931566428763784 0.9709418174260322 0
    outer loop
      vertex -6.692858688408517 8.088334198556886 0.8
      vertex -6.7059798717298165 8.0851001173314 2.6
      vertex -6.692858688408517 8.088334198556886 2.601143225776581
    endloop
  endfacet
  facet normal 0 1 0
    outer loop
      vertex -6.692858688408517 8.088334198556886 0.8
      vertex -6.692858688408517 8.088334198556886 2.601143225776581
      vertex -6.685560686493833 8.088334198556886 2.6
    endloop
  endfacet
  facet normal 0 0 -1
    outer loop
      vertex -7.050373051342019 8.0002148223778 2.6
      vertex -6.994427190999916 8.021690426072247 2.6
      vertex -6.832658705308415 8.065036161174088 2.6
    endloop
  endfacet
  facet normal 0 0 -1
    outer loop
      vertex -7.050373051342019 8.0002148223778 2.6
      vertex -6.832658705308415 8.065036161174088 2.6
      vertex -6.7059798717298165 8.0851001173314 2.6
    endloop
  endfacet
  facet normal 0 0 -1
    outer loop
      vertex -6.685560686493833 8.088334198556886 2.6
      vertex -6.667245541228246 8.091235032589239 2.6
      vertex -6.5 8.100000000000001 2.6
    endloop
  endfacet
  facet normal -0.11069169459632806 0.6988798544194933 -0.7066217501846238
    outer loop
      vertex -6.832658705308415 8.065036161174088 2.6
      vertex -6.997720727313957 10.216823116265026 4.754068351911496
      vertex -6.7059798717298165 8.0851001173314 2.6
    endloop
  endfacet
  facet normal -0.11069169459639455 0.6988798544194835 -0.7066217501846231
    outer loop
      vertex -6.7059798717298165 8.0851001173314 2.6
      vertex -6.997720727313957 10.216823116265026 4.754068351911496
      vertex -6.692858688408517 8.088334198556886 2.601143225776581
    endloop
  endfacet
  facet normal -0.11069169459633307 0.6988798544194929 -0.7066217501846235
    outer loop
      vertex -6.685560686493833 8.088334198556886 2.6
      vertex -6.997720727313957 10.216823116265026 4.754068351911496
      vertex -6.667245541228246 8.091235032589239 2.6
    endloop
  endfacet
  facet normal -0.11069169459634715 0.6988798544194907 -0.7066217501846235
    outer loop
      vertex -6.692858688408517 8.088334198556886 2.601143225776581
      vertex -6.997720727313957 10.216823116265026 4.754068351911496
      vertex -6.685560686493833 8.088334198556886 2.6
    endloop
  endfacet
  facet normal -0.03703247672027087 0.7066217501846244 -0.7066217501846238
    outer loop
      vertex -6.667245541228246 8.091235032589239 2.6
      vertex -6.599826955391656 10.248671041712946 4.75390275075761
      vertex -6.5 8.100000000000001 2.6
    endloop
  endfacet
  facet normal -0.2535781077013807 0.6605935554186143 -0.706621750184624
    outer loop
      vertex -8.023390990057557 9.921592184703623 4.745398935629348
      vertex -7.772145747942614 10.027626000016376 4.754364074313395
      vertex -7.15077862892128 7.961672732228163 2.6
    endloop
  endfacet
  facet normal -0.2535781077013798 0.6605935554186148 -0.7066217501846239
    outer loop
      vertex -7.772145747942614 10.027626000016376 4.754364074313395
      vertex -7.657433859059054 10.062215133395274 4.74553464737501
      vertex -6.994427190999916 8.021690426072247 2.6
    endloop
  endfacet
  facet normal -0.18313815110264983 0.683480884719333 -0.7066217501846237
    outer loop
      vertex -6.994427190999916 8.021690426072247 2.6
      vertex -7.657433859059054 10.062215133395274 4.74553464737501
      vertex -7.38997512451668 10.142862099742661 4.75422212659157
    endloop
  endfacet
  facet normal -0.18313815110263562 0.6834808847193363 -0.7066217501846243
    outer loop
      vertex -6.832658705308415 8.065036161174088 2.6
      vertex -7.38997512451668 10.142862099742661 4.75422212659157
      vertex -7.278771113113827 10.163830027147355 4.745682169438188
    endloop
  endfacet
  facet normal -0.11069169459633262 0.6988798544194927 -0.7066217501846237
    outer loop
      vertex -6.832658705308415 8.065036161174088 2.6
      vertex -7.278771113113827 10.163830027147355 4.745682169438188
      vertex -6.997720727313957 10.216823116265026 4.754068351911496
    endloop
  endfacet
  facet normal -0.1106916945963392 0.6988798544194919 -0.7066217501846236
    outer loop
      vertex -6.667245541228246 8.091235032589239 2.6
      vertex -6.997720727313957 10.216823116265026 4.754068351911496
      vertex -6.891547056072364 10.225321392450397 4.745841504143961
    endloop
  endfacet
  facet normal -0.03703247672026931 0.7066217501846245 -0.7066217501846239
    outer loop
      vertex -6.667245541228246 8.091235032589239 2.6
      vertex -6.891547056072364 10.225321392450397 4.745841504143961
      vertex -6.599826955391656 10.248671041712946 4.75390275075761
    endloop
  endfacet
  facet normal -0.03703247672027307 0.7066217501846244 -0.7066217501846238
    outer loop
      vertex -6.5 8.100000000000001 2.6
      vertex -6.599826955391656 10.248671041712946 4.75390275075761
      vertex -6.5 10.248671041712946 4.748671041712946
    endloop
  endfacet
  facet normal 0 0 -1
    outer loop
      vertex -7.0988085985368805 -5.9695018734073635 0
      vertex -6.7836839096340285 7.248012994148333 0
      vertex 6.954451797384927 7.158387092714925 0
    endloop
  endfacet
  facet normal 0 0 -1
    outer loop
      vertex -6.7836839096340285 7.248012994148333 0
      vertex -6.4035706557957415 7.294167099278443 0
      vertex 6.59642934420426 7.294167099278443 0
    endloop
  endfacet
  facet normal 0 0.7096892649070877 -0.7045148311253905
    outer loop
      vertex -6.4035706557957415 7.294167099278443 0
      vertex -6.692858688408517 8.088334198556886 0.8
      vertex 6.59642934420426 7.294167099278443 0
    endloop
  endfacet
  facet normal 0 1 0
    outer loop
      vertex -6.692858688408517 8.088334198556886 0.8
      vertex -6.685560686493833 8.088334198556886 2.6
      vertex 6.692858688408517 8.088334198556886 0.8
    endloop
  endfacet
  facet normal 0 0 -1
    outer loop
      vertex -6.685560686493833 8.088334198556886 2.6
      vertex -6.5 8.100000000000001 2.6
      vertex 6.5 8.100000000000001 2.6
    endloop
  endfacet
  facet normal 0 0.7071067811865477 -0.7071067811865472
    outer loop
      vertex -6.5 8.100000000000001 2.6
      vertex -6.5 10.248671041712946 4.748671041712946
      vertex 6.5 8.100000000000001 2.6
    endloop
  endfacet
  facet normal 0 -0.7071067811865476 -0.7071067811865474
    outer loop
      vertex -6.5 -8.1 2.6
      vertex 6.5 -8.1 2.6
      vertex 6.400173044608344 -10.248671041712948 4.7486710417129485
    endloop
  endfacet
  facet normal 0 -1 0
    outer loop
      vertex -6.692858688408516 -8.088334198556886 0.8
      vertex 6.692858688408517 -8.088334198556886 0.8
      vertex 6.685560686493826 -8.088334198556886 2.6
    endloop
  endfacet
  facet normal 0 0 -1
    outer loop
      vertex -6.5 -8.1 2.6
      vertex 6.685560686493826 -8.088334198556886 2.6
      vertex 6.5 -8.1 2.6
    endloop
  endfacet
  facet normal 0 0 -1
    outer loop
      vertex -7.0988085985368805 -7.0304981265926365 0
      vertex 6.954451797384927 -7.158387092714925 0
      vertex 6.59642934420426 -7.294167099278443 0
    endloop
  endfacet
  facet normal 0 -0.7096892649070877 -0.7045148311253905
    outer loop
      vertex -6.4035706557957415 -7.294167099278443 0
      vertex 6.59642934420426 -7.294167099278443 0
      vertex 6.692858688408517 -8.088334198556886 0.8
    endloop
  endfacet
  facet normal 0 0 -1
    outer loop
      vertex -7.0988085985368805 -7.0304981265926365 0
      vertex 6.954451797384927 7.158387092714925 0
      vertex 6.954451797384927 -7.158387092714925 0
    endloop
  endfacet
  facet normal 6.3043169134707715e-15 -0.7071067811865477 -0.7071067811865472
    outer loop
      vertex 6.400173044608344 -10.248671041712948 4.7486710417129485
      vertex 6.5 -8.1 2.6
      vertex 6.5 -10.246012654003842 4.746012654003843
    endloop
  endfacet
  facet normal 0.03703247672026931 -0.7066217501846244 -0.7066217501846239
    outer loop
      vertex 6.5 -10.246012654003842 4.746012654003843
      vertex 6.5 -8.1 2.6
      vertex 6.7991978958240615 -10.238045026365313 4.7537253236516115
    endloop
  endfacet
  facet normal 0.03703247672026961 -0.7066217501846244 -0.706621750184624
    outer loop
      vertex 6.7991978958240615 -10.238045026365313 4.7537253236516115
      vertex 6.667245541228247 -8.091235032589237 2.6
      vertex 6.891584071437968 -10.225673570129183 4.746195621715859
    endloop
  endfacet
  facet normal 0.11069169459632579 -0.6988798544194937 -0.7066217501846239
    outer loop
      vertex 6.891584071437968 -10.225673570129183 4.746195621715859
      vertex 6.667245541228247 -8.091235032589237 2.6
      vertex 7.194832715326676 -10.185065467221953 4.753536071152445
    endloop
  endfacet
  facet normal 0.11069169459632394 -0.6988798544194939 -0.706621750184624
    outer loop
      vertex 7.194832715326676 -10.185065467221953 4.753536071152445
      vertex 6.832658705308415 -8.065036161174088 2.6
      vertex 7.278918364640774 -10.164522791114706 4.746390410164667
    endloop
  endfacet
  facet normal 0.1831381511026536 -0.6834808847193318 -0.7066217501846241
    outer loop
      vertex 7.278918364640774 -10.164522791114706 4.746390410164667
      vertex 6.832658705308415 -8.065036161174088 2.6
      vertex 7.58259480252358 -10.09033264385752 4.753334993856318
    endloop
  endfacet
  facet normal 0.1831381511026528 -0.6834808847193319 -0.7066217501846241
    outer loop
      vertex 7.58259480252358 -10.09033264385752 4.753334993856318
      vertex 6.9944271909999145 -8.021690426072245 2.6
      vertex 7.657762151002867 -10.063225512106138 4.746597022421659
    endloop
  endfacet
  facet normal 0.2535781077013772 -0.6605935554186153 -0.7066217501846243
    outer loop
      vertex 7.657762151002867 -10.063225512106138 4.746597022421659
      vertex 6.9944271909999145 -8.021690426072245 2.6
      vertex 7.958090658024954 -9.954919917014049 4.753122092396683
    endloop
  endfacet
  facet normal 0.03703247672027123 -0.7066217501846243 -0.7066217501846239
    outer loop
      vertex 6.7991978958240615 -10.238045026365313 4.7537253236516115
      vertex 6.5 -8.1 2.6
      vertex 6.667245541228247 -8.091235032589237 2.6
    endloop
  endfacet
  facet normal 0.11069169459632147 -0.698879854419494 -0.7066217501846244
    outer loop
      vertex 7.194832715326676 -10.185065467221953 4.753536071152445
      vertex 6.667245541228247 -8.091235032589237 2.6
      vertex 6.685560686493826 -8.088334198556886 2.6
    endloop
  endfacet
  facet normal 0.11069169459637457 -0.6988798544194835 -0.7066217501846265
    outer loop
      vertex 7.194832715326676 -10.185065467221953 4.753536071152445
      vertex 6.685560686493826 -8.088334198556886 2.6
      vertex 6.692858688408517 -8.088334198556886 2.6011432257765823
    endloop
  endfacet
  facet normal 0.11069169459632203 -0.6988798544194932 -0.706621750184625
    outer loop
      vertex 7.194832715326676 -10.185065467221953 4.753536071152445
      vertex 6.692858688408517 -8.088334198556886 2.6011432257765823
      vertex 6.705979871729827 -8.085100117331399 2.6
    endloop
  endfacet
  facet normal 0.11069169459632833 -0.6988798544194932 -0.706621750184624
    outer loop
      vertex 7.194832715326676 -10.185065467221953 4.753536071152445
      vertex 6.705979871729827 -8.085100117331399 2.6
      vertex 6.832658705308415 -8.065036161174088 2.6
    endloop
  endfacet
  facet normal 0 -1 0
    outer loop
      vertex 6.692858688408517 -8.088334198556886 0.8
      vertex 6.692858688408517 -8.088334198556886 2.6011432257765823
      vertex 6.685560686493826 -8.088334198556886 2.6
    endloop
  endfacet
  facet normal 0.23931566428757847 -0.9709418174260469 0
    outer loop
      vertex 6.692858688408517 -8.088334198556886 0.8
      vertex 6.705979871729827 -8.085100117331399 2.6
      vertex 6.692858688408517 -8.088334198556886 2.6011432257765823
    endloop
  endfacet
  facet normal 0.23931566428755632 -0.9709418174260525 1.7139904547750395e-16
    outer loop
      vertex 6.692858688408517 -8.088334198556886 0.8
      vertex 7.050373051342021 -8.000214822377798 2.6
      vertex 6.705979871729827 -8.085100117331399 2.6
    endloop
  endfacet
  facet normal 0.23931566428755785 -0.970941817426052 -1.4150833195233227e-16
    outer loop
      vertex 6.692858688408517 -8.088334198556886 0.8
      vertex 7.067367819268057 -7.9960259882966636 0.8
      vertex 7.050373051342021 -8.000214822377798 2.6
    endloop
  endfacet
  facet normal 0.1698397578689883 -0.6890669846766468 -0.7045148311253903
    outer loop
      vertex 6.692858688408517 -8.088334198556886 0.8
      vertex 6.59642934420426 -7.294167099278443 0
      vertex 7.067367819268057 -7.9960259882966636 0.8
    endloop
  endfacet
  facet normal 0 0 -1
    outer loop
      vertex 6.5 -8.1 2.6
      vertex 6.685560686493826 -8.088334198556886 2.6
      vertex 6.667245541228247 -8.091235032589237 2.6
    endloop
  endfacet
  facet normal 0 0 -1
    outer loop
      vertex 6.705979871729827 -8.085100117331399 2.6
      vertex 7.050373051342021 -8.000214822377798 2.6
      vertex 6.832658705308415 -8.065036161174088 2.6
    endloop
  endfacet
  facet normal 0 0 -1
    outer loop
      vertex 6.832658705308415 -8.065036161174088 2.6
      vertex 7.050373051342021 -8.000214822377798 2.6
      vertex 6.9944271909999145 -8.021690426072245 2.6
    endloop
  endfacet
  facet normal 0.183138151102654 -0.6834808847193317 -0.706621750184624
    outer loop
      vertex 7.58259480252358 -10.09033264385752 4.753334993856318
      vertex 6.832658705308415 -8.065036161174088 2.6
      vertex 6.9944271909999145 -8.021690426072245 2.6
    endloop
  endfacet
  facet normal 0.2535781077013716 -0.6605935554186179 -0.7066217501846239
    outer loop
      vertex 6.9944271909999145 -8.021690426072245 2.6
      vertex 7.050373051342021 -8.000214822377798 2.6
      vertex 7.958090658024954 -9.954919917014049 4.753122092396683
    endloop
  endfacet
  facet normal 0.2535781077013926 -0.660593555418609 -0.7066217501846247
    outer loop
      vertex 7.050373051342021 -8.000214822377798 2.6
      vertex 7.067367819268057 -7.9960259882966636 2.6021827580206676
      vertex 7.958090658024954 -9.954919917014049 4.753122092396683
    endloop
  endfacet
  facet normal 0.2535781077013598 -0.6605935554186227 -0.7066217501846236
    outer loop
      vertex 7.067367819268057 -7.9960259882966636 2.6021827580206676
      vertex 7.083929777459435 -7.987333602087789 2.6
      vertex 7.958090658024954 -9.954919917014049 4.753122092396683
    endloop
  endfacet
  facet normal 0.25357810770138206 -0.6605935554186135 -0.7066217501846243
    outer loop
      vertex 7.083929777459435 -7.987333602087789 2.6
      vertex 7.15077862892128 -7.961672732228162 2.6
      vertex 7.958090658024954 -9.954919917014049 4.753122092396683
    endloop
  endfacet
  facet normal 0.32123980948750175 -0.6304686248866411 -0.7066217501846243
    outer loop
      vertex 7.15077862892128 -7.961672732228162 2.6
      vertex 7.300000000000001 -7.885640646055101 2.6
      vertex 8.317065763747436 -9.780361566994856 4.752897367444247
    endloop
  endfacet
  facet normal 0.2393156642875718 -0.9709418174260485 0
    outer loop
      vertex 7.067367819268057 -7.9960259882966636 0.8
      vertex 7.067367819268057 -7.9960259882966636 2.6021827580206676
      vertex 7.050373051342021 -8.000214822377798 2.6
    endloop
  endfacet
  facet normal 0.46472317204373853 -0.8854560256532256 0
    outer loop
      vertex 7.067367819268057 -7.9960259882966636 0.8
      vertex 7.083929777459435 -7.987333602087789 2.6
      vertex 7.067367819268057 -7.9960259882966636 2.6021827580206676
    endloop
  endfacet
  facet normal 0.46472317204377045 -0.8854560256532089 -3.737078165340472e-16
    outer loop
      vertex 7.067367819268057 -7.9960259882966636 0.8
      vertex 7.394001099184198 -7.824595618475972 2.6
      vertex 7.083929777459435 -7.987333602087789 2.6
    endloop
  endfacet
  facet normal 0.4647231720437684 -0.88545602565321 9.951637205290463e-17
    outer loop
      vertex 7.067367819268057 -7.9960259882966636 0.8
      vertex 7.40890359476985 -7.81677418542985 0.8
      vertex 7.394001099184198 -7.824595618475972 2.6
    endloop
  endfacet
  facet normal 0.46472317204375924 -0.8854560256532148 0
    outer loop
      vertex 7.40890359476985 -7.81677418542985 0.8
      vertex 7.40890359476985 -7.81677418542985 2.601559011691487
      vertex 7.394001099184198 -7.824595618475972 2.6
    endloop
  endfacet
  facet normal 0.6631226582408353 -0.7485107481710657 0
    outer loop
      vertex 7.40890359476985 -7.81677418542985 0.8
      vertex 7.416752399101124 -7.809820751554806 2.6
      vertex 7.40890359476985 -7.81677418542985 2.601559011691487
    endloop
  endfacet
  facet normal 0.6631226582407937 -0.7485107481711023 3.222888710118563e-16
    outer loop
      vertex 7.40890359476985 -7.81677418542985 0.8
      vertex 7.69478185122772 -7.5635081504146084 2.6
      vertex 7.416752399101124 -7.809820751554806 2.6
    endloop
  endfacet
  facet normal 0 0 -1
    outer loop
      vertex 7.083929777459435 -7.987333602087789 2.6
      vertex 7.394001099184198 -7.824595618475972 2.6
      vertex 7.15077862892128 -7.961672732228162 2.6
    endloop
  endfacet
  facet normal 0 0 -1
    outer loop
      vertex 7.15077862892128 -7.961672732228162 2.6
      vertex 7.394001099184198 -7.824595618475972 2.6
      vertex 7.300000000000001 -7.885640646055101 2.6
    endloop
  endfacet
  facet normal 0 0 -1
    outer loop
      vertex 7.416752399101124 -7.809820751554806 2.6
      vertex 7.69478185122772 -7.5635081504146084 2.6
      vertex 7.440456403667959 -7.794427190999916 2.6
    endloop
  endfacet
  facet normal 0.24712727676428364 -0.651621075254673 -0.7171597335064295
    outer loop
      vertex 7.067367819268057 -7.9960259882966636 0.8
      vertex 6.59642934420426 -7.294167099278443 0
      vertex 6.954451797384927 -7.158387092714925 0
    endloop
  endfacet
  facet normal 0.3298090463530322 -0.6283986359533783 -0.7045148311253902
    outer loop
      vertex 7.067367819268057 -7.9960259882966636 0.8
      vertex 6.954451797384927 -7.158387092714925 0
      vertex 7.40890359476985 -7.81677418542985 0.8
    endloop
  endfacet
  facet normal 0.47061103187014425 -0.5312100426446034 -0.70451483112539
    outer loop
      vertex 7.40890359476985 -7.81677418542985 0.8
      vertex 6.954451797384927 -7.158387092714925 0
      vertex 7.697617197073761 -7.560996253185273 0.8
    endloop
  endfacet
  facet normal 0.5216437493771275 -0.4621360355704366 -0.7171597335064294
    outer loop
      vertex 6.954451797384927 -7.158387092714925 0
      vertex 7.2083648205225686 -6.871778537635015 0
      vertex 7.697617197073761 -7.560996253185273 0.8
    endloop
  endfacet
  facet normal 0.6631226582407953 -0.7485107481711011 -9.791668007131652e-17
    outer loop
      vertex 7.40890359476985 -7.81677418542985 0.8
      vertex 7.697617197073761 -7.560996253185273 0.8
      vertex 7.69478185122772 -7.5635081504146084 2.6
    endloop
  endfacet
  facet normal 0.584062814816461 -0.40314945252726647 -0.7045148311253907
    outer loop
      vertex 7.2083648205225686 -6.871778537635015 0
      vertex 7.916729641045137 -7.243557075270029 0.8
      vertex 7.697617197073761 -7.560996253185273 0.8
    endloop
  endfacet
  facet normal 0 0 -1
    outer loop
      vertex 7.440456403667959 -7.794427190999916 2.6
      vertex 7.689031720763829 -7.570608970174173 2.6
      vertex 7.570608970174174 -7.689031720763831 2.6
    endloop
  endfacet
  facet normal 0 0 -1
    outer loop
      vertex 7.440456403667959 -7.794427190999916 2.6
      vertex 7.69478185122772 -7.5635081504146084 2.6
      vertex 7.689031720763829 -7.570608970174173 2.6
    endloop
  endfacet
  facet normal 0 0 -1
    outer loop
      vertex 6.954451797384927 -7.158387092714925 0
      vertex 7.300000000000001 -6.5 0
      vertex 7.2083648205225686 -6.871778537635015 0
    endloop
  endfacet
  facet normal 0.6766579254963347 -0.16678119947998787 -0.7171597335064295
    outer loop
      vertex 7.2083648205225686 -6.871778537635015 0
      vertex 7.300000000000001 -6.5 0
      vertex 8.053506907881683 -6.882905062860093 0.8
    endloop
  endfacet
  facet normal 0.2535781077013848 -0.6605935554186128 -0.706621750184624
    outer loop
      vertex 7.15077862892128 -7.961672732228162 2.6
      vertex 8.023967143134701 -9.92288624570228 4.746815461745078
      vertex 7.958090658024954 -9.954919917014049 4.753122092396683
    endloop
  endfacet
  facet normal 0.32123980948750286 -0.6304686248866407 -0.706621750184624
    outer loop
      vertex 7.15077862892128 -7.961672732228162 2.6
      vertex 8.317065763747436 -9.780361566994856 4.752897367444247
      vertex 8.023967143134701 -9.92288624570228 4.746815461745078
    endloop
  endfacet
  facet normal 0.3212398094875059 -0.6304686248866391 -0.7066217501846239
    outer loop
      vertex 7.300000000000001 -7.885640646055101 2.6
      vertex 8.373522865790079 -9.745036792690462 4.747045731580156
      vertex 8.317065763747436 -9.780361566994856 4.752897367444247
    endloop
  endfacet
  facet normal 0.3853819406971215 -0.5934361481663708 -0.7066217501846243
    outer loop
      vertex 7.300000000000001 -7.885640646055101 2.6
      vertex 8.655452788304025 -9.568635409655634 4.752660819706963
      vertex 8.373522865790079 -9.745036792690462 4.747045731580156
    endloop
  endfacet
  facet normal 0.38538194069711984 -0.5934361481663722 -0.706621750184624
    outer loop
      vertex 7.300000000000001 -7.885640646055101 2.6
      vertex 7.394001099184198 -7.824595618475972 2.6
      vertex 8.655452788304025 -9.568635409655634 4.752660819706963
    endloop
  endfacet
  facet normal 0.3853819406971168 -0.5934361481663742 -0.7066217501846238
    outer loop
      vertex 7.394001099184198 -7.824595618475972 2.6
      vertex 7.40890359476985 -7.81677418542985 2.601559011691487
      vertex 8.655452788304025 -9.568635409655634 4.752660819706963
    endloop
  endfacet
  facet normal 0.3853819406971413 -0.5934361481663576 -0.7066217501846246
    outer loop
      vertex 7.40890359476985 -7.81677418542985 2.601559011691487
      vertex 7.416752399101124 -7.809820751554806 2.6
      vertex 8.655452788304025 -9.568635409655634 4.752660819706963
    endloop
  endfacet
  facet normal 0.3853819406971115 -0.5934361481663777 -0.7066217501846238
    outer loop
      vertex 7.416752399101124 -7.809820751554806 2.6
      vertex 7.440456403667959 -7.794427190999916 2.6
      vertex 8.655452788304025 -9.568635409655634 4.752660819706963
    endloop
  endfacet
  facet normal 0.38538194069712023 -0.5934361481663717 -0.7066217501846241
    outer loop
      vertex 7.440456403667959 -7.794427190999916 2.6
      vertex 8.702600525836697 -9.531619541781929 4.747287835559227
      vertex 8.655452788304025 -9.568635409655634 4.752660819706963
    endloop
  endfacet
  facet normal 0.44530174671811557 -0.5499018608222871 -0.706621750184624
    outer loop
      vertex 7.440456403667959 -7.794427190999916 2.6
      vertex 7.570608970174174 -7.689031720763831 2.6
      vertex 8.969417671493893 -9.32214038696052 4.752412449930031
    endloop
  endfacet
  facet normal 0.5003427336166827 -0.5003427336166715 -0.7066217501846243
    outer loop
      vertex 7.570608970174174 -7.689031720763831 2.6
      vertex 7.689031720763829 -7.570608970174173 2.6
      vertex 9.255403065736502 -9.04366938601106 4.75215225889589
    endloop
  endfacet
  facet normal 0.5499018608222862 -0.4453017467181176 -0.7066217501846236
    outer loop
      vertex 9.510168642241112 -8.73637759451938 4.7518802474242205
      vertex 7.689031720763829 -7.570608970174173 2.6
      vertex 7.69478185122772 -7.5635081504146084 2.6
    endloop
  endfacet
  facet normal 0.5499018608223526 -0.4453017467180495 -0.7066217501846147
    outer loop
      vertex 9.510168642241112 -8.73637759451938 4.7518802474242205
      vertex 7.69478185122772 -7.5635081504146084 2.6
      vertex 7.697617197073761 -7.560996253185273 2.6006235439722856
    endloop
  endfacet
  facet normal 0.5499018608222969 -0.44530174671810246 -0.7066217501846248
    outer loop
      vertex 9.510168642241112 -8.73637759451938 4.7518802474242205
      vertex 7.697617197073761 -7.560996253185273 2.6006235439722856
      vertex 7.702244036520376 -7.554293119015169 2.6
    endloop
  endfacet
  facet normal 0.44530174671811557 -0.5499018608222872 -0.706621750184624
    outer loop
      vertex 7.440456403667959 -7.794427190999916 2.6
      vertex 8.969417671493893 -9.32214038696052 4.752412449930031
      vertex 8.702600525836697 -9.531619541781929 4.747287835559227
    endloop
  endfacet
  facet normal 0.445301746718113 -0.5499018608222889 -0.7066217501846244
    outer loop
      vertex 7.570608970174174 -7.689031720763831 2.6
      vertex 9.007594901934993 -9.284966280210885 4.7475417775018895
      vertex 8.969417671493893 -9.32214038696052 4.752412449930031
    endloop
  endfacet
  facet normal 0.500342733616678 -0.5003427336166769 -0.7066217501846239
    outer loop
      vertex 7.570608970174174 -7.689031720763831 2.6
      vertex 9.255403065736502 -9.04366938601106 4.75215225889589
      vertex 9.007594901934993 -9.284966280210885 4.7475417775018895
    endloop
  endfacet
  facet normal 0.5003427336166772 -0.5003427336166772 -0.7066217501846241
    outer loop
      vertex 9.255403065736502 -9.04366938601106 4.75215225889589
      vertex 7.689031720763829 -7.570608970174173 2.6
      vertex 9.285163796150705 -9.00777274608602 4.747807561415131
    endloop
  endfacet
  facet normal 0.5499018608222883 -0.4453017467181138 -0.7066217501846243
    outer loop
      vertex 9.285163796150705 -9.00777274608602 4.747807561415131
      vertex 7.689031720763829 -7.570608970174173 2.6
      vertex 9.510168642241112 -8.73637759451938 4.7518802474242205
    endloop
  endfacet
  facet normal 0.5499018608222853 -0.44530174671811806 -0.7066217501846239
    outer loop
      vertex 9.510168642241112 -8.73637759451938 4.7518802474242205
      vertex 7.702244036520376 -7.554293119015169 2.6
      vertex 7.794427190999915 -7.440456403667957 2.6
    endloop
  endfacet
  facet normal 0.593436148166369 -0.38538194069712406 -0.7066217501846244
    outer loop
      vertex 9.730827805226774 -8.40374675127065 4.751596416371947
      vertex 7.794427190999915 -7.440456403667957 2.6
      vertex 7.885640646055101 -7.3 2.6
    endloop
  endfacet
  facet normal 0.5499018608222751 -0.4453017467181308 -0.7066217501846238
    outer loop
      vertex 9.510168642241112 -8.73637759451938 4.7518802474242205
      vertex 7.794427190999915 -7.440456403667957 2.6
      vertex 9.532264616283317 -8.703069199895687 4.7480851914934945
    endloop
  endfacet
  facet normal 0.5934361481663692 -0.38538194069712345 -0.7066217501846244
    outer loop
      vertex 9.532264616283317 -8.703069199895687 4.7480851914934945
      vertex 7.794427190999915 -7.440456403667957 2.6
      vertex 9.730827805226774 -8.40374675127065 4.751596416371947
    endloop
  endfacet
  facet normal 0.5934361481663519 -0.3853819406971513 -0.7066217501846237
    outer loop
      vertex 9.730827805226774 -8.40374675127065 4.751596416371947
      vertex 7.885640646055101 -7.3 2.6
      vertex 9.746187688957438 -8.374187336059624 4.7483746721192475
    endloop
  endfacet
  facet normal 0.6304686248866428 -0.32123980948749736 -0.7066217501846246
    outer loop
      vertex 9.746187688957438 -8.374187336059624 4.7483746721192475
      vertex 7.885640646055101 -7.3 2.6
      vertex 9.914880398205923 -8.04954569663142 4.751300766633221
    endloop
  endfacet
  facet normal 0.6304686248866467 -0.3212398094874905 -0.7066217501846244
    outer loop
      vertex 9.914880398205923 -8.04954569663142 4.751300766633221
      vertex 7.961672732228163 -7.15077862892128 2.6
      vertex 9.924585939156618 -8.0247238954168 4.748676007862534
    endloop
  endfacet
  facet normal 0.8229838658936891 -0.5680647467311085 0
    outer loop
      vertex 7.697617197073761 -7.560996253185273 0.8
      vertex 7.702244036520376 -7.554293119015169 2.6
      vertex 7.697617197073761 -7.560996253185273 2.6006235439722856
    endloop
  endfacet
  facet normal 0.6631226582408304 -0.74851074817107 0
    outer loop
      vertex 7.697617197073761 -7.560996253185273 0.8
      vertex 7.697617197073761 -7.560996253185273 2.6006235439722856
      vertex 7.69478185122772 -7.5635081504146084 2.6
    endloop
  endfacet
  facet normal 0.8229838658936565 -0.5680647467311557 2.6004526620464205e-16
    outer loop
      vertex 7.697617197073761 -7.560996253185273 0.8
      vertex 7.90783099170805 -7.25644899450073 2.6
      vertex 7.702244036520376 -7.554293119015169 2.6
    endloop
  endfacet
  facet normal 0.8229838658936548 -0.568064746731158 8.504738984272895e-16
    outer loop
      vertex 7.697617197073761 -7.560996253185273 0.8
      vertex 7.916729641045137 -7.243557075270029 0.8
      vertex 7.90783099170805 -7.25644899450073 2.6
    endloop
  endfacet
  facet normal 0.8229838658935997 -0.5680647467312379 0
    outer loop
      vertex 7.916729641045137 -7.243557075270029 0.8
      vertex 7.916729641045137 -7.243557075270029 2.6020787946775177
      vertex 7.90783099170805 -7.25644899450073 2.6
    endloop
  endfacet
  facet normal 0.9350162426854046 -0.35460488704256266 0
    outer loop
      vertex 7.916729641045137 -7.243557075270029 0.8
      vertex 7.923512269342179 -7.22567275427625 2.6
      vertex 7.916729641045137 -7.243557075270029 2.6020787946775177
    endloop
  endfacet
  facet normal 0.9350162426854159 -0.3546048870425329 -3.3900016818035714e-16
    outer loop
      vertex 7.916729641045137 -7.243557075270029 0.8
      vertex 8.046916190625776 -6.900283356026373 2.6
      vertex 7.923512269342179 -7.22567275427625 2.6
    endloop
  endfacet
  facet normal 0 0 -1
    outer loop
      vertex 7.702244036520376 -7.554293119015169 2.6
      vertex 7.90783099170805 -7.25644899450073 2.6
      vertex 7.794427190999915 -7.440456403667957 2.6
    endloop
  endfacet
  facet normal 0 0 -1
    outer loop
      vertex 7.794427190999915 -7.440456403667957 2.6
      vertex 7.90783099170805 -7.25644899450073 2.6
      vertex 7.885640646055101 -7.3 2.6
    endloop
  endfacet
  facet normal 0 0 -1
    outer loop
      vertex 7.923512269342179 -7.22567275427625 2.6
      vertex 8.046916190625776 -6.900283356026373 2.6
      vertex 7.961672732228163 -7.15077862892128 2.6
    endloop
  endfacet
  facet normal 0.6635709899475996 -0.2516592816176766 -0.7045148311253907
    outer loop
      vertex 7.2083648205225686 -6.871778537635015 0
      vertex 8.053506907881683 -6.882905062860093 0.8
      vertex 7.916729641045137 -7.243557075270029 0.8
    endloop
  endfacet
  facet normal 0.9350162426854156 -0.3546048870425336 -1.804889193935949e-16
    outer loop
      vertex 7.916729641045137 -7.243557075270029 0.8
      vertex 8.053506907881683 -6.882905062860093 0.8
      vertex 8.046916190625776 -6.900283356026373 2.6
    endloop
  endfacet
  facet normal 0.7045148311253902 -0.08554358800474324 -0.7045148311253907
    outer loop
      vertex 7.300000000000001 -6.5 0
      vertex 8.100000000000001 -6.5 0.8
      vertex 8.053506907881683 -6.882905062860093 0.8
    endloop
  endfacet
  facet normal 0.9350162426854216 -0.35460488704251764 0
    outer loop
      vertex 8.053506907881683 -6.882905062860093 0.8
      vertex 8.053506907881683 -6.882905062860093 2.6018708747372483
      vertex 8.046916190625776 -6.900283356026373 2.6
    endloop
  endfacet
  facet normal 0.9927088740980501 -0.12053668025535605 0
    outer loop
      vertex 8.053506907881683 -6.882905062860093 0.8
      vertex 8.05510972651609 -6.869704663790081 2.6
      vertex 8.053506907881683 -6.882905062860093 2.6018708747372483
    endloop
  endfacet
  facet normal 0.9927088740980536 -0.12053668025532543 -2.275671745544015e-16
    outer loop
      vertex 8.053506907881683 -6.882905062860093 0.8
      vertex 8.100000000000001 -6.5 2.6
      vertex 8.05510972651609 -6.869704663790081 2.6
    endloop
  endfacet
  facet normal 0.9927088740980536 -0.12053668025532652 -1.079485848889396e-18
    outer loop
      vertex 8.053506907881683 -6.882905062860093 0.8
      vertex 8.100000000000001 -6.5 0.8
      vertex 8.100000000000001 -6.5 2.6
    endloop
  endfacet
  facet normal 0 0 -1
    outer loop
      vertex 7.961672732228163 -7.15077862892128 2.6
      vertex 8.046916190625776 -6.900283356026373 2.6
      vertex 8.021690426072247 -6.994427190999916 2.6
    endloop
  endfacet
  facet normal 0 0 -1
    outer loop
      vertex 8.05510972651609 -6.869704663790081 2.6
      vertex 8.100000000000001 -6.5 2.6
      vertex 8.065036161174088 -6.832658705308415 2.6
    endloop
  endfacet
  facet normal 0 0 -1
    outer loop
      vertex 8.065036161174088 -6.832658705308415 2.6
      vertex 8.100000000000001 -6.5 2.6
      vertex 8.091235032589239 -6.667245541228246 2.6
    endloop
  endfacet
  facet normal 0.6304686248866482 -0.3212398094874849 -0.7066217501846255
    outer loop
      vertex 9.914880398205923 -8.04954569663142 4.751300766633221
      vertex 7.885640646055101 -7.3 2.6
      vertex 7.90783099170805 -7.25644899450073 2.6
    endloop
  endfacet
  facet normal 0.6304686248866022 -0.3212398094875897 -0.706621750184619
    outer loop
      vertex 9.914880398205923 -8.04954569663142 4.751300766633221
      vertex 7.90783099170805 -7.25644899450073 2.6
      vertex 7.916729641045137 -7.243557075270029 2.6020787946775177
    endloop
  endfacet
  facet normal 0.6304686248866335 -0.3212398094875129 -0.7066217501846259
    outer loop
      vertex 9.914880398205923 -8.04954569663142 4.751300766633221
      vertex 7.916729641045137 -7.243557075270029 2.6020787946775177
      vertex 7.923512269342179 -7.22567275427625 2.6
    endloop
  endfacet
  facet normal 0.6304686248866403 -0.32123980948750286 -0.7066217501846243
    outer loop
      vertex 9.914880398205923 -8.04954569663142 4.751300766633221
      vertex 7.923512269342179 -7.22567275427625 2.6
      vertex 7.961672732228163 -7.15077862892128 2.6
    endloop
  endfacet
  facet normal 0.6605935554186136 -0.2535781077013828 -0.7066217501846239
    outer loop
      vertex 7.961672732228163 -7.15077862892128 2.6
      vertex 8.021690426072247 -6.994427190999916 2.6
      vertex 10.06024103175643 -7.677787670082308 4.750993299139435
    endloop
  endfacet
  facet normal 0.6834808847193338 -0.18313815110264672 -0.7066217501846238
    outer loop
      vertex 8.021690426072247 -6.994427190999916 2.6
      vertex 8.046916190625776 -6.900283356026373 2.6
      vertex 10.165262711817 -7.29268483861109 4.7506740148592055
    endloop
  endfacet
  facet normal 0.6834808847193374 -0.18313815110263032 -0.7066217501846245
    outer loop
      vertex 8.046916190625776 -6.900283356026373 2.6
      vertex 8.053506907881683 -6.882905062860093 2.6018708747372483
      vertex 10.165262711817 -7.29268483861109 4.7506740148592055
    endloop
  endfacet
  facet normal 0.6834808847193288 -0.18313815110266818 -0.7066217501846233
    outer loop
      vertex 8.053506907881683 -6.882905062860093 2.6018708747372483
      vertex 8.05510972651609 -6.869704663790081 2.6
      vertex 10.165262711817 -7.29268483861109 4.7506740148592055
    endloop
  endfacet
  facet normal 0.6834808847193354 -0.18313815110263953 -0.7066217501846241
    outer loop
      vertex 8.05510972651609 -6.869704663790081 2.6
      vertex 8.065036161174088 -6.832658705308415 2.6
      vertex 10.165262711817 -7.29268483861109 4.7506740148592055
    endloop
  endfacet
  facet normal 0.6988798544194924 -0.11069169459633478 -0.7066217501846237
    outer loop
      vertex 8.065036161174088 -6.832658705308415 2.6
      vertex 8.091235032589239 -6.667245541228246 2.6
      vertex 10.228755500788015 -6.898600571177622 4.7503429147983685
    endloop
  endfacet
  facet normal 0.7066217501846243 -0.037032476720270865 -0.7066217501846238
    outer loop
      vertex 8.091235032589239 -6.667245541228246 2.6
      vertex 8.100000000000001 -6.5 2.6
      vertex 10.25 -6.5 4.75
    endloop
  endfacet
  facet normal 0.6605935554186146 -0.2535781077013799 -0.706621750184624
    outer loop
      vertex 9.924585939156618 -8.0247238954168 4.748676007862534
      vertex 7.961672732228163 -7.15077862892128 2.6
      vertex 10.06024103175643 -7.677787670082308 4.750993299139435
    endloop
  endfacet
  facet normal 0.6605935554186184 -0.25357810770137246 -0.706621750184623
    outer loop
      vertex 8.021690426072247 -6.994427190999916 2.6
      vertex 10.06550061149132 -7.6585013756040015 4.748989203481565
      vertex 10.06024103175643 -7.677787670082308 4.750993299139435
    endloop
  endfacet
  facet normal 0.6834808847193333 -0.18313815110264892 -0.7066217501846238
    outer loop
      vertex 8.021690426072247 -6.994427190999916 2.6
      vertex 10.165262711817 -7.29268483861109 4.7506740148592055
      vertex 10.06550061149132 -7.6585013756040015 4.748989203481565
    endloop
  endfacet
  facet normal 0.6834808847193485 -0.18313815110259005 -0.7066217501846241
    outer loop
      vertex 8.065036161174088 -6.832658705308415 2.6
      vertex 10.167382751653108 -7.27952626801933 4.74931426392279
      vertex 10.165262711817 -7.29268483861109 4.7506740148592055
    endloop
  endfacet
  facet normal 0.6988798544194925 -0.11069169459633417 -0.7066217501846237
    outer loop
      vertex 8.065036161174088 -6.832658705308415 2.6
      vertex 10.228755500788015 -6.898600571177622 4.7503429147983685
      vertex 10.167382751653108 -7.27952626801933 4.74931426392279
    endloop
  endfacet
  facet normal 0.6988798544194764 -0.11069169459644848 -0.7066217501846217
    outer loop
      vertex 8.091235032589239 -6.667245541228246 2.6
      vertex 10.229110212746125 -6.8919452771321055 4.749651194321093
      vertex 10.228755500788015 -6.898600571177622 4.7503429147983685
    endloop
  endfacet
  facet normal 0.7066217501846243 -0.03703247672026792 -0.7066217501846241
    outer loop
      vertex 8.091235032589239 -6.667245541228246 2.6
      vertex 10.25 -6.5 4.75
      vertex 10.229110212746125 -6.8919452771321055 4.749651194321093
    endloop
  endfacet
  facet normal 0 0 -1
    outer loop
      vertex 6.954451797384927 -7.158387092714925 0
      vertex 6.954451797384927 7.158387092714925 0
      vertex 7.300000000000001 -6.5 0
    endloop
  endfacet
  facet normal 0.7071067811865471 2.4155268595135008e-18 -0.7071067811865478
    outer loop
      vertex 7.300000000000001 -6.5 0
      vertex 8.100000000000001 6.5 0.8
      vertex 8.100000000000001 -6.5 0.8
    endloop
  endfacet
  facet normal 1 0 0
    outer loop
      vertex 8.100000000000001 -6.5 0.8
      vertex 8.100000000000001 6.5 2.6
      vertex 8.100000000000001 -6.5 2.6
    endloop
  endfacet
  facet normal 0.7071067811865478 4.347948347124299e-17 -0.7071067811865474
    outer loop
      vertex 8.100000000000001 -6.5 2.6
      vertex 10.25 6.5 4.750000000000001
      vertex 10.25 -6.5 4.75
    endloop
  endfacet
  facet normal 0 0 -1
    outer loop
      vertex -6.7836839096340285 7.248012994148333 0
      vertex 6.59642934420426 7.294167099278443 0
      vertex 6.954451797384927 7.158387092714925 0
    endloop
  endfacet
  facet normal 0 0.7096892649070876 -0.7045148311253905
    outer loop
      vertex -6.692858688408517 8.088334198556886 0.8
      vertex 6.692858688408517 8.088334198556886 0.8
      vertex 6.59642934420426 7.294167099278443 0
    endloop
  endfacet
  facet normal 0 1 0
    outer loop
      vertex -6.685560686493833 8.088334198556886 2.6
      vertex 6.685560686493833 8.088334198556886 2.6
      vertex 6.692858688408517 8.088334198556886 0.8
    endloop
  endfacet
  facet normal 0 0 -1
    outer loop
      vertex -6.685560686493833 8.088334198556886 2.6
      vertex 6.5 8.100000000000001 2.6
      vertex 6.667245541228247 8.091235032589239 2.6
    endloop
  endfacet
  facet normal 0 0 -1
    outer loop
      vertex -6.685560686493833 8.088334198556886 2.6
      vertex 6.667245541228247 8.091235032589239 2.6
      vertex 6.685560686493833 8.088334198556886 2.6
    endloop
  endfacet
  facet normal -4.868438441110675e-17 0.7071067811865477 -0.7071067811865475
    outer loop
      vertex -6.5 10.248671041712946 4.748671041712946
      vertex 6.400173044608344 10.248671041712946 4.748671041712945
      vertex 6.5 8.100000000000001 2.6
    endloop
  endfacet
  facet normal 0 0 -1
    outer loop
      vertex 7.300000000000001 -6.5 0
      vertex 6.954451797384927 7.158387092714925 0
      vertex 7.300000000000001 6.5 0
    endloop
  endfacet
  facet normal 0.7071067811865471 0 -0.7071067811865478
    outer loop
      vertex 7.300000000000001 -6.5 0
      vertex 7.300000000000001 6.5 0
      vertex 8.100000000000001 6.5 0.8
    endloop
  endfacet
  facet normal 1 0 0
    outer loop
      vertex 8.100000000000001 -6.5 0.8
      vertex 8.100000000000001 6.5 0.8
      vertex 8.100000000000001 6.5 2.6
    endloop
  endfacet
  facet normal 0.7071067811865478 0 -0.7071067811865471
    outer loop
      vertex 8.100000000000001 -6.5 2.6
      vertex 8.100000000000001 6.5 2.6
      vertex 10.25 6.5 4.750000000000001
    endloop
  endfacet
  facet normal 0.24712727676428328 0.6516210752546724 -0.7171597335064303
    outer loop
      vertex 6.59642934420426 7.294167099278443 0
      vertex 7.067367819268057 7.996025988296665 0.8
      vertex 6.954451797384927 7.158387092714925 0
    endloop
  endfacet
  facet normal 0 0 -1
    outer loop
      vertex 6.954451797384927 7.158387092714925 0
      vertex 7.2083648205225686 6.8717785376350164 0
      vertex 7.300000000000001 6.5 0
    endloop
  endfacet
  facet normal 0.6766579254963352 0.16678119947998715 -0.7171597335064294
    outer loop
      vertex 7.300000000000001 6.5 0
      vertex 7.2083648205225686 6.8717785376350164 0
      vertex 8.053506907881683 6.882905062860093 0.8
    endloop
  endfacet
  facet normal 0.5216437493771262 0.4621360355704383 -0.717159733506429
    outer loop
      vertex 6.954451797384927 7.158387092714925 0
      vertex 7.697617197073761 7.560996253185273 0.8
      vertex 7.2083648205225686 6.8717785376350164 0
    endloop
  endfacet
  facet normal 0.3298090463530347 0.6283986359533767 -0.7045148311253904
    outer loop
      vertex 6.954451797384927 7.158387092714925 0
      vertex 7.067367819268057 7.996025988296665 0.8
      vertex 7.40890359476985 7.81677418542985 0.8
    endloop
  endfacet
  facet normal 0.47061103187014425 0.5312100426446033 -0.70451483112539
    outer loop
      vertex 6.954451797384927 7.158387092714925 0
      vertex 7.40890359476985 7.81677418542985 0.8
      vertex 7.697617197073761 7.560996253185273 0.8
    endloop
  endfacet
  facet normal 0.5840628148164614 0.40314945252726675 -0.7045148311253902
    outer loop
      vertex 7.2083648205225686 6.8717785376350164 0
      vertex 7.697617197073761 7.560996253185273 0.8
      vertex 7.916729641045137 7.243557075270029 0.8
    endloop
  endfacet
  facet normal 0.6631226582407919 0.7485107481711042 -4.702909510832863e-16
    outer loop
      vertex 7.416752399101128 7.809820751554803 2.6
      vertex 7.69478185122772 7.563508150414609 2.6
      vertex 7.697617197073761 7.560996253185273 0.8
    endloop
  endfacet
  facet normal 0 0 -1
    outer loop
      vertex 7.416752399101128 7.809820751554803 2.6
      vertex 7.689031720763829 7.570608970174174 2.6
      vertex 7.69478185122772 7.563508150414609 2.6
    endloop
  endfacet
  facet normal 0.23931566428763784 0.9709418174260322 0
    outer loop
      vertex 6.692858688408517 8.088334198556886 0.8
      vertex 6.692858688408517 8.088334198556886 2.601143225776581
      vertex 6.7059798717298165 8.0851001173314 2.6
    endloop
  endfacet
  facet normal 0 1 0
    outer loop
      vertex 6.692858688408517 8.088334198556886 0.8
      vertex 6.685560686493833 8.088334198556886 2.6
      vertex 6.692858688408517 8.088334198556886 2.601143225776581
    endloop
  endfacet
  facet normal 0.16983975786898517 0.6890669846766474 -0.7045148311253905
    outer loop
      vertex 6.59642934420426 7.294167099278443 0
      vertex 6.692858688408517 8.088334198556886 0.8
      vertex 7.067367819268057 7.996025988296665 0.8
    endloop
  endfacet
  facet normal 0.23931566428755346 0.9709418174260531 6.521826561659027e-16
    outer loop
      vertex 6.692858688408517 8.088334198556886 0.8
      vertex 6.7059798717298165 8.0851001173314 2.6
      vertex 7.067367819268057 7.996025988296665 0.8
    endloop
  endfacet
  facet normal 0.23931566428754936 0.9709418174260541 -2.2679646832495366e-16
    outer loop
      vertex 6.7059798717298165 8.0851001173314 2.6
      vertex 7.050373051342021 8.0002148223778 2.6
      vertex 7.067367819268057 7.996025988296665 0.8
    endloop
  endfacet
  facet normal 0 0 -1
    outer loop
      vertex 6.7059798717298165 8.0851001173314 2.6
      vertex 6.832658705308415 8.065036161174088 2.6
      vertex 6.9944271909999145 8.021690426072247 2.6
    endloop
  endfacet
  facet normal 0 0 -1
    outer loop
      vertex 6.7059798717298165 8.0851001173314 2.6
      vertex 6.9944271909999145 8.021690426072247 2.6
      vertex 7.050373051342021 8.0002148223778 2.6
    endloop
  endfacet
  facet normal 0.037032476720270484 0.7066217501846245 -0.7066217501846236
    outer loop
      vertex 6.5 8.100000000000001 2.6
      vertex 6.7991978958240615 10.238045026365313 4.7537253236516115
      vertex 6.667245541228247 8.091235032589239 2.6
    endloop
  endfacet
  facet normal 0.11069169459634728 0.6988798544194896 -0.7066217501846246
    outer loop
      vertex 6.685560686493833 8.088334198556886 2.6
      vertex 7.19483271532668 10.185065467221953 4.753536071152446
      vertex 6.692858688408517 8.088334198556886 2.601143225776581
    endloop
  endfacet
  facet normal 0.1106916945963935 0.6988798544194804 -0.7066217501846264
    outer loop
      vertex 6.7059798717298165 8.0851001173314 2.6
      vertex 6.692858688408517 8.088334198556886 2.601143225776581
      vertex 7.19483271532668 10.185065467221953 4.753536071152446
    endloop
  endfacet
  facet normal 0.11069169459634343 0.6988798544194904 -0.7066217501846245
    outer loop
      vertex 6.667245541228247 8.091235032589239 2.6
      vertex 7.19483271532668 10.185065467221953 4.753536071152446
      vertex 6.685560686493833 8.088334198556886 2.6
    endloop
  endfacet
  facet normal 0.11069169459632805 0.6988798544194932 -0.706621750184624
    outer loop
      vertex 6.7059798717298165 8.0851001173314 2.6
      vertex 7.19483271532668 10.185065467221953 4.753536071152446
      vertex 6.832658705308415 8.065036161174088 2.6
    endloop
  endfacet
  facet normal 0.464723172043772 0.8854560256532081 -3.9200313632000464e-16
    outer loop
      vertex 7.067367819268057 7.996025988296665 0.8
      vertex 7.083929777459435 7.987333602087791 2.6
      vertex 7.40890359476985 7.81677418542985 0.8
    endloop
  endfacet
  facet normal 0.2393156642875718 0.9709418174260485 0
    outer loop
      vertex 7.067367819268057 7.996025988296665 0.8
      vertex 7.050373051342021 8.0002148223778 2.6
      vertex 7.067367819268057 7.996025988296665 2.6021827580206676
    endloop
  endfacet
  facet normal 0.46472317204373853 0.8854560256532256 0
    outer loop
      vertex 7.067367819268057 7.996025988296665 0.8
      vertex 7.067367819268057 7.996025988296665 2.6021827580206676
      vertex 7.083929777459435 7.987333602087791 2.6
    endloop
  endfacet
  facet normal 0.4647231720437726 0.8854560256532077 -2.518930159969608e-16
    outer loop
      vertex 7.40890359476985 7.81677418542985 0.8
      vertex 7.083929777459435 7.987333602087791 2.6
      vertex 7.3940010991841945 7.824595618475975 2.6
    endloop
  endfacet
  facet normal 0.6631226582407953 0.7485107481711011 4.792154433899016e-16
    outer loop
      vertex 7.40890359476985 7.81677418542985 0.8
      vertex 7.416752399101128 7.809820751554803 2.6
      vertex 7.697617197073761 7.560996253185273 0.8
    endloop
  endfacet
  facet normal 0.4647231720437965 0.8854560256531953 0
    outer loop
      vertex 7.40890359476985 7.81677418542985 0.8
      vertex 7.3940010991841945 7.824595618475975 2.6
      vertex 7.40890359476985 7.81677418542985 2.601559011691487
    endloop
  endfacet
  facet normal 0.6631226582408567 0.7485107481710465 0
    outer loop
      vertex 7.40890359476985 7.81677418542985 0.8
      vertex 7.40890359476985 7.81677418542985 2.601559011691487
      vertex 7.416752399101128 7.809820751554803 2.6
    endloop
  endfacet
  facet normal 0 0 -1
    outer loop
      vertex 7.083929777459435 7.987333602087791 2.6
      vertex 7.15077862892128 7.961672732228163 2.6
      vertex 7.300000000000001 7.885640646055101 2.6
    endloop
  endfacet
  facet normal 0 0 -1
    outer loop
      vertex 7.083929777459435 7.987333602087791 2.6
      vertex 7.300000000000001 7.885640646055101 2.6
      vertex 7.3940010991841945 7.824595618475975 2.6
    endloop
  endfacet
  facet normal 0 0 -1
    outer loop
      vertex 7.440456403667959 7.794427190999915 2.6
      vertex 7.570608970174174 7.689031720763829 2.6
      vertex 7.416752399101128 7.809820751554803 2.6
    endloop
  endfacet
  facet normal 0 0 -1
    outer loop
      vertex 7.416752399101128 7.809820751554803 2.6
      vertex 7.570608970174174 7.689031720763829 2.6
      vertex 7.689031720763829 7.570608970174174 2.6
    endloop
  endfacet
  facet normal 0.18313815110264683 0.6834808847193335 -0.706621750184624
    outer loop
      vertex 6.832658705308415 8.065036161174088 2.6
      vertex 7.58259480252358 10.090332643857522 4.753334993856318
      vertex 6.9944271909999145 8.021690426072247 2.6
    endloop
  endfacet
  facet normal 0.2535781077013718 0.6605935554186182 -0.7066217501846236
    outer loop
      vertex 6.9944271909999145 8.021690426072247 2.6
      vertex 7.95809065802495 9.954919917014049 4.753122092396682
      vertex 7.050373051342021 8.0002148223778 2.6
    endloop
  endfacet
  facet normal 0.25357810770139266 0.6605935554186093 -0.7066217501846244
    outer loop
      vertex 7.050373051342021 8.0002148223778 2.6
      vertex 7.95809065802495 9.954919917014049 4.753122092396682
      vertex 7.067367819268057 7.996025988296665 2.6021827580206676
    endloop
  endfacet
  facet normal 0.25357810770136 0.660593555418623 -0.7066217501846233
    outer loop
      vertex 7.067367819268057 7.996025988296665 2.6021827580206676
      vertex 7.95809065802495 9.954919917014049 4.753122092396682
      vertex 7.083929777459435 7.987333602087791 2.6
    endloop
  endfacet
  facet normal 0.2535781077013898 0.6605935554186108 -0.7066217501846241
    outer loop
      vertex 7.083929777459435 7.987333602087791 2.6
      vertex 7.95809065802495 9.954919917014049 4.753122092396682
      vertex 7.15077862892128 7.961672732228163 2.6
    endloop
  endfacet
  facet normal 0.3212398094875044 0.6304686248866391 -0.7066217501846246
    outer loop
      vertex 7.15077862892128 7.961672732228163 2.6
      vertex 8.317065763747436 9.780361566994856 4.752897367444245
      vertex 7.300000000000001 7.885640646055101 2.6
    endloop
  endfacet
  facet normal 1.2602897862758154e-14 0.7071067811865478 -0.7071067811865471
    outer loop
      vertex 6.400173044608344 10.248671041712946 4.748671041712945
      vertex 6.5 10.246012654003842 4.7460126540038425
      vertex 6.5 8.100000000000001 2.6
    endloop
  endfacet
  facet normal 0.0370324767202712 0.7066217501846245 -0.7066217501846237
    outer loop
      vertex 6.5 8.100000000000001 2.6
      vertex 6.5 10.246012654003842 4.7460126540038425
      vertex 6.7991978958240615 10.238045026365313 4.7537253236516115
    endloop
  endfacet
  facet normal 0.037032476720249154 0.7066217501846258 -0.7066217501846236
    outer loop
      vertex 6.667245541228247 8.091235032589239 2.6
      vertex 6.7991978958240615 10.238045026365313 4.7537253236516115
      vertex 6.891584071437968 10.225673570129185 4.7461956217158585
    endloop
  endfacet
  facet normal 0.11069169459633216 0.6988798544194926 -0.706621750184624
    outer loop
      vertex 6.667245541228247 8.091235032589239 2.6
      vertex 6.891584071437968 10.225673570129185 4.7461956217158585
      vertex 7.19483271532668 10.185065467221953 4.753536071152446
    endloop
  endfacet
  facet normal 0.11069169459634164 0.698879854419491 -0.7066217501846244
    outer loop
      vertex 6.832658705308415 8.065036161174088 2.6
      vertex 7.19483271532668 10.185065467221953 4.753536071152446
      vertex 7.278918364640774 10.164522791114706 4.746390410164669
    endloop
  endfacet
  facet normal 0.1831381511026445 0.6834808847193344 -0.7066217501846238
    outer loop
      vertex 6.832658705308415 8.065036161174088 2.6
      vertex 7.278918364640774 10.164522791114706 4.746390410164669
      vertex 7.58259480252358 10.090332643857522 4.753334993856318
    endloop
  endfacet
  facet normal 0.18313815110265946 0.6834808847193299 -0.7066217501846245
    outer loop
      vertex 6.9944271909999145 8.021690426072247 2.6
      vertex 7.58259480252358 10.090332643857522 4.753334993856318
      vertex 7.657762151002867 10.06322551210614 4.74659702242166
    endloop
  endfacet
  facet normal 0.25357810770138 0.6605935554186145 -0.706621750184624
    outer loop
      vertex 6.9944271909999145 8.021690426072247 2.6
      vertex 7.657762151002867 10.06322551210614 4.74659702242166
      vertex 7.95809065802495 9.954919917014049 4.753122092396682
    endloop
  endfacet
  facet normal 0.7045148311253902 0.08554358800474339 -0.7045148311253907
    outer loop
      vertex 7.300000000000001 6.5 0
      vertex 8.053506907881683 6.882905062860093 0.8
      vertex 8.100000000000001 6.5 0.8
    endloop
  endfacet
  facet normal 0.6635709899475998 0.2516592816176766 -0.7045148311253904
    outer loop
      vertex 7.2083648205225686 6.8717785376350164 0
      vertex 7.916729641045137 7.243557075270029 0.8
      vertex 8.053506907881683 6.882905062860093 0.8
    endloop
  endfacet
  facet normal 0.9350162426854144 0.35460488704253673 -5.607228825898857e-16
    outer loop
      vertex 8.053506907881683 6.882905062860093 0.8
      vertex 7.923512269342176 7.225672754276257 2.6
      vertex 8.046916190625776 6.9002833560263745 2.6
    endloop
  endfacet
  facet normal 0.9927088740980536 0.12053668025532543 0
    outer loop
      vertex 8.100000000000001 6.5 0.8
      vertex 8.05510972651609 6.869704663790081 2.6
      vertex 8.100000000000001 6.5 2.6
    endloop
  endfacet
  facet normal 0.9927088740980536 0.12053668025532652 -2.2160949225877884e-16
    outer loop
      vertex 8.100000000000001 6.5 0.8
      vertex 8.053506907881683 6.882905062860093 0.8
      vertex 8.05510972651609 6.869704663790081 2.6
    endloop
  endfacet
  facet normal 0.9927088740980501 0.12053668025535605 0
    outer loop
      vertex 8.053506907881683 6.882905062860093 0.8
      vertex 8.053506907881683 6.882905062860093 2.6018708747372483
      vertex 8.05510972651609 6.869704663790081 2.6
    endloop
  endfacet
  facet normal 0.9350162426854336 0.3546048870424859 0
    outer loop
      vertex 8.053506907881683 6.882905062860093 0.8
      vertex 8.046916190625776 6.9002833560263745 2.6
      vertex 8.053506907881683 6.882905062860093 2.6018708747372483
    endloop
  endfacet
  facet normal 0 0 -1
    outer loop
      vertex 8.046916190625776 6.9002833560263745 2.6
      vertex 7.923512269342176 7.225672754276257 2.6
      vertex 8.021690426072247 6.9944271909999145 2.6
    endloop
  endfacet
  facet normal 0 0 -1
    outer loop
      vertex 8.100000000000001 6.5 2.6
      vertex 8.065036161174088 6.832658705308415 2.6
      vertex 8.091235032589239 6.667245541228247 2.6
    endloop
  endfacet
  facet normal 0 0 -1
    outer loop
      vertex 8.100000000000001 6.5 2.6
      vertex 8.05510972651609 6.869704663790081 2.6
      vertex 8.065036161174088 6.832658705308415 2.6
    endloop
  endfacet
  facet normal 0.8229838658936588 0.5680647467311524 6.813266435106848e-16
    outer loop
      vertex 7.916729641045137 7.243557075270029 0.8
      vertex 7.70224403652038 7.554293119015167 2.6
      vertex 7.907830991708053 7.256448994500726 2.6
    endloop
  endfacet
  facet normal 0.9350162426854156 0.3546048870425336 1.153961697366163e-16
    outer loop
      vertex 8.053506907881683 6.882905062860093 0.8
      vertex 7.916729641045137 7.243557075270029 0.8
      vertex 7.923512269342176 7.225672754276257 2.6
    endloop
  endfacet
  facet normal 0.9350162426854195 0.3546048870425235 0
    outer loop
      vertex 7.916729641045137 7.243557075270029 0.8
      vertex 7.916729641045137 7.243557075270029 2.602078794677517
      vertex 7.923512269342176 7.225672754276257 2.6
    endloop
  endfacet
  facet normal 0.8229838658936143 0.5680647467312168 0
    outer loop
      vertex 7.916729641045137 7.243557075270029 0.8
      vertex 7.907830991708053 7.256448994500726 2.6
      vertex 7.916729641045137 7.243557075270029 2.602078794677517
    endloop
  endfacet
  facet normal 0.8229838658936548 0.568064746731158 -7.990519754291275e-16
    outer loop
      vertex 7.916729641045137 7.243557075270029 0.8
      vertex 7.697617197073761 7.560996253185273 0.8
      vertex 7.70224403652038 7.554293119015167 2.6
    endloop
  endfacet
  facet normal 0.8229838658935555 0.5680647467313018 0
    outer loop
      vertex 7.697617197073761 7.560996253185273 0.8
      vertex 7.697617197073761 7.560996253185273 2.6006235439722856
      vertex 7.70224403652038 7.554293119015167 2.6
    endloop
  endfacet
  facet normal 0.6631226582409617 0.7485107481709535 0
    outer loop
      vertex 7.697617197073761 7.560996253185273 0.8
      vertex 7.69478185122772 7.563508150414609 2.6
      vertex 7.697617197073761 7.560996253185273 2.6006235439722856
    endloop
  endfacet
  facet normal 0 0 -1
    outer loop
      vertex 8.021690426072247 6.9944271909999145 2.6
      vertex 7.923512269342176 7.225672754276257 2.6
      vertex 7.961672732228163 7.15077862892128 2.6
    endloop
  endfacet
  facet normal 0 0 -1
    outer loop
      vertex 7.885640646055101 7.300000000000001 2.6
      vertex 7.70224403652038 7.554293119015167 2.6
      vertex 7.794427190999915 7.440456403667959 2.6
    endloop
  endfacet
  facet normal 0 0 -1
    outer loop
      vertex 7.907830991708053 7.256448994500726 2.6
      vertex 7.70224403652038 7.554293119015167 2.6
      vertex 7.885640646055101 7.300000000000001 2.6
    endloop
  endfacet
  facet normal 0.7066217501846241 0.03703247672027047 -0.7066217501846241
    outer loop
      vertex 8.100000000000001 6.5 2.6
      vertex 8.091235032589239 6.667245541228247 2.6
      vertex 10.229110212746125 6.891945277132102 4.749651194321093
    endloop
  endfacet
  facet normal 0.6988798544194919 0.11069169459633588 -0.7066217501846241
    outer loop
      vertex 8.091235032589239 6.667245541228247 2.6
      vertex 8.065036161174088 6.832658705308415 2.6
      vertex 10.167382751653111 7.279526268019328 4.749314263922791
    endloop
  endfacet
  facet normal 0.6834808847193357 0.18313815110263962 -0.706621750184624
    outer loop
      vertex 8.065036161174088 6.832658705308415 2.6
      vertex 8.05510972651609 6.869704663790081 2.6
      vertex 10.165262711817 7.292684838611091 4.750674014859206
    endloop
  endfacet
  facet normal 0.6834808847193415 0.18313815110261308 -0.706621750184625
    outer loop
      vertex 8.053506907881683 6.882905062860093 2.6018708747372483
      vertex 8.046916190625776 6.9002833560263745 2.6
      vertex 10.165262711817 7.292684838611091 4.750674014859206
    endloop
  endfacet
  facet normal 0.6834808847193289 0.18313815110266812 -0.706621750184623
    outer loop
      vertex 8.05510972651609 6.869704663790081 2.6
      vertex 8.053506907881683 6.882905062860093 2.6018708747372483
      vertex 10.165262711817 7.292684838611091 4.750674014859206
    endloop
  endfacet
  facet normal 0.6304686248866408 0.3212398094875024 -0.706621750184624
    outer loop
      vertex 7.961672732228163 7.15077862892128 2.6
      vertex 7.923512269342176 7.225672754276257 2.6
      vertex 9.914880398205923 8.04954569663142 4.751300766633221
    endloop
  endfacet
  facet normal 0.6304686248866468 0.3212398094874894 -0.7066217501846247
    outer loop
      vertex 7.923512269342176 7.225672754276257 2.6
      vertex 7.916729641045137 7.243557075270029 2.602078794677517
      vertex 9.914880398205923 8.04954569663142 4.751300766633221
    endloop
  endfacet
  facet normal 0.63046862488661 0.32123980948757014 -0.7066217501846208
    outer loop
      vertex 7.916729641045137 7.243557075270029 2.602078794677517
      vertex 7.907830991708053 7.256448994500726 2.6
      vertex 9.914880398205923 8.04954569663142 4.751300766633221
    endloop
  endfacet
  facet normal 0.6304686248866443 0.32123980948749414 -0.7066217501846247
    outer loop
      vertex 7.907830991708053 7.256448994500726 2.6
      vertex 7.885640646055101 7.300000000000001 2.6
      vertex 9.914880398205923 8.04954569663142 4.751300766633221
    endloop
  endfacet
  facet normal 0.6834808847193322 0.18313815110265322 -0.7066217501846237
    outer loop
      vertex 8.046916190625776 6.9002833560263745 2.6
      vertex 8.021690426072247 6.9944271909999145 2.6
      vertex 10.06550061149132 7.658501375604001 4.748989203481566
    endloop
  endfacet
  facet normal 0.6605935554186145 0.2535781077013803 -0.706621750184624
    outer loop
      vertex 8.021690426072247 6.9944271909999145 2.6
      vertex 7.961672732228163 7.15077862892128 2.6
      vertex 10.06024103175643 7.67778767008231 4.750993299139436
    endloop
  endfacet
  facet normal 0.7066217501846246 0.03703247672026667 -0.7066217501846239
    outer loop
      vertex 8.100000000000001 6.5 2.6
      vertex 10.229110212746125 6.891945277132102 4.749651194321093
      vertex 10.25 6.5 4.750000000000001
    endloop
  endfacet
  facet normal 0.6988798544194695 0.11069169459650292 -0.7066217501846199
    outer loop
      vertex 8.091235032589239 6.667245541228247 2.6
      vertex 10.228755500788015 6.898600571177621 4.750342914798369
      vertex 10.229110212746125 6.891945277132102 4.749651194321093
    endloop
  endfacet
  facet normal 0.6988798544194936 0.11069169459632829 -0.7066217501846237
    outer loop
      vertex 8.091235032589239 6.667245541228247 2.6
      vertex 10.167382751653111 7.279526268019328 4.749314263922791
      vertex 10.228755500788015 6.898600571177621 4.750342914798369
    endloop
  endfacet
  facet normal 0.6834808847193332 0.18313815110264975 -0.7066217501846236
    outer loop
      vertex 8.046916190625776 6.9002833560263745 2.6
      vertex 10.06550061149132 7.658501375604001 4.748989203481566
      vertex 10.165262711817 7.292684838611091 4.750674014859206
    endloop
  endfacet
  facet normal 0.6834808847193146 0.18313815110272894 -0.7066217501846213
    outer loop
      vertex 8.065036161174088 6.832658705308415 2.6
      vertex 10.165262711817 7.292684838611091 4.750674014859206
      vertex 10.167382751653111 7.279526268019328 4.749314263922791
    endloop
  endfacet
  facet normal 0.6605935554186279 0.25357810770133893 -0.7066217501846265
    outer loop
      vertex 8.021690426072247 6.9944271909999145 2.6
      vertex 10.06024103175643 7.67778767008231 4.750993299139436
      vertex 10.06550061149132 7.658501375604001 4.748989203481566
    endloop
  endfacet
  facet normal 0.6605935554186158 0.2535781077013765 -0.7066217501846243
    outer loop
      vertex 7.961672732228163 7.15077862892128 2.6
      vertex 9.924585939156618 8.024723895416802 4.748676007862533
      vertex 10.06024103175643 7.67778767008231 4.750993299139436
    endloop
  endfacet
  facet normal 0.4453017467181177 0.5499018608222851 -0.7066217501846241
    outer loop
      vertex 7.440456403667959 7.794427190999915 2.6
      vertex 8.969417671493893 9.32214038696052 4.752412449930031
      vertex 7.570608970174174 7.689031720763829 2.6
    endloop
  endfacet
  facet normal 0.5499018608222828 0.44530174671812145 -0.7066217501846237
    outer loop
      vertex 7.69478185122772 7.563508150414609 2.6
      vertex 7.689031720763829 7.570608970174174 2.6
      vertex 9.510168642241112 8.736377594519382 4.751880247424221
    endloop
  endfacet
  facet normal 0.5499018608223982 0.44530174671796224 -0.7066217501846342
    outer loop
      vertex 7.69478185122772 7.563508150414609 2.6
      vertex 9.510168642241112 8.736377594519382 4.751880247424221
      vertex 7.697617197073761 7.560996253185273 2.6006235439722856
    endloop
  endfacet
  facet normal 0.5499018608222132 0.44530174671821726 -0.7066217501846176
    outer loop
      vertex 7.70224403652038 7.554293119015167 2.6
      vertex 7.697617197073761 7.560996253185273 2.6006235439722856
      vertex 9.510168642241112 8.736377594519382 4.751880247424221
    endloop
  endfacet
  facet normal 0.5003427336166772 0.5003427336166772 -0.7066217501846243
    outer loop
      vertex 7.570608970174174 7.689031720763829 2.6
      vertex 9.255403065736502 9.04366938601106 4.752152258895889
      vertex 7.689031720763829 7.570608970174174 2.6
    endloop
  endfacet
  facet normal 0.3853819406972 0.593436148166318 -0.7066217501846259
    outer loop
      vertex 7.416752399101128 7.809820751554803 2.6
      vertex 7.40890359476985 7.81677418542985 2.601559011691487
      vertex 8.655452788304025 9.568635409655634 4.752660819706964
    endloop
  endfacet
  facet normal 0.3853819406971273 0.5934361481663672 -0.7066217501846239
    outer loop
      vertex 7.3940010991841945 7.824595618475975 2.6
      vertex 8.655452788304025 9.568635409655634 4.752660819706964
      vertex 7.40890359476985 7.81677418542985 2.601559011691487
    endloop
  endfacet
  facet normal 0.3853819406971053 0.5934361481663819 -0.7066217501846238
    outer loop
      vertex 7.440456403667959 7.794427190999915 2.6
      vertex 7.416752399101128 7.809820751554803 2.6
      vertex 8.655452788304025 9.568635409655634 4.752660819706964
    endloop
  endfacet
  facet normal 0.38538194069711834 0.5934361481663735 -0.7066217501846238
    outer loop
      vertex 7.300000000000001 7.885640646055101 2.6
      vertex 8.655452788304025 9.568635409655634 4.752660819706964
      vertex 7.3940010991841945 7.824595618475975 2.6
    endloop
  endfacet
  facet normal 0.3853819406971113 0.5934361481663786 -0.7066217501846233
    outer loop
      vertex 7.440456403667959 7.794427190999915 2.6
      vertex 8.655452788304025 9.568635409655634 4.752660819706964
      vertex 8.702600525836697 9.531619541781929 4.747287835559227
    endloop
  endfacet
  facet normal 0.5934361481663704 0.3853819406971219 -0.7066217501846243
    outer loop
      vertex 7.885640646055101 7.300000000000001 2.6
      vertex 7.794427190999915 7.440456403667959 2.6
      vertex 9.730827805226774 8.40374675127065 4.751596416371947
    endloop
  endfacet
  facet normal 0.5499018608222868 0.445301746718116 -0.7066217501846239
    outer loop
      vertex 7.794427190999915 7.440456403667959 2.6
      vertex 7.70224403652038 7.554293119015167 2.6
      vertex 9.510168642241112 8.736377594519382 4.751880247424221
    endloop
  endfacet
  facet normal 0.5499018608222972 0.44530174671810313 -0.706621750184624
    outer loop
      vertex 7.794427190999915 7.440456403667959 2.6
      vertex 9.510168642241112 8.736377594519382 4.751880247424221
      vertex 9.532264616283317 8.703069199895687 4.748085191493496
    endloop
  endfacet
  facet normal 0.4453017467181153 0.5499018608222874 -0.706621750184624
    outer loop
      vertex 7.440456403667959 7.794427190999915 2.6
      vertex 8.702600525836697 9.531619541781929 4.747287835559227
      vertex 8.969417671493893 9.32214038696052 4.752412449930031
    endloop
  endfacet
  facet normal 0.4453017467181307 0.5499018608222741 -0.7066217501846245
    outer loop
      vertex 7.570608970174174 7.689031720763829 2.6
      vertex 8.969417671493893 9.32214038696052 4.752412449930031
      vertex 9.007594901934993 9.284966280210885 4.747541777501891
    endloop
  endfacet
  facet normal 0.5003427336166743 0.5003427336166806 -0.7066217501846238
    outer loop
      vertex 7.570608970174174 7.689031720763829 2.6
      vertex 9.007594901934993 9.284966280210885 4.747541777501891
      vertex 9.255403065736502 9.04366938601106 4.752152258895889
    endloop
  endfacet
  facet normal 0.5003427336166996 0.5003427336166532 -0.7066217501846254
    outer loop
      vertex 7.689031720763829 7.570608970174174 2.6
      vertex 9.255403065736502 9.04366938601106 4.752152258895889
      vertex 9.285163796150705 9.007772746086019 4.747807561415131
    endloop
  endfacet
  facet normal 0.5499018608222866 0.4453017467181162 -0.7066217501846239
    outer loop
      vertex 7.689031720763829 7.570608970174174 2.6
      vertex 9.285163796150705 9.007772746086019 4.747807561415131
      vertex 9.510168642241112 8.736377594519382 4.751880247424221
    endloop
  endfacet
  facet normal 0.25357810770136563 0.6605935554186203 -0.7066217501846237
    outer loop
      vertex 7.15077862892128 7.961672732228163 2.6
      vertex 7.95809065802495 9.954919917014049 4.753122092396682
      vertex 8.023967143134701 9.92288624570228 4.746815461745077
    endloop
  endfacet
  facet normal 0.32123980948750064 0.6304686248866415 -0.7066217501846245
    outer loop
      vertex 7.15077862892128 7.961672732228163 2.6
      vertex 8.023967143134701 9.92288624570228 4.746815461745077
      vertex 8.317065763747436 9.780361566994856 4.752897367444245
    endloop
  endfacet
  facet normal 0.32123980948751174 0.6304686248866351 -0.7066217501846248
    outer loop
      vertex 7.300000000000001 7.885640646055101 2.6
      vertex 8.317065763747436 9.780361566994856 4.752897367444245
      vertex 8.373522865790076 9.745036792690463 4.747045731580155
    endloop
  endfacet
  facet normal 0.3853819406971255 0.5934361481663681 -0.7066217501846243
    outer loop
      vertex 7.300000000000001 7.885640646055101 2.6
      vertex 8.373522865790076 9.745036792690463 4.747045731580155
      vertex 8.655452788304025 9.568635409655634 4.752660819706964
    endloop
  endfacet
  facet normal 0.6304686248866265 0.32123980948753184 -0.7066217501846235
    outer loop
      vertex 7.961672732228163 7.15077862892128 2.6
      vertex 9.914880398205923 8.04954569663142 4.751300766633221
      vertex 9.924585939156618 8.024723895416802 4.748676007862533
    endloop
  endfacet
  facet normal 0.6304686248866412 0.32123980948750125 -0.7066217501846243
    outer loop
      vertex 7.885640646055101 7.300000000000001 2.6
      vertex 9.746187688957434 8.374187336059624 4.748374672119247
      vertex 9.914880398205923 8.04954569663142 4.751300766633221
    endloop
  endfacet
  facet normal 0.5934361481663757 0.3853819406971134 -0.7066217501846246
    outer loop
      vertex 7.885640646055101 7.300000000000001 2.6
      vertex 9.730827805226774 8.40374675127065 4.751596416371947
      vertex 9.746187688957434 8.374187336059624 4.748374672119247
    endloop
  endfacet
  facet normal 0.5934361481663677 0.38538194069712667 -0.706621750184624
    outer loop
      vertex 7.794427190999915 7.440456403667959 2.6
      vertex 9.532264616283317 8.703069199895687 4.748085191493496
      vertex 9.730827805226774 8.40374675127065 4.751596416371947
    endloop
  endfacet
  facet normal 0.6035782906414494 0.662093844945279 0.44421277283743543
    outer loop
      vertex -7.850883794460152 -7.7314932962152545 6.718170849978923
      vertex -7.708171136513967 -8.09987714319515 7.073330415785312
      vertex -7.601596131379355 -7.958749028478926 6.718170849978923
    endloop
  endfacet
  facet normal 0.5384537739131392 0.5906556531656738 0.6009937044113933
    outer loop
      vertex -7.850883794460152 -7.7314932962152545 6.718170849978923
      vertex -7.601596131379355 -7.958749028478926 6.718170849978923
      vertex -7.674188484449912 -7.57041423771841 6.40155436694622
    endloop
  endfacet
  facet normal 0.767798240166284 0.5798143166059156 0.27258250247653854
    outer loop
      vertex -8.296842234724442 -7.6125576093730825 7.4549385368824
      vertex -8.061815656844574 -7.923783096085436 7.4549385368824
      vertex -8.204528318069732 -7.55539925209472 7.073330415785312
    endloop
  endfacet
  facet normal 0.7946418248031862 0.6000856507498019 0.09187808246610871
    outer loop
      vertex -8.296842234724442 -7.6125576093730825 7.4549385368824
      vertex -8.327966841818672 -7.631829150186315 7.85
      vertex -8.061815656844574 -7.923783096085436 7.4549385368824
    endloop
  endfacet
  facet normal 0.7677982401662821 0.5798143166059174 0.2725825024765409
    outer loop
      vertex -7.981576380635618 -7.850635330785622 7.073330415785312
      vertex -8.204528318069732 -7.55539925209472 7.073330415785312
      vertex -8.061815656844574 -7.923783096085436 7.4549385368824
    endloop
  endfacet
  facet normal 0.7946418248031841 0.6000856507498055 0.09187808246610454
    outer loop
      vertex -8.327966841818672 -7.631829150186315 7.85
      vertex -8.088869172024417 -7.948445633840098 7.85
      vertex -8.061815656844574 -7.923783096085436 7.4549385368824
    endloop
  endfacet
  facet normal 0.6708460886913405 0.73588310433783 0.09187808246610493
    outer loop
      vertex -7.773603319962278 -8.186523357100205 7.4549385368824
      vertex -8.061815656844574 -7.923783096085436 7.4549385368824
      vertex -8.088869172024417 -7.948445633840098 7.85
    endloop
  endfacet
  facet normal 0.6708460886913398 0.7358831043378309 0.09187808246610374
    outer loop
      vertex -7.773603319962278 -8.186523357100205 7.4549385368824
      vertex -8.088869172024417 -7.948445633840098 7.85
      vertex -7.795664468215401 -8.215737038652515 7.85
    endloop
  endfacet
  facet normal 0.6481844149686148 0.7110244324461862 0.2725825024765406
    outer loop
      vertex -7.773603319962278 -8.186523357100205 7.4549385368824
      vertex -7.708171136513967 -8.09987714319515 7.073330415785312
      vertex -7.981576380635618 -7.850635330785622 7.073330415785312
    endloop
  endfacet
  facet normal 0.6481844149686148 0.7110244324461862 0.2725825024765407
    outer loop
      vertex -7.773603319962278 -8.186523357100205 7.4549385368824
      vertex -7.981576380635618 -7.850635330785622 7.073330415785312
      vertex -8.061815656844574 -7.923783096085436 7.4549385368824
    endloop
  endfacet
  facet normal 0.60357829064145 0.6620938449452787 0.4442127728374349
    outer loop
      vertex -7.981576380635618 -7.850635330785622 7.073330415785312
      vertex -7.708171136513967 -8.09987714319515 7.073330415785312
      vertex -7.850883794460152 -7.7314932962152545 6.718170849978923
    endloop
  endfacet
  facet normal 0.8612656171675764 0.42885931962425816 0.2725825024765384
    outer loop
      vertex -8.296842234724442 -7.6125576093730825 7.4549385368824
      vertex -8.204528318069732 -7.55539925209472 7.073330415785312
      vertex -8.470679505375495 -7.263445307639307 7.4549385368824
    endloop
  endfacet
  facet normal 0.8913769866391806 0.4438530000488971 0.09187808246610189
    outer loop
      vertex -8.327966841818672 -7.631829150186315 7.85
      vertex -8.470679505375495 -7.263445307639307 7.4549385368824
      vertex -8.504815293219364 -7.276669582302379 7.85
    endloop
  endfacet
  facet normal 0.8913769866391769 0.44385300004890305 0.09187808246610886
    outer loop
      vertex -8.296842234724442 -7.6125576093730825 7.4549385368824
      vertex -8.470679505375495 -7.263445307639307 7.4549385368824
      vertex -8.327966841818672 -7.631829150186315 7.85
    endloop
  endfacet
  facet normal 0.9577573742840331 0.27250546777433043 0.09187808246610198
    outer loop
      vertex -8.470679505375495 -7.263445307639307 7.4549385368824
      vertex -8.613392164320388 -6.895061463305627 7.85
      vertex -8.504815293219364 -7.276669582302379 7.85
    endloop
  endfacet
  facet normal 0.8612656171675771 0.4288593196242551 0.2725825024765412
    outer loop
      vertex -8.470679505375495 -7.263445307639307 7.4549385368824
      vertex -8.204528318069732 -7.55539925209472 7.073330415785312
      vertex -8.369434587988366 -7.224222817685616 7.073330415785312
    endloop
  endfacet
  facet normal 0.9254036265504814 0.26330003287285014 0.27258250247654087
    outer loop
      vertex -8.470679505375495 -7.263445307639307 7.4549385368824
      vertex -8.369434587988366 -7.224222817685616 7.073330415785312
      vertex -8.470679505152711 -6.868383843829759 7.073330415785312
    endloop
  endfacet
  facet normal 0.8920994780496678 0.08266519044669168 0.444212772837435
    outer loop
      vertex -8.50481529533863 -6.5 7.073330415785312
      vertex -8.296842229925025 -6.835888025264728 6.718170849978923
      vertex -8.327966839075089 -6.5 6.718170849978923
    endloop
  endfacet
  facet normal 0.9254036265504813 0.2633000328728502 0.272582502476541
    outer loop
      vertex -8.470679505375495 -7.263445307639307 7.4549385368824
      vertex -8.470679505152711 -6.868383843829759 7.073330415785312
      vertex -8.577407649040534 -6.888334791605595 7.4549385368824
    endloop
  endfacet
  facet normal 0.9577573742840331 0.2725054677743303 0.09187808246610196
    outer loop
      vertex -8.470679505375495 -7.263445307639307 7.4549385368824
      vertex -8.577407649040534 -6.888334791605595 7.4549385368824
      vertex -8.613392164320388 -6.895061463305627 7.85
    endloop
  endfacet
  facet normal 0.9580281253305238 0.08877437929554131 0.27258250247654076
    outer loop
      vertex -8.577407649040534 -6.888334791605595 7.4549385368824
      vertex -8.470679505152711 -6.868383843829759 7.073330415785312
      vertex -8.50481529533863 -6.5 7.073330415785312
    endloop
  endfacet
  facet normal 0.9915224832510028 0.09187808862899344 0.09187808246610182
    outer loop
      vertex -8.577407649040534 -6.888334791605595 7.4549385368824
      vertex -8.65 -6.5 7.85
      vertex -8.613392164320388 -6.895061463305627 7.85
    endloop
  endfacet
  facet normal 0.861720100280078 0.24518050742538694 0.4442127728374344
    outer loop
      vertex -8.369434587988366 -7.224222817685616 7.073330415785312
      vertex -8.296842229925025 -6.835888025264728 6.718170849978923
      vertex -8.470679505152711 -6.868383843829759 7.073330415785312
    endloop
  endfacet
  facet normal 0.8920994780496678 0.0826651904466926 0.4442127728374342
    outer loop
      vertex -8.470679505152711 -6.868383843829759 7.073330415785312
      vertex -8.296842229925025 -6.835888025264728 6.718170849978923
      vertex -8.50481529533863 -6.5 7.073330415785312
    endloop
  endfacet
  facet normal 0.9580281253305244 0.08877437929554022 0.27258250247653976
    outer loop
      vertex -8.577407649040534 -6.888334791605595 7.4549385368824
      vertex -8.50481529533863 -6.5 7.073330415785312
      vertex -8.613392166793346 -6.5 7.4549385368824
    endloop
  endfacet
  facet normal 0.9915224832510028 0.09187808862898726 0.09187808246610787
    outer loop
      vertex -8.577407649040534 -6.888334791605595 7.4549385368824
      vertex -8.613392166793346 -6.5 7.4549385368824
      vertex -8.65 -6.5 7.85
    endloop
  endfacet
  facet normal 0.8019958780147923 0.3993464962853157 0.4442127728374371
    outer loop
      vertex -8.204528318069732 -7.55539925209472 7.073330415785312
      vertex -8.054168730127138 -7.462300536762382 6.718170849978923
      vertex -8.20452831370958 -7.160337786682349 6.718170849978923
    endloop
  endfacet
  facet normal 0.8617201002800762 0.24518050742538933 0.4442127728374366
    outer loop
      vertex -8.369434587988366 -7.224222817685616 7.073330415785312
      vertex -8.20452831370958 -7.160337786682349 6.718170849978923
      vertex -8.296842229925025 -6.835888025264728 6.718170849978923
    endloop
  endfacet
  facet normal 0.7154626232844031 0.35625805526453996 0.6009937044113925
    outer loop
      vertex -8.20452831370958 -7.160337786682349 6.718170849978923
      vertex -8.054168730127138 -7.462300536762382 6.718170849978923
      vertex -7.981576376579781 -7.0739657460909955 6.40155436694622
    endloop
  endfacet
  facet normal 0.7149606480117517 0.5399132191775765 0.44421277283743477
    outer loop
      vertex -7.981576380635618 -7.850635330785622 7.073330415785312
      vertex -7.850883794460152 -7.7314932962152545 6.718170849978923
      vertex -8.054168730127138 -7.462300536762382 6.718170849978923
    endloop
  endfacet
  facet normal 0.6378182666447185 0.4816579969150295 0.6009937044113924
    outer loop
      vertex -7.850883794460152 -7.7314932962152545 6.718170849978923
      vertex -7.850883794217623 -7.336431833352405 6.40155436694622
      vertex -8.054168730127138 -7.462300536762382 6.718170849978923
    endloop
  endfacet
  facet normal 0.6378182666447171 0.4816579969150303 0.6009937044113934
    outer loop
      vertex -7.850883794460152 -7.7314932962152545 6.718170849978923
      vertex -7.674188484449912 -7.57041423771841 6.40155436694622
      vertex -7.850883794217623 -7.336431833352405 6.40155436694622
    endloop
  endfacet
  facet normal 0.7154626232844034 0.35625805526453974 0.6009937044113922
    outer loop
      vertex -7.850883794217623 -7.336431833352405 6.40155436694622
      vertex -7.981576376579781 -7.0739657460909955 6.40155436694622
      vertex -8.054168730127138 -7.462300536762382 6.718170849978923
    endloop
  endfacet
  facet normal 0.6044744957701119 0.30099253449676017 0.7375731002013873
    outer loop
      vertex -7.850883794217623 -7.336431833352405 6.40155436694622
      vertex -7.601596131929248 -7.182079447682724 6.1342629626393315
      vertex -7.981576376579781 -7.0739657460909955 6.40155436694622
    endloop
  endfacet
  facet normal 0.6044744957701119 0.30099253449675895 0.7375731002013878
    outer loop
      vertex -7.981576376579781 -7.0739657460909955 6.40155436694622
      vertex -7.601596131929248 -7.182079447682724 6.1342629626393315
      vertex -7.708171134026582 -6.968047990848772 6.1342629626393315
    endloop
  endfacet
  facet normal 0.7149606480117493 0.5399132191775777 0.44421277283743665
    outer loop
      vertex -7.981576380635618 -7.850635330785622 7.073330415785312
      vertex -8.054168730127138 -7.462300536762382 6.718170849978923
      vertex -8.204528318069732 -7.55539925209472 7.073330415785312
    endloop
  endfacet
  facet normal 0.8019958780147932 0.39934649628531493 0.4442127728374363
    outer loop
      vertex -8.204528318069732 -7.55539925209472 7.073330415785312
      vertex -8.20452831370958 -7.160337786682349 6.718170849978923
      vertex -8.369434587988366 -7.224222817685616 7.073330415785312
    endloop
  endfacet
  facet normal 0.7687427583909733 0.2187261728264576 0.6009937044113924
    outer loop
      vertex -8.20452831370958 -7.160337786682349 6.718170849978923
      vertex -7.981576376579781 -7.0739657460909955 6.40155436694622
      vertex -8.296842229925025 -6.835888025264728 6.718170849978923
    endloop
  endfacet
  facet normal 0.7687427583909731 0.21872617282645573 0.6009937044113935
    outer loop
      vertex -8.296842229925025 -6.835888025264728 6.718170849978923
      vertex -7.981576376579781 -7.0739657460909955 6.40155436694622
      vertex -8.06181565239252 -6.791953943742493 6.40155436694622
    endloop
  endfacet
  facet normal 0.7958442808658527 0.07374583290589401 0.6009937044113935
    outer loop
      vertex -8.296842229925025 -6.835888025264728 6.718170849978923
      vertex -8.06181565239252 -6.791953943742493 6.40155436694622
      vertex -8.327966839075089 -6.5 6.718170849978923
    endloop
  endfacet
  facet normal 0.7958442808658527 0.07374583290589369 0.6009937044113938
    outer loop
      vertex -8.327966839075089 -6.5 6.718170849978923
      vertex -8.06181565239252 -6.791953943742493 6.40155436694622
      vertex -8.088869169354439 -6.5 6.40155436694622
    endloop
  endfacet
  facet normal 0.6494894018671771 0.18479566748582163 0.7375731002013877
    outer loop
      vertex -7.981576376579781 -7.0739657460909955 6.40155436694622
      vertex -7.708171134026582 -6.968047990848772 6.1342629626393315
      vertex -8.06181565239252 -6.791953943742493 6.40155436694622
    endloop
  endfacet
  facet normal 0.649489401867177 0.1847956674858211 0.7375731002013878
    outer loop
      vertex -8.06181565239252 -6.791953943742493 6.40155436694622
      vertex -7.708171134026582 -6.968047990848772 6.1342629626393315
      vertex -7.7736033171962005 -6.738077721048157 6.1342629626393315
    endloop
  endfacet
  facet normal 0.6723867253603336 0.062305805656624885 0.7375731002013876
    outer loop
      vertex -8.06181565239252 -6.791953943742493 6.40155436694622
      vertex -7.795664466917515 -6.5 6.1342629626393315
      vertex -8.088869169354439 -6.5 6.40155436694622
    endloop
  endfacet
  facet normal 0.6723867253603336 0.06230580565662481 0.7375731002013877
    outer loop
      vertex -8.06181565239252 -6.791953943742493 6.40155436694622
      vertex -7.7736033171962005 -6.738077721048157 6.1342629626393315
      vertex -7.795664466917515 -6.5 6.1342629626393315
    endloop
  endfacet
  facet normal 0.5242054936203099 0.8466209414021361 0.09187808246610318
    outer loop
      vertex -7.795664468215401 -8.215737038652515 7.85
      vertex -7.458337464919557 -8.424601076413383 7.85
      vertex -7.442019949537482 -8.39183108795074 7.4549385368824
    endloop
  endfacet
  facet normal 0.35971370917923484 0.9285281177168891 0.09187808246610184
    outer loop
      vertex -7.442019949537482 -8.39183108795074 7.4549385368824
      vertex -7.088375428654977 -8.56792513282156 7.85
      vertex -7.078357219559585 -8.53271478010241 7.4549385368824
    endloop
  endfacet
  facet normal 0.34756231581430763 0.8971617557438696 0.2725825024765398
    outer loop
      vertex -7.442019949537482 -8.39183108795074 7.4549385368824
      vertex -7.078357219559585 -8.53271478010241 7.4549385368824
      vertex -7.393623073379897 -8.2946370583343 7.073330415785312
    endloop
  endfacet
  facet normal 0.3597137091792339 0.9285281177168894 0.09187808246610277
    outer loop
      vertex -7.442019949537482 -8.39183108795074 7.4549385368824
      vertex -7.458337464919557 -8.424601076413383 7.85
      vertex -7.088375428654977 -8.56792513282156 7.85
    endloop
  endfacet
  facet normal 0.34756231581430325 0.89716175574387 0.27258250247654375
    outer loop
      vertex -7.393623073379897 -8.2946370583343 7.073330415785312
      vertex -7.078357219559585 -8.53271478010241 7.4549385368824
      vertex -7.048643748264615 -8.428282760881784 7.073330415785312
    endloop
  endfacet
  facet normal 0.47164179849572163 0.7617276589174098 0.44421277283743565
    outer loop
      vertex -7.708171136513967 -8.09987714319515 7.073330415785312
      vertex -7.314794933263366 -8.136328812154366 6.718170849978923
      vertex -7.601596131379355 -7.958749028478926 6.718170849978923
    endloop
  endfacet
  facet normal 0.5384537739131398 0.5906556531656736 0.6009937044113929
    outer loop
      vertex -7.601596131379355 -7.958749028478926 6.718170849978923
      vertex -7.457507594128124 -7.767944969039287 6.40155436694622
      vertex -7.674188484449912 -7.57041423771841 6.40155436694622
    endloop
  endfacet
  facet normal 0.4207528837150688 0.6795392395611345 0.600993704411393
    outer loop
      vertex -7.601596131379355 -7.958749028478926 6.718170849978923
      vertex -7.314794933263366 -8.136328812154366 6.718170849978923
      vertex -7.457507594128124 -7.767944969039287 6.40155436694622
    endloop
  endfacet
  facet normal 0.3236441105742107 0.8354217510567367 0.44421277283743654
    outer loop
      vertex -7.393623073379897 -8.2946370583343 7.073330415785312
      vertex -7.0002468709339025 -8.258185380691982 6.718170849978923
      vertex -7.314794933263366 -8.136328812154366 6.718170849978923
    endloop
  endfacet
  facet normal 0.28872375869954414 0.7452819321708251 0.6009937044113934
    outer loop
      vertex -7.314794933263366 -8.136328812154366 6.718170849978923
      vertex -7.0002468709339025 -8.258185380691982 6.718170849978923
      vertex -7.208219931092081 -7.922297355171904 6.40155436694622
    endloop
  endfacet
  facet normal 0.28872375869954503 0.7452819321708251 0.6009937044113928
    outer loop
      vertex -7.208219931092081 -7.922297355171904 6.40155436694622
      vertex -7.0002468709339025 -8.258185380691982 6.718170849978923
      vertex -6.934814687718882 -8.028215110731796 6.40155436694622
    endloop
  endfacet
  facet normal 0.42075288371506764 0.6795392395611347 0.6009937044113937
    outer loop
      vertex -7.314794933263366 -8.136328812154366 6.718170849978923
      vertex -7.208219931092081 -7.922297355171904 6.40155436694622
      vertex -7.457507594128124 -7.767944969039287 6.40155436694622
    endloop
  endfacet
  facet normal 0.35548242347019976 0.574123826768292 0.7375731002013874
    outer loop
      vertex -7.457507594128124 -7.767944969039287 6.40155436694622
      vertex -7.208219931092081 -7.922297355171904 6.40155436694622
      vertex -7.077527349121898 -7.659831268697685 6.1342629626393315
    endloop
  endfacet
  facet normal 0.2439346833459705 0.6296680015057261 0.7375731002013874
    outer loop
      vertex -7.208219931092081 -7.922297355171904 6.40155436694622
      vertex -6.854575412146798 -7.746203309229107 6.1342629626393315
      vertex -7.077527349121898 -7.659831268697685 6.1342629626393315
    endloop
  endfacet
  facet normal 0.5064974469307082 0.8180214640193136 0.2725825024765406
    outer loop
      vertex -7.773603319962278 -8.186523357100205 7.4549385368824
      vertex -7.393623073379897 -8.2946370583343 7.073330415785312
      vertex -7.708171136513967 -8.09987714319515 7.073330415785312
    endloop
  endfacet
  facet normal 0.5064974469307072 0.8180214640193145 0.2725825024765395
    outer loop
      vertex -7.773603319962278 -8.186523357100205 7.4549385368824
      vertex -7.442019949537482 -8.39183108795074 7.4549385368824
      vertex -7.393623073379897 -8.2946370583343 7.073330415785312
    endloop
  endfacet
  facet normal 0.5242054936203103 0.8466209414021358 0.0918780824661037
    outer loop
      vertex -7.773603319962278 -8.186523357100205 7.4549385368824
      vertex -7.795664468215401 -8.215737038652515 7.85
      vertex -7.442019949537482 -8.39183108795074 7.4549385368824
    endloop
  endfacet
  facet normal 0.47164179849572224 0.761727658917409 0.4442127728374365
    outer loop
      vertex -7.708171136513967 -8.09987714319515 7.073330415785312
      vertex -7.393623073379897 -8.2946370583343 7.073330415785312
      vertex -7.314794933263366 -8.136328812154366 6.718170849978923
    endloop
  endfacet
  facet normal 0.3236441105742087 0.8354217510567384 0.4442127728374346
    outer loop
      vertex -7.393623073379897 -8.2946370583343 7.073330415785312
      vertex -7.048643748264615 -8.428282760881784 7.073330415785312
      vertex -7.0002468709339025 -8.258185380691982 6.718170849978923
    endloop
  endfacet
  facet normal 0.1646251106354243 0.8806665574417777 0.44421277283743477
    outer loop
      vertex -7.048643748264615 -8.428282760881784 7.073330415785312
      vertex -6.668663501394777 -8.320169054801072 6.718170849978923
      vertex -7.0002468709339025 -8.258185380691982 6.718170849978923
    endloop
  endfacet
  facet normal -1.685386931754619e-17 0.8959213204562548 0.44421277283743305
    outer loop
      vertex -6.684981018327831 -8.496263106727698 7.073330415785312
      vertex -6.331336498605223 -8.320169054801072 6.718170849978923
      vertex -6.668663501394777 -8.320169054801072 6.718170849978923
    endloop
  endfacet
  facet normal 0.1767913668878997 0.9457502799034918 0.2725825024765436
    outer loop
      vertex -7.078357219559585 -8.53271478010241 7.4549385368824
      vertex -6.694999228132616 -8.604376808390352 7.4549385368824
      vertex -7.048643748264615 -8.428282760881784 7.073330415785312
    endloop
  endfacet
  facet normal 0.18297230580110027 0.9788153826295237 0.09187808246610196
    outer loop
      vertex -7.078357219559585 -8.53271478010241 7.4549385368824
      vertex -7.088375428654977 -8.56792513282156 7.85
      vertex -6.6983769728461 -8.640828479034324 7.85
    endloop
  endfacet
  facet normal 0.1767913668879005 0.9457502799034918 0.27258250247654275
    outer loop
      vertex -7.048643748264615 -8.428282760881784 7.073330415785312
      vertex -6.694999228132616 -8.604376808390352 7.4549385368824
      vertex -6.684981018327831 -8.496263106727698 7.073330415785312
    endloop
  endfacet
  facet normal 0.18297230580109836 0.9788153826295238 0.0918780824661038
    outer loop
      vertex -7.078357219559585 -8.53271478010241 7.4549385368824
      vertex -6.6983769728461 -8.640828479034324 7.85
      vertex -6.694999228132616 -8.604376808390352 7.4549385368824
    endloop
  endfacet
  facet normal 0.1646251106354222 0.880666557441779 0.44421277283743293
    outer loop
      vertex -7.048643748264615 -8.428282760881784 7.073330415785312
      vertex -6.684981018327831 -8.496263106727698 7.073330415785312
      vertex -6.668663501394777 -8.320169054801072 6.718170849978923
    endloop
  endfacet
  facet normal 0.14686249236748958 0.7856449424475922 0.6009937044113929
    outer loop
      vertex -7.0002468709339025 -8.258185380691982 6.718170849978923
      vertex -6.668663501394777 -8.320169054801072 6.718170849978923
      vertex -6.934814687718882 -8.028215110731796 6.40155436694622
    endloop
  endfacet
  facet normal 0.14686249236748491 0.785644942447591 0.6009937044113958
    outer loop
      vertex -6.668663501394777 -8.320169054801072 6.718170849978923
      vertex -6.646602351658154 -8.082091333587718 6.40155436694622
      vertex -6.934814687718882 -8.028215110731796 6.40155436694622
    endloop
  endfacet
  facet normal 0.24393468334597124 0.6296680015057253 0.7375731002013879
    outer loop
      vertex -7.208219931092081 -7.922297355171904 6.40155436694622
      vertex -6.934814687718882 -8.028215110731796 6.40155436694622
      vertex -6.854575412146798 -7.746203309229107 6.1342629626393315
    endloop
  endfacet
  facet normal 0.1240800401478005 0.6637695876554104 0.737573100201388
    outer loop
      vertex -6.934814687718882 -8.028215110731796 6.40155436694622
      vertex -6.619548834777373 -7.790137390720857 6.1342629626393315
      vertex -6.854575412146798 -7.746203309229107 6.1342629626393315
    endloop
  endfacet
  facet normal 0.12408004014779807 0.6637695876554122 0.7375731002013868
    outer loop
      vertex -6.934814687718882 -8.028215110731796 6.40155436694622
      vertex -6.646602351658154 -8.082091333587718 6.40155436694622
      vertex -6.619548834777373 -7.790137390720857 6.1342629626393315
    endloop
  endfacet
  facet normal 0 0.7992537564865543 0.6009937044113955
    outer loop
      vertex -6.668663501394777 -8.320169054801072 6.718170849978923
      vertex -6.331336498605223 -8.320169054801072 6.718170849978923
      vertex -6.646602351658154 -8.082091333587718 6.40155436694622
    endloop
  endfacet
  facet normal 2.2556205342273277e-17 0.6752672966013644 0.7375731002013868
    outer loop
      vertex -6.646602351658154 -8.082091333587718 6.40155436694622
      vertex -6.380451165222627 -7.790137390720857 6.1342629626393315
      vertex -6.619548834777373 -7.790137390720857 6.1342629626393315
    endloop
  endfacet
  facet normal 0.45492463601732674 0.4990285536958948 0.7375731002013877
    outer loop
      vertex -7.674188484449912 -7.57041423771841 6.40155436694622
      vertex -7.457507594128124 -7.767944969039287 6.40155436694622
      vertex -7.457507594777995 -7.372883506989969 6.1342629626393315
    endloop
  endfacet
  facet normal 0.5388749357068432 0.4069394617461662 0.7375731002013877
    outer loop
      vertex -7.674188484449912 -7.57041423771841 6.40155436694622
      vertex -7.457507594777995 -7.372883506989969 6.1342629626393315
      vertex -7.850883794217623 -7.336431833352405 6.40155436694622
    endloop
  endfacet
  facet normal 0.45492463601732697 0.49902855369589477 0.7375731002013877
    outer loop
      vertex -7.457507594128124 -7.767944969039287 6.40155436694622
      vertex -7.28081228489036 -7.533962565375045 6.1342629626393315
      vertex -7.457507594777995 -7.372883506989969 6.1342629626393315
    endloop
  endfacet
  facet normal 0.538874935706843 0.4069394617461672 0.7375731002013872
    outer loop
      vertex -7.850883794217623 -7.336431833352405 6.40155436694622
      vertex -7.457507594777995 -7.372883506989969 6.1342629626393315
      vertex -7.601596131929248 -7.182079447682724 6.1342629626393315
    endloop
  endfacet
  facet normal 0.47269951947491007 0.23537639291280116 0.8492073468520794
    outer loop
      vertex -7.601596131929248 -7.182079447682724 6.1342629626393315
      vertex -7.314794933227075 -7.004499663644334 5.925398921966552
      vertex -7.708171134026582 -6.968047990848772 6.1342629626393315
    endloop
  endfacet
  facet normal 0.4214006131742115 0.31822697130955246 0.8492073468520792
    outer loop
      vertex -7.601596131929248 -7.182079447682724 6.1342629626393315
      vertex -7.457507594777995 -7.372883506989969 6.1342629626393315
      vertex -7.314794933227075 -7.004499663644334 5.925398921966552
    endloop
  endfacet
  facet normal 0.35548242347019987 0.5741238267682918 0.7375731002013876
    outer loop
      vertex -7.457507594128124 -7.767944969039287 6.40155436694622
      vertex -7.077527349121898 -7.659831268697685 6.1342629626393315
      vertex -7.28081228489036 -7.533962565375045 6.1342629626393315
    endloop
  endfacet
  facet normal 0.2779875278973658 0.4489652730289551 0.849207346852079
    outer loop
      vertex -7.077527349121898 -7.659831268697685 6.1342629626393315
      vertex -6.927167765232141 -7.35786851800048 5.925398921966552
      vertex -7.28081228489036 -7.533962565375045 6.1342629626393315
    endloop
  endfacet
  facet normal 0.2779875278973673 0.4489652730289529 0.8492073468520795
    outer loop
      vertex -7.28081228489036 -7.533962565375045 6.1342629626393315
      vertex -6.927167765232141 -7.35786851800048 5.925398921966552
      vertex -7.0775273488078865 -7.264769805371978 5.925398921966552
    endloop
  endfacet
  facet normal 0.35575141440619495 0.3902407118695385 0.8492073468520793
    outer loop
      vertex -7.457507594777995 -7.372883506989969 6.1342629626393315
      vertex -7.28081228489036 -7.533962565375045 6.1342629626393315
      vertex -7.208219931187688 -7.145627774261817 5.925398921966552
    endloop
  endfacet
  facet normal 0.42140061317421235 0.31822697130955213 0.8492073468520791
    outer loop
      vertex -7.457507594777995 -7.372883506989969 6.1342629626393315
      vertex -7.208219931187688 -7.145627774261817 5.925398921966552
      vertex -7.314794933227075 -7.004499663644334 5.925398921966552
    endloop
  endfacet
  facet normal 0.3557514144061937 0.39024071186953896 0.8492073468520795
    outer loop
      vertex -7.28081228489036 -7.533962565375045 6.1342629626393315
      vertex -7.0775273488078865 -7.264769805371978 5.925398921966552
      vertex -7.208219931187688 -7.145627774261817 5.925398921966552
    endloop
  endfacet
  facet normal 0.2442727259374165 0.26795441592057534 0.9319502488608322
    outer loop
      vertex -7.208219931187688 -7.145627774261817 5.925398921966552
      vertex -7.0775273488078865 -7.264769805371978 5.925398921966552
      vertex -6.93481468710004 -6.896385961883288 5.78207486718893
    endloop
  endfacet
  facet normal 0.5079012105804743 0.1445103537582737 0.8492073468520791
    outer loop
      vertex -7.708171134026582 -6.968047990848772 6.1342629626393315
      vertex -7.442019946979362 -6.6760940468123815 5.925398921966552
      vertex -7.7736033171962005 -6.738077721048157 6.1342629626393315
    endloop
  endfacet
  facet normal 0.4726995194749101 0.2353763929128003 0.8492073468520795
    outer loop
      vertex -7.708171134026582 -6.968047990848772 6.1342629626393315
      vertex -7.314794933227075 -7.004499663644334 5.925398921966552
      vertex -7.393623071054224 -6.846191422062097 5.925398921966552
    endloop
  endfacet
  facet normal 0.5079012105804728 0.14451035375827542 0.8492073468520795
    outer loop
      vertex -7.708171134026582 -6.968047990848772 6.1342629626393315
      vertex -7.393623071054224 -6.846191422062097 5.925398921966552
      vertex -7.442019946979362 -6.6760940468123815 5.925398921966552
    endloop
  endfacet
  facet normal 0.5258069351200799 0.04872318782757143 0.8492073468520789
    outer loop
      vertex -7.7736033171962005 -6.738077721048157 6.1342629626393315
      vertex -7.442019946979362 -6.6760940468123815 5.925398921966552
      vertex -7.795664466917515 -6.5 6.1342629626393315
    endloop
  endfacet
  facet normal 0.5258069351200797 0.04872318782757059 0.8492073468520792
    outer loop
      vertex -7.795664466917515 -6.5 6.1342629626393315
      vertex -7.442019946979362 -6.6760940468123815 5.925398921966552
      vertex -7.458337463438511 -6.5 5.925398921966552
    endloop
  endfacet
  facet normal 0.34874468010898196 0.0992264165629126 0.9319502488608322
    outer loop
      vertex -7.393623071054224 -6.846191422062097 5.925398921966552
      vertex -7.048643745981848 -6.712545719531235 5.78207486718893
      vertex -7.442019946979362 -6.6760940468123815 5.925398921966552
    endloop
  endfacet
  facet normal 0.3245738330068965 0.16161856507048955 0.9319502488608323
    outer loop
      vertex -7.314794933227075 -7.004499663644334 5.925398921966552
      vertex -7.048643745981848 -6.712545719531235 5.78207486718893
      vertex -7.393623071054224 -6.846191422062097 5.925398921966552
    endloop
  endfacet
  facet normal 0.28935001330516513 0.21850698718469755 0.9319502488608322
    outer loop
      vertex -7.208219931187688 -7.145627774261817 5.925398921966552
      vertex -6.93481468710004 -6.896385961883288 5.78207486718893
      vertex -7.314794933227075 -7.004499663644334 5.925398921966552
    endloop
  endfacet
  facet normal 0.28935001330516497 0.21850698718469796 0.9319502488608323
    outer loop
      vertex -7.314794933227075 -7.004499663644334 5.925398921966552
      vertex -6.93481468710004 -6.896385961883288 5.78207486718893
      vertex -7.000246870132124 -6.809739748529405 5.78207486718893
    endloop
  endfacet
  facet normal 0.324573833006897 0.1616185650704892 0.9319502488608322
    outer loop
      vertex -7.314794933227075 -7.004499663644334 5.925398921966552
      vertex -7.000246870132124 -6.809739748529405 5.78207486718893
      vertex -7.048643745981848 -6.712545719531235 5.78207486718893
    endloop
  endfacet
  facet normal 0.36103944540309824 0.03345523144824965 0.9319502488608322
    outer loop
      vertex -7.442019946979362 -6.6760940468123815 5.925398921966552
      vertex -7.078357217087805 -6.608113700974922 5.78207486718893
      vertex -7.458337463438511 -6.5 5.925398921966552
    endloop
  endfacet
  facet normal 0.3610394454030982 0.03345523144824938 0.9319502488608323
    outer loop
      vertex -7.458337463438511 -6.5 5.925398921966552
      vertex -7.078357217087805 -6.608113700974922 5.78207486718893
      vertex -7.088375426828861 -6.5 5.78207486718893
    endloop
  endfacet
  facet normal 0.34874468010898196 0.09922641656291183 0.9319502488608323
    outer loop
      vertex -7.442019946979362 -6.6760940468123815 5.925398921966552
      vertex -7.048643745981848 -6.712545719531235 5.78207486718893
      vertex -7.078357217087805 -6.608113700974922 5.78207486718893
    endloop
  endfacet
  facet normal 0.19075710953528383 0.4924008602898625 0.849207346852079
    outer loop
      vertex -7.077527349121898 -7.659831268697685 6.1342629626393315
      vertex -6.854575412146798 -7.746203309229107 6.1342629626393315
      vertex -6.927167765232141 -7.35786851800048 5.925398921966552
    endloop
  endfacet
  facet normal 0.09703068659591364 0.5190683268233367 0.8492073468520792
    outer loop
      vertex -6.854575412146798 -7.746203309229107 6.1342629626393315
      vertex -6.588424225563694 -7.454249364769619 5.925398921966552
      vertex -6.7622614957426785 -7.421753547148354 5.925398921966552
    endloop
  endfacet
  facet normal 0.19075710953528316 0.49240086028986246 0.849207346852079
    outer loop
      vertex -6.854575412146798 -7.746203309229107 6.1342629626393315
      vertex -6.7622614957426785 -7.421753547148354 5.925398921966552
      vertex -6.927167765232141 -7.35786851800048 5.925398921966552
    endloop
  endfacet
  facet normal 0.19087702386071323 0.30827697839817614 0.9319502488608322
    outer loop
      vertex -7.0775273488078865 -7.264769805371978 5.925398921966552
      vertex -6.927167765232141 -7.35786851800048 5.925398921966552
      vertex -6.762261495334016 -7.026692083632564 5.78207486718893
    endloop
  endfacet
  facet normal 0.19087702386071362 0.30827697839817575 0.9319502488608322
    outer loop
      vertex -7.0775273488078865 -7.264769805371978 5.925398921966552
      vertex -6.762261495334016 -7.026692083632564 5.78207486718893
      vertex -6.854575411401501 -6.9695337267177955 5.78207486718893
    endloop
  endfacet
  facet normal 0.1309812336681875 0.33810153811391086 0.9319502488608322
    outer loop
      vertex -6.927167765232141 -7.35786851800048 5.925398921966552
      vertex -6.7622614957426785 -7.421753547148354 5.925398921966552
      vertex -6.6610165785909246 -7.065914573336752 5.78207486718893
    endloop
  endfacet
  facet normal 0.13098123366818695 0.3381015381139115 0.9319502488608322
    outer loop
      vertex -6.927167765232141 -7.35786851800048 5.925398921966552
      vertex -6.6610165785909246 -7.065914573336752 5.78207486718893
      vertex -6.762261495334016 -7.026692083632564 5.78207486718893
    endloop
  endfacet
  facet normal 0.097030686595914 0.5190683268233364 0.8492073468520791
    outer loop
      vertex -6.854575412146798 -7.746203309229107 6.1342629626393315
      vertex -6.619548834777373 -7.790137390720857 6.1342629626393315
      vertex -6.588424225563694 -7.454249364769619 5.925398921966552
    endloop
  endfacet
  facet normal -3.85941623146017e-17 0.5280595440406816 0.8492073468520792
    outer loop
      vertex -6.619548834777373 -7.790137390720857 6.1342629626393315
      vertex -6.411575774436306 -7.454249364769619 5.925398921966552
      vertex -6.588424225563694 -7.454249364769619 5.925398921966552
    endloop
  endfacet
  facet normal 0 0.5280595440406816 0.8492073468520792
    outer loop
      vertex -6.619548834777373 -7.790137390720857 6.1342629626393315
      vertex -6.380451165222627 -7.790137390720857 6.1342629626393315
      vertex -6.411575774436306 -7.454249364769619 5.925398921966552
    endloop
  endfacet
  facet normal 0.06662503465776883 0.3564124554572747 0.9319502488608322
    outer loop
      vertex -6.7622614957426785 -7.421753547148354 5.925398921966552
      vertex -6.588424225563694 -7.454249364769619 5.925398921966552
      vertex -6.6610165785909246 -7.065914573336752 5.78207486718893
    endloop
  endfacet
  facet normal 0.0666250346577691 0.3564124554572747 0.9319502488608322
    outer loop
      vertex -6.588424225563694 -7.454249364769619 5.925398921966552
      vertex -6.554288435382019 -7.085865520985676 5.78207486718893
      vertex -6.6610165785909246 -7.065914573336752 5.78207486718893
    endloop
  endfacet
  facet normal -2.7356465202927092e-17 0.3625861740996653 0.9319502488608323
    outer loop
      vertex -6.588424225563694 -7.454249364769619 5.925398921966552
      vertex -6.445711564617981 -7.085865520985676 5.78207486718893
      vertex -6.554288435382019 -7.085865520985676 5.78207486718893
    endloop
  endfacet
  facet normal 0 0.3625861740996653 0.9319502488608323
    outer loop
      vertex -6.588424225563694 -7.454249364769619 5.925398921966552
      vertex -6.411575774436306 -7.454249364769619 5.925398921966552
      vertex -6.445711564617981 -7.085865520985676 5.78207486718893
    endloop
  endfacet
  facet normal 0.12430356166268643 0.13635451168095622 0.982830642431451
    outer loop
      vertex -6.93481468710004 -6.896385961883288 5.78207486718893
      vertex -6.854575411401501 -6.9695337267177955 5.78207486718893
      vertex -6.646602354200963 -6.633645704499704 5.709171524643898
    endloop
  endfacet
  facet normal 0.14724213308280976 0.11119209748451325 0.982830642431451
    outer loop
      vertex -6.93481468710004 -6.896385961883288 5.78207486718893
      vertex -6.668663504289955 -6.604432020516312 5.709171524643898
      vertex -7.000246870132124 -6.809739748529405 5.78207486718893
    endloop
  endfacet
  facet normal 0.09713198153583145 0.15687353652131467 0.9828306424314509
    outer loop
      vertex -6.762261495334016 -7.026692083632564 5.78207486718893
      vertex -6.619548836769802 -6.658308244306714 5.709171524643898
      vertex -6.854575411401501 -6.9695337267177955 5.78207486718893
    endloop
  endfacet
  facet normal 0.24427272593741584 0.2679544159205757 0.9319502488608323
    outer loop
      vertex -7.0775273488078865 -7.264769805371978 5.925398921966552
      vertex -6.854575411401501 -6.9695337267177955 5.78207486718893
      vertex -6.93481468710004 -6.896385961883288 5.78207486718893
    endloop
  endfacet
  facet normal 0.16516655025827198 0.0822431697684561 0.982830642431451
    outer loop
      vertex -7.048643745981848 -6.712545719531235 5.78207486718893
      vertex -7.000246870132124 -6.809739748529405 5.78207486718893
      vertex -6.668663504289955 -6.604432020516312 5.709171524643898
    endloop
  endfacet
  facet normal 0.17746641866013008 0.050493549545745885 0.9828306424314509
    outer loop
      vertex -7.048643745981848 -6.712545719531235 5.78207486718893
      vertex -6.6949992309590085 -6.536451673677379 5.709171524643898
      vertex -7.078357217087805 -6.608113700974922 5.78207486718893
    endloop
  endfacet
  facet normal 0.18372288102202727 0.017024432053590638 0.9828306424314509
    outer loop
      vertex -7.078357217087805 -6.608113700974922 5.78207486718893
      vertex -6.698376975953579 -6.5 5.709171524643898
      vertex -7.088375426828861 -6.5 5.78207486718893
    endloop
  endfacet
  facet normal 0.17746641866013121 0.05049354954574372 0.9828306424314509
    outer loop
      vertex -7.048643745981848 -6.712545719531235 5.78207486718893
      vertex -6.6849810210299285 -6.57166202932664 5.709171524643898
      vertex -6.6949992309590085 -6.536451673677379 5.709171524643898
    endloop
  endfacet
  facet normal 0.14724213308280823 0.11119209748451471 0.982830642431451
    outer loop
      vertex -6.93481468710004 -6.896385961883288 5.78207486718893
      vertex -6.646602354200963 -6.633645704499704 5.709171524643898
      vertex -6.668663504289955 -6.604432020516312 5.709171524643898
    endloop
  endfacet
  facet normal 0.1651665502582724 0.08224316976845489 0.982830642431451
    outer loop
      vertex -7.048643745981848 -6.712545719531235 5.78207486718893
      vertex -6.668663504289955 -6.604432020516312 5.709171524643898
      vertex -6.6849810210299285 -6.57166202932664 5.709171524643898
    endloop
  endfacet
  facet normal 0.18372288102202722 0.01702443205359087 0.982830642431451
    outer loop
      vertex -7.078357217087805 -6.608113700974922 5.78207486718893
      vertex -6.6949992309590085 -6.536451673677379 5.709171524643898
      vertex -6.698376975953579 -6.5 5.709171524643898
    endloop
  endfacet
  facet normal 0.06665268827474248 0.1720504212245098 0.982830642431451
    outer loop
      vertex -6.762261495334016 -7.026692083632564 5.78207486718893
      vertex -6.6610165785909246 -7.065914573336752 5.78207486718893
      vertex -6.58842422708547 -6.67757978672367 5.709171524643898
    endloop
  endfacet
  facet normal 0.033903617655548016 0.18136833518463946 0.982830642431451
    outer loop
      vertex -6.6610165785909246 -7.065914573336752 5.78207486718893
      vertex -6.554288435382019 -7.085865520985676 5.78207486718893
      vertex -6.518303918126528 -6.697530734747037 5.709171524643898
    endloop
  endfacet
  facet normal 0.12430356166268762 0.1363545116809557 0.982830642431451
    outer loop
      vertex -6.854575411401501 -6.9695337267177955 5.78207486718893
      vertex -6.619548836769802 -6.658308244306714 5.709171524643898
      vertex -6.646602354200963 -6.633645704499704 5.709171524643898
    endloop
  endfacet
  facet normal 0.09713198153582861 0.1568735365213158 0.982830642431451
    outer loop
      vertex -6.762261495334016 -7.026692083632564 5.78207486718893
      vertex -6.58842422708547 -6.67757978672367 5.709171524643898
      vertex -6.619548836769802 -6.658308244306714 5.709171524643898
    endloop
  endfacet
  facet normal 0.06665268827474517 0.17205042122450928 0.9828306424314509
    outer loop
      vertex -6.6610165785909246 -7.065914573336752 5.78207486718893
      vertex -6.554288436400914 -6.6908040624872305 5.709171524643898
      vertex -6.58842422708547 -6.67757978672367 5.709171524643898
    endloop
  endfacet
  facet normal 0.03390361765554622 0.18136833518464002 0.982830642431451
    outer loop
      vertex -6.6610165785909246 -7.065914573336752 5.78207486718893
      vertex -6.518303918126528 -6.697530734747037 5.709171524643898
      vertex -6.554288436400914 -6.6908040624872305 5.709171524643898
    endloop
  endfacet
  facet normal 0 0.18450996801739813 0.9828306424314509
    outer loop
      vertex -6.554288435382019 -7.085865520985676 5.78207486718893
      vertex -6.445711564617981 -7.085865520985676 5.78207486718893
      vertex -6.518303918126528 -6.697530734747037 5.709171524643898
    endloop
  endfacet
  facet normal 0 0 1
    outer loop
      vertex -6.6949992309590085 -6.536451673677379 5.709171524643898
      vertex -6.6849810210299285 -6.57166202932664 5.709171524643898
      vertex -6.668663504289955 -6.604432020516312 5.709171524643898
    endloop
  endfacet
  facet normal 0 0 1
    outer loop
      vertex -6.646602354200963 -6.633645704499704 5.709171524643898
      vertex -6.619548836769802 -6.658308244306714 5.709171524643898
      vertex -6.668663504289955 -6.604432020516312 5.709171524643898
    endloop
  endfacet
  facet normal 0 0 1
    outer loop
      vertex -6.698376975953579 -6.5 5.709171524643898
      vertex -6.668663504289955 -6.604432020516312 5.709171524643898
      vertex -6.619548836769802 -6.658308244306714 5.709171524643898
    endloop
  endfacet
  facet normal 0 0 1
    outer loop
      vertex -6.619548836769802 -6.658308244306714 5.709171524643898
      vertex -6.58842422708547 -6.67757978672367 5.709171524643898
      vertex -6.518303918126528 -6.697530734747037 5.709171524643898
    endloop
  endfacet
  facet normal 0 0 1
    outer loop
      vertex -6.698376975953579 -6.5 5.709171524643898
      vertex -6.619548836769802 -6.658308244306714 5.709171524643898
      vertex -6.518303918126528 -6.697530734747037 5.709171524643898
    endloop
  endfacet
  facet normal 0 0 1
    outer loop
      vertex -6.6949992309590085 -6.536451673677379 5.709171524643898
      vertex -6.668663504289955 -6.604432020516312 5.709171524643898
      vertex -6.698376975953579 -6.5 5.709171524643898
    endloop
  endfacet
  facet normal 0 0 1
    outer loop
      vertex -6.58842422708547 -6.67757978672367 5.709171524643898
      vertex -6.554288436400914 -6.6908040624872305 5.709171524643898
      vertex -6.518303918126528 -6.697530734747037 5.709171524643898
    endloop
  endfacet
  facet normal 0.798017227280238 0.6026346363792583 0
    outer loop
      vertex -8.327966841818672 -7.631829150186315 7.85
      vertex -8.327966841818672 -7.631829150186315 70.03
      vertex -8.088869172024417 -7.948445633840098 7.85
    endloop
  endfacet
  facet normal 0.673695643646557 0.7390089172206594 0
    outer loop
      vertex -7.795664468215401 -8.215737038652515 7.85
      vertex -8.088869172024417 -7.948445633840098 7.85
      vertex -7.795664468215401 -8.215737038652515 70.03
    endloop
  endfacet
  facet normal 0.8951632913550643 0.44573835577653437 0
    outer loop
      vertex -8.327966841818672 -7.631829150186315 7.85
      vertex -8.504815293219364 -7.276669582302379 7.85
      vertex -8.327966841818672 -7.631829150186315 70.03
    endloop
  endfacet
  facet normal 0.9618256431728192 0.2736629900720826 0
    outer loop
      vertex -8.504815293219364 -7.276669582302379 7.85
      vertex -8.613392164320388 -6.895061463305627 7.85
      vertex -8.504815293219364 -7.276669582302379 69.99
    endloop
  endfacet
  facet normal 0.9957341762950341 0.0922683594633056 0
    outer loop
      vertex -8.65 -6.5 7.85
      vertex -8.65 -6.5 70.03
      vertex -8.613392164320388 -6.895061463305627 7.85
    endloop
  endfacet
  facet normal 0.5264321628773548 0.8502171357296149 1.3277695627593551e-19
    outer loop
      vertex -7.795664468215401 -8.215737038652515 7.85
      vertex -7.458337464919557 -8.424601076413383 70.03
      vertex -7.458337464919557 -8.424601076413383 7.85
    endloop
  endfacet
  facet normal 0.3612416661871533 0.9324722294043557 0
    outer loop
      vertex -7.458337464919557 -8.424601076413383 7.85
      vertex -7.458337464919557 -8.424601076413383 70.03
      vertex -7.088375428654977 -8.56792513282156 7.85
    endloop
  endfacet
  facet normal 0.18374951781657184 0.9829730996839016 2.5808664297093356e-20
    outer loop
      vertex -7.088375428654977 -8.56792513282156 7.85
      vertex -6.6983769728461 -8.640828479034324 70.03
      vertex -6.6983769728461 -8.640828479034324 7.85
    endloop
  endfacet
  facet normal 0.9618256433346316 0 0.2736629895033712
    outer loop
      vertex -8.613392166793346 -6.5 7.4549385368824
      vertex -8.50481529533863 -6.5 7.073330415785312
      vertex -8.50481529533863 6.5 7.073330415785312
    endloop
  endfacet
  facet normal 0.9957341768636528 9.801072638271048e-20 0.09226835332693221
    outer loop
      vertex -8.613392166793346 -6.5 7.4549385368824
      vertex -8.65 6.5 7.85
      vertex -8.65 -6.5 7.85
    endloop
  endfacet
  facet normal 0.8951632854242056 0 0.44573836768730385
    outer loop
      vertex -8.50481529533863 -6.5 7.073330415785312
      vertex -8.327966839075089 -6.5 6.718170849978923
      vertex -8.50481529533863 6.5 7.073330415785312
    endloop
  endfacet
  facet normal 0.7980172268009509 0 0.602634637013937
    outer loop
      vertex -8.327966839075089 -6.5 6.718170849978923
      vertex -8.088869169354439 -6.5 6.40155436694622
      vertex -8.327966839075089 6.5 6.718170849978923
    endloop
  endfacet
  facet normal 0.6736956446724653 0 0.7390089162854203
    outer loop
      vertex -8.088869169354439 -6.5 6.40155436694622
      vertex -7.795664466917515 -6.5 6.1342629626393315
      vertex -8.088869169354439 6.5 6.40155436694622
    endloop
  endfacet
  facet normal 0.5264321679761103 0 0.850217132572599
    outer loop
      vertex -7.795664466917515 -6.5 6.1342629626393315
      vertex -7.458337463438511 -6.5 5.925398921966552
      vertex -7.795664466917515 6.5 6.1342629626393315
    endloop
  endfacet
  facet normal 0.3612416623207492 0 0.9324722309022084
    outer loop
      vertex -7.458337463438511 -6.5 5.925398921966552
      vertex -7.088375426828861 -6.5 5.78207486718893
      vertex -7.088375426828861 6.5 5.78207486718893
    endloop
  endfacet
  facet normal 0.18374951113035176 0 0.9829731009337727
    outer loop
      vertex -7.088375426828861 -6.5 5.78207486718893
      vertex -6.698376975953579 -6.5 5.709171524643898
      vertex -6.698376975953579 6.5 5.709171524643898
    endloop
  endfacet
  facet normal 1 0 0
    outer loop
      vertex -8.65 6.5 7.85
      vertex -8.65 -6.491637182373752 69.99
      vertex -8.65 -6.5 7.85
    endloop
  endfacet
  facet normal -4.489782863023568e-19 0.8959213204562547 0.44421277283743293
    outer loop
      vertex -6.684981018327831 -8.496263106727698 7.073330415785312
      vertex 6.331336498605225 -8.320169054801072 6.718170849978923
      vertex -6.331336498605223 -8.320169054801072 6.718170849978923
    endloop
  endfacet
  facet normal 0 0.9621324125834372 0.27258250247654275
    outer loop
      vertex -6.694999228132616 -8.604376808390352 7.4549385368824
      vertex 6.694999228132616 -8.604376808390352 7.4549385368824
      vertex -6.684981018327831 -8.496263106727698 7.073330415785312
    endloop
  endfacet
  facet normal -9.098792831717696e-20 0.9957702636463653 0.09187808246610371
    outer loop
      vertex -6.694999228132616 -8.604376808390352 7.4549385368824
      vertex -6.6983769728461 -8.640828479034324 7.85
      vertex 6.6983769728460985 -8.640828479034324 7.85
    endloop
  endfacet
  facet normal 6.669589753834961e-19 0.7992537564865543 0.6009937044113954
    outer loop
      vertex -6.646602351658154 -8.082091333587718 6.40155436694622
      vertex -6.331336498605223 -8.320169054801072 6.718170849978923
      vertex 6.331336498605225 -8.320169054801072 6.718170849978923
    endloop
  endfacet
  facet normal 0 0.6752672966013645 0.7375731002013868
    outer loop
      vertex -6.646602351658154 -8.082091333587718 6.40155436694622
      vertex 6.646602351658153 -8.082091333587718 6.40155436694622
      vertex -6.380451165222627 -7.790137390720857 6.1342629626393315
    endloop
  endfacet
  facet normal -5.250244482997154e-19 0.5280595440406816 0.8492073468520791
    outer loop
      vertex -6.380451165222627 -7.790137390720857 6.1342629626393315
      vertex 6.588424225563692 -7.454249364769619 5.925398921966552
      vertex -6.411575774436306 -7.454249364769619 5.925398921966552
    endloop
  endfacet
  facet normal 0 0.36258617409966526 0.9319502488608322
    outer loop
      vertex -6.411575774436306 -7.454249364769619 5.925398921966552
      vertex 6.588424225563692 -7.454249364769619 5.925398921966552
      vertex -6.445711564617981 -7.085865520985676 5.78207486718893
    endloop
  endfacet
  facet normal 4.2346651857175874e-20 0.1845099680173981 0.9828306424314509
    outer loop
      vertex -6.518303918126528 -6.697530734747037 5.709171524643898
      vertex -6.445711564617981 -7.085865520985676 5.78207486718893
      vertex 6.55428843538202 -7.085865520985676 5.78207486718893
    endloop
  endfacet
  facet normal 0 0 1
    outer loop
      vertex -6.698376975953579 -6.5 5.709171524643898
      vertex -6.518303918126528 -6.697530734747037 5.709171524643898
      vertex 6.646602354200965 -6.633645704499704 5.709171524643898
    endloop
  endfacet
  facet normal 0 1 0
    outer loop
      vertex 6.6983769728460985 -8.640828479034324 7.85
      vertex -6.6983769728461 -8.640828479034324 7.85
      vertex -6.6983769728461 -8.640828479034324 70.03
    endloop
  endfacet
  facet normal 0.798017227280238 0.6026346363792583 0
    outer loop
      vertex -8.088869172024417 -7.948445633840098 7.85
      vertex -8.327966841818672 -7.631829150186315 70.03
      vertex -8.088869172024417 -7.948445633840098 70.03
    endloop
  endfacet
  facet normal 0.673695643646557 0.7390089172206594 0
    outer loop
      vertex -8.088869172024417 -7.948445633840098 7.85
      vertex -8.088869172024417 -7.948445633840098 70.03
      vertex -7.795664468215401 -8.215737038652515 70.03
    endloop
  endfacet
  facet normal 0.5264321628773548 0.8502171357296149 0
    outer loop
      vertex -7.795664468215401 -8.215737038652515 7.85
      vertex -7.795664468215401 -8.215737038652515 70.03
      vertex -7.458337464919557 -8.424601076413383 70.03
    endloop
  endfacet
  facet normal 0.8951632913550649 0.44573835577653304 -9.144750808960351e-18
    outer loop
      vertex -8.504815293219364 -7.276669582302379 7.85
      vertex -8.503452002900342 -7.279407438341089 70.03
      vertex -8.327966841818672 -7.631829150186315 70.03
    endloop
  endfacet
  facet normal 0.895163291354982 0.4457383557766995 0
    outer loop
      vertex -8.504815293219364 -7.276669582302379 7.85
      vertex -8.504815293219364 -7.276669582302379 69.99
      vertex -8.503452002900342 -7.279407438341089 70.03
    endloop
  endfacet
  facet normal 0.9618256431728116 0.2736629900721088 8.078580213634717e-18
    outer loop
      vertex -8.613392164320388 -6.895061463305627 7.85
      vertex -8.504815293219364 -7.276669582302379 70.03
      vertex -8.504815293219364 -7.276669582302379 69.99
    endloop
  endfacet
  facet normal 1 0 0
    outer loop
      vertex -8.65 -6.5 7.85
      vertex -8.65 -6.491637182373752 69.99
      vertex -8.65 -6.5 70.03
    endloop
  endfacet
  facet normal 0.9618256431728189 0.273662990072083 2.3827965460626097e-18
    outer loop
      vertex -8.613392164320388 -6.895061463305627 7.85
      vertex -8.612758102985785 -6.897289957742544 70.03
      vertex -8.504815293219364 -7.276669582302379 70.03
    endloop
  endfacet
  facet normal 0.9618256431728365 0.27366299007202144 0
    outer loop
      vertex -8.613392164320388 -6.895061463305627 7.85
      vertex -8.613392164320388 -6.895061463305627 69.99
      vertex -8.612758102985785 -6.897289957742544 70.03
    endloop
  endfacet
  facet normal 0.9957341762950341 0.09226835946330561 0
    outer loop
      vertex -8.613392164320388 -6.895061463305627 7.85
      vertex -8.65 -6.5 70.03
      vertex -8.613392164320388 -6.895061463305627 69.99
    endloop
  endfacet
  facet normal 0.3612416661871533 0.9324722294043557 0
    outer loop
      vertex -7.088375428654977 -8.56792513282156 7.85
      vertex -7.458337464919557 -8.424601076413383 70.03
      vertex -7.088375428654977 -8.56792513282156 70.03
    endloop
  endfacet
  facet normal 0.18374951781657184 0.9829730996839016 0
    outer loop
      vertex -7.088375428654977 -8.56792513282156 7.85
      vertex -7.088375428654977 -8.56792513282156 70.03
      vertex -6.6983769728461 -8.640828479034324 70.03
    endloop
  endfacet
  facet normal 0.9957341762950341 0.09226835946330558 -2.2646028411049647e-17
    outer loop
      vertex -8.65 -6.5 70.03
      vertex -8.613392164320388 -6.895061463305627 70.03
      vertex -8.613392164320388 -6.895061463305627 69.99
    endloop
  endfacet
  facet normal 0.8951632854242056 0 0.44573836768730385
    outer loop
      vertex -8.327966839075089 -6.5 6.718170849978923
      vertex -8.327966839075089 6.5 6.718170849978923
      vertex -8.50481529533863 6.5 7.073330415785312
    endloop
  endfacet
  facet normal 0.9618256433346316 0 0.2736629895033712
    outer loop
      vertex -8.613392166793346 -6.5 7.4549385368824
      vertex -8.50481529533863 6.5 7.073330415785312
      vertex -8.613392166793346 6.5 7.4549385368824
    endloop
  endfacet
  facet normal 0.9957341768636528 0 0.09226835332693221
    outer loop
      vertex -8.613392166793346 -6.5 7.4549385368824
      vertex -8.613392166793346 6.5 7.4549385368824
      vertex -8.65 6.5 7.85
    endloop
  endfacet
  facet normal 0.7980172268009509 0 0.602634637013937
    outer loop
      vertex -8.088869169354439 -6.5 6.40155436694622
      vertex -8.088869169354439 6.5 6.40155436694622
      vertex -8.327966839075089 6.5 6.718170849978923
    endloop
  endfacet
  facet normal 0.6736956446724653 0 0.7390089162854203
    outer loop
      vertex -7.795664466917515 -6.5 6.1342629626393315
      vertex -7.795664466917515 6.5 6.1342629626393315
      vertex -8.088869169354439 6.5 6.40155436694622
    endloop
  endfacet
  facet normal 0.5264321679761103 0 0.850217132572599
    outer loop
      vertex -7.458337463438511 -6.5 5.925398921966552
      vertex -7.458337463438511 6.5 5.925398921966552
      vertex -7.795664466917515 6.5 6.1342629626393315
    endloop
  endfacet
  facet normal 0.3612416623207492 0 0.9324722309022084
    outer loop
      vertex -7.458337463438511 -6.5 5.925398921966552
      vertex -7.088375426828861 6.5 5.78207486718893
      vertex -7.458337463438511 6.5 5.925398921966552
    endloop
  endfacet
  facet normal 0.18374951113035176 0 0.9829731009337727
    outer loop
      vertex -7.088375426828861 -6.5 5.78207486718893
      vertex -6.698376975953579 6.5 5.709171524643898
      vertex -7.088375426828861 6.5 5.78207486718893
    endloop
  endfacet
  facet normal 0 0 1
    outer loop
      vertex -6.698376975953579 -6.5 5.709171524643898
      vertex -6.518303918126528 6.697530734747037 5.709171524643898
      vertex -6.698376975953579 6.5 5.709171524643898
    endloop
  endfacet
  facet normal 0 0 1
    outer loop
      vertex -6.698376975953579 -6.5 5.709171524643898
      vertex -6.380451163230198 6.658308244306713 5.709171524643898
      vertex -6.518303918126528 6.697530734747037 5.709171524643898
    endloop
  endfacet
  facet normal 0.8920994780496676 -0.08266519044669206 0.444212772837435
    outer loop
      vertex -8.50481529533863 6.5 7.073330415785312
      vertex -8.327966839075089 6.5 6.718170849978923
      vertex -8.296842229925025 6.835888025264726 6.718170849978923
    endloop
  endfacet
  facet normal 0.9580281253305242 -0.08877437929554123 0.27258250247653976
    outer loop
      vertex -8.613392166793346 6.5 7.4549385368824
      vertex -8.50481529533863 6.5 7.073330415785312
      vertex -8.577407649040534 6.88833479160559 7.4549385368824
    endloop
  endfacet
  facet normal 0.9915224832510027 -0.0918780886289883 0.09187808246610786
    outer loop
      vertex -8.613392166793346 6.5 7.4549385368824
      vertex -8.577407649040534 6.88833479160559 7.4549385368824
      vertex -8.65 6.5 7.85
    endloop
  endfacet
  facet normal 0.9580281253305236 -0.08877437929554237 0.27258250247654076
    outer loop
      vertex -8.50481529533863 6.5 7.073330415785312
      vertex -8.470679505152711 6.868383843829754 7.073330415785312
      vertex -8.577407649040534 6.88833479160559 7.4549385368824
    endloop
  endfacet
  facet normal 0.9915224832510027 -0.09187808862899341 0.09187808246610284
    outer loop
      vertex -8.577407649040534 6.88833479160559 7.4549385368824
      vertex -8.613392164320388 6.895061463305627 7.85
      vertex -8.65 6.5 7.85
    endloop
  endfacet
  facet normal 0.9254036265504813 -0.26330003287285025 0.272582502476541
    outer loop
      vertex -8.577407649040534 6.88833479160559 7.4549385368824
      vertex -8.470679505152711 6.868383843829754 7.073330415785312
      vertex -8.470679505375493 7.263445307639309 7.4549385368824
    endloop
  endfacet
  facet normal 0.957757374284033 -0.2725054677743304 0.09187808246610503
    outer loop
      vertex -8.577407649040534 6.88833479160559 7.4549385368824
      vertex -8.504815293219364 7.276669582302379 7.85
      vertex -8.613392164320388 6.895061463305627 7.85
    endloop
  endfacet
  facet normal 0.8920994780496682 -0.08266519044669363 0.4442127728374338
    outer loop
      vertex -8.50481529533863 6.5 7.073330415785312
      vertex -8.296842229925025 6.835888025264726 6.718170849978923
      vertex -8.470679505152711 6.868383843829754 7.073330415785312
    endloop
  endfacet
  facet normal 0.8617201002800787 -0.24518050742538716 0.44421277283743293
    outer loop
      vertex -8.470679505152711 6.868383843829754 7.073330415785312
      vertex -8.296842229925025 6.835888025264726 6.718170849978923
      vertex -8.369434587988364 7.224222817685618 7.073330415785312
    endloop
  endfacet
  facet normal 0.957757374284033 -0.2725054677743303 0.09187808246610503
    outer loop
      vertex -8.577407649040534 6.88833479160559 7.4549385368824
      vertex -8.470679505375493 7.263445307639309 7.4549385368824
      vertex -8.504815293219364 7.276669582302379 7.85
    endloop
  endfacet
  facet normal 0.9254036265504814 -0.2633000328728502 0.2725825024765409
    outer loop
      vertex -8.470679505152711 6.868383843829754 7.073330415785312
      vertex -8.369434587988364 7.224222817685618 7.073330415785312
      vertex -8.470679505375493 7.263445307639309 7.4549385368824
    endloop
  endfacet
  facet normal 0.8612656171675775 -0.4288593196242544 0.2725825024765412
    outer loop
      vertex -8.470679505375493 7.263445307639309 7.4549385368824
      vertex -8.369434587988364 7.224222817685618 7.073330415785312
      vertex -8.296842234724442 7.612557609373084 7.4549385368824
    endloop
  endfacet
  facet normal 0.8913769866391795 -0.4438530000488987 0.09187808246610388
    outer loop
      vertex -8.470679505375493 7.263445307639309 7.4549385368824
      vertex -8.327966841818672 7.631829150186313 7.85
      vertex -8.504815293219364 7.276669582302379 7.85
    endloop
  endfacet
  facet normal 0.8913769866391791 -0.44385300004889966 0.09187808246610488
    outer loop
      vertex -8.470679505375493 7.263445307639309 7.4549385368824
      vertex -8.296842234724442 7.612557609373084 7.4549385368824
      vertex -8.327966841818672 7.631829150186313 7.85
    endloop
  endfacet
  facet normal 0.7958442808658529 -0.0737458329058944 0.6009937044113937
    outer loop
      vertex -8.327966839075089 6.5 6.718170849978923
      vertex -8.06181565239252 6.791953943742492 6.40155436694622
      vertex -8.296842229925025 6.835888025264726 6.718170849978923
    endloop
  endfacet
  facet normal 0.7958442808658526 -0.07374583290589415 0.6009937044113939
    outer loop
      vertex -8.327966839075089 6.5 6.718170849978923
      vertex -8.088869169354439 6.5 6.40155436694622
      vertex -8.06181565239252 6.791953943742492 6.40155436694622
    endloop
  endfacet
  facet normal 0.7687427583909733 -0.21872617282645487 0.6009937044113937
    outer loop
      vertex -8.296842229925025 6.835888025264726 6.718170849978923
      vertex -8.06181565239252 6.791953943742492 6.40155436694622
      vertex -7.98157637657978 7.073965746090998 6.40155436694622
    endloop
  endfacet
  facet normal 0.7687427583909733 -0.2187261728264546 0.6009937044113938
    outer loop
      vertex -8.296842229925025 6.835888025264726 6.718170849978923
      vertex -7.98157637657978 7.073965746090998 6.40155436694622
      vertex -8.20452831370958 7.160337786682351 6.718170849978923
    endloop
  endfacet
  facet normal 0.6723867253603336 -0.06230580565662526 0.7375731002013876
    outer loop
      vertex -8.088869169354439 6.5 6.40155436694622
      vertex -7.795664466917515 6.5 6.1342629626393315
      vertex -8.06181565239252 6.791953943742492 6.40155436694622
    endloop
  endfacet
  facet normal 0.6723867253603338 -0.06230580565662475 0.7375731002013873
    outer loop
      vertex -8.06181565239252 6.791953943742492 6.40155436694622
      vertex -7.795664466917515 6.5 6.1342629626393315
      vertex -7.7736033171962005 6.738077721048157 6.1342629626393315
    endloop
  endfacet
  facet normal 0.6494894018671776 -0.1847956674858209 0.7375731002013873
    outer loop
      vertex -8.06181565239252 6.791953943742492 6.40155436694622
      vertex -7.7736033171962005 6.738077721048157 6.1342629626393315
      vertex -7.98157637657978 7.073965746090998 6.40155436694622
    endloop
  endfacet
  facet normal 0.6494894018671765 -0.1847956674858221 0.7375731002013879
    outer loop
      vertex -7.7736033171962005 6.738077721048157 6.1342629626393315
      vertex -7.708171134026581 6.968047990848774 6.1342629626393315
      vertex -7.98157637657978 7.073965746090998 6.40155436694622
    endloop
  endfacet
  facet normal 0.861720100280079 -0.2451805074253868 0.4442127728374326
    outer loop
      vertex -8.296842229925025 6.835888025264726 6.718170849978923
      vertex -8.20452831370958 7.160337786682351 6.718170849978923
      vertex -8.369434587988364 7.224222817685618 7.073330415785312
    endloop
  endfacet
  facet normal 0.7154626232844029 -0.35625805526453824 0.6009937044113938
    outer loop
      vertex -8.20452831370958 7.160337786682351 6.718170849978923
      vertex -7.98157637657978 7.073965746090998 6.40155436694622
      vertex -7.850883794217623 7.336431833352407 6.40155436694622
    endloop
  endfacet
  facet normal 0.7154626232844028 -0.35625805526454396 0.6009937044113906
    outer loop
      vertex -8.20452831370958 7.160337786682351 6.718170849978923
      vertex -7.850883794217623 7.336431833352407 6.40155436694622
      vertex -8.054168730127138 7.462300536762381 6.718170849978923
    endloop
  endfacet
  facet normal 0.8019958780147901 -0.39934649628531926 0.44421277283743804
    outer loop
      vertex -8.20452831370958 7.160337786682351 6.718170849978923
      vertex -8.054168730127138 7.462300536762381 6.718170849978923
      vertex -8.204528318069732 7.55539925209472 7.073330415785312
    endloop
  endfacet
  facet normal 0.6044744957701114 -0.30099253449675883 0.7375731002013882
    outer loop
      vertex -7.708171134026581 6.968047990848774 6.1342629626393315
      vertex -7.850883794217623 7.336431833352407 6.40155436694622
      vertex -7.98157637657978 7.073965746090998 6.40155436694622
    endloop
  endfacet
  facet normal 0.6044744957701126 -0.300992534496758 0.7375731002013877
    outer loop
      vertex -7.708171134026581 6.968047990848774 6.1342629626393315
      vertex -7.601596131929248 7.1820794476827245 6.1342629626393315
      vertex -7.850883794217623 7.336431833352407 6.40155436694622
    endloop
  endfacet
  facet normal 0.5388749357068416 -0.4069394617461681 0.7375731002013878
    outer loop
      vertex -7.850883794217623 7.336431833352407 6.40155436694622
      vertex -7.601596131929248 7.1820794476827245 6.1342629626393315
      vertex -7.674188484449912 7.57041423771841 6.40155436694622
    endloop
  endfacet
  facet normal 0.6378182666447215 -0.4816579969150286 0.6009937044113899
    outer loop
      vertex -7.850883794217623 7.336431833352407 6.40155436694622
      vertex -7.850883794460152 7.731493296215255 6.718170849978923
      vertex -8.054168730127138 7.462300536762381 6.718170849978923
    endloop
  endfacet
  facet normal 0.7149606480117539 -0.5399132191775746 0.4442127728374336
    outer loop
      vertex -8.054168730127138 7.462300536762381 6.718170849978923
      vertex -7.850883794460152 7.731493296215255 6.718170849978923
      vertex -7.981576380635618 7.850635330785622 7.073330415785312
    endloop
  endfacet
  facet normal 0.6378182666447146 -0.48165799691503225 0.6009937044113944
    outer loop
      vertex -7.850883794217623 7.336431833352407 6.40155436694622
      vertex -7.674188484449912 7.57041423771841 6.40155436694622
      vertex -7.850883794460152 7.731493296215255 6.718170849978923
    endloop
  endfacet
  facet normal 0.8019958780147959 -0.39934649628531416 0.4442127728374323
    outer loop
      vertex -8.369434587988364 7.224222817685618 7.073330415785312
      vertex -8.20452831370958 7.160337786682351 6.718170849978923
      vertex -8.204528318069732 7.55539925209472 7.073330415785312
    endloop
  endfacet
  facet normal 0.8612656171675783 -0.42885931962425344 0.27258250247654014
    outer loop
      vertex -8.369434587988364 7.224222817685618 7.073330415785312
      vertex -8.204528318069732 7.55539925209472 7.073330415785312
      vertex -8.296842234724442 7.612557609373084 7.4549385368824
    endloop
  endfacet
  facet normal 0.714960648011749 -0.5399132191775774 0.44421277283743776
    outer loop
      vertex -8.204528318069732 7.55539925209472 7.073330415785312
      vertex -8.054168730127138 7.462300536762381 6.718170849978923
      vertex -7.981576380635618 7.850635330785622 7.073330415785312
    endloop
  endfacet
  facet normal 0.6035782906414489 -0.6620938449452785 0.44421277283743676
    outer loop
      vertex -7.850883794460152 7.731493296215255 6.718170849978923
      vertex -7.601596131379355 7.958749028478927 6.718170849978923
      vertex -7.708171136513967 8.099877143195151 7.073330415785312
    endloop
  endfacet
  facet normal 0.7677982401662805 -0.5798143166059191 0.2725825024765409
    outer loop
      vertex -8.204528318069732 7.55539925209472 7.073330415785312
      vertex -8.061815656844573 7.923783096085437 7.4549385368824
      vertex -8.296842234724442 7.612557609373084 7.4549385368824
    endloop
  endfacet
  facet normal 0.7946418248031857 -0.6000856507498034 0.09187808246610335
    outer loop
      vertex -8.296842234724442 7.612557609373084 7.4549385368824
      vertex -8.088869172024417 7.948445633840098 7.85
      vertex -8.327966841818672 7.631829150186313 7.85
    endloop
  endfacet
  facet normal 0.7677982401662825 -0.5798143166059178 0.27258250247653887
    outer loop
      vertex -8.204528318069732 7.55539925209472 7.073330415785312
      vertex -7.981576380635618 7.850635330785622 7.073330415785312
      vertex -8.061815656844573 7.923783096085437 7.4549385368824
    endloop
  endfacet
  facet normal 0.7946418248031835 -0.600085650749806 0.09187808246610678
    outer loop
      vertex -8.296842234724442 7.612557609373084 7.4549385368824
      vertex -8.061815656844573 7.923783096085437 7.4549385368824
      vertex -8.088869172024417 7.948445633840098 7.85
    endloop
  endfacet
  facet normal 0.6481844149686183 -0.7110244324461834 0.2725825024765396
    outer loop
      vertex -7.981576380635618 7.850635330785622 7.073330415785312
      vertex -7.773603319962278 8.186523357100207 7.4549385368824
      vertex -8.061815656844573 7.923783096085437 7.4549385368824
    endloop
  endfacet
  facet normal 0.6035782906414527 -0.662093844945277 0.44421277283743366
    outer loop
      vertex -7.850883794460152 7.731493296215255 6.718170849978923
      vertex -7.708171136513967 8.099877143195151 7.073330415785312
      vertex -7.981576380635618 7.850635330785622 7.073330415785312
    endloop
  endfacet
  facet normal 0.670846088691344 -0.7358831043378267 0.09187808246610633
    outer loop
      vertex -8.061815656844573 7.923783096085437 7.4549385368824
      vertex -7.773603319962278 8.186523357100207 7.4549385368824
      vertex -8.088869172024417 7.948445633840098 7.85
    endloop
  endfacet
  facet normal 0.6708460886913378 -0.7358831043378335 0.09187808246609723
    outer loop
      vertex -8.088869172024417 7.948445633840098 7.85
      vertex -7.773603319962278 8.186523357100207 7.4549385368824
      vertex -7.795664468215401 8.215737038652513 7.85
    endloop
  endfacet
  facet normal 0.6481844149686173 -0.711024432446184 0.27258250247654053
    outer loop
      vertex -7.981576380635618 7.850635330785622 7.073330415785312
      vertex -7.708171136513967 8.099877143195151 7.073330415785312
      vertex -7.773603319962278 8.186523357100207 7.4549385368824
    endloop
  endfacet
  facet normal 0.5258069351200796 -0.048723187827570784 0.8492073468520792
    outer loop
      vertex -7.795664466917515 6.5 6.1342629626393315
      vertex -7.458337463438511 6.5 5.925398921966552
      vertex -7.442019946979362 6.676094046812381 5.925398921966552
    endloop
  endfacet
  facet normal 0.5258069351200799 -0.04872318782757142 0.8492073468520791
    outer loop
      vertex -7.795664466917515 6.5 6.1342629626393315
      vertex -7.442019946979362 6.676094046812381 5.925398921966552
      vertex -7.7736033171962005 6.738077721048157 6.1342629626393315
    endloop
  endfacet
  facet normal 0.5079012105804739 -0.14451035375827442 0.8492073468520792
    outer loop
      vertex -7.7736033171962005 6.738077721048157 6.1342629626393315
      vertex -7.442019946979362 6.676094046812381 5.925398921966552
      vertex -7.708171134026581 6.968047990848774 6.1342629626393315
    endloop
  endfacet
  facet normal 0.507901210580474 -0.14451035375827428 0.8492073468520792
    outer loop
      vertex -7.708171134026581 6.968047990848774 6.1342629626393315
      vertex -7.442019946979362 6.676094046812381 5.925398921966552
      vertex -7.393623071054224 6.846191422062098 5.925398921966552
    endloop
  endfacet
  facet normal 0.4726995194749105 -0.23537639291280046 0.8492073468520794
    outer loop
      vertex -7.708171134026581 6.968047990848774 6.1342629626393315
      vertex -7.393623071054224 6.846191422062098 5.925398921966552
      vertex -7.314794933227075 7.004499663644335 5.925398921966552
    endloop
  endfacet
  facet normal 0.3610394454030981 -0.03345523144824981 0.9319502488608323
    outer loop
      vertex -7.458337463438511 6.5 5.925398921966552
      vertex -7.088375426828861 6.5 5.78207486718893
      vertex -7.442019946979362 6.676094046812381 5.925398921966552
    endloop
  endfacet
  facet normal 0.3487446801089822 -0.09922641656291163 0.9319502488608323
    outer loop
      vertex -7.442019946979362 6.676094046812381 5.925398921966552
      vertex -7.078357217087805 6.608113700974922 5.78207486718893
      vertex -7.393623071054224 6.846191422062098 5.925398921966552
    endloop
  endfacet
  facet normal 0.36103944540309835 -0.0334552314482493 0.9319502488608323
    outer loop
      vertex -7.442019946979362 6.676094046812381 5.925398921966552
      vertex -7.088375426828861 6.5 5.78207486718893
      vertex -7.078357217087805 6.608113700974922 5.78207486718893
    endloop
  endfacet
  facet normal 0.348744680108982 -0.09922641656291196 0.9319502488608323
    outer loop
      vertex -7.393623071054224 6.846191422062098 5.925398921966552
      vertex -7.078357217087805 6.608113700974922 5.78207486718893
      vertex -7.048643745981848 6.712545719531235 5.78207486718893
    endloop
  endfacet
  facet normal 0.3245738330068967 -0.16161856507048963 0.9319502488608323
    outer loop
      vertex -7.393623071054224 6.846191422062098 5.925398921966552
      vertex -7.000246870132124 6.809739748529406 5.78207486718893
      vertex -7.314794933227075 7.004499663644335 5.925398921966552
    endloop
  endfacet
  facet normal 0.32457383300689696 -0.16161856507048764 0.9319502488608324
    outer loop
      vertex -7.393623071054224 6.846191422062098 5.925398921966552
      vertex -7.048643745981848 6.712545719531235 5.78207486718893
      vertex -7.000246870132124 6.809739748529406 5.78207486718893
    endloop
  endfacet
  facet normal 0.28935001330516535 -0.2185069871846982 0.931950248860832
    outer loop
      vertex -7.314794933227075 7.004499663644335 5.925398921966552
      vertex -6.93481468710004 6.89638596188329 5.78207486718893
      vertex -7.208219931187687 7.145627774261818 5.925398921966552
    endloop
  endfacet
  facet normal 0.28935001330516597 -0.2185069871846964 0.9319502488608323
    outer loop
      vertex -7.314794933227075 7.004499663644335 5.925398921966552
      vertex -7.000246870132124 6.809739748529406 5.78207486718893
      vertex -6.93481468710004 6.89638596188329 5.78207486718893
    endloop
  endfacet
  facet normal 0.4726995194749105 -0.23537639291280044 0.8492073468520793
    outer loop
      vertex -7.708171134026581 6.968047990848774 6.1342629626393315
      vertex -7.314794933227075 7.004499663644335 5.925398921966552
      vertex -7.601596131929248 7.1820794476827245 6.1342629626393315
    endloop
  endfacet
  facet normal 0.4214006131742118 -0.31822697130955235 0.8492073468520793
    outer loop
      vertex -7.601596131929248 7.1820794476827245 6.1342629626393315
      vertex -7.314794933227075 7.004499663644335 5.925398921966552
      vertex -7.208219931187687 7.145627774261818 5.925398921966552
    endloop
  endfacet
  facet normal 0.42140061317421107 -0.3182269713095551 0.8492073468520787
    outer loop
      vertex -7.601596131929248 7.1820794476827245 6.1342629626393315
      vertex -7.208219931187687 7.145627774261818 5.925398921966552
      vertex -7.457507594777995 7.372883506989968 6.1342629626393315
    endloop
  endfacet
  facet normal 0.5388749357068401 -0.40693946174616874 0.7375731002013884
    outer loop
      vertex -7.601596131929248 7.1820794476827245 6.1342629626393315
      vertex -7.457507594777995 7.372883506989968 6.1342629626393315
      vertex -7.674188484449912 7.57041423771841 6.40155436694622
    endloop
  endfacet
  facet normal 0.4549246360173275 -0.4990285536958926 0.7375731002013884
    outer loop
      vertex -7.674188484449912 7.57041423771841 6.40155436694622
      vertex -7.457507594777995 7.372883506989968 6.1342629626393315
      vertex -7.28081228489036 7.533962565375045 6.1342629626393315
    endloop
  endfacet
  facet normal 0.4549246360173274 -0.49902855369589333 0.7375731002013883
    outer loop
      vertex -7.674188484449912 7.57041423771841 6.40155436694622
      vertex -7.28081228489036 7.533962565375045 6.1342629626393315
      vertex -7.457507594128124 7.767944969039288 6.40155436694622
    endloop
  endfacet
  facet normal 0.35575141440619706 -0.3902407118695386 0.8492073468520783
    outer loop
      vertex -7.457507594777995 7.372883506989968 6.1342629626393315
      vertex -7.208219931187687 7.145627774261818 5.925398921966552
      vertex -7.28081228489036 7.533962565375045 6.1342629626393315
    endloop
  endfacet
  facet normal 0.244272725937414 -0.2679544159205788 0.9319502488608318
    outer loop
      vertex -7.208219931187687 7.145627774261818 5.925398921966552
      vertex -6.93481468710004 6.89638596188329 5.78207486718893
      vertex -7.0775273488078865 7.2647698053719765 5.925398921966552
    endloop
  endfacet
  facet normal 0.355751414406188 -0.39024071186954157 0.8492073468520808
    outer loop
      vertex -7.208219931187687 7.145627774261818 5.925398921966552
      vertex -7.0775273488078865 7.2647698053719765 5.925398921966552
      vertex -7.28081228489036 7.533962565375045 6.1342629626393315
    endloop
  endfacet
  facet normal 0.35548242347020287 -0.5741238267682884 0.7375731002013886
    outer loop
      vertex -7.28081228489036 7.533962565375045 6.1342629626393315
      vertex -7.077527349121898 7.659831268697687 6.1342629626393315
      vertex -7.457507594128124 7.767944969039288 6.40155436694622
    endloop
  endfacet
  facet normal 0.27798752789737 -0.4489652730289488 0.8492073468520809
    outer loop
      vertex -7.0775273488078865 7.2647698053719765 5.925398921966552
      vertex -6.927167765232141 7.35786851800048 5.925398921966552
      vertex -7.28081228489036 7.533962565375045 6.1342629626393315
    endloop
  endfacet
  facet normal 0.27798752789736786 -0.448965273028952 0.8492073468520798
    outer loop
      vertex -7.28081228489036 7.533962565375045 6.1342629626393315
      vertex -6.927167765232141 7.35786851800048 5.925398921966552
      vertex -7.077527349121898 7.659831268697687 6.1342629626393315
    endloop
  endfacet
  facet normal 0.18372288102202727 -0.017024432053590638 0.9828306424314509
    outer loop
      vertex -7.088375426828861 6.5 5.78207486718893
      vertex -6.6949992309590085 6.53645167367738 5.709171524643898
      vertex -7.078357217087805 6.608113700974922 5.78207486718893
    endloop
  endfacet
  facet normal 0.1774664186601302 -0.05049354954574592 0.9828306424314509
    outer loop
      vertex -7.078357217087805 6.608113700974922 5.78207486718893
      vertex -6.6849810210299285 6.571662029326639 5.709171524643898
      vertex -7.048643745981848 6.712545719531235 5.78207486718893
    endloop
  endfacet
  facet normal 0.16516655025827195 -0.08224316976845532 0.982830642431451
    outer loop
      vertex -7.048643745981848 6.712545719531235 5.78207486718893
      vertex -6.6849810210299285 6.571662029326639 5.709171524643898
      vertex -7.000246870132124 6.809739748529406 5.78207486718893
    endloop
  endfacet
  facet normal 0.18372288102202725 -0.01702443205359056 0.982830642431451
    outer loop
      vertex -7.088375426828861 6.5 5.78207486718893
      vertex -6.698376975953579 6.5 5.709171524643898
      vertex -6.6949992309590085 6.53645167367738 5.709171524643898
    endloop
  endfacet
  facet normal 0.1774664186601302 -0.05049354954574612 0.982830642431451
    outer loop
      vertex -7.078357217087805 6.608113700974922 5.78207486718893
      vertex -6.6949992309590085 6.53645167367738 5.709171524643898
      vertex -6.6849810210299285 6.571662029326639 5.709171524643898
    endloop
  endfacet
  facet normal 0.16516655025827465 -0.08224316976845171 0.9828306424314509
    outer loop
      vertex -7.000246870132124 6.809739748529406 5.78207486718893
      vertex -6.6849810210299285 6.571662029326639 5.709171524643898
      vertex -6.668663504289955 6.604432020516313 5.709171524643898
    endloop
  endfacet
  facet normal 0.1472421330828102 -0.1111920974845128 0.9828306424314509
    outer loop
      vertex -7.000246870132124 6.809739748529406 5.78207486718893
      vertex -6.668663504289955 6.604432020516313 5.709171524643898
      vertex -6.646602354200963 6.633645704499706 5.709171524643898
    endloop
  endfacet
  facet normal 0.14724213308281023 -0.11119209748451246 0.982830642431451
    outer loop
      vertex -7.000246870132124 6.809739748529406 5.78207486718893
      vertex -6.646602354200963 6.633645704499706 5.709171524643898
      vertex -6.93481468710004 6.89638596188329 5.78207486718893
    endloop
  endfacet
  facet normal 0.1243035616626849 -0.13635451168095788 0.982830642431451
    outer loop
      vertex -6.93481468710004 6.89638596188329 5.78207486718893
      vertex -6.646602354200963 6.633645704499706 5.709171524643898
      vertex -6.854575411401501 6.9695337267177955 5.78207486718893
    endloop
  endfacet
  facet normal 0.0971319815358323 -0.1568735365213136 0.982830642431451
    outer loop
      vertex -6.854575411401501 6.9695337267177955 5.78207486718893
      vertex -6.619548836769802 6.658308244306713 5.709171524643898
      vertex -6.762261495334016 7.026692083632565 5.78207486718893
    endloop
  endfacet
  facet normal 0.24427272593741314 -0.26795441592057917 0.9319502488608321
    outer loop
      vertex -7.0775273488078865 7.2647698053719765 5.925398921966552
      vertex -6.93481468710004 6.89638596188329 5.78207486718893
      vertex -6.854575411401501 6.9695337267177955 5.78207486718893
    endloop
  endfacet
  facet normal 0 0 1
    outer loop
      vertex -6.698376975953579 6.5 5.709171524643898
      vertex -6.6849810210299285 6.571662029326639 5.709171524643898
      vertex -6.6949992309590085 6.53645167367738 5.709171524643898
    endloop
  endfacet
  facet normal 0 0 1
    outer loop
      vertex -6.698376975953579 6.5 5.709171524643898
      vertex -6.646602354200963 6.633645704499706 5.709171524643898
      vertex -6.6849810210299285 6.571662029326639 5.709171524643898
    endloop
  endfacet
  facet normal 0 0 1
    outer loop
      vertex -6.6849810210299285 6.571662029326639 5.709171524643898
      vertex -6.646602354200963 6.633645704499706 5.709171524643898
      vertex -6.668663504289955 6.604432020516313 5.709171524643898
    endloop
  endfacet
  facet normal 0 0 1
    outer loop
      vertex -6.698376975953579 6.5 5.709171524643898
      vertex -6.518303918126528 6.697530734747037 5.709171524643898
      vertex -6.646602354200963 6.633645704499706 5.709171524643898
    endloop
  endfacet
  facet normal 0 0 1
    outer loop
      vertex -6.646602354200963 6.633645704499706 5.709171524643898
      vertex -6.58842422708547 6.677579786723669 5.709171524643898
      vertex -6.619548836769802 6.658308244306713 5.709171524643898
    endloop
  endfacet
  facet normal 0 0 1
    outer loop
      vertex -6.646602354200963 6.633645704499706 5.709171524643898
      vertex -6.518303918126528 6.697530734747037 5.709171524643898
      vertex -6.58842422708547 6.677579786723669 5.709171524643898
    endloop
  endfacet
  facet normal 0 0 1
    outer loop
      vertex -6.58842422708547 6.677579786723669 5.709171524643898
      vertex -6.518303918126528 6.697530734747037 5.709171524643898
      vertex -6.554288436400914 6.690804062487231 5.709171524643898
    endloop
  endfacet
  facet normal 0.12430356166267942 -0.13635451168096144 0.9828306424314512
    outer loop
      vertex -6.854575411401501 6.9695337267177955 5.78207486718893
      vertex -6.646602354200963 6.633645704499706 5.709171524643898
      vertex -6.619548836769802 6.658308244306713 5.709171524643898
    endloop
  endfacet
  facet normal 0.0971319815358283 -0.1568735365213152 0.9828306424314512
    outer loop
      vertex -6.619548836769802 6.658308244306713 5.709171524643898
      vertex -6.58842422708547 6.677579786723669 5.709171524643898
      vertex -6.762261495334016 7.026692083632565 5.78207486718893
    endloop
  endfacet
  facet normal 0.06665268827475207 -0.17205042122450423 0.9828306424314515
    outer loop
      vertex -6.58842422708547 6.677579786723669 5.709171524643898
      vertex -6.554288436400914 6.690804062487231 5.709171524643898
      vertex -6.762261495334016 7.026692083632565 5.78207486718893
    endloop
  endfacet
  facet normal 0.06665268827474137 -0.17205042122451078 0.9828306424314509
    outer loop
      vertex -6.554288436400914 6.690804062487231 5.709171524643898
      vertex -6.6610165785909246 7.065914573336752 5.78207486718893
      vertex -6.762261495334016 7.026692083632565 5.78207486718893
    endloop
  endfacet
  facet normal 0.033903617655550965 -0.18136833518463918 0.9828306424314509
    outer loop
      vertex -6.554288436400914 6.690804062487231 5.709171524643898
      vertex -6.554288435382019 7.085865520985678 5.78207486718893
      vertex -6.6610165785909246 7.065914573336752 5.78207486718893
    endloop
  endfacet
  facet normal 0.033903617655541694 -0.18136833518463927 0.9828306424314514
    outer loop
      vertex -6.554288436400914 6.690804062487231 5.709171524643898
      vertex -6.518303918126528 6.697530734747037 5.709171524643898
      vertex -6.554288435382019 7.085865520985678 5.78207486718893
    endloop
  endfacet
  facet normal 0.19087702386071637 -0.3082769783981753 0.931950248860832
    outer loop
      vertex -7.0775273488078865 7.2647698053719765 5.925398921966552
      vertex -6.854575411401501 6.9695337267177955 5.78207486718893
      vertex -6.927167765232141 7.35786851800048 5.925398921966552
    endloop
  endfacet
  facet normal 0.19087702386071637 -0.3082769783981753 0.9319502488608319
    outer loop
      vertex -6.854575411401501 6.9695337267177955 5.78207486718893
      vertex -6.762261495334016 7.026692083632565 5.78207486718893
      vertex -6.927167765232141 7.35786851800048 5.925398921966552
    endloop
  endfacet
  facet normal 0.13098123366818362 -0.33810153811391064 0.931950248860833
    outer loop
      vertex -6.762261495334016 7.026692083632565 5.78207486718893
      vertex -6.6610165785909246 7.065914573336752 5.78207486718893
      vertex -6.7622614957426785 7.421753547148356 5.925398921966552
    endloop
  endfacet
  facet normal 0.13098123366819087 -0.33810153811391025 0.9319502488608322
    outer loop
      vertex -6.762261495334016 7.026692083632565 5.78207486718893
      vertex -6.7622614957426785 7.421753547148356 5.925398921966552
      vertex -6.927167765232141 7.35786851800048 5.925398921966552
    endloop
  endfacet
  facet normal 0.19075710953528713 -0.49240086028985897 0.8492073468520803
    outer loop
      vertex -6.927167765232141 7.35786851800048 5.925398921966552
      vertex -6.7622614957426785 7.421753547148356 5.925398921966552
      vertex -7.077527349121898 7.659831268697687 6.1342629626393315
    endloop
  endfacet
  facet normal 0.19075710953527955 -0.4924008602898666 0.8492073468520775
    outer loop
      vertex -6.7622614957426785 7.421753547148356 5.925398921966552
      vertex -6.854575412146798 7.746203309229106 6.1342629626393315
      vertex -7.077527349121898 7.659831268697687 6.1342629626393315
    endloop
  endfacet
  facet normal 0.09703068659591835 -0.5190683268233385 0.8492073468520773
    outer loop
      vertex -6.7622614957426785 7.421753547148356 5.925398921966552
      vertex -6.619548834777373 7.790137390720858 6.1342629626393315
      vertex -6.854575412146798 7.746203309229106 6.1342629626393315
    endloop
  endfacet
  facet normal 0.06662503465777445 -0.35641245545727157 0.9319502488608331
    outer loop
      vertex -6.7622614957426785 7.421753547148356 5.925398921966552
      vertex -6.6610165785909246 7.065914573336752 5.78207486718893
      vertex -6.554288435382019 7.085865520985678 5.78207486718893
    endloop
  endfacet
  facet normal 0.06662503465776719 -0.3564124554572757 0.9319502488608321
    outer loop
      vertex -6.7622614957426785 7.421753547148356 5.925398921966552
      vertex -6.554288435382019 7.085865520985678 5.78207486718893
      vertex -6.588424225563694 7.45424936476962 5.925398921966552
    endloop
  endfacet
  facet normal 0.09703068659591109 -0.5190683268233368 0.8492073468520792
    outer loop
      vertex -6.7622614957426785 7.421753547148356 5.925398921966552
      vertex -6.588424225563694 7.45424936476962 5.925398921966552
      vertex -6.619548834777373 7.790137390720858 6.1342629626393315
    endloop
  endfacet
  facet normal 0.5384537739131403 -0.5906556531656716 0.6009937044113944
    outer loop
      vertex -7.850883794460152 7.731493296215255 6.718170849978923
      vertex -7.674188484449912 7.57041423771841 6.40155436694622
      vertex -7.457507594128124 7.767944969039288 6.40155436694622
    endloop
  endfacet
  facet normal 0.5384537739131394 -0.5906556531656741 0.6009937044113931
    outer loop
      vertex -7.850883794460152 7.731493296215255 6.718170849978923
      vertex -7.457507594128124 7.767944969039288 6.40155436694622
      vertex -7.601596131379355 7.958749028478927 6.718170849978923
    endloop
  endfacet
  facet normal 0.42075288371507125 -0.679539239561133 0.6009937044113931
    outer loop
      vertex -7.601596131379355 7.958749028478927 6.718170849978923
      vertex -7.457507594128124 7.767944969039288 6.40155436694622
      vertex -7.314794933263367 8.136328812154368 6.718170849978923
    endloop
  endfacet
  facet normal 0.471641798495724 -0.7617276589174076 0.4442127728374374
    outer loop
      vertex -7.708171136513967 8.099877143195151 7.073330415785312
      vertex -7.601596131379355 7.958749028478927 6.718170849978923
      vertex -7.314794933263367 8.136328812154368 6.718170849978923
    endloop
  endfacet
  facet normal 0.3554824234701988 -0.5741238267682951 0.7375731002013854
    outer loop
      vertex -7.457507594128124 7.767944969039288 6.40155436694622
      vertex -7.077527349121898 7.659831268697687 6.1342629626393315
      vertex -7.208219931092082 7.922297355171903 6.40155436694622
    endloop
  endfacet
  facet normal 0.42075288371506375 -0.6795392395611338 0.6009937044113974
    outer loop
      vertex -7.457507594128124 7.767944969039288 6.40155436694622
      vertex -7.208219931092082 7.922297355171903 6.40155436694622
      vertex -7.314794933263367 8.136328812154368 6.718170849978923
    endloop
  endfacet
  facet normal 0.24393468334597337 -0.6296680015057278 0.7375731002013851
    outer loop
      vertex -7.077527349121898 7.659831268697687 6.1342629626393315
      vertex -6.934814687718882 8.028215110731796 6.40155436694622
      vertex -7.208219931092082 7.922297355171903 6.40155436694622
    endloop
  endfacet
  facet normal 0.28872375869954237 -0.7452819321708225 0.6009937044113973
    outer loop
      vertex -7.208219931092082 7.922297355171903 6.40155436694622
      vertex -7.0002468709339025 8.258185380691984 6.718170849978923
      vertex -7.314794933263367 8.136328812154368 6.718170849978923
    endloop
  endfacet
  facet normal 0.28872375869954564 -0.7452819321708227 0.6009937044113954
    outer loop
      vertex -7.208219931092082 7.922297355171903 6.40155436694622
      vertex -6.934814687718882 8.028215110731796 6.40155436694622
      vertex -7.0002468709339025 8.258185380691984 6.718170849978923
    endloop
  endfacet
  facet normal 0.3236441105742102 -0.8354217510567379 0.44421277283743454
    outer loop
      vertex -7.314794933263367 8.136328812154368 6.718170849978923
      vertex -7.0002468709339025 8.258185380691984 6.718170849978923
      vertex -7.048643748264615 8.428282760881785 7.073330415785312
    endloop
  endfacet
  facet normal 0.5064974469307024 -0.8180214640193171 0.27258250247654037
    outer loop
      vertex -7.708171136513967 8.099877143195151 7.073330415785312
      vertex -7.3936230733798975 8.294637058334299 7.073330415785312
      vertex -7.773603319962278 8.186523357100207 7.4549385368824
    endloop
  endfacet
  facet normal 0.506497446930702 -0.8180214640193179 0.2725825024765397
    outer loop
      vertex -7.773603319962278 8.186523357100207 7.4549385368824
      vertex -7.3936230733798975 8.294637058334299 7.073330415785312
      vertex -7.442019949537483 8.391831087950738 7.4549385368824
    endloop
  endfacet
  facet normal 0.5242054936203102 -0.8466209414021367 0.09187808246609613
    outer loop
      vertex -7.773603319962278 8.186523357100207 7.4549385368824
      vertex -7.458337464919557 8.424601076413381 7.85
      vertex -7.795664468215401 8.215737038652513 7.85
    endloop
  endfacet
  facet normal 0.4716417984957185 -0.7617276589174147 0.4442127728374306
    outer loop
      vertex -7.708171136513967 8.099877143195151 7.073330415785312
      vertex -7.314794933263367 8.136328812154368 6.718170849978923
      vertex -7.3936230733798975 8.294637058334299 7.073330415785312
    endloop
  endfacet
  facet normal 0.32364411057421627 -0.835421751056738 0.44421277283743005
    outer loop
      vertex -7.314794933263367 8.136328812154368 6.718170849978923
      vertex -7.048643748264615 8.428282760881785 7.073330415785312
      vertex -7.3936230733798975 8.294637058334299 7.073330415785312
    endloop
  endfacet
  facet normal 0.5242054936203049 -0.8466209414021393 0.09187808246610203
    outer loop
      vertex -7.773603319962278 8.186523357100207 7.4549385368824
      vertex -7.442019949537483 8.391831087950738 7.4549385368824
      vertex -7.458337464919557 8.424601076413381 7.85
    endloop
  endfacet
  facet normal 0.34756231581431085 -0.8971617557438684 0.2725825024765399
    outer loop
      vertex -7.3936230733798975 8.294637058334299 7.073330415785312
      vertex -7.048643748264615 8.428282760881785 7.073330415785312
      vertex -7.442019949537483 8.391831087950738 7.4549385368824
    endloop
  endfacet
  facet normal 0.359713709179238 -0.9285281177168878 0.09187808246610199
    outer loop
      vertex -7.442019949537483 8.391831087950738 7.4549385368824
      vertex -7.078357219559585 8.53271478010241 7.4549385368824
      vertex -7.458337464919557 8.424601076413381 7.85
    endloop
  endfacet
  facet normal 0.3597137091792378 -0.9285281177168879 0.09187808246610182
    outer loop
      vertex -7.078357219559585 8.53271478010241 7.4549385368824
      vertex -7.088375428654977 8.56792513282156 7.85
      vertex -7.458337464919557 8.424601076413381 7.85
    endloop
  endfacet
  facet normal 0.3475623158143107 -0.8971617557438684 0.2725825024765397
    outer loop
      vertex -7.442019949537483 8.391831087950738 7.4549385368824
      vertex -7.048643748264615 8.428282760881785 7.073330415785312
      vertex -7.078357219559585 8.53271478010241 7.4549385368824
    endloop
  endfacet
  facet normal 0.24393468334596322 -0.6296680015057269 0.7375731002013892
    outer loop
      vertex -7.077527349121898 7.659831268697687 6.1342629626393315
      vertex -6.854575412146798 7.746203309229106 6.1342629626393315
      vertex -6.934814687718882 8.028215110731796 6.40155436694622
    endloop
  endfacet
  facet normal 0.12408004014780508 -0.6637695876554082 0.7375731002013893
    outer loop
      vertex -6.854575412146798 7.746203309229106 6.1342629626393315
      vertex -6.619548834777373 7.790137390720858 6.1342629626393315
      vertex -6.934814687718882 8.028215110731796 6.40155436694622
    endloop
  endfacet
  facet normal 0.12408004014780184 -0.6637695876554105 0.7375731002013877
    outer loop
      vertex -6.934814687718882 8.028215110731796 6.40155436694622
      vertex -6.619548834777373 7.790137390720858 6.1342629626393315
      vertex -6.646602351658154 8.08209133358772 6.40155436694622
    endloop
  endfacet
  facet normal 0.1468624923674896 -0.7856449424475901 0.6009937044113957
    outer loop
      vertex -6.934814687718882 8.028215110731796 6.40155436694622
      vertex -6.646602351658154 8.08209133358772 6.40155436694622
      vertex -7.0002468709339025 8.258185380691984 6.718170849978923
    endloop
  endfacet
  facet normal 0.1468624923674818 -0.7856449424475956 0.6009937044113902
    outer loop
      vertex -6.646602351658154 8.08209133358772 6.40155436694622
      vertex -6.668663501394777 8.32016905480107 6.718170849978923
      vertex -7.0002468709339025 8.258185380691984 6.718170849978923
    endloop
  endfacet
  facet normal 0.16462511063541518 -0.8806665574417795 0.4442127728374344
    outer loop
      vertex -7.048643748264615 8.428282760881785 7.073330415785312
      vertex -7.0002468709339025 8.258185380691984 6.718170849978923
      vertex -6.668663501394777 8.32016905480107 6.718170849978923
    endloop
  endfacet
  facet normal 0 -0.8959213204562548 0.44421277283743305
    outer loop
      vertex -6.668663501394777 8.32016905480107 6.718170849978923
      vertex -6.331336498605223 8.32016905480107 6.718170849978923
      vertex -6.315018981672169 8.496263106727696 7.073330415785312
    endloop
  endfacet
  facet normal 0.17679136688789993 -0.9457502799034929 0.27258250247653953
    outer loop
      vertex -7.048643748264615 8.428282760881785 7.073330415785312
      vertex -6.694999228132616 8.604376808390352 7.4549385368824
      vertex -7.078357219559585 8.53271478010241 7.4549385368824
    endloop
  endfacet
  facet normal 0.1829723058010984 -0.978815382629524 0.09187808246610195
    outer loop
      vertex -7.078357219559585 8.53271478010241 7.4549385368824
      vertex -6.694999228132616 8.604376808390352 7.4549385368824
      vertex -7.088375428654977 8.56792513282156 7.85
    endloop
  endfacet
  facet normal 0.16462511063541388 -0.8806665574417805 0.44421277283743327
    outer loop
      vertex -7.048643748264615 8.428282760881785 7.073330415785312
      vertex -6.668663501394777 8.32016905480107 6.718170849978923
      vertex -6.684981018327831 8.496263106727696 7.073330415785312
    endloop
  endfacet
  facet normal 0.17679136688789138 -0.9457502799034924 0.27258250247654714
    outer loop
      vertex -7.048643748264615 8.428282760881785 7.073330415785312
      vertex -6.684981018327831 8.496263106727696 7.073330415785312
      vertex -6.694999228132616 8.604376808390352 7.4549385368824
    endloop
  endfacet
  facet normal 0.18297230580110405 -0.9788153826295224 0.0918780824661077
    outer loop
      vertex -7.088375428654977 8.56792513282156 7.85
      vertex -6.694999228132616 8.604376808390352 7.4549385368824
      vertex -6.698376972846099 8.640828479034326 7.85
    endloop
  endfacet
  facet normal 0 -0.962132412583436 0.2725825024765469
    outer loop
      vertex -6.684981018327831 8.496263106727696 7.073330415785312
      vertex -6.315018981672169 8.496263106727696 7.073330415785312
      vertex -6.694999228132616 8.604376808390352 7.4549385368824
    endloop
  endfacet
  facet normal 1.5367158408164353e-17 -0.8959213204562548 0.444212772837433
    outer loop
      vertex -6.668663501394777 8.32016905480107 6.718170849978923
      vertex -6.315018981672169 8.496263106727696 7.073330415785312
      vertex -6.684981018327831 8.496263106727696 7.073330415785312
    endloop
  endfacet
  facet normal 0.9957341762950341 -0.0922683594633056 1.456804658157169e-20
    outer loop
      vertex -8.65 6.5 7.85
      vertex -8.613392164320388 6.895061463305627 7.85
      vertex -8.613392164320388 6.895061463305627 70.03
    endloop
  endfacet
  facet normal 0.9618256431728192 -0.2736629900720826 -5.196899461971871e-21
    outer loop
      vertex -8.504815293219364 7.276669582302379 7.85
      vertex -8.613392164320388 6.895061463305627 70.03
      vertex -8.613392164320388 6.895061463305627 7.85
    endloop
  endfacet
  facet normal 0.8951632913550633 -0.44573835577653614 2.37059504971414e-19
    outer loop
      vertex -8.327966841818672 7.631829150186313 7.85
      vertex -8.504815293219364 7.276669582302379 70.03
      vertex -8.504815293219364 7.276669582302379 7.85
    endloop
  endfacet
  facet normal 0.7980172272802398 -0.6026346363792562 -1.0530863463517569e-19
    outer loop
      vertex -8.327966841818672 7.631829150186313 7.85
      vertex -8.088869172024417 7.948445633840098 7.85
      vertex -8.088869172024417 7.948445633840098 70.03
    endloop
  endfacet
  facet normal 0.6736956436465544 -0.7390089172206616 0
    outer loop
      vertex -8.088869172024417 7.948445633840098 7.85
      vertex -7.795664468215401 8.215737038652513 7.85
      vertex -8.088869172024417 7.948445633840098 70.03
    endloop
  endfacet
  facet normal 0.5264321628773548 -0.8502171357296149 -1.3277695627593551e-19
    outer loop
      vertex -7.795664468215401 8.215737038652513 7.85
      vertex -7.458337464919557 8.424601076413381 7.85
      vertex -7.458337464919557 8.424601076413381 70.03
    endloop
  endfacet
  facet normal 0.36124166618715714 -0.932472229404354 0
    outer loop
      vertex -7.088375428654977 8.56792513282156 7.85
      vertex -7.088375428654977 8.56792513282156 70.03
      vertex -7.458337464919557 8.424601076413381 7.85
    endloop
  endfacet
  facet normal 0.18374951781657572 -0.9829730996839008 2.235347244324248e-20
    outer loop
      vertex -7.088375428654977 8.56792513282156 7.85
      vertex -6.698376972846099 8.640828479034326 7.85
      vertex -6.698376972846099 8.640828479034326 70.03
    endloop
  endfacet
  facet normal 0 0 1
    outer loop
      vertex -6.698376975953579 -6.5 5.709171524643898
      vertex 6.481696081873473 6.697530734747037 5.709171524643898
      vertex -6.380451163230198 6.658308244306713 5.709171524643898
    endloop
  endfacet
  facet normal 0 0 1
    outer loop
      vertex -6.518303918126528 6.697530734747037 5.709171524643898
      vertex -6.380451163230198 6.658308244306713 5.709171524643898
      vertex 6.481696081873473 6.697530734747037 5.709171524643898
    endloop
  endfacet
  facet normal 0 -0.18450996801739733 0.9828306424314512
    outer loop
      vertex -6.518303918126528 6.697530734747037 5.709171524643898
      vertex 6.518303918126527 6.697530734747037 5.709171524643898
      vertex -6.554288435382019 7.085865520985678 5.78207486718893
    endloop
  endfacet
  facet normal -2.3483211945995525e-19 -0.362586174099666 0.931950248860832
    outer loop
      vertex -6.554288435382019 7.085865520985678 5.78207486718893
      vertex 6.588424225563692 7.45424936476962 5.925398921966552
      vertex -6.588424225563694 7.45424936476962 5.925398921966552
    endloop
  endfacet
  facet normal 0 -0.5280595440406816 0.8492073468520791
    outer loop
      vertex -6.588424225563694 7.45424936476962 5.925398921966552
      vertex 6.588424225563692 7.45424936476962 5.925398921966552
      vertex -6.619548834777373 7.790137390720858 6.1342629626393315
    endloop
  endfacet
  facet normal -1.2442444539389496e-19 -0.6752672966013632 0.7375731002013877
    outer loop
      vertex -6.619548834777373 7.790137390720858 6.1342629626393315
      vertex 6.646602351658153 8.08209133358772 6.40155436694622
      vertex -6.646602351658154 8.08209133358772 6.40155436694622
    endloop
  endfacet
  facet normal 0 -0.7992537564865585 0.6009937044113897
    outer loop
      vertex -6.646602351658154 8.08209133358772 6.40155436694622
      vertex 6.646602351658153 8.08209133358772 6.40155436694622
      vertex -6.668663501394777 8.32016905480107 6.718170849978923
    endloop
  endfacet
  facet normal 0 -0.7992537564865586 0.6009937044113897
    outer loop
      vertex -6.668663501394777 8.32016905480107 6.718170849978923
      vertex 6.646602351658153 8.08209133358772 6.40155436694622
      vertex -6.331336498605223 8.32016905480107 6.718170849978923
    endloop
  endfacet
  facet normal 0 -0.9621324125834361 0.2725825024765469
    outer loop
      vertex -6.694999228132616 8.604376808390352 7.4549385368824
      vertex -6.315018981672169 8.496263106727696 7.073330415785312
      vertex 6.694999228132616 8.604376808390352 7.4549385368824
    endloop
  endfacet
  facet normal -5.818844851986289e-20 -0.9957702636463648 0.09187808246610814
    outer loop
      vertex -6.694999228132616 8.604376808390352 7.4549385368824
      vertex 6.6983769728460985 8.640828479034326 7.85
      vertex -6.698376972846099 8.640828479034326 7.85
    endloop
  endfacet
  facet normal 4.373280940226673e-19 -0.8959213204562547 0.44421277283743293
    outer loop
      vertex -6.331336498605223 8.32016905480107 6.718170849978923
      vertex 6.684981018327832 8.496263106727696 7.073330415785312
      vertex -6.315018981672169 8.496263106727696 7.073330415785312
    endloop
  endfacet
  facet normal 0 -1 0
    outer loop
      vertex -6.698376972846099 8.640828479034326 7.85
      vertex 6.6983769728460985 8.640828479034326 7.85
      vertex -6.698376972846099 8.640828479034326 70.03
    endloop
  endfacet
  facet normal 1 0 0
    outer loop
      vertex -8.65 6.5 7.85
      vertex -8.65 6.5 69.99
      vertex -8.65 -6.491637182373752 69.99
    endloop
  endfacet
  facet normal 0.9957341762950341 -0.09226835946330561 0
    outer loop
      vertex -8.65 6.5 7.85
      vertex -8.613392164320388 6.895061463305627 70.03
      vertex -8.65 6.5 69.99
    endloop
  endfacet
  facet normal 0.9618256431728192 -0.2736629900720826 0
    outer loop
      vertex -8.504815293219364 7.276669582302379 7.85
      vertex -8.504815293219364 7.276669582302379 70.03
      vertex -8.613392164320388 6.895061463305627 70.03
    endloop
  endfacet
  facet normal 0.8951632913550633 -0.44573835577653614 0
    outer loop
      vertex -8.327966841818672 7.631829150186313 7.85
      vertex -8.327966841818672 7.631829150186313 70.03
      vertex -8.504815293219364 7.276669582302379 70.03
    endloop
  endfacet
  facet normal 0.7980172272802398 -0.6026346363792562 0
    outer loop
      vertex -8.327966841818672 7.631829150186313 7.85
      vertex -8.088869172024417 7.948445633840098 70.03
      vertex -8.327966841818672 7.631829150186313 70.03
    endloop
  endfacet
  facet normal 0.6736956436465544 -0.7390089172206616 0
    outer loop
      vertex -7.795664468215401 8.215737038652513 7.85
      vertex -7.795664468215401 8.215737038652513 70.03
      vertex -8.088869172024417 7.948445633840098 70.03
    endloop
  endfacet
  facet normal 0.5264321628773548 -0.8502171357296149 0
    outer loop
      vertex -7.795664468215401 8.215737038652513 7.85
      vertex -7.458337464919557 8.424601076413381 70.03
      vertex -7.795664468215401 8.215737038652513 70.03
    endloop
  endfacet
  facet normal 0.36124166618715714 -0.932472229404354 0
    outer loop
      vertex -7.458337464919557 8.424601076413381 70.03
      vertex -7.458337464919557 8.424601076413381 7.85
      vertex -7.088375428654977 8.56792513282156 70.03
    endloop
  endfacet
  facet normal 0.18374951781657572 -0.9829730996839008 0
    outer loop
      vertex -7.088375428654977 8.56792513282156 7.85
      vertex -6.698376972846099 8.640828479034326 70.03
      vertex -7.088375428654977 8.56792513282156 70.03
    endloop
  endfacet
  facet normal 0.9957341762950341 -0.09226835946330558 2.2646028411049647e-17
    outer loop
      vertex -8.613392164320388 6.895061463305627 70.03
      vertex -8.65 6.5 70.03
      vertex -8.65 6.5 69.99
    endloop
  endfacet
  facet normal -1.6853869317546384e-17 0.8959213204562547 0.44421277283743316
    outer loop
      vertex -6.684981018327831 -8.496263106727698 7.073330415785312
      vertex 6.668663501394775 -8.320169054801072 6.718170849978923
      vertex 6.331336498605225 -8.320169054801072 6.718170849978923
    endloop
  endfacet
  facet normal 0 0.9621324125834373 0.2725825024765428
    outer loop
      vertex -6.684981018327831 -8.496263106727698 7.073330415785312
      vertex 6.694999228132616 -8.604376808390352 7.4549385368824
      vertex 6.684981018327832 -8.496263106727698 7.073330415785312
    endloop
  endfacet
  facet normal 0 0.9957702636463652 0.09187808246610371
    outer loop
      vertex -6.694999228132616 -8.604376808390352 7.4549385368824
      vertex 6.6983769728460985 -8.640828479034324 7.85
      vertex 6.694999228132616 -8.604376808390352 7.4549385368824
    endloop
  endfacet
  facet normal 0 0.8959213204562548 0.444212772837433
    outer loop
      vertex -6.684981018327831 -8.496263106727698 7.073330415785312
      vertex 6.684981018327832 -8.496263106727698 7.073330415785312
      vertex 6.668663501394775 -8.320169054801072 6.718170849978923
    endloop
  endfacet
  facet normal 0 0.7992537564865542 0.6009937044113954
    outer loop
      vertex -6.646602351658154 -8.082091333587718 6.40155436694622
      vertex 6.331336498605225 -8.320169054801072 6.718170849978923
      vertex 6.646602351658153 -8.082091333587718 6.40155436694622
    endloop
  endfacet
  facet normal 0 0.6752672966013644 0.7375731002013867
    outer loop
      vertex -6.380451165222627 -7.790137390720857 6.1342629626393315
      vertex 6.646602351658153 -8.082091333587718 6.40155436694622
      vertex 6.3804511652226275 -7.790137390720857 6.1342629626393315
    endloop
  endfacet
  facet normal 0 0.5280595440406816 0.8492073468520792
    outer loop
      vertex -6.380451165222627 -7.790137390720857 6.1342629626393315
      vertex 6.3804511652226275 -7.790137390720857 6.1342629626393315
      vertex 6.588424225563692 -7.454249364769619 5.925398921966552
    endloop
  endfacet
  facet normal 0 0.36258617409966526 0.9319502488608322
    outer loop
      vertex -6.445711564617981 -7.085865520985676 5.78207486718893
      vertex 6.588424225563692 -7.454249364769619 5.925398921966552
      vertex 6.55428843538202 -7.085865520985676 5.78207486718893
    endloop
  endfacet
  facet normal 0 0.1845099680173981 0.982830642431451
    outer loop
      vertex -6.518303918126528 -6.697530734747037 5.709171524643898
      vertex 6.55428843538202 -7.085865520985676 5.78207486718893
      vertex 6.518303918126527 -6.697530734747037 5.709171524643898
    endloop
  endfacet
  facet normal 0 0 1
    outer loop
      vertex -6.518303918126528 -6.697530734747037 5.709171524643898
      vertex 6.518303918126527 -6.697530734747037 5.709171524643898
      vertex 6.646602354200965 -6.633645704499704 5.709171524643898
    endloop
  endfacet
  facet normal 0 0 1
    outer loop
      vertex -6.698376975953579 -6.5 5.709171524643898
      vertex 6.646602354200965 -6.633645704499704 5.709171524643898
      vertex 6.481696081873473 6.697530734747037 5.709171524643898
    endloop
  endfacet
  facet normal -0.16462511063542298 0.8806665574417778 0.4442127728374351
    outer loop
      vertex 6.668663501394775 -8.320169054801072 6.718170849978923
      vertex 7.048643748264617 -8.428282760881784 7.073330415785312
      vertex 7.000246870933903 -8.258185380691982 6.718170849978923
    endloop
  endfacet
  facet normal -0.17679136688789976 0.9457502799034921 0.2725825024765425
    outer loop
      vertex 6.694999228132616 -8.604376808390352 7.4549385368824
      vertex 7.078357219559585 -8.53271478010241 7.4549385368824
      vertex 6.684981018327832 -8.496263106727698 7.073330415785312
    endloop
  endfacet
  facet normal -0.1829723058010984 0.978815382629524 0.091878082466103
    outer loop
      vertex 6.694999228132616 -8.604376808390352 7.4549385368824
      vertex 6.6983769728460985 -8.640828479034324 7.85
      vertex 7.078357219559585 -8.53271478010241 7.4549385368824
    endloop
  endfacet
  facet normal -0.16462511063542176 0.8806665574417786 0.44421277283743404
    outer loop
      vertex 6.684981018327832 -8.496263106727698 7.073330415785312
      vertex 7.048643748264617 -8.428282760881784 7.073330415785312
      vertex 6.668663501394775 -8.320169054801072 6.718170849978923
    endloop
  endfacet
  facet normal -0.18297230580109947 0.9788153826295238 0.09187808246610196
    outer loop
      vertex 6.6983769728460985 -8.640828479034324 7.85
      vertex 7.088375428654977 -8.56792513282156 7.85
      vertex 7.078357219559585 -8.53271478010241 7.4549385368824
    endloop
  endfacet
  facet normal -0.17679136688790012 0.9457502799034919 0.2725825024765428
    outer loop
      vertex 6.684981018327832 -8.496263106727698 7.073330415785312
      vertex 7.078357219559585 -8.53271478010241 7.4549385368824
      vertex 7.048643748264617 -8.428282760881784 7.073330415785312
    endloop
  endfacet
  facet normal 0 0.7992537564865544 0.6009937044113955
    outer loop
      vertex 6.331336498605225 -8.320169054801072 6.718170849978923
      vertex 6.668663501394775 -8.320169054801072 6.718170849978923
      vertex 6.646602351658153 -8.082091333587718 6.40155436694622
    endloop
  endfacet
  facet normal 0 0.6752672966013645 0.7375731002013867
    outer loop
      vertex 6.3804511652226275 -7.790137390720857 6.1342629626393315
      vertex 6.646602351658153 -8.082091333587718 6.40155436694622
      vertex 6.6195488347773725 -7.790137390720857 6.1342629626393315
    endloop
  endfacet
  facet normal -0.1468624923674885 0.7856449424475926 0.6009937044113925
    outer loop
      vertex 6.668663501394775 -8.320169054801072 6.718170849978923
      vertex 7.000246870933903 -8.258185380691982 6.718170849978923
      vertex 6.934814687718884 -8.028215110731796 6.40155436694622
    endloop
  endfacet
  facet normal -0.14686249236748364 0.7856449424475914 0.6009937044113955
    outer loop
      vertex 6.668663501394775 -8.320169054801072 6.718170849978923
      vertex 6.934814687718884 -8.028215110731796 6.40155436694622
      vertex 6.646602351658153 -8.082091333587718 6.40155436694622
    endloop
  endfacet
  facet normal -0.12408004014779694 0.6637695876554124 0.7375731002013868
    outer loop
      vertex 6.646602351658153 -8.082091333587718 6.40155436694622
      vertex 6.934814687718884 -8.028215110731796 6.40155436694622
      vertex 6.6195488347773725 -7.790137390720857 6.1342629626393315
    endloop
  endfacet
  facet normal -0.12408004014780034 0.6637695876554097 0.7375731002013886
    outer loop
      vertex 6.6195488347773725 -7.790137390720857 6.1342629626393315
      vertex 6.934814687718884 -8.028215110731796 6.40155436694622
      vertex 6.854575412146797 -7.746203309229107 6.1342629626393315
    endloop
  endfacet
  facet normal -0.24393468334596985 0.6296680015057246 0.7375731002013891
    outer loop
      vertex 6.934814687718884 -8.028215110731796 6.40155436694622
      vertex 7.0775273491218975 -7.659831268697685 6.1342629626393315
      vertex 6.854575412146797 -7.746203309229107 6.1342629626393315
    endloop
  endfacet
  facet normal -0.3475623158143067 0.8971617557438692 0.27258250247654214
    outer loop
      vertex 7.078357219559585 -8.53271478010241 7.4549385368824
      vertex 7.393623073379899 -8.294637058334299 7.073330415785312
      vertex 7.048643748264617 -8.428282760881784 7.073330415785312
    endloop
  endfacet
  facet normal -0.35971370917923245 0.92852811771689 0.09187808246610188
    outer loop
      vertex 7.078357219559585 -8.53271478010241 7.4549385368824
      vertex 7.088375428654977 -8.56792513282156 7.85
      vertex 7.458337464919559 -8.424601076413383 7.85
    endloop
  endfacet
  facet normal -0.34756231581431163 0.8971617557438686 0.27258250247653765
    outer loop
      vertex 7.078357219559585 -8.53271478010241 7.4549385368824
      vertex 7.442019949537482 -8.391831087950738 7.4549385368824
      vertex 7.393623073379899 -8.294637058334299 7.073330415785312
    endloop
  endfacet
  facet normal -0.3597137091792385 0.928528117716887 0.09187808246610853
    outer loop
      vertex 7.078357219559585 -8.53271478010241 7.4549385368824
      vertex 7.458337464919559 -8.424601076413383 7.85
      vertex 7.442019949537482 -8.391831087950738 7.4549385368824
    endloop
  endfacet
  facet normal -0.5242054936203078 0.8466209414021366 0.0918780824661093
    outer loop
      vertex 7.442019949537482 -8.391831087950738 7.4549385368824
      vertex 7.458337464919559 -8.424601076413383 7.85
      vertex 7.773603319962277 -8.186523357100205 7.4549385368824
    endloop
  endfacet
  facet normal -0.28872375869954364 0.745281932170826 0.6009937044113923
    outer loop
      vertex 7.000246870933903 -8.258185380691982 6.718170849978923
      vertex 7.314794933263368 -8.136328812154366 6.718170849978923
      vertex 6.934814687718884 -8.028215110731796 6.40155436694622
    endloop
  endfacet
  facet normal -0.28872375869954797 0.7452819321708215 0.600993704411396
    outer loop
      vertex 6.934814687718884 -8.028215110731796 6.40155436694622
      vertex 7.314794933263368 -8.136328812154366 6.718170849978923
      vertex 7.208219931092081 -7.922297355171903 6.40155436694622
    endloop
  endfacet
  facet normal -0.3236441105742104 0.8354217510567382 0.4442127728374338
    outer loop
      vertex 7.000246870933903 -8.258185380691982 6.718170849978923
      vertex 7.393623073379899 -8.294637058334299 7.073330415785312
      vertex 7.314794933263368 -8.136328812154366 6.718170849978923
    endloop
  endfacet
  facet normal -0.2439346833459747 0.629668001505725 0.7375731002013871
    outer loop
      vertex 6.934814687718884 -8.028215110731796 6.40155436694622
      vertex 7.208219931092081 -7.922297355171903 6.40155436694622
      vertex 7.0775273491218975 -7.659831268697685 6.1342629626393315
    endloop
  endfacet
  facet normal -0.4207528837150647 0.6795392395611339 0.6009937044113964
    outer loop
      vertex 7.314794933263368 -8.136328812154366 6.718170849978923
      vertex 7.457507594128124 -7.767944969039287 6.40155436694622
      vertex 7.208219931092081 -7.922297355171903 6.40155436694622
    endloop
  endfacet
  facet normal -0.3554824234701984 0.5741238267682931 0.7375731002013872
    outer loop
      vertex 7.208219931092081 -7.922297355171903 6.40155436694622
      vertex 7.457507594128124 -7.767944969039287 6.40155436694622
      vertex 7.0775273491218975 -7.659831268697685 6.1342629626393315
    endloop
  endfacet
  facet normal -0.4716417984957231 0.7617276589174097 0.4442127728374344
    outer loop
      vertex 7.393623073379899 -8.294637058334299 7.073330415785312
      vertex 7.601596131379356 -7.958749028478926 6.718170849978923
      vertex 7.314794933263368 -8.136328812154366 6.718170849978923
    endloop
  endfacet
  facet normal -0.4207528837150694 0.6795392395611335 0.6009937044113938
    outer loop
      vertex 7.314794933263368 -8.136328812154366 6.718170849978923
      vertex 7.601596131379356 -7.958749028478926 6.718170849978923
      vertex 7.457507594128124 -7.767944969039287 6.40155436694622
    endloop
  endfacet
  facet normal -0.5384537739131368 0.5906556531656753 0.6009937044113941
    outer loop
      vertex 7.457507594128124 -7.767944969039287 6.40155436694622
      vertex 7.601596131379356 -7.958749028478926 6.718170849978923
      vertex 7.674188484449914 -7.57041423771841 6.40155436694622
    endloop
  endfacet
  facet normal -0.3236441105742116 0.835421751056737 0.4442127728374351
    outer loop
      vertex 7.000246870933903 -8.258185380691982 6.718170849978923
      vertex 7.048643748264617 -8.428282760881784 7.073330415785312
      vertex 7.393623073379899 -8.294637058334299 7.073330415785312
    endloop
  endfacet
  facet normal -0.5064974469307075 0.8180214640193155 0.2725825024765363
    outer loop
      vertex 7.442019949537482 -8.391831087950738 7.4549385368824
      vertex 7.708171136513968 -8.09987714319515 7.073330415785312
      vertex 7.393623073379899 -8.294637058334299 7.073330415785312
    endloop
  endfacet
  facet normal -0.5064974469307053 0.8180214640193161 0.27258250247653826
    outer loop
      vertex 7.442019949537482 -8.391831087950738 7.4549385368824
      vertex 7.773603319962277 -8.186523357100205 7.4549385368824
      vertex 7.708171136513968 -8.09987714319515 7.073330415785312
    endloop
  endfacet
  facet normal -0.524205493620314 0.8466209414021337 0.09187808246610255
    outer loop
      vertex 7.458337464919559 -8.424601076413383 7.85
      vertex 7.795664468215399 -8.215737038652515 7.85
      vertex 7.773603319962277 -8.186523357100205 7.4549385368824
    endloop
  endfacet
  facet normal -0.4716417984957213 0.7617276589174101 0.4442127728374357
    outer loop
      vertex 7.393623073379899 -8.294637058334299 7.073330415785312
      vertex 7.708171136513968 -8.09987714319515 7.073330415785312
      vertex 7.601596131379356 -7.958749028478926 6.718170849978923
    endloop
  endfacet
  facet normal 0 0.5280595440406815 0.8492073468520791
    outer loop
      vertex 6.3804511652226275 -7.790137390720857 6.1342629626393315
      vertex 6.6195488347773725 -7.790137390720857 6.1342629626393315
      vertex 6.588424225563692 -7.454249364769619 5.925398921966552
    endloop
  endfacet
  facet normal -0.0970306865959132 0.5190683268233363 0.8492073468520792
    outer loop
      vertex 6.6195488347773725 -7.790137390720857 6.1342629626393315
      vertex 6.762261495742678 -7.421753547148354 5.925398921966552
      vertex 6.588424225563692 -7.454249364769619 5.925398921966552
    endloop
  endfacet
  facet normal -0.06662503465776858 0.3564124554572751 0.9319502488608321
    outer loop
      vertex 6.588424225563692 -7.454249364769619 5.925398921966552
      vertex 6.762261495742678 -7.421753547148354 5.925398921966552
      vertex 6.55428843538202 -7.085865520985676 5.78207486718893
    endloop
  endfacet
  facet normal -0.06662503465776959 0.35641245545727457 0.9319502488608323
    outer loop
      vertex 6.55428843538202 -7.085865520985676 5.78207486718893
      vertex 6.762261495742678 -7.421753547148354 5.925398921966552
      vertex 6.6610165785909246 -7.065914573336752 5.78207486718893
    endloop
  endfacet
  facet normal -0.09703068659591403 0.5190683268233366 0.8492073468520791
    outer loop
      vertex 6.6195488347773725 -7.790137390720857 6.1342629626393315
      vertex 6.854575412146797 -7.746203309229107 6.1342629626393315
      vertex 6.762261495742678 -7.421753547148354 5.925398921966552
    endloop
  endfacet
  facet normal -0.19075710953528147 0.492400860289863 0.8492073468520791
    outer loop
      vertex 6.854575412146797 -7.746203309229107 6.1342629626393315
      vertex 6.9271677652321415 -7.35786851800048 5.925398921966552
      vertex 6.762261495742678 -7.421753547148354 5.925398921966552
    endloop
  endfacet
  facet normal -0.1907571095352841 0.49240086028986324 0.8492073468520784
    outer loop
      vertex 6.854575412146797 -7.746203309229107 6.1342629626393315
      vertex 7.0775273491218975 -7.659831268697685 6.1342629626393315
      vertex 6.9271677652321415 -7.35786851800048 5.925398921966552
    endloop
  endfacet
  facet normal -0.2779875278973684 0.4489652730289548 0.8492073468520781
    outer loop
      vertex 7.0775273491218975 -7.659831268697685 6.1342629626393315
      vertex 7.077527348807887 -7.264769805371978 5.925398921966552
      vertex 6.9271677652321415 -7.35786851800048 5.925398921966552
    endloop
  endfacet
  facet normal -0.1309812336681863 0.3381015381139114 0.9319502488608323
    outer loop
      vertex 6.762261495742678 -7.421753547148354 5.925398921966552
      vertex 6.9271677652321415 -7.35786851800048 5.925398921966552
      vertex 6.762261495334016 -7.026692083632564 5.78207486718893
    endloop
  endfacet
  facet normal -0.1309812336681869 0.3381015381139114 0.9319502488608322
    outer loop
      vertex 6.6610165785909246 -7.065914573336752 5.78207486718893
      vertex 6.762261495742678 -7.421753547148354 5.925398921966552
      vertex 6.762261495334016 -7.026692083632564 5.78207486718893
    endloop
  endfacet
  facet normal -0.19087702386071212 0.3082769783981763 0.9319502488608324
    outer loop
      vertex 6.9271677652321415 -7.35786851800048 5.925398921966552
      vertex 6.854575411401502 -6.9695337267177955 5.78207486718893
      vertex 6.762261495334016 -7.026692083632564 5.78207486718893
    endloop
  endfacet
  facet normal -0.1908770238607132 0.3082769783981761 0.9319502488608323
    outer loop
      vertex 6.9271677652321415 -7.35786851800048 5.925398921966552
      vertex 7.077527348807887 -7.264769805371978 5.925398921966552
      vertex 6.854575411401502 -6.9695337267177955 5.78207486718893
    endloop
  endfacet
  facet normal -0.03390361765554619 0.1813683351846395 0.982830642431451
    outer loop
      vertex 6.55428843538202 -7.085865520985676 5.78207486718893
      vertex 6.554288436400913 -6.6908040624872305 5.709171524643898
      vertex 6.518303918126527 -6.697530734747037 5.709171524643898
    endloop
  endfacet
  facet normal -0.0339036176555483 0.1813683351846395 0.982830642431451
    outer loop
      vertex 6.55428843538202 -7.085865520985676 5.78207486718893
      vertex 6.6610165785909246 -7.065914573336752 5.78207486718893
      vertex 6.554288436400913 -6.6908040624872305 5.709171524643898
    endloop
  endfacet
  facet normal -0.06665268827474252 0.17205042122450992 0.982830642431451
    outer loop
      vertex 6.6610165785909246 -7.065914573336752 5.78207486718893
      vertex 6.762261495334016 -7.026692083632564 5.78207486718893
      vertex 6.554288436400913 -6.6908040624872305 5.709171524643898
    endloop
  endfacet
  facet normal -0.06665268827474626 0.1720504212245077 0.9828306424314511
    outer loop
      vertex 6.762261495334016 -7.026692083632564 5.78207486718893
      vertex 6.5884242270854685 -6.67757978672367 5.709171524643898
      vertex 6.554288436400913 -6.6908040624872305 5.709171524643898
    endloop
  endfacet
  facet normal -0.09713198153582407 0.15687353652131752 0.9828306424314512
    outer loop
      vertex 6.762261495334016 -7.026692083632564 5.78207486718893
      vertex 6.619548836769802 -6.658308244306714 5.709171524643898
      vertex 6.5884242270854685 -6.67757978672367 5.709171524643898
    endloop
  endfacet
  facet normal -0.12430356166268244 0.13635451168095905 0.982830642431451
    outer loop
      vertex 6.619548836769802 -6.658308244306714 5.709171524643898
      vertex 6.854575411401502 -6.9695337267177955 5.78207486718893
      vertex 6.646602354200965 -6.633645704499704 5.709171524643898
    endloop
  endfacet
  facet normal 0 0 1
    outer loop
      vertex 6.518303918126527 -6.697530734747037 5.709171524643898
      vertex 6.554288436400913 -6.6908040624872305 5.709171524643898
      vertex 6.5884242270854685 -6.67757978672367 5.709171524643898
    endloop
  endfacet
  facet normal 0 0 1
    outer loop
      vertex 6.518303918126527 -6.697530734747037 5.709171524643898
      vertex 6.5884242270854685 -6.67757978672367 5.709171524643898
      vertex 6.646602354200965 -6.633645704499704 5.709171524643898
    endloop
  endfacet
  facet normal 0 0 1
    outer loop
      vertex 6.5884242270854685 -6.67757978672367 5.709171524643898
      vertex 6.619548836769802 -6.658308244306714 5.709171524643898
      vertex 6.646602354200965 -6.633645704499704 5.709171524643898
    endloop
  endfacet
  facet normal 0 0 1
    outer loop
      vertex 6.646602354200965 -6.633645704499704 5.709171524643898
      vertex 6.668663504289956 -6.604432020516312 5.709171524643898
      vertex 6.684981021029927 -6.57166202932664 5.709171524643898
    endloop
  endfacet
  facet normal 0 0 1
    outer loop
      vertex 6.646602354200965 -6.633645704499704 5.709171524643898
      vertex 6.684981021029927 -6.57166202932664 5.709171524643898
      vertex 6.698376975953579 -6.5 5.709171524643898
    endloop
  endfacet
  facet normal 0 0 1
    outer loop
      vertex 6.684981021029927 -6.57166202932664 5.709171524643898
      vertex 6.694999230959009 -6.53645167367738 5.709171524643898
      vertex 6.698376975953579 -6.5 5.709171524643898
    endloop
  endfacet
  facet normal -0.09713198153583069 0.15687353652131494 0.9828306424314509
    outer loop
      vertex 6.762261495334016 -7.026692083632564 5.78207486718893
      vertex 6.854575411401502 -6.9695337267177955 5.78207486718893
      vertex 6.619548836769802 -6.658308244306714 5.709171524643898
    endloop
  endfacet
  facet normal -0.12430356166268747 0.1363545116809559 0.9828306424314509
    outer loop
      vertex 6.646602354200965 -6.633645704499704 5.709171524643898
      vertex 6.854575411401502 -6.9695337267177955 5.78207486718893
      vertex 6.93481468710004 -6.896385961883288 5.78207486718893
    endloop
  endfacet
  facet normal -0.1472421330828109 0.11119209748451266 0.9828306424314509
    outer loop
      vertex 6.646602354200965 -6.633645704499704 5.709171524643898
      vertex 6.93481468710004 -6.896385961883288 5.78207486718893
      vertex 7.000246870132123 -6.809739748529405 5.78207486718893
    endloop
  endfacet
  facet normal -0.24427272593741747 0.26795441592057445 0.9319502488608322
    outer loop
      vertex 6.854575411401502 -6.9695337267177955 5.78207486718893
      vertex 7.077527348807887 -7.264769805371978 5.925398921966552
      vertex 6.93481468710004 -6.896385961883288 5.78207486718893
    endloop
  endfacet
  facet normal -0.14724213308281112 0.11119209748451231 0.9828306424314509
    outer loop
      vertex 6.646602354200965 -6.633645704499704 5.709171524643898
      vertex 7.000246870132123 -6.809739748529405 5.78207486718893
      vertex 6.668663504289956 -6.604432020516312 5.709171524643898
    endloop
  endfacet
  facet normal -0.16516655025827576 0.08224316976844316 0.9828306424314514
    outer loop
      vertex 6.668663504289956 -6.604432020516312 5.709171524643898
      vertex 7.048643745981849 -6.712545719531235 5.78207486718893
      vertex 6.684981021029927 -6.57166202932664 5.709171524643898
    endloop
  endfacet
  facet normal -0.17746641866012494 0.050493549545756675 0.9828306424314514
    outer loop
      vertex 6.684981021029927 -6.57166202932664 5.709171524643898
      vertex 7.048643745981849 -6.712545719531235 5.78207486718893
      vertex 6.694999230959009 -6.53645167367738 5.709171524643898
    endloop
  endfacet
  facet normal -0.18372288102202727 0.01702443205358609 0.9828306424314511
    outer loop
      vertex 6.694999230959009 -6.53645167367738 5.709171524643898
      vertex 7.088375426828861 -6.5 5.78207486718893
      vertex 6.698376975953579 -6.5 5.709171524643898
    endloop
  endfacet
  facet normal -0.1651665502582712 0.0822431697684587 0.9828306424314509
    outer loop
      vertex 6.668663504289956 -6.604432020516312 5.709171524643898
      vertex 7.000246870132123 -6.809739748529405 5.78207486718893
      vertex 7.048643745981849 -6.712545719531235 5.78207486718893
    endloop
  endfacet
  facet normal -0.17746641866013022 0.0504935495457459 0.9828306424314509
    outer loop
      vertex 6.694999230959009 -6.53645167367738 5.709171524643898
      vertex 7.048643745981849 -6.712545719531235 5.78207486718893
      vertex 7.078357217087806 -6.608113700974922 5.78207486718893
    endloop
  endfacet
  facet normal -0.18372288102202752 0.017024432053589184 0.9828306424314509
    outer loop
      vertex 6.694999230959009 -6.53645167367738 5.709171524643898
      vertex 7.078357217087806 -6.608113700974922 5.78207486718893
      vertex 7.088375426828861 -6.5 5.78207486718893
    endloop
  endfacet
  facet normal -0.27798752789736586 0.44896527302895517 0.8492073468520789
    outer loop
      vertex 7.0775273491218975 -7.659831268697685 6.1342629626393315
      vertex 7.280812284890359 -7.533962565375045 6.1342629626393315
      vertex 7.077527348807887 -7.264769805371978 5.925398921966552
    endloop
  endfacet
  facet normal -0.3554824234701996 0.5741238267682912 0.7375731002013881
    outer loop
      vertex 7.0775273491218975 -7.659831268697685 6.1342629626393315
      vertex 7.457507594128124 -7.767944969039287 6.40155436694622
      vertex 7.280812284890359 -7.533962565375045 6.1342629626393315
    endloop
  endfacet
  facet normal -0.3557514144061966 0.39024071186953835 0.8492073468520785
    outer loop
      vertex 7.280812284890359 -7.533962565375045 6.1342629626393315
      vertex 7.457507594777994 -7.372883506989969 6.1342629626393315
      vertex 7.077527348807887 -7.264769805371978 5.925398921966552
    endloop
  endfacet
  facet normal -0.24427272593742091 0.2679544159205729 0.9319502488608318
    outer loop
      vertex 6.93481468710004 -6.896385961883288 5.78207486718893
      vertex 7.077527348807887 -7.264769805371978 5.925398921966552
      vertex 7.208219931187685 -7.145627774261817 5.925398921966552
    endloop
  endfacet
  facet normal -0.3557514144061987 0.39024071186953374 0.84920734685208
    outer loop
      vertex 7.077527348807887 -7.264769805371978 5.925398921966552
      vertex 7.457507594777994 -7.372883506989969 6.1342629626393315
      vertex 7.208219931187685 -7.145627774261817 5.925398921966552
    endloop
  endfacet
  facet normal -0.4214006131742047 0.31822697130955957 0.8492073468520801
    outer loop
      vertex 7.208219931187685 -7.145627774261817 5.925398921966552
      vertex 7.457507594777994 -7.372883506989969 6.1342629626393315
      vertex 7.314794933227077 -7.004499663644334 5.925398921966552
    endloop
  endfacet
  facet normal -0.45492463601732414 0.499028553695896 0.7375731002013884
    outer loop
      vertex 7.457507594128124 -7.767944969039287 6.40155436694622
      vertex 7.674188484449914 -7.57041423771841 6.40155436694622
      vertex 7.280812284890359 -7.533962565375045 6.1342629626393315
    endloop
  endfacet
  facet normal -0.45492463601732597 0.49902855369589116 0.7375731002013904
    outer loop
      vertex 7.280812284890359 -7.533962565375045 6.1342629626393315
      vertex 7.674188484449914 -7.57041423771841 6.40155436694622
      vertex 7.457507594777994 -7.372883506989969 6.1342629626393315
    endloop
  endfacet
  facet normal -0.5388749357068359 0.4069394617461693 0.7375731002013912
    outer loop
      vertex 7.457507594777994 -7.372883506989969 6.1342629626393315
      vertex 7.674188484449914 -7.57041423771841 6.40155436694622
      vertex 7.601596131929249 -7.182079447682724 6.1342629626393315
    endloop
  endfacet
  facet normal -0.42140061317420957 0.3182269713095569 0.8492073468520787
    outer loop
      vertex 7.457507594777994 -7.372883506989969 6.1342629626393315
      vertex 7.601596131929249 -7.182079447682724 6.1342629626393315
      vertex 7.314794933227077 -7.004499663644334 5.925398921966552
    endloop
  endfacet
  facet normal -0.47269951947491173 0.23537639291280005 0.8492073468520788
    outer loop
      vertex 7.314794933227077 -7.004499663644334 5.925398921966552
      vertex 7.601596131929249 -7.182079447682724 6.1342629626393315
      vertex 7.708171134026582 -6.968047990848772 6.1342629626393315
    endloop
  endfacet
  facet normal -0.2893500133051648 0.21850698718469488 0.931950248860833
    outer loop
      vertex 6.93481468710004 -6.896385961883288 5.78207486718893
      vertex 7.314794933227077 -7.004499663644334 5.925398921966552
      vertex 7.000246870132123 -6.809739748529405 5.78207486718893
    endloop
  endfacet
  facet normal -0.2893500133051617 0.2185069871847041 0.9319502488608318
    outer loop
      vertex 6.93481468710004 -6.896385961883288 5.78207486718893
      vertex 7.208219931187685 -7.145627774261817 5.925398921966552
      vertex 7.314794933227077 -7.004499663644334 5.925398921966552
    endloop
  endfacet
  facet normal -0.3245738330068924 0.16161856507049277 0.9319502488608331
    outer loop
      vertex 7.000246870132123 -6.809739748529405 5.78207486718893
      vertex 7.314794933227077 -7.004499663644334 5.925398921966552
      vertex 7.048643745981849 -6.712545719531235 5.78207486718893
    endloop
  endfacet
  facet normal -0.32457383300690085 0.16161856507048442 0.9319502488608317
    outer loop
      vertex 7.048643745981849 -6.712545719531235 5.78207486718893
      vertex 7.314794933227077 -7.004499663644334 5.925398921966552
      vertex 7.393623071054222 -6.846191422062097 5.925398921966552
    endloop
  endfacet
  facet normal -0.3487446801089843 0.09922641656291255 0.9319502488608314
    outer loop
      vertex 7.048643745981849 -6.712545719531235 5.78207486718893
      vertex 7.393623071054222 -6.846191422062097 5.925398921966552
      vertex 7.078357217087806 -6.608113700974922 5.78207486718893
    endloop
  endfacet
  facet normal -0.3487446801089826 0.09922641656291516 0.9319502488608318
    outer loop
      vertex 7.078357217087806 -6.608113700974922 5.78207486718893
      vertex 7.393623071054222 -6.846191422062097 5.925398921966552
      vertex 7.442019946979361 -6.676094046812382 5.925398921966552
    endloop
  endfacet
  facet normal -0.3610394454030993 0.03345523144825138 0.9319502488608318
    outer loop
      vertex 7.078357217087806 -6.608113700974922 5.78207486718893
      vertex 7.442019946979361 -6.676094046812382 5.925398921966552
      vertex 7.458337463438511 -6.5 5.925398921966552
    endloop
  endfacet
  facet normal -0.36103944540309824 0.03345523144824634 0.9319502488608326
    outer loop
      vertex 7.078357217087806 -6.608113700974922 5.78207486718893
      vertex 7.458337463438511 -6.5 5.925398921966552
      vertex 7.088375426828861 -6.5 5.78207486718893
    endloop
  endfacet
  facet normal -0.4726995194749121 0.2353763929127907 0.8492073468520811
    outer loop
      vertex 7.314794933227077 -7.004499663644334 5.925398921966552
      vertex 7.708171134026582 -6.968047990848772 6.1342629626393315
      vertex 7.393623071054222 -6.846191422062097 5.925398921966552
    endloop
  endfacet
  facet normal -0.5079012105804698 0.144510353758278 0.8492073468520809
    outer loop
      vertex 7.393623071054222 -6.846191422062097 5.925398921966552
      vertex 7.708171134026582 -6.968047990848772 6.1342629626393315
      vertex 7.442019946979361 -6.676094046812382 5.925398921966552
    endloop
  endfacet
  facet normal -0.5079012105804772 0.14451035375826926 0.8492073468520781
    outer loop
      vertex 7.442019946979361 -6.676094046812382 5.925398921966552
      vertex 7.708171134026582 -6.968047990848772 6.1342629626393315
      vertex 7.773603317196198 -6.738077721048158 6.1342629626393315
    endloop
  endfacet
  facet normal -0.5258069351200811 0.048723187827577195 0.8492073468520781
    outer loop
      vertex 7.442019946979361 -6.676094046812382 5.925398921966552
      vertex 7.773603317196198 -6.738077721048158 6.1342629626393315
      vertex 7.795664466917515 -6.5 6.1342629626393315
    endloop
  endfacet
  facet normal -0.5258069351200797 0.04872318782757294 0.8492073468520791
    outer loop
      vertex 7.442019946979361 -6.676094046812382 5.925398921966552
      vertex 7.795664466917515 -6.5 6.1342629626393315
      vertex 7.458337463438511 -6.5 5.925398921966552
    endloop
  endfacet
  facet normal -0.6035782906414492 0.662093844945279 0.4442127728374353
    outer loop
      vertex 7.601596131379356 -7.958749028478926 6.718170849978923
      vertex 7.708171136513968 -8.09987714319515 7.073330415785312
      vertex 7.850883794460152 -7.731493296215255 6.718170849978923
    endloop
  endfacet
  facet normal -0.5384537739131395 0.5906556531656745 0.6009937044113925
    outer loop
      vertex 7.601596131379356 -7.958749028478926 6.718170849978923
      vertex 7.850883794460152 -7.731493296215255 6.718170849978923
      vertex 7.674188484449914 -7.57041423771841 6.40155436694622
    endloop
  endfacet
  facet normal -0.6481844149686151 0.711024432446187 0.2725825024765378
    outer loop
      vertex 7.773603319962277 -8.186523357100205 7.4549385368824
      vertex 8.061815656844573 -7.923783096085437 7.4549385368824
      vertex 7.708171136513968 -8.09987714319515 7.073330415785312
    endloop
  endfacet
  facet normal -0.6708460886913377 0.7358831043378331 0.09187808246610228
    outer loop
      vertex 7.773603319962277 -8.186523357100205 7.4549385368824
      vertex 7.795664468215399 -8.215737038652515 7.85
      vertex 8.088869172024417 -7.948445633840098 7.85
    endloop
  endfacet
  facet normal -0.6708460886913403 0.73588310433783 0.09187808246610628
    outer loop
      vertex 7.773603319962277 -8.186523357100205 7.4549385368824
      vertex 8.088869172024417 -7.948445633840098 7.85
      vertex 8.061815656844573 -7.923783096085437 7.4549385368824
    endloop
  endfacet
  facet normal -0.6035782906414529 0.6620938449452778 0.4442127728374326
    outer loop
      vertex 7.708171136513968 -8.09987714319515 7.073330415785312
      vertex 7.981576380635616 -7.8506353307856225 7.073330415785312
      vertex 7.850883794460152 -7.731493296215255 6.718170849978923
    endloop
  endfacet
  facet normal -0.6481844149686169 0.7110244324461842 0.27258250247654076
    outer loop
      vertex 7.708171136513968 -8.09987714319515 7.073330415785312
      vertex 8.061815656844573 -7.923783096085437 7.4549385368824
      vertex 7.981576380635616 -7.8506353307856225 7.073330415785312
    endloop
  endfacet
  facet normal -0.7677982401662784 0.5798143166059221 0.2725825024765411
    outer loop
      vertex 7.981576380635616 -7.8506353307856225 7.073330415785312
      vertex 8.061815656844573 -7.923783096085437 7.4549385368824
      vertex 8.204528318069734 -7.55539925209472 7.073330415785312
    endloop
  endfacet
  facet normal -0.714960648011748 0.5399132191775836 0.4442127728374322
    outer loop
      vertex 7.981576380635616 -7.8506353307856225 7.073330415785312
      vertex 8.204528318069734 -7.55539925209472 7.073330415785312
      vertex 7.850883794460152 -7.731493296215255 6.718170849978923
    endloop
  endfacet
  facet normal -0.7946418248031839 0.6000856507498054 0.09187808246610678
    outer loop
      vertex 8.061815656844573 -7.923783096085437 7.4549385368824
      vertex 8.088869172024417 -7.948445633840098 7.85
      vertex 8.327966841818672 -7.631829150186315 7.85
    endloop
  endfacet
  facet normal -0.7677982401662806 0.5798143166059203 0.2725825024765384
    outer loop
      vertex 8.061815656844573 -7.923783096085437 7.4549385368824
      vertex 8.296842234724444 -7.6125576093730825 7.4549385368824
      vertex 8.204528318069734 -7.55539925209472 7.073330415785312
    endloop
  endfacet
  facet normal -0.794641824803183 0.6000856507498068 0.0918780824661051
    outer loop
      vertex 8.061815656844573 -7.923783096085437 7.4549385368824
      vertex 8.327966841818672 -7.631829150186315 7.85
      vertex 8.296842234724444 -7.6125576093730825 7.4549385368824
    endloop
  endfacet
  facet normal -0.6378182666447202 0.481657996915028 0.6009937044113919
    outer loop
      vertex 7.674188484449914 -7.57041423771841 6.40155436694622
      vertex 7.850883794460152 -7.731493296215255 6.718170849978923
      vertex 7.850883794217623 -7.336431833352405 6.40155436694622
    endloop
  endfacet
  facet normal -0.6378182666447193 0.4816579969150285 0.6009937044113924
    outer loop
      vertex 7.850883794460152 -7.731493296215255 6.718170849978923
      vertex 8.054168730127138 -7.462300536762382 6.718170849978923
      vertex 7.850883794217623 -7.336431833352405 6.40155436694622
    endloop
  endfacet
  facet normal -0.5388749357068461 0.4069394617461643 0.7375731002013867
    outer loop
      vertex 7.674188484449914 -7.57041423771841 6.40155436694622
      vertex 7.850883794217623 -7.336431833352405 6.40155436694622
      vertex 7.601596131929249 -7.182079447682724 6.1342629626393315
    endloop
  endfacet
  facet normal -0.6044744957701127 0.30099253449675684 0.7375731002013878
    outer loop
      vertex 7.601596131929249 -7.182079447682724 6.1342629626393315
      vertex 7.981576376579781 -7.0739657460909955 6.40155436694622
      vertex 7.708171134026582 -6.968047990848772 6.1342629626393315
    endloop
  endfacet
  facet normal -0.6044744957701128 0.30099253449676056 0.7375731002013864
    outer loop
      vertex 7.601596131929249 -7.182079447682724 6.1342629626393315
      vertex 7.850883794217623 -7.336431833352405 6.40155436694622
      vertex 7.981576376579781 -7.0739657460909955 6.40155436694622
    endloop
  endfacet
  facet normal -0.7149606480117506 0.539913219177574 0.44421277283743976
    outer loop
      vertex 7.850883794460152 -7.731493296215255 6.718170849978923
      vertex 8.204528318069734 -7.55539925209472 7.073330415785312
      vertex 8.054168730127138 -7.462300536762382 6.718170849978923
    endloop
  endfacet
  facet normal -0.8019958780147911 0.39934649628531504 0.4442127728374404
    outer loop
      vertex 8.054168730127138 -7.462300536762382 6.718170849978923
      vertex 8.204528318069734 -7.55539925209472 7.073330415785312
      vertex 8.20452831370958 -7.160337786682349 6.718170849978923
    endloop
  endfacet
  facet normal -0.7154626232844034 0.3562580552645401 0.6009937044113923
    outer loop
      vertex 7.850883794217623 -7.336431833352405 6.40155436694622
      vertex 8.054168730127138 -7.462300536762382 6.718170849978923
      vertex 8.20452831370958 -7.160337786682349 6.718170849978923
    endloop
  endfacet
  facet normal -0.7154626232844032 0.3562580552645397 0.6009937044113925
    outer loop
      vertex 7.850883794217623 -7.336431833352405 6.40155436694622
      vertex 8.20452831370958 -7.160337786682349 6.718170849978923
      vertex 7.981576376579781 -7.0739657460909955 6.40155436694622
    endloop
  endfacet
  facet normal -0.8617201002800747 0.24518050742539432 0.4442127728374368
    outer loop
      vertex 8.20452831370958 -7.160337786682349 6.718170849978923
      vertex 8.369434587988366 -7.224222817685616 7.073330415785312
      vertex 8.296842229925026 -6.835888025264729 6.718170849978923
    endloop
  endfacet
  facet normal -0.8612656171675798 0.4288593196242519 0.27258250247653826
    outer loop
      vertex 8.296842234724444 -7.6125576093730825 7.4549385368824
      vertex 8.369434587988366 -7.224222817685616 7.073330415785312
      vertex 8.204528318069734 -7.55539925209472 7.073330415785312
    endloop
  endfacet
  facet normal -0.8019958780147949 0.3993464962853115 0.4442127728374364
    outer loop
      vertex 8.204528318069734 -7.55539925209472 7.073330415785312
      vertex 8.369434587988366 -7.224222817685616 7.073330415785312
      vertex 8.20452831370958 -7.160337786682349 6.718170849978923
    endloop
  endfacet
  facet normal -0.6494894018671777 0.18479566748581455 0.737573100201389
    outer loop
      vertex 7.708171134026582 -6.968047990848772 6.1342629626393315
      vertex 8.061815652392518 -6.791953943742493 6.40155436694622
      vertex 7.773603317196198 -6.738077721048158 6.1342629626393315
    endloop
  endfacet
  facet normal -0.6494894018671783 0.1847956674858179 0.7375731002013876
    outer loop
      vertex 7.981576376579781 -7.0739657460909955 6.40155436694622
      vertex 8.061815652392518 -6.791953943742493 6.40155436694622
      vertex 7.708171134026582 -6.968047990848772 6.1342629626393315
    endloop
  endfacet
  facet normal -0.6723867253603317 0.0623058056566319 0.7375731002013889
    outer loop
      vertex 7.773603317196198 -6.738077721048158 6.1342629626393315
      vertex 8.061815652392518 -6.791953943742493 6.40155436694622
      vertex 7.795664466917515 -6.5 6.1342629626393315
    endloop
  endfacet
  facet normal -0.6723867253603334 0.062305805656629 0.7375731002013874
    outer loop
      vertex 7.795664466917515 -6.5 6.1342629626393315
      vertex 8.061815652392518 -6.791953943742493 6.40155436694622
      vertex 8.088869169354439 -6.5 6.40155436694622
    endloop
  endfacet
  facet normal -0.768742758390972 0.21872617282646203 0.6009937044113928
    outer loop
      vertex 7.981576376579781 -7.0739657460909955 6.40155436694622
      vertex 8.20452831370958 -7.160337786682349 6.718170849978923
      vertex 8.296842229925026 -6.835888025264729 6.718170849978923
    endloop
  endfacet
  facet normal -0.7687427583909698 0.21872617282645004 0.6009937044113997
    outer loop
      vertex 7.981576376579781 -7.0739657460909955 6.40155436694622
      vertex 8.296842229925026 -6.835888025264729 6.718170849978923
      vertex 8.061815652392518 -6.791953943742493 6.40155436694622
    endloop
  endfacet
  facet normal -0.7958442808658478 0.07374583290589809 0.6009937044113997
    outer loop
      vertex 8.061815652392518 -6.791953943742493 6.40155436694622
      vertex 8.296842229925026 -6.835888025264729 6.718170849978923
      vertex 8.088869169354439 -6.5 6.40155436694622
    endloop
  endfacet
  facet normal -0.795844280865853 0.07374583290588962 0.6009937044113941
    outer loop
      vertex 8.088869169354439 -6.5 6.40155436694622
      vertex 8.296842229925026 -6.835888025264729 6.718170849978923
      vertex 8.327966839075089 -6.5 6.718170849978923
    endloop
  endfacet
  facet normal -0.8612656171675802 0.4288593196242513 0.27258250247653754
    outer loop
      vertex 8.296842234724444 -7.6125576093730825 7.4549385368824
      vertex 8.470679505375493 -7.263445307639307 7.4549385368824
      vertex 8.369434587988366 -7.224222817685616 7.073330415785312
    endloop
  endfacet
  facet normal -0.8913769866391786 0.44385300004890055 0.09187808246610486
    outer loop
      vertex 8.296842234724444 -7.6125576093730825 7.4549385368824
      vertex 8.327966841818672 -7.631829150186315 7.85
      vertex 8.504815293219366 -7.276669582302379 7.85
    endloop
  endfacet
  facet normal -0.8913769866391803 0.4438530000488957 0.09187808246610984
    outer loop
      vertex 8.296842234724444 -7.6125576093730825 7.4549385368824
      vertex 8.504815293219366 -7.276669582302379 7.85
      vertex 8.470679505375493 -7.263445307639307 7.4549385368824
    endloop
  endfacet
  facet normal -0.9254036265504809 0.2633000328728552 0.27258250247653704
    outer loop
      vertex 8.369434587988366 -7.224222817685616 7.073330415785312
      vertex 8.470679505375493 -7.263445307639307 7.4549385368824
      vertex 8.577407649040534 -6.888334791605596 7.4549385368824
    endloop
  endfacet
  facet normal -0.957757374284034 0.27250546777432494 0.0918780824661105
    outer loop
      vertex 8.470679505375493 -7.263445307639307 7.4549385368824
      vertex 8.504815293219366 -7.276669582302379 7.85
      vertex 8.613392164320388 -6.895061463305625 7.85
    endloop
  endfacet
  facet normal -0.892099478049668 0.08266519044668671 0.4442127728374352
    outer loop
      vertex 8.296842229925026 -6.835888025264729 6.718170849978923
      vertex 8.50481529533863 -6.5 7.073330415785312
      vertex 8.327966839075089 -6.5 6.718170849978923
    endloop
  endfacet
  facet normal -0.8617201002800823 0.24518050742538444 0.4442127728374276
    outer loop
      vertex 8.369434587988366 -7.224222817685616 7.073330415785312
      vertex 8.47067950515271 -6.8683838438297595 7.073330415785312
      vertex 8.296842229925026 -6.835888025264729 6.718170849978923
    endloop
  endfacet
  facet normal -0.9254036265504813 0.26330003287284615 0.27258250247654503
    outer loop
      vertex 8.369434587988366 -7.224222817685616 7.073330415785312
      vertex 8.577407649040534 -6.888334791605596 7.4549385368824
      vertex 8.47067950515271 -6.8683838438297595 7.073330415785312
    endloop
  endfacet
  facet normal -0.8920994780496709 0.082665190446697 0.4442127728374272
    outer loop
      vertex 8.296842229925026 -6.835888025264729 6.718170849978923
      vertex 8.47067950515271 -6.8683838438297595 7.073330415785312
      vertex 8.50481529533863 -6.5 7.073330415785312
    endloop
  endfacet
  facet normal -0.957757374284032 0.2725054677743352 0.09187808246610013
    outer loop
      vertex 8.470679505375493 -7.263445307639307 7.4549385368824
      vertex 8.613392164320388 -6.895061463305625 7.85
      vertex 8.577407649040534 -6.888334791605596 7.4549385368824
    endloop
  endfacet
  facet normal -0.9580281253305223 0.08877437929554556 0.27258250247654503
    outer loop
      vertex 8.47067950515271 -6.8683838438297595 7.073330415785312
      vertex 8.577407649040534 -6.888334791605596 7.4549385368824
      vertex 8.50481529533863 -6.5 7.073330415785312
    endloop
  endfacet
  facet normal -0.9915224832510031 0.09187808862898941 0.09187808246610117
    outer loop
      vertex 8.577407649040534 -6.888334791605596 7.4549385368824
      vertex 8.613392164320388 -6.895061463305625 7.85
      vertex 8.649999999999999 -6.5 7.85
    endloop
  endfacet
  facet normal -0.9580281253305243 0.08877437929554 0.2725825024765397
    outer loop
      vertex 8.577407649040534 -6.888334791605596 7.4549385368824
      vertex 8.613392166793346 -6.5 7.4549385368824
      vertex 8.50481529533863 -6.5 7.073330415785312
    endloop
  endfacet
  facet normal -0.9915224832510031 0.0918780886289871 0.09187808246610346
    outer loop
      vertex 8.577407649040534 -6.888334791605596 7.4549385368824
      vertex 8.649999999999999 -6.5 7.85
      vertex 8.613392166793346 -6.5 7.4549385368824
    endloop
  endfacet
  facet normal -0.183749517816571 0.9829730996839017 0
    outer loop
      vertex 6.6983769728460985 -8.640828479034324 7.85
      vertex 6.6983769728460985 -8.640828479034324 69.99
      vertex 7.088375428654977 -8.56792513282156 7.85
    endloop
  endfacet
  facet normal -0.3612416661871518 0.9324722294043563 0
    outer loop
      vertex 7.088375428654977 -8.56792513282156 7.85
      vertex 7.088375428654977 -8.56792513282156 70.03
      vertex 7.458337464919559 -8.424601076413383 7.85
    endloop
  endfacet
  facet normal -0.5264321628773587 0.8502171357296123 0
    outer loop
      vertex 7.458337464919559 -8.424601076413383 7.85
      vertex 7.458337464919559 -8.424601076413383 70.03
      vertex 7.795664468215399 -8.215737038652515 7.85
    endloop
  endfacet
  facet normal -0.6736956436465547 0.7390089172206613 -2.1650319029870922e-19
    outer loop
      vertex 7.795664468215399 -8.215737038652515 7.85
      vertex 8.088869172024417 -7.948445633840098 69.99
      vertex 8.088869172024417 -7.948445633840098 7.85
    endloop
  endfacet
  facet normal -0.798017227280238 0.6026346363792583 0
    outer loop
      vertex 8.088869172024417 -7.948445633840098 7.85
      vertex 8.088869172024417 -7.948445633840098 69.99
      vertex 8.327966841818672 -7.631829150186315 7.85
    endloop
  endfacet
  facet normal -0.8951632913550625 0.445738355776538 0
    outer loop
      vertex 8.327966841818672 -7.631829150186315 7.85
      vertex 8.327966841818672 -7.631829150186315 69.99
      vertex 8.504815293219366 -7.276669582302379 7.85
    endloop
  endfacet
  facet normal -0.9618256431728207 0.27366299007207734 0
    outer loop
      vertex 8.504815293219366 -7.276669582302379 7.85
      vertex 8.504815293219366 -7.276669582302379 69.99
      vertex 8.613392164320388 -6.895061463305625 7.85
    endloop
  endfacet
  facet normal -0.9957341762950346 0.09226835946330156 1.2503397261036746e-20
    outer loop
      vertex 8.613392164320388 -6.895061463305625 7.85
      vertex 8.649999999999999 -6.5 70.03
      vertex 8.649999999999999 -6.5 7.85
    endloop
  endfacet
  facet normal 0 0 1
    outer loop
      vertex 6.646602354200965 -6.633645704499704 5.709171524643898
      vertex 6.698376975953579 -6.5 5.709171524643898
      vertex 6.698376975953579 6.5 5.709171524643898
    endloop
  endfacet
  facet normal -0.18374951113035176 0 0.9829731009337727
    outer loop
      vertex 6.698376975953579 -6.5 5.709171524643898
      vertex 7.088375426828861 -6.5 5.78207486718893
      vertex 6.698376975953579 6.5 5.709171524643898
    endloop
  endfacet
  facet normal -0.3612416623207492 0 0.9324722309022084
    outer loop
      vertex 7.088375426828861 -6.5 5.78207486718893
      vertex 7.458337463438511 -6.5 5.925398921966552
      vertex 7.458337463438511 6.5 5.925398921966552
    endloop
  endfacet
  facet normal -0.5264321679761103 0 0.850217132572599
    outer loop
      vertex 7.458337463438511 -6.5 5.925398921966552
      vertex 7.795664466917515 -6.5 6.1342629626393315
      vertex 7.458337463438511 6.5 5.925398921966552
    endloop
  endfacet
  facet normal -0.6736956446724653 0 0.7390089162854203
    outer loop
      vertex 7.795664466917515 -6.5 6.1342629626393315
      vertex 8.088869169354439 -6.5 6.40155436694622
      vertex 8.088869169354439 6.5 6.40155436694622
    endloop
  endfacet
  facet normal -0.7980172268009509 0 0.602634637013937
    outer loop
      vertex 8.088869169354439 -6.5 6.40155436694622
      vertex 8.327966839075089 -6.5 6.718170849978923
      vertex 8.088869169354439 6.5 6.40155436694622
    endloop
  endfacet
  facet normal -0.8951632854242056 0 0.44573836768730385
    outer loop
      vertex 8.327966839075089 -6.5 6.718170849978923
      vertex 8.50481529533863 -6.5 7.073330415785312
      vertex 8.50481529533863 6.5 7.073330415785312
    endloop
  endfacet
  facet normal -0.9618256433346316 0 0.2736629895033712
    outer loop
      vertex 8.50481529533863 -6.5 7.073330415785312
      vertex 8.613392166793346 -6.5 7.4549385368824
      vertex 8.50481529533863 6.5 7.073330415785312
    endloop
  endfacet
  facet normal -0.9957341768636534 0 0.09226835332692779
    outer loop
      vertex 8.613392166793346 -6.5 7.4549385368824
      vertex 8.649999999999999 -6.5 7.85
      vertex 8.613392166793346 6.5 7.4549385368824
    endloop
  endfacet
  facet normal -1 0 0
    outer loop
      vertex 8.649999999999999 -6.5 7.85
      vertex 8.649999999999999 -6.491637182373752 69.99
      vertex 8.649999999999999 6.5 7.85
    endloop
  endfacet
  facet normal 0 1 0
    outer loop
      vertex 6.6983769728460985 -8.640828479034324 7.85
      vertex -6.6983769728461 -8.640828479034324 70.03
      vertex 6.6983769728460985 -8.640828479034324 69.99
    endloop
  endfacet
  facet normal 0 1 0
    outer loop
      vertex 6.6983769728460985 -8.640828479034324 69.99
      vertex -6.6983769728461 -8.640828479034324 70.03
      vertex 6.6983769728460985 -8.640828479034324 70.03
    endloop
  endfacet
  facet normal -0.18374951781661567 0.9829730996838932 -2.90145697078577e-16
    outer loop
      vertex 6.6983769728460985 -8.640828479034324 69.99
      vertex 6.701839898418765 -8.640181146056019 70.03
      vertex 7.088375428654977 -8.56792513282156 7.85
    endloop
  endfacet
  facet normal -0.1837495178165706 0.9829730996839018 0
    outer loop
      vertex 7.088375428654977 -8.56792513282156 7.85
      vertex 6.701839898418765 -8.640181146056019 70.03
      vertex 7.088375428654977 -8.56792513282156 70.03
    endloop
  endfacet
  facet normal -0.3612416661871518 0.9324722294043563 0
    outer loop
      vertex 7.458337464919559 -8.424601076413383 7.85
      vertex 7.088375428654977 -8.56792513282156 70.03
      vertex 7.458337464919559 -8.424601076413383 70.03
    endloop
  endfacet
  facet normal -0.5264321628773587 0.8502171357296123 0
    outer loop
      vertex 7.795664468215399 -8.215737038652515 70.03
      vertex 7.795664468215399 -8.215737038652515 7.85
      vertex 7.458337464919559 -8.424601076413383 70.03
    endloop
  endfacet
  facet normal -0.6736956436465547 0.7390089172206614 0
    outer loop
      vertex 7.795664468215399 -8.215737038652515 7.85
      vertex 7.795664468215399 -8.215737038652515 70.03
      vertex 8.088869172024417 -7.948445633840098 70.03
    endloop
  endfacet
  facet normal -0.6736956436465336 0.7390089172206807 -3.3633770612898255e-16
    outer loop
      vertex 7.795664468215399 -8.215737038652515 7.85
      vertex 8.088869172024417 -7.948445633840098 70.03
      vertex 8.088869172024417 -7.948445633840098 69.99
    endloop
  endfacet
  facet normal -0.798017227280238 0.6026346363792583 0
    outer loop
      vertex 8.327966841818672 -7.631829150186315 7.85
      vertex 8.088869172024417 -7.948445633840098 69.99
      vertex 8.327966841818672 -7.631829150186315 69.99
    endloop
  endfacet
  facet normal -0.8951632913550625 0.445738355776538 0
    outer loop
      vertex 8.504815293219366 -7.276669582302379 7.85
      vertex 8.327966841818672 -7.631829150186315 69.99
      vertex 8.504815293219366 -7.276669582302379 69.99
    endloop
  endfacet
  facet normal -0.9618256431728207 0.27366299007207734 0
    outer loop
      vertex 8.613392164320388 -6.895061463305625 7.85
      vertex 8.504815293219366 -7.276669582302379 69.99
      vertex 8.613392164320388 -6.895061463305625 69.99
    endloop
  endfacet
  facet normal -0.9957341762950346 0.09226835946330157 0
    outer loop
      vertex 8.613392164320388 -6.895061463305625 7.85
      vertex 8.613392164320388 -6.895061463305625 69.99
      vertex 8.649999999999999 -6.5 70.03
    endloop
  endfacet
  facet normal -1 0 0
    outer loop
      vertex 8.649999999999999 -6.5 7.85
      vertex 8.649999999999999 -6.5 70.03
      vertex 8.649999999999999 -6.491637182373752 69.99
    endloop
  endfacet
  facet normal -0.9957341762950345 0.09226835946330157 0
    outer loop
      vertex 8.613392164320388 -6.895061463305625 69.99
      vertex 8.613392164320388 -6.895061463305625 70.03
      vertex 8.649999999999999 -6.5 70.03
    endloop
  endfacet
  facet normal 0 0 0
    outer loop
      vertex -6.518303918126528 6.697530734747037 5.709171524643898
      vertex 6.481696081873473 6.697530734747037 5.709171524643898
      vertex 6.518303918126527 6.697530734747037 5.709171524643898
    endloop
  endfacet
  facet normal 0 -0.18450996801739733 0.9828306424314511
    outer loop
      vertex -6.554288435382019 7.085865520985678 5.78207486718893
      vertex 6.518303918126527 6.697530734747037 5.709171524643898
      vertex 6.55428843538202 7.085865520985678 5.78207486718893
    endloop
  endfacet
  facet normal 0 -0.36258617409966604 0.931950248860832
    outer loop
      vertex -6.554288435382019 7.085865520985678 5.78207486718893
      vertex 6.55428843538202 7.085865520985678 5.78207486718893
      vertex 6.588424225563692 7.45424936476962 5.925398921966552
    endloop
  endfacet
  facet normal 0 -0.5280595440406816 0.8492073468520792
    outer loop
      vertex -6.619548834777373 7.790137390720858 6.1342629626393315
      vertex 6.588424225563692 7.45424936476962 5.925398921966552
      vertex 6.6195488347773725 7.790137390720858 6.1342629626393315
    endloop
  endfacet
  facet normal 0 -0.6752672966013633 0.7375731002013877
    outer loop
      vertex -6.619548834777373 7.790137390720858 6.1342629626393315
      vertex 6.6195488347773725 7.790137390720858 6.1342629626393315
      vertex 6.646602351658153 8.08209133358772 6.40155436694622
    endloop
  endfacet
  facet normal 0 -0.7992537564865585 0.6009937044113898
    outer loop
      vertex -6.331336498605223 8.32016905480107 6.718170849978923
      vertex 6.646602351658153 8.08209133358772 6.40155436694622
      vertex 6.331336498605225 8.32016905480107 6.718170849978923
    endloop
  endfacet
  facet normal 0 -0.8959213204562547 0.44421277283743293
    outer loop
      vertex -6.331336498605223 8.32016905480107 6.718170849978923
      vertex 6.331336498605225 8.32016905480107 6.718170849978923
      vertex 6.684981018327832 8.496263106727696 7.073330415785312
    endloop
  endfacet
  facet normal 0 -0.9957702636463648 0.09187808246610814
    outer loop
      vertex -6.694999228132616 8.604376808390352 7.4549385368824
      vertex 6.694999228132616 8.604376808390352 7.4549385368824
      vertex 6.6983769728460985 8.640828479034326 7.85
    endloop
  endfacet
  facet normal 0 -0.9621324125834362 0.272582502476547
    outer loop
      vertex -6.315018981672169 8.496263106727696 7.073330415785312
      vertex 6.684981018327832 8.496263106727696 7.073330415785312
      vertex 6.694999228132616 8.604376808390352 7.4549385368824
    endloop
  endfacet
  facet normal 0 0 1
    outer loop
      vertex 6.646602354200965 -6.633645704499704 5.709171524643898
      vertex 6.698376975953579 6.5 5.709171524643898
      vertex 6.481696081873473 6.697530734747037 5.709171524643898
    endloop
  endfacet
  facet normal -0.18374951113035176 0 0.9829731009337727
    outer loop
      vertex 7.088375426828861 -6.5 5.78207486718893
      vertex 7.088375426828861 6.5 5.78207486718893
      vertex 6.698376975953579 6.5 5.709171524643898
    endloop
  endfacet
  facet normal -0.3612416623207492 0 0.9324722309022084
    outer loop
      vertex 7.088375426828861 -6.5 5.78207486718893
      vertex 7.458337463438511 6.5 5.925398921966552
      vertex 7.088375426828861 6.5 5.78207486718893
    endloop
  endfacet
  facet normal -0.5264321679761103 0 0.850217132572599
    outer loop
      vertex 7.795664466917515 -6.5 6.1342629626393315
      vertex 7.795664466917515 6.5 6.1342629626393315
      vertex 7.458337463438511 6.5 5.925398921966552
    endloop
  endfacet
  facet normal -0.6736956446724653 0 0.7390089162854203
    outer loop
      vertex 7.795664466917515 -6.5 6.1342629626393315
      vertex 8.088869169354439 6.5 6.40155436694622
      vertex 7.795664466917515 6.5 6.1342629626393315
    endloop
  endfacet
  facet normal -0.7980172268009509 0 0.602634637013937
    outer loop
      vertex 8.327966839075089 -6.5 6.718170849978923
      vertex 8.327966839075089 6.5 6.718170849978923
      vertex 8.088869169354439 6.5 6.40155436694622
    endloop
  endfacet
  facet normal -0.8951632854242056 0 0.44573836768730385
    outer loop
      vertex 8.327966839075089 -6.5 6.718170849978923
      vertex 8.50481529533863 6.5 7.073330415785312
      vertex 8.327966839075089 6.5 6.718170849978923
    endloop
  endfacet
  facet normal -0.9618256433346316 0 0.2736629895033712
    outer loop
      vertex 8.613392166793346 -6.5 7.4549385368824
      vertex 8.613392166793346 6.5 7.4549385368824
      vertex 8.50481529533863 6.5 7.073330415785312
    endloop
  endfacet
  facet normal -0.9957341768636534 0 0.09226835332692779
    outer loop
      vertex 8.649999999999999 -6.5 7.85
      vertex 8.649999999999999 6.5 7.85
      vertex 8.613392166793346 6.5 7.4549385368824
    endloop
  endfacet
  facet normal 0 0 1
    outer loop
      vertex 6.481696081873473 6.697530734747037 5.709171524643898
      vertex 6.554288436400913 6.690804062487231 5.709171524643898
      vertex 6.518303918126527 6.697530734747037 5.709171524643898
    endloop
  endfacet
  facet normal 0 0 1
    outer loop
      vertex 6.481696081873473 6.697530734747037 5.709171524643898
      vertex 6.646602354200965 6.633645704499706 5.709171524643898
      vertex 6.554288436400913 6.690804062487231 5.709171524643898
    endloop
  endfacet
  facet normal 0 0 1
    outer loop
      vertex 6.698376975953579 6.5 5.709171524643898
      vertex 6.694999230959009 6.53645167367738 5.709171524643898
      vertex 6.646602354200965 6.633645704499706 5.709171524643898
    endloop
  endfacet
  facet normal 0 0 1
    outer loop
      vertex 6.481696081873473 6.697530734747037 5.709171524643898
      vertex 6.698376975953579 6.5 5.709171524643898
      vertex 6.646602354200965 6.633645704499706 5.709171524643898
    endloop
  endfacet
  facet normal 0 0 1
    outer loop
      vertex 6.554288436400913 6.690804062487231 5.709171524643898
      vertex 6.646602354200965 6.633645704499706 5.709171524643898
      vertex 6.5884242270854685 6.677579786723669 5.709171524643898
    endloop
  endfacet
  facet normal 0 0 1
    outer loop
      vertex 6.5884242270854685 6.677579786723669 5.709171524643898
      vertex 6.646602354200965 6.633645704499706 5.709171524643898
      vertex 6.619548836769802 6.658308244306713 5.709171524643898
    endloop
  endfacet
  facet normal 0 0 1
    outer loop
      vertex 6.684981021029927 6.571662029326639 5.709171524643898
      vertex 6.668663504289956 6.604432020516313 5.709171524643898
      vertex 6.694999230959009 6.53645167367738 5.709171524643898
    endloop
  endfacet
  facet normal 0 0 1
    outer loop
      vertex 6.668663504289956 6.604432020516313 5.709171524643898
      vertex 6.646602354200965 6.633645704499706 5.709171524643898
      vertex 6.694999230959009 6.53645167367738 5.709171524643898
    endloop
  endfacet
  facet normal -0.03390361765554166 -0.18136833518463913 0.9828306424314514
    outer loop
      vertex 6.518303918126527 6.697530734747037 5.709171524643898
      vertex 6.554288436400913 6.690804062487231 5.709171524643898
      vertex 6.55428843538202 7.085865520985678 5.78207486718893
    endloop
  endfacet
  facet normal -0.06665268827475342 -0.17205042122450323 0.9828306424314515
    outer loop
      vertex 6.554288436400913 6.690804062487231 5.709171524643898
      vertex 6.5884242270854685 6.677579786723669 5.709171524643898
      vertex 6.762261495334016 7.026692083632565 5.78207486718893
    endloop
  endfacet
  facet normal -0.09713198153582385 -0.15687353652131697 0.9828306424314515
    outer loop
      vertex 6.5884242270854685 6.677579786723669 5.709171524643898
      vertex 6.619548836769802 6.658308244306713 5.709171524643898
      vertex 6.762261495334016 7.026692083632565 5.78207486718893
    endloop
  endfacet
  facet normal -0.12430356166267431 -0.13635451168096485 0.9828306424314512
    outer loop
      vertex 6.619548836769802 6.658308244306713 5.709171524643898
      vertex 6.646602354200965 6.633645704499706 5.709171524643898
      vertex 6.854575411401502 6.9695337267177955 5.78207486718893
    endloop
  endfacet
  facet normal -0.033903617655551194 -0.18136833518463902 0.9828306424314509
    outer loop
      vertex 6.554288436400913 6.690804062487231 5.709171524643898
      vertex 6.6610165785909246 7.065914573336752 5.78207486718893
      vertex 6.55428843538202 7.085865520985678 5.78207486718893
    endloop
  endfacet
  facet normal -0.06665268827474131 -0.1720504212245106 0.9828306424314509
    outer loop
      vertex 6.554288436400913 6.690804062487231 5.709171524643898
      vertex 6.762261495334016 7.026692083632565 5.78207486718893
      vertex 6.6610165785909246 7.065914573336752 5.78207486718893
    endloop
  endfacet
  facet normal -0.18372288102202727 -0.01702443205358609 0.9828306424314511
    outer loop
      vertex 6.698376975953579 6.5 5.709171524643898
      vertex 7.088375426828861 6.5 5.78207486718893
      vertex 6.694999230959009 6.53645167367738 5.709171524643898
    endloop
  endfacet
  facet normal -0.16516655025827703 -0.08224316976843934 0.9828306424314515
    outer loop
      vertex 6.684981021029927 6.571662029326639 5.709171524643898
      vertex 7.048643745981849 6.712545719531235 5.78207486718893
      vertex 6.668663504289956 6.604432020516313 5.709171524643898
    endloop
  endfacet
  facet normal -0.14724213308281256 -0.11119209748451002 0.9828306424314509
    outer loop
      vertex 6.668663504289956 6.604432020516313 5.709171524643898
      vertex 7.000246870132123 6.809739748529406 5.78207486718893
      vertex 6.646602354200965 6.633645704499706 5.709171524643898
    endloop
  endfacet
  facet normal -0.1774664186601244 -0.05049354954575779 0.9828306424314515
    outer loop
      vertex 6.684981021029927 6.571662029326639 5.709171524643898
      vertex 6.694999230959009 6.53645167367738 5.709171524643898
      vertex 7.048643745981849 6.712545719531235 5.78207486718893
    endloop
  endfacet
  facet normal -0.18372288102202752 -0.01702443205358918 0.9828306424314511
    outer loop
      vertex 6.694999230959009 6.53645167367738 5.709171524643898
      vertex 7.088375426828861 6.5 5.78207486718893
      vertex 7.078357217087806 6.608113700974922 5.78207486718893
    endloop
  endfacet
  facet normal -0.17746641866013016 -0.050493549545745885 0.9828306424314509
    outer loop
      vertex 6.694999230959009 6.53645167367738 5.709171524643898
      vertex 7.078357217087806 6.608113700974922 5.78207486718893
      vertex 7.048643745981849 6.712545719531235 5.78207486718893
    endloop
  endfacet
  facet normal -0.16516655025827162 -0.08224316976845815 0.9828306424314508
    outer loop
      vertex 6.668663504289956 6.604432020516313 5.709171524643898
      vertex 7.048643745981849 6.712545719531235 5.78207486718893
      vertex 7.000246870132123 6.809739748529406 5.78207486718893
    endloop
  endfacet
  facet normal -0.09713198153583151 -0.15687353652131383 0.982830642431451
    outer loop
      vertex 6.619548836769802 6.658308244306713 5.709171524643898
      vertex 6.854575411401502 6.9695337267177955 5.78207486718893
      vertex 6.762261495334016 7.026692083632565 5.78207486718893
    endloop
  endfacet
  facet normal -0.14724213308281156 -0.11119209748451192 0.9828306424314508
    outer loop
      vertex 6.646602354200965 6.633645704499706 5.709171524643898
      vertex 7.000246870132123 6.809739748529406 5.78207486718893
      vertex 6.93481468710004 6.89638596188329 5.78207486718893
    endloop
  endfacet
  facet normal -0.12430356166268594 -0.1363545116809575 0.9828306424314509
    outer loop
      vertex 6.646602354200965 6.633645704499706 5.709171524643898
      vertex 6.93481468710004 6.89638596188329 5.78207486718893
      vertex 6.854575411401502 6.9695337267177955 5.78207486718893
    endloop
  endfacet
  facet normal -0.2442727259374155 -0.2679544159205788 0.9319502488608316
    outer loop
      vertex 6.854575411401502 6.9695337267177955 5.78207486718893
      vertex 6.93481468710004 6.89638596188329 5.78207486718893
      vertex 7.208219931187685 7.145627774261818 5.925398921966552
    endloop
  endfacet
  facet normal -0.06662503465777496 -0.35641245545727157 0.931950248860833
    outer loop
      vertex 6.55428843538202 7.085865520985678 5.78207486718893
      vertex 6.6610165785909246 7.065914573336752 5.78207486718893
      vertex 6.762261495742678 7.421753547148356 5.925398921966552
    endloop
  endfacet
  facet normal -0.06662503465776694 -0.35641245545727607 0.9319502488608319
    outer loop
      vertex 6.55428843538202 7.085865520985678 5.78207486718893
      vertex 6.762261495742678 7.421753547148356 5.925398921966552
      vertex 6.588424225563692 7.45424936476962 5.925398921966552
    endloop
  endfacet
  facet normal -0.09703068659591778 -0.5190683268233358 0.8492073468520792
    outer loop
      vertex 6.588424225563692 7.45424936476962 5.925398921966552
      vertex 6.854575412146797 7.746203309229106 6.1342629626393315
      vertex 6.6195488347773725 7.790137390720858 6.1342629626393315
    endloop
  endfacet
  facet normal -0.13098123366818457 -0.338101538113913 0.9319502488608319
    outer loop
      vertex 6.6610165785909246 7.065914573336752 5.78207486718893
      vertex 6.762261495334016 7.026692083632565 5.78207486718893
      vertex 6.9271677652321415 7.35786851800048 5.925398921966552
    endloop
  endfacet
  facet normal -0.19087702386071476 -0.3082769783981757 0.9319502488608321
    outer loop
      vertex 6.854575411401502 6.9695337267177955 5.78207486718893
      vertex 6.9271677652321415 7.35786851800048 5.925398921966552
      vertex 6.762261495334016 7.026692083632565 5.78207486718893
    endloop
  endfacet
  facet normal -0.13098123366818917 -0.33810153811390925 0.9319502488608327
    outer loop
      vertex 6.6610165785909246 7.065914573336752 5.78207486718893
      vertex 6.9271677652321415 7.35786851800048 5.925398921966552
      vertex 6.762261495742678 7.421753547148356 5.925398921966552
    endloop
  endfacet
  facet normal -0.19087702386071637 -0.30827697839817536 0.931950248860832
    outer loop
      vertex 6.854575411401502 6.9695337267177955 5.78207486718893
      vertex 7.077527348807887 7.2647698053719765 5.925398921966552
      vertex 6.9271677652321415 7.35786851800048 5.925398921966552
    endloop
  endfacet
  facet normal -0.2442727259374168 -0.2679544159205764 0.9319502488608319
    outer loop
      vertex 6.854575411401502 6.9695337267177955 5.78207486718893
      vertex 7.208219931187685 7.145627774261818 5.925398921966552
      vertex 7.077527348807887 7.2647698053719765 5.925398921966552
    endloop
  endfacet
  facet normal -0.09703068659591124 -0.5190683268233403 0.849207346852077
    outer loop
      vertex 6.588424225563692 7.45424936476962 5.925398921966552
      vertex 6.762261495742678 7.421753547148356 5.925398921966552
      vertex 6.854575412146797 7.746203309229106 6.1342629626393315
    endloop
  endfacet
  facet normal -0.19075710953528563 -0.4924008602898603 0.8492073468520797
    outer loop
      vertex 6.762261495742678 7.421753547148356 5.925398921966552
      vertex 6.9271677652321415 7.35786851800048 5.925398921966552
      vertex 7.0775273491218975 7.659831268697687 6.1342629626393315
    endloop
  endfacet
  facet normal -0.1907571095352795 -0.4924008602898667 0.8492073468520775
    outer loop
      vertex 6.762261495742678 7.421753547148356 5.925398921966552
      vertex 7.0775273491218975 7.659831268697687 6.1342629626393315
      vertex 6.854575412146797 7.746203309229106 6.1342629626393315
    endloop
  endfacet
  facet normal -0.34874468010898413 -0.09922641656291249 0.9319502488608314
    outer loop
      vertex 7.078357217087806 6.608113700974922 5.78207486718893
      vertex 7.393623071054222 6.846191422062098 5.925398921966552
      vertex 7.048643745981849 6.712545719531235 5.78207486718893
    endloop
  endfacet
  facet normal -0.36103944540309824 -0.03345523144824634 0.9319502488608326
    outer loop
      vertex 7.088375426828861 6.5 5.78207486718893
      vertex 7.458337463438511 6.5 5.925398921966552
      vertex 7.078357217087806 6.608113700974922 5.78207486718893
    endloop
  endfacet
  facet normal -0.36103944540309946 -0.03345523144825174 0.9319502488608318
    outer loop
      vertex 7.078357217087806 6.608113700974922 5.78207486718893
      vertex 7.458337463438511 6.5 5.925398921966552
      vertex 7.442019946979361 6.676094046812381 5.925398921966552
    endloop
  endfacet
  facet normal -0.34874468010898324 -0.09922641656291376 0.9319502488608316
    outer loop
      vertex 7.078357217087806 6.608113700974922 5.78207486718893
      vertex 7.442019946979361 6.676094046812381 5.925398921966552
      vertex 7.393623071054222 6.846191422062098 5.925398921966552
    endloop
  endfacet
  facet normal -0.3245738330068931 -0.1616185650704916 0.9319502488608331
    outer loop
      vertex 7.000246870132123 6.809739748529406 5.78207486718893
      vertex 7.048643745981849 6.712545719531235 5.78207486718893
      vertex 7.314794933227077 7.004499663644335 5.925398921966552
    endloop
  endfacet
  facet normal -0.28935001330516574 -0.21850698718469336 0.931950248860833
    outer loop
      vertex 7.000246870132123 6.809739748529406 5.78207486718893
      vertex 7.314794933227077 7.004499663644335 5.925398921966552
      vertex 6.93481468710004 6.89638596188329 5.78207486718893
    endloop
  endfacet
  facet normal -0.28935001330516247 -0.21850698718470327 0.9319502488608317
    outer loop
      vertex 6.93481468710004 6.89638596188329 5.78207486718893
      vertex 7.314794933227077 7.004499663644335 5.925398921966552
      vertex 7.208219931187685 7.145627774261818 5.925398921966552
    endloop
  endfacet
  facet normal -0.32457383300690046 -0.16161856507048422 0.9319502488608319
    outer loop
      vertex 7.048643745981849 6.712545719531235 5.78207486718893
      vertex 7.393623071054222 6.846191422062098 5.925398921966552
      vertex 7.314794933227077 7.004499663644335 5.925398921966552
    endloop
  endfacet
  facet normal -0.5258069351200815 -0.048723187827573615 0.8492073468520779
    outer loop
      vertex 7.458337463438511 6.5 5.925398921966552
      vertex 7.773603317196198 6.738077721048157 6.1342629626393315
      vertex 7.442019946979361 6.676094046812381 5.925398921966552
    endloop
  endfacet
  facet normal -0.5258069351200795 -0.048723187827577265 0.8492073468520789
    outer loop
      vertex 7.458337463438511 6.5 5.925398921966552
      vertex 7.795664466917515 6.5 6.1342629626393315
      vertex 7.773603317196198 6.738077721048157 6.1342629626393315
    endloop
  endfacet
  facet normal -0.5079012105804703 -0.1445103537582759 0.849207346852081
    outer loop
      vertex 7.442019946979361 6.676094046812381 5.925398921966552
      vertex 7.708171134026582 6.968047990848774 6.1342629626393315
      vertex 7.393623071054222 6.846191422062098 5.925398921966552
    endloop
  endfacet
  facet normal -0.4726995194749116 -0.23537639291279047 0.8492073468520812
    outer loop
      vertex 7.393623071054222 6.846191422062098 5.925398921966552
      vertex 7.708171134026582 6.968047990848774 6.1342629626393315
      vertex 7.314794933227077 7.004499663644335 5.925398921966552
    endloop
  endfacet
  facet normal -0.5079012105804773 -0.1445103537582676 0.8492073468520783
    outer loop
      vertex 7.442019946979361 6.676094046812381 5.925398921966552
      vertex 7.773603317196198 6.738077721048157 6.1342629626393315
      vertex 7.708171134026582 6.968047990848774 6.1342629626393315
    endloop
  endfacet
  facet normal -0.3557514144061947 -0.390240711869541 0.8492073468520782
    outer loop
      vertex 7.077527348807887 7.2647698053719765 5.925398921966552
      vertex 7.208219931187685 7.145627774261818 5.925398921966552
      vertex 7.457507594777994 7.372883506989968 6.1342629626393315
    endloop
  endfacet
  facet normal -0.2779875278973706 -0.44896527302894973 0.8492073468520802
    outer loop
      vertex 6.9271677652321415 7.35786851800048 5.925398921966552
      vertex 7.077527348807887 7.2647698053719765 5.925398921966552
      vertex 7.280812284890359 7.533962565375045 6.1342629626393315
    endloop
  endfacet
  facet normal -0.27798752789736847 -0.44896527302895295 0.8492073468520792
    outer loop
      vertex 6.9271677652321415 7.35786851800048 5.925398921966552
      vertex 7.280812284890359 7.533962565375045 6.1342629626393315
      vertex 7.0775273491218975 7.659831268697687 6.1342629626393315
    endloop
  endfacet
  facet normal -0.3557514144061967 -0.3902407118695364 0.8492073468520793
    outer loop
      vertex 7.077527348807887 7.2647698053719765 5.925398921966552
      vertex 7.457507594777994 7.372883506989968 6.1342629626393315
      vertex 7.280812284890359 7.533962565375045 6.1342629626393315
    endloop
  endfacet
  facet normal -0.3554824234702026 -0.574123826768288 0.7375731002013891
    outer loop
      vertex 7.280812284890359 7.533962565375045 6.1342629626393315
      vertex 7.457507594128124 7.767944969039288 6.40155436694622
      vertex 7.0775273491218975 7.659831268697687 6.1342629626393315
    endloop
  endfacet
  facet normal -0.4214006131742077 -0.31822697130955985 0.8492073468520784
    outer loop
      vertex 7.314794933227077 7.004499663644335 5.925398921966552
      vertex 7.601596131929249 7.1820794476827245 6.1342629626393315
      vertex 7.208219931187685 7.145627774261818 5.925398921966552
    endloop
  endfacet
  facet normal -0.4214006131742079 -0.31822697130955857 0.8492073468520789
    outer loop
      vertex 7.208219931187685 7.145627774261818 5.925398921966552
      vertex 7.601596131929249 7.1820794476827245 6.1342629626393315
      vertex 7.457507594777994 7.372883506989968 6.1342629626393315
    endloop
  endfacet
  facet normal -0.4726995194749113 -0.2353763929128008 0.8492073468520788
    outer loop
      vertex 7.314794933227077 7.004499663644335 5.925398921966552
      vertex 7.708171134026582 6.968047990848774 6.1342629626393315
      vertex 7.601596131929249 7.1820794476827245 6.1342629626393315
    endloop
  endfacet
  facet normal -0.45492463601732863 -0.49902855369589133 0.7375731002013889
    outer loop
      vertex 7.280812284890359 7.533962565375045 6.1342629626393315
      vertex 7.457507594777994 7.372883506989968 6.1342629626393315
      vertex 7.457507594128124 7.767944969039288 6.40155436694622
    endloop
  endfacet
  facet normal -0.5388749357068334 -0.4069394617461713 0.737573100201392
    outer loop
      vertex 7.457507594777994 7.372883506989968 6.1342629626393315
      vertex 7.601596131929249 7.1820794476827245 6.1342629626393315
      vertex 7.674188484449914 7.57041423771841 6.40155436694622
    endloop
  endfacet
  facet normal -0.4549246360173232 -0.49902855369589283 0.7375731002013911
    outer loop
      vertex 7.457507594777994 7.372883506989968 6.1342629626393315
      vertex 7.674188484449914 7.57041423771841 6.40155436694622
      vertex 7.457507594128124 7.767944969039288 6.40155436694622
    endloop
  endfacet
  facet normal 0 -0.7992537564865586 0.6009937044113898
    outer loop
      vertex 6.331336498605225 8.32016905480107 6.718170849978923
      vertex 6.646602351658153 8.08209133358772 6.40155436694622
      vertex 6.668663501394775 8.32016905480107 6.718170849978923
    endloop
  endfacet
  facet normal -0.12408004014780497 -0.6637695876554076 0.7375731002013899
    outer loop
      vertex 6.6195488347773725 7.790137390720858 6.1342629626393315
      vertex 6.854575412146797 7.746203309229106 6.1342629626393315
      vertex 6.934814687718884 8.028215110731796 6.40155436694622
    endloop
  endfacet
  facet normal -0.12408004014780073 -0.6637695876554107 0.7375731002013876
    outer loop
      vertex 6.6195488347773725 7.790137390720858 6.1342629626393315
      vertex 6.934814687718884 8.028215110731796 6.40155436694622
      vertex 6.646602351658153 8.08209133358772 6.40155436694622
    endloop
  endfacet
  facet normal -0.2439346833459628 -0.6296680015057258 0.7375731002013903
    outer loop
      vertex 6.854575412146797 7.746203309229106 6.1342629626393315
      vertex 7.0775273491218975 7.659831268697687 6.1342629626393315
      vertex 6.934814687718884 8.028215110731796 6.40155436694622
    endloop
  endfacet
  facet normal -0.14686249236748833 -0.7856449424475904 0.6009937044113954
    outer loop
      vertex 6.646602351658153 8.08209133358772 6.40155436694622
      vertex 6.934814687718884 8.028215110731796 6.40155436694622
      vertex 7.000246870933903 8.258185380691984 6.718170849978923
    endloop
  endfacet
  facet normal -0.14686249236748075 -0.7856449424475961 0.60099370441139
    outer loop
      vertex 6.646602351658153 8.08209133358772 6.40155436694622
      vertex 7.000246870933903 8.258185380691984 6.718170849978923
      vertex 6.668663501394775 8.32016905480107 6.718170849978923
    endloop
  endfacet
  facet normal 0 -0.8959213204562549 0.44421277283743305
    outer loop
      vertex 6.331336498605225 8.32016905480107 6.718170849978923
      vertex 6.668663501394775 8.32016905480107 6.718170849978923
      vertex 6.684981018327832 8.496263106727696 7.073330415785312
    endloop
  endfacet
  facet normal -0.1646251106354139 -0.8806665574417798 0.4442127728374342
    outer loop
      vertex 6.668663501394775 8.32016905480107 6.718170849978923
      vertex 7.000246870933903 8.258185380691984 6.718170849978923
      vertex 6.684981018327832 8.496263106727696 7.073330415785312
    endloop
  endfacet
  facet normal -0.17679136688789096 -0.9457502799034925 0.27258250247654675
    outer loop
      vertex 6.684981018327832 8.496263106727696 7.073330415785312
      vertex 7.048643748264617 8.428282760881785 7.073330415785312
      vertex 6.694999228132616 8.604376808390352 7.4549385368824
    endloop
  endfacet
  facet normal -0.18297230580110366 -0.9788153826295225 0.0918780824661073
    outer loop
      vertex 6.694999228132616 8.604376808390352 7.4549385368824
      vertex 7.088375428654977 8.56792513282156 7.85
      vertex 6.6983769728460985 8.640828479034326 7.85
    endloop
  endfacet
  facet normal -0.16462511063541335 -0.8806665574417798 0.4442127728374347
    outer loop
      vertex 6.684981018327832 8.496263106727696 7.073330415785312
      vertex 7.000246870933903 8.258185380691984 6.718170849978923
      vertex 7.048643748264617 8.428282760881785 7.073330415785312
    endloop
  endfacet
  facet normal -0.17679136688789995 -0.9457502799034931 0.27258250247653876
    outer loop
      vertex 6.694999228132616 8.604376808390352 7.4549385368824
      vertex 7.048643748264617 8.428282760881785 7.073330415785312
      vertex 7.078357219559585 8.53271478010241 7.4549385368824
    endloop
  endfacet
  facet normal -0.1829723058010984 -0.978815382629524 0.09187808246610195
    outer loop
      vertex 6.694999228132616 8.604376808390352 7.4549385368824
      vertex 7.078357219559585 8.53271478010241 7.4549385368824
      vertex 7.088375428654977 8.56792513282156 7.85
    endloop
  endfacet
  facet normal -0.24393468334597546 -0.6296680015057269 0.7375731002013852
    outer loop
      vertex 6.934814687718884 8.028215110731796 6.40155436694622
      vertex 7.0775273491218975 7.659831268697687 6.1342629626393315
      vertex 7.208219931092081 7.922297355171903 6.40155436694622
    endloop
  endfacet
  facet normal -0.3554824234701979 -0.5741238267682957 0.7375731002013854
    outer loop
      vertex 7.0775273491218975 7.659831268697687 6.1342629626393315
      vertex 7.457507594128124 7.767944969039288 6.40155436694622
      vertex 7.208219931092081 7.922297355171903 6.40155436694622
    endloop
  endfacet
  facet normal -0.420752883715062 -0.6795392395611334 0.600993704411399
    outer loop
      vertex 7.208219931092081 7.922297355171903 6.40155436694622
      vertex 7.457507594128124 7.767944969039288 6.40155436694622
      vertex 7.314794933263368 8.136328812154368 6.718170849978923
    endloop
  endfacet
  facet normal -0.28872375869954287 -0.7452819321708241 0.6009937044113951
    outer loop
      vertex 6.934814687718884 8.028215110731796 6.40155436694622
      vertex 7.314794933263368 8.136328812154368 6.718170849978923
      vertex 7.000246870933903 8.258185380691984 6.718170849978923
    endloop
  endfacet
  facet normal -0.28872375869954725 -0.7452819321708196 0.6009937044113987
    outer loop
      vertex 6.934814687718884 8.028215110731796 6.40155436694622
      vertex 7.208219931092081 7.922297355171903 6.40155436694622
      vertex 7.314794933263368 8.136328812154368 6.718170849978923
    endloop
  endfacet
  facet normal -0.32364411057421094 -0.8354217510567398 0.44421277283743044
    outer loop
      vertex 7.000246870933903 8.258185380691984 6.718170849978923
      vertex 7.314794933263368 8.136328812154368 6.718170849978923
      vertex 7.393623073379899 8.294637058334299 7.073330415785312
    endloop
  endfacet
  facet normal -0.42075288371507086 -0.6795392395611325 0.6009937044113938
    outer loop
      vertex 7.457507594128124 7.767944969039288 6.40155436694622
      vertex 7.601596131379356 7.958749028478927 6.718170849978923
      vertex 7.314794933263368 8.136328812154368 6.718170849978923
    endloop
  endfacet
  facet normal -0.5384537739131382 -0.590655653165674 0.600993704411394
    outer loop
      vertex 7.457507594128124 7.767944969039288 6.40155436694622
      vertex 7.674188484449914 7.57041423771841 6.40155436694622
      vertex 7.601596131379356 7.958749028478927 6.718170849978923
    endloop
  endfacet
  facet normal -0.4716417984957256 -0.7617276589174101 0.4442127728374312
    outer loop
      vertex 7.314794933263368 8.136328812154368 6.718170849978923
      vertex 7.601596131379356 7.958749028478927 6.718170849978923
      vertex 7.393623073379899 8.294637058334299 7.073330415785312
    endloop
  endfacet
  facet normal -0.32364411057421544 -0.8354217510567358 0.444212772837435
    outer loop
      vertex 7.000246870933903 8.258185380691984 6.718170849978923
      vertex 7.393623073379899 8.294637058334299 7.073330415785312
      vertex 7.048643748264617 8.428282760881785 7.073330415785312
    endloop
  endfacet
  facet normal -0.4716417984957178 -0.7617276589174113 0.44421277283743704
    outer loop
      vertex 7.393623073379899 8.294637058334299 7.073330415785312
      vertex 7.601596131379356 7.958749028478927 6.718170849978923
      vertex 7.708171136513968 8.099877143195151 7.073330415785312
    endloop
  endfacet
  facet normal -0.5064974469307023 -0.8180214640193187 0.2725825024765364
    outer loop
      vertex 7.393623073379899 8.294637058334299 7.073330415785312
      vertex 7.773603319962277 8.186523357100207 7.4549385368824
      vertex 7.442019949537482 8.391831087950738 7.4549385368824
    endloop
  endfacet
  facet normal -0.5064974469307039 -0.8180214640193172 0.2725825024765382
    outer loop
      vertex 7.393623073379899 8.294637058334299 7.073330415785312
      vertex 7.708171136513968 8.099877143195151 7.073330415785312
      vertex 7.773603319962277 8.186523357100207 7.4549385368824
    endloop
  endfacet
  facet normal -0.5242054936203143 -0.8466209414021343 0.09187808246609505
    outer loop
      vertex 7.458337464919559 8.424601076413381 7.85
      vertex 7.773603319962277 8.186523357100207 7.4549385368824
      vertex 7.795664468215399 8.215737038652513 7.85
    endloop
  endfacet
  facet normal -0.347562315814311 -0.8971617557438687 0.27258250247653815
    outer loop
      vertex 7.048643748264617 8.428282760881785 7.073330415785312
      vertex 7.393623073379899 8.294637058334299 7.073330415785312
      vertex 7.078357219559585 8.53271478010241 7.4549385368824
    endloop
  endfacet
  facet normal -0.34756231581431163 -0.8971617557438686 0.27258250247653765
    outer loop
      vertex 7.078357219559585 8.53271478010241 7.4549385368824
      vertex 7.393623073379899 8.294637058334299 7.073330415785312
      vertex 7.442019949537482 8.391831087950738 7.4549385368824
    endloop
  endfacet
  facet normal -0.35971370917923867 -0.9285281177168874 0.0918780824661044
    outer loop
      vertex 7.078357219559585 8.53271478010241 7.4549385368824
      vertex 7.442019949537482 8.391831087950738 7.4549385368824
      vertex 7.458337464919559 8.424601076413381 7.85
    endloop
  endfacet
  facet normal -0.3597137091792364 -0.9285281177168885 0.09187808246610185
    outer loop
      vertex 7.078357219559585 8.53271478010241 7.4549385368824
      vertex 7.458337464919559 8.424601076413381 7.85
      vertex 7.088375428654977 8.56792513282156 7.85
    endloop
  endfacet
  facet normal -0.5242054936203047 -0.846620941402139 0.09187808246610556
    outer loop
      vertex 7.442019949537482 8.391831087950738 7.4549385368824
      vertex 7.773603319962277 8.186523357100207 7.4549385368824
      vertex 7.458337464919559 8.424601076413381 7.85
    endloop
  endfacet
  facet normal -0.6723867253603334 -0.06230580565663229 0.7375731002013872
    outer loop
      vertex 7.795664466917515 6.5 6.1342629626393315
      vertex 8.088869169354439 6.5 6.40155436694622
      vertex 7.773603317196198 6.738077721048157 6.1342629626393315
    endloop
  endfacet
  facet normal -0.6723867253603321 -0.062305805656629264 0.7375731002013887
    outer loop
      vertex 7.773603317196198 6.738077721048157 6.1342629626393315
      vertex 8.088869169354439 6.5 6.40155436694622
      vertex 8.061815652392518 6.791953943742492 6.40155436694622
    endloop
  endfacet
  facet normal -0.6494894018671808 -0.18479566748581328 0.7375731002013863
    outer loop
      vertex 7.773603317196198 6.738077721048157 6.1342629626393315
      vertex 7.981576376579781 7.073965746090995 6.40155436694622
      vertex 7.708171134026582 6.968047990848774 6.1342629626393315
    endloop
  endfacet
  facet normal -0.6494894018671774 -0.18479566748581705 0.7375731002013884
    outer loop
      vertex 7.773603317196198 6.738077721048157 6.1342629626393315
      vertex 8.061815652392518 6.791953943742492 6.40155436694622
      vertex 7.981576376579781 7.073965746090995 6.40155436694622
    endloop
  endfacet
  facet normal -0.7958442808658475 -0.07374583290589852 0.6009937044114001
    outer loop
      vertex 8.088869169354439 6.5 6.40155436694622
      vertex 8.296842229925026 6.83588802526473 6.718170849978923
      vertex 8.061815652392518 6.791953943742492 6.40155436694622
    endloop
  endfacet
  facet normal -0.7958442808658528 -0.07374583290588942 0.600993704411394
    outer loop
      vertex 8.088869169354439 6.5 6.40155436694622
      vertex 8.327966839075089 6.5 6.718170849978923
      vertex 8.296842229925026 6.83588802526473 6.718170849978923
    endloop
  endfacet
  facet normal -0.7687427583909693 -0.21872617282644918 0.6009937044114009
    outer loop
      vertex 8.061815652392518 6.791953943742492 6.40155436694622
      vertex 8.296842229925026 6.83588802526473 6.718170849978923
      vertex 7.981576376579781 7.073965746090995 6.40155436694622
    endloop
  endfacet
  facet normal -0.7687427583909716 -0.21872617282646312 0.6009937044113929
    outer loop
      vertex 7.981576376579781 7.073965746090995 6.40155436694622
      vertex 8.296842229925026 6.83588802526473 6.718170849978923
      vertex 8.20452831370958 7.160337786682348 6.718170849978923
    endloop
  endfacet
  facet normal -0.6044744957701134 -0.3009925344967584 0.7375731002013867
    outer loop
      vertex 7.708171134026582 6.968047990848774 6.1342629626393315
      vertex 7.850883794217623 7.336431833352407 6.40155436694622
      vertex 7.601596131929249 7.1820794476827245 6.1342629626393315
    endloop
  endfacet
  facet normal -0.6044744957701139 -0.30099253449675806 0.7375731002013864
    outer loop
      vertex 7.708171134026582 6.968047990848774 6.1342629626393315
      vertex 7.981576376579781 7.073965746090995 6.40155436694622
      vertex 7.850883794217623 7.336431833352407 6.40155436694622
    endloop
  endfacet
  facet normal -0.5388749357068441 -0.406939461746166 0.7375731002013871
    outer loop
      vertex 7.601596131929249 7.1820794476827245 6.1342629626393315
      vertex 7.850883794217623 7.336431833352407 6.40155436694622
      vertex 7.674188484449914 7.57041423771841 6.40155436694622
    endloop
  endfacet
  facet normal -0.7154626232844062 -0.3562580552645376 0.6009937044113902
    outer loop
      vertex 7.981576376579781 7.073965746090995 6.40155436694622
      vertex 8.054168730127138 7.462300536762381 6.718170849978923
      vertex 7.850883794217623 7.336431833352407 6.40155436694622
    endloop
  endfacet
  facet normal -0.6378182666447197 -0.4816579969150312 0.6009937044113898
    outer loop
      vertex 7.850883794217623 7.336431833352407 6.40155436694622
      vertex 8.054168730127138 7.462300536762381 6.718170849978923
      vertex 7.674188484449914 7.57041423771841 6.40155436694622
    endloop
  endfacet
  facet normal -0.6378182666447204 -0.48165799691502775 0.6009937044113919
    outer loop
      vertex 8.054168730127138 7.462300536762381 6.718170849978923
      vertex 7.850883794460152 7.731493296215255 6.718170849978923
      vertex 7.674188484449914 7.57041423771841 6.40155436694622
    endloop
  endfacet
  facet normal -0.7154626232844031 -0.3562580552645399 0.6009937044113924
    outer loop
      vertex 7.981576376579781 7.073965746090995 6.40155436694622
      vertex 8.20452831370958 7.160337786682348 6.718170849978923
      vertex 8.054168730127138 7.462300536762381 6.718170849978923
    endloop
  endfacet
  facet normal -0.8617201002800745 -0.24518050742539557 0.44421277283743626
    outer loop
      vertex 8.296842229925026 6.83588802526473 6.718170849978923
      vertex 8.369434587988366 7.2242228176856145 7.073330415785312
      vertex 8.20452831370958 7.160337786682348 6.718170849978923
    endloop
  endfacet
  facet normal -0.8019958780147908 -0.3993464962853149 0.44421277283744115
    outer loop
      vertex 8.054168730127138 7.462300536762381 6.718170849978923
      vertex 8.20452831370958 7.160337786682348 6.718170849978923
      vertex 8.204528318069734 7.55539925209472 7.073330415785312
    endloop
  endfacet
  facet normal -0.714960648011751 -0.5399132191775723 0.4442127728374408
    outer loop
      vertex 8.054168730127138 7.462300536762381 6.718170849978923
      vertex 8.204528318069734 7.55539925209472 7.073330415785312
      vertex 7.850883794460152 7.731493296215255 6.718170849978923
    endloop
  endfacet
  facet normal -0.8019958780147961 -0.39934649628531 0.4442127728374357
    outer loop
      vertex 8.20452831370958 7.160337786682348 6.718170849978923
      vertex 8.369434587988366 7.2242228176856145 7.073330415785312
      vertex 8.204528318069734 7.55539925209472 7.073330415785312
    endloop
  endfacet
  facet normal -0.7677982401662775 -0.5798143166059232 0.2725825024765408
    outer loop
      vertex 8.204528318069734 7.55539925209472 7.073330415785312
      vertex 8.296842234724444 7.612557609373084 7.4549385368824
      vertex 7.981576380635616 7.850635330785622 7.073330415785312
    endloop
  endfacet
  facet normal -0.8612656171675795 -0.428859319624251 0.27258250247654003
    outer loop
      vertex 8.204528318069734 7.55539925209472 7.073330415785312
      vertex 8.470679505375493 7.263445307639309 7.4549385368824
      vertex 8.296842234724444 7.612557609373084 7.4549385368824
    endloop
  endfacet
  facet normal -0.892099478049668 -0.08266519044668649 0.44421277283743515
    outer loop
      vertex 8.327966839075089 6.5 6.718170849978923
      vertex 8.50481529533863 6.5 7.073330415785312
      vertex 8.296842229925026 6.83588802526473 6.718170849978923
    endloop
  endfacet
  facet normal -0.9580281253305243 -0.08877437929554041 0.2725825024765397
    outer loop
      vertex 8.50481529533863 6.5 7.073330415785312
      vertex 8.613392166793346 6.5 7.4549385368824
      vertex 8.577407649040534 6.888334791605594 7.4549385368824
    endloop
  endfacet
  facet normal -0.9915224832510031 -0.09187808862898751 0.09187808246610346
    outer loop
      vertex 8.613392166793346 6.5 7.4549385368824
      vertex 8.649999999999999 6.5 7.85
      vertex 8.577407649040534 6.888334791605594 7.4549385368824
    endloop
  endfacet
  facet normal -0.892099478049671 -0.0826651904466966 0.4442127728374274
    outer loop
      vertex 8.296842229925026 6.83588802526473 6.718170849978923
      vertex 8.50481529533863 6.5 7.073330415785312
      vertex 8.47067950515271 6.868383843829761 7.073330415785312
    endloop
  endfacet
  facet normal -0.8617201002800814 -0.24518050742538666 0.44421277283742805
    outer loop
      vertex 8.296842229925026 6.83588802526473 6.718170849978923
      vertex 8.47067950515271 6.868383843829761 7.073330415785312
      vertex 8.369434587988366 7.2242228176856145 7.073330415785312
    endloop
  endfacet
  facet normal -0.9254036265504813 -0.26330003287284875 0.2725825024765427
    outer loop
      vertex 8.47067950515271 6.868383843829761 7.073330415785312
      vertex 8.577407649040534 6.888334791605594 7.4549385368824
      vertex 8.369434587988366 7.2242228176856145 7.073330415785312
    endloop
  endfacet
  facet normal -0.9580281253305226 -0.08877437929554516 0.27258250247654425
    outer loop
      vertex 8.50481529533863 6.5 7.073330415785312
      vertex 8.577407649040534 6.888334791605594 7.4549385368824
      vertex 8.47067950515271 6.868383843829761 7.073330415785312
    endloop
  endfacet
  facet normal -0.9915224832510031 -0.09187808862898902 0.09187808246610199
    outer loop
      vertex 8.577407649040534 6.888334791605594 7.4549385368824
      vertex 8.649999999999999 6.5 7.85
      vertex 8.613392164320388 6.895061463305627 7.85
    endloop
  endfacet
  facet normal -0.9577573742840343 -0.27250546777432627 0.09187808246610261
    outer loop
      vertex 8.577407649040534 6.888334791605594 7.4549385368824
      vertex 8.613392164320388 6.895061463305627 7.85
      vertex 8.504815293219366 7.276669582302379 7.85
    endloop
  endfacet
  facet normal -0.9254036265504811 -0.26330003287285275 0.27258250247653926
    outer loop
      vertex 8.577407649040534 6.888334791605594 7.4549385368824
      vertex 8.470679505375493 7.263445307639309 7.4549385368824
      vertex 8.369434587988366 7.2242228176856145 7.073330415785312
    endloop
  endfacet
  facet normal -0.8612656171675798 -0.42885931962424956 0.27258250247654126
    outer loop
      vertex 8.369434587988366 7.2242228176856145 7.073330415785312
      vertex 8.470679505375493 7.263445307639309 7.4549385368824
      vertex 8.204528318069734 7.55539925209472 7.073330415785312
    endloop
  endfacet
  facet normal -0.9577573742840318 -0.27250546777433265 0.09187808246610935
    outer loop
      vertex 8.577407649040534 6.888334791605594 7.4549385368824
      vertex 8.504815293219366 7.276669582302379 7.85
      vertex 8.470679505375493 7.263445307639309 7.4549385368824
    endloop
  endfacet
  facet normal -0.891376986639178 -0.44385300004890244 0.0918780824661009
    outer loop
      vertex 8.504815293219366 7.276669582302379 7.85
      vertex 8.327966841818672 7.631829150186313 7.85
      vertex 8.296842234724444 7.612557609373084 7.4549385368824
    endloop
  endfacet
  facet normal -0.8913769866391806 -0.4438530000488959 0.09187808246610789
    outer loop
      vertex 8.470679505375493 7.263445307639309 7.4549385368824
      vertex 8.504815293219366 7.276669582302379 7.85
      vertex 8.296842234724444 7.612557609373084 7.4549385368824
    endloop
  endfacet
  facet normal -0.5384537739131406 -0.5906556531656734 0.6009937044113925
    outer loop
      vertex 7.674188484449914 7.57041423771841 6.40155436694622
      vertex 7.850883794460152 7.731493296215255 6.718170849978923
      vertex 7.601596131379356 7.958749028478927 6.718170849978923
    endloop
  endfacet
  facet normal -0.6035782906414502 -0.6620938449452775 0.4442127728374367
    outer loop
      vertex 7.601596131379356 7.958749028478927 6.718170849978923
      vertex 7.850883794460152 7.731493296215255 6.718170849978923
      vertex 7.708171136513968 8.099877143195151 7.073330415785312
    endloop
  endfacet
  facet normal -0.6035782906414567 -0.6620938449452749 0.44421277283743144
    outer loop
      vertex 7.708171136513968 8.099877143195151 7.073330415785312
      vertex 7.850883794460152 7.731493296215255 6.718170849978923
      vertex 7.981576380635616 7.850635330785622 7.073330415785312
    endloop
  endfacet
  facet normal -0.6481844149686168 -0.711024432446184 0.27258250247654237
    outer loop
      vertex 7.981576380635616 7.850635330785622 7.073330415785312
      vertex 8.061815656844573 7.923783096085437 7.4549385368824
      vertex 7.773603319962277 8.186523357100207 7.4549385368824
    endloop
  endfacet
  facet normal -0.6481844149686212 -0.7110244324461813 0.2725825024765376
    outer loop
      vertex 7.708171136513968 8.099877143195151 7.073330415785312
      vertex 7.981576380635616 7.850635330785622 7.073330415785312
      vertex 7.773603319962277 8.186523357100207 7.4549385368824
    endloop
  endfacet
  facet normal -0.6708460886913357 -0.7358831043378357 0.09187808246609575
    outer loop
      vertex 8.088869172024417 7.948445633840098 7.85
      vertex 7.795664468215399 8.215737038652513 7.85
      vertex 7.773603319962277 8.186523357100207 7.4549385368824
    endloop
  endfacet
  facet normal -0.6708460886913429 -0.7358831043378277 0.09187808246610632
    outer loop
      vertex 8.061815656844573 7.923783096085437 7.4549385368824
      vertex 8.088869172024417 7.948445633840098 7.85
      vertex 7.773603319962277 8.186523357100207 7.4549385368824
    endloop
  endfacet
  facet normal -0.7149606480117474 -0.5399132191775848 0.44421277283743116
    outer loop
      vertex 8.204528318069734 7.55539925209472 7.073330415785312
      vertex 7.981576380635616 7.850635330785622 7.073330415785312
      vertex 7.850883794460152 7.731493296215255 6.718170849978923
    endloop
  endfacet
  facet normal -0.7677982401662783 -0.5798143166059216 0.27258250247654225
    outer loop
      vertex 7.981576380635616 7.850635330785622 7.073330415785312
      vertex 8.296842234724444 7.612557609373084 7.4549385368824
      vertex 8.061815656844573 7.923783096085437 7.4549385368824
    endloop
  endfacet
  facet normal -0.7946418248031811 -0.6000856507498089 0.0918780824661068
    outer loop
      vertex 8.061815656844573 7.923783096085437 7.4549385368824
      vertex 8.296842234724444 7.612557609373084 7.4549385368824
      vertex 8.088869172024417 7.948445633840098 7.85
    endloop
  endfacet
  facet normal -0.794641824803186 -0.6000856507498036 0.0918780824660998
    outer loop
      vertex 8.088869172024417 7.948445633840098 7.85
      vertex 8.296842234724444 7.612557609373084 7.4549385368824
      vertex 8.327966841818672 7.631829150186313 7.85
    endloop
  endfacet
  facet normal -0.1837495178165753 -0.9829730996839008 0
    outer loop
      vertex 7.088375428654977 8.56792513282156 7.85
      vertex 7.088375428654977 8.56792513282156 70.03
      vertex 6.6983769728460985 8.640828479034326 7.85
    endloop
  endfacet
  facet normal -0.5264321628773587 -0.8502171357296123 -1.6581930564448591e-19
    outer loop
      vertex 7.458337464919559 8.424601076413381 7.85
      vertex 7.795664468215399 8.215737038652513 7.85
      vertex 7.795664468215399 8.215737038652513 70.03
    endloop
  endfacet
  facet normal -0.3612416661871557 -0.9324722294043548 0
    outer loop
      vertex 7.088375428654977 8.56792513282156 7.85
      vertex 7.458337464919559 8.424601076413381 7.85
      vertex 7.088375428654977 8.56792513282156 70.03
    endloop
  endfacet
  facet normal -0.9957341762950345 -0.09226835946330114 2.362477209279125e-20
    outer loop
      vertex 8.649999999999999 6.5 7.85
      vertex 8.613392164320388 6.895061463305627 69.99
      vertex 8.613392164320388 6.895061463305627 7.85
    endloop
  endfacet
  facet normal -0.9618256431728205 -0.2736629900720785 0
    outer loop
      vertex 8.613392164320388 6.895061463305627 7.85
      vertex 8.613392164320388 6.895061463305627 69.99
      vertex 8.504815293219366 7.276669582302379 7.85
    endloop
  endfacet
  facet normal -0.8951632913550616 -0.44573835577653975 6.646959926819874e-20
    outer loop
      vertex 8.504815293219366 7.276669582302379 7.85
      vertex 8.327966841818672 7.631829150186313 70.03
      vertex 8.327966841818672 7.631829150186313 7.85
    endloop
  endfacet
  facet normal -0.6736956436465522 -0.7390089172206636 -4.791307577109272e-20
    outer loop
      vertex 8.088869172024417 7.948445633840098 7.85
      vertex 7.795664468215399 8.215737038652513 70.03
      vertex 7.795664468215399 8.215737038652513 7.85
    endloop
  endfacet
  facet normal -0.7980172272802398 -0.6026346363792562 1.0530863463517569e-19
    outer loop
      vertex 8.327966841818672 7.631829150186313 7.85
      vertex 8.088869172024417 7.948445633840098 70.03
      vertex 8.088869172024417 7.948445633840098 7.85
    endloop
  endfacet
  facet normal 0 -1 0
    outer loop
      vertex 6.6983769728460985 8.640828479034326 7.85
      vertex 6.6983769728460985 8.640828479034326 70.03
      vertex -6.698376972846099 8.640828479034326 70.03
    endloop
  endfacet
  facet normal -1 0 0
    outer loop
      vertex 8.649999999999999 6.5 7.85
      vertex 8.649999999999999 -6.491637182373752 69.99
      vertex 8.649999999999999 6.5 69.99
    endloop
  endfacet
  facet normal -0.1837495178165753 -0.9829730996839008 0
    outer loop
      vertex 6.6983769728460985 8.640828479034326 7.85
      vertex 7.088375428654977 8.56792513282156 70.03
      vertex 6.6983769728460985 8.640828479034326 70.03
    endloop
  endfacet
  facet normal -0.3612416661871557 -0.9324722294043548 0
    outer loop
      vertex 7.458337464919559 8.424601076413381 7.85
      vertex 7.458337464919559 8.424601076413381 70.03
      vertex 7.088375428654977 8.56792513282156 70.03
    endloop
  endfacet
  facet normal -0.5264321628773587 -0.8502171357296123 0
    outer loop
      vertex 7.458337464919559 8.424601076413381 7.85
      vertex 7.795664468215399 8.215737038652513 70.03
      vertex 7.458337464919559 8.424601076413381 70.03
    endloop
  endfacet
  facet normal -0.9957341762950345 -0.09226835946330114 0
    outer loop
      vertex 8.649999999999999 6.5 7.85
      vertex 8.649999999999999 6.5 69.99
      vertex 8.613392164320388 6.895061463305627 70.03
    endloop
  endfacet
  facet normal -0.9957341762950341 -0.0922683594633045 3.6701083446147e-17
    outer loop
      vertex 8.649999999999999 6.5 7.85
      vertex 8.613392164320388 6.895061463305627 70.03
      vertex 8.613392164320388 6.895061463305627 69.99
    endloop
  endfacet
  facet normal -0.9618256431728205 -0.2736629900720785 0
    outer loop
      vertex 8.504815293219366 7.276669582302379 7.85
      vertex 8.613392164320388 6.895061463305627 69.99
      vertex 8.504815293219366 7.276669582302379 69.99
    endloop
  endfacet
  facet normal -0.8951632913552138 -0.4457383557762341 0
    outer loop
      vertex 8.504815293219366 7.276669582302379 7.85
      vertex 8.504815293219366 7.276669582302379 69.99
      vertex 8.503452002900346 7.279407438341089 70.03
    endloop
  endfacet
  facet normal -0.8951632913550602 -0.4457383557765421 1.6922935614766213e-17
    outer loop
      vertex 8.504815293219366 7.276669582302379 7.85
      vertex 8.503452002900346 7.279407438341089 70.03
      vertex 8.327966841818672 7.631829150186313 70.03
    endloop
  endfacet
  facet normal -0.6736956436465522 -0.7390089172206636 0
    outer loop
      vertex 8.088869172024417 7.948445633840098 7.85
      vertex 8.088869172024417 7.948445633840098 70.03
      vertex 7.795664468215399 8.215737038652513 70.03
    endloop
  endfacet
  facet normal -0.7980172272802398 -0.6026346363792562 0
    outer loop
      vertex 8.327966841818672 7.631829150186313 7.85
      vertex 8.327966841818672 7.631829150186313 70.03
      vertex 8.088869172024417 7.948445633840098 70.03
    endloop
  endfacet
  facet normal -0.9957341762950346 -0.09226835946330114 0
    outer loop
      vertex 8.649999999999999 6.5 69.99
      vertex 8.649999999999999 6.5 70.03
      vertex 8.613392164320388 6.895061463305627 70.03
    endloop
  endfacet
endsolid OpenSCAD_Model
