solid OpenSCAD_Model
  facet normal -0.6585113790650368 -0.7525707698561401 4.1965806964678205e-14
    outer loop
      vertex -19.616081774302128 -9.18674465290722 34.98
      vertex -19.31571730604822 -9.449568334259908 34.98
      vertex -19.616118204256193 -9.186712776118682 34.99
    endloop
  endfacet
  facet normal -0.7347741508630686 -0.6783118362696146 -4.346496350606875e-18
    outer loop
      vertex -19.616118204256193 -9.186712776118682 34.99
      vertex -19.886877437862147 -8.893415688668076 38.739999999999995
      vertex -19.886877437862147 -8.893415688668076 34.99
    endloop
  endfacet
  facet normal -0.6585113790650376 -0.7525707698561395 0
    outer loop
      vertex -19.616118204256193 -9.186712776118682 34.99
      vertex -19.31571730604822 -9.449568334259908 34.98
      vertex -19.616118204256193 -9.186712776118682 38.739999999999995
    endloop
  endfacet
  facet normal -0.57478741022203 -0.8183027759028145 0
    outer loop
      vertex -18.989078405449035 -9.679004104586266 34.98
      vertex -18.989078405449035 -9.679004104586266 34.99
      vertex -18.989148590365076 -9.67895480571143 34.98
    endloop
  endfacet
  facet normal -0.4845508703326507 -0.8747630845319609 0
    outer loop
      vertex -18.989078405449035 -9.679004104586266 34.99
      vertex -18.639902451720708 -9.872420488142073 34.99
      vertex -18.989078405449035 -9.679004104586266 38.739999999999995
    endloop
  endfacet
  facet normal -0.3888241754733174 -0.9213119778704144 8.395169135136526e-19
    outer loop
      vertex -18.272145747942613 -10.027626000016374 34.99
      vertex -18.639902451720708 -9.872420488142073 38.739999999999995
      vertex -18.639902451720708 -9.872420488142073 34.99
    endloop
  endfacet
  facet normal -0.5747874102144087 -0.8183027759081678 2.8140945995230434e-18
    outer loop
      vertex -18.989078405449035 -9.679004104586266 34.99
      vertex -19.31571730604822 -9.449568334259908 38.739999999999995
      vertex -19.31571730604822 -9.449568334259908 34.99
    endloop
  endfacet
  facet normal -0.6585113790650376 -0.7525707698561395 0
    outer loop
      vertex -19.31571730604822 -9.449568334259908 34.98
      vertex -19.31571730604822 -9.449568334259908 34.99
      vertex -19.616118204256193 -9.186712776118682 38.739999999999995
    endloop
  endfacet
  facet normal -0.7347741508630686 -0.6783118362696146 0
    outer loop
      vertex -19.616118204256193 -9.186712776118682 34.99
      vertex -19.616118204256193 -9.186712776118682 38.739999999999995
      vertex -19.886877437862147 -8.893415688668076 38.739999999999995
    endloop
  endfacet
  facet normal 0 0 1
    outer loop
      vertex -19.616118204256193 -9.186712776118682 38.739999999999995
      vertex -18.989078405449035 -9.679004104586266 38.739999999999995
      vertex -19.886877437862147 -8.893415688668076 38.739999999999995
    endloop
  endfacet
  facet normal -0.3888241754733174 -0.9213119778704144 0
    outer loop
      vertex -18.272145747942613 -10.027626000016374 34.99
      vertex -18.272145747942613 -10.027626000016374 38.739999999999995
      vertex -18.639902451720708 -9.872420488142073 38.739999999999995
    endloop
  endfacet
  facet normal -0.4845508703326507 -0.8747630845319609 0
    outer loop
      vertex -18.639902451720708 -9.872420488142073 34.99
      vertex -18.639902451720708 -9.872420488142073 38.739999999999995
      vertex -18.989078405449035 -9.679004104586266 38.739999999999995
    endloop
  endfacet
  facet normal 0 0 1
    outer loop
      vertex -18.272145747942613 -10.027626000016374 38.739999999999995
      vertex -17.88997512451668 -10.142862099742663 38.739999999999995
      vertex -18.639902451720708 -9.872420488142073 38.739999999999995
    endloop
  endfacet
  facet normal 0 0 1
    outer loop
      vertex -18.989078405449035 -9.679004104586266 38.739999999999995
      vertex -18.639902451720708 -9.872420488142073 38.739999999999995
      vertex -17.88997512451668 -10.142862099742663 38.739999999999995
    endloop
  endfacet
  facet normal -0.6585113790650376 -0.7525707698561395 0
    outer loop
      vertex -19.31571730604822 -9.449568334259908 34.99
      vertex -19.31571730604822 -9.449568334259908 38.739999999999995
      vertex -19.616118204256193 -9.186712776118682 38.739999999999995
    endloop
  endfacet
  facet normal -0.5747874102144087 -0.8183027759081678 0
    outer loop
      vertex -18.989078405449035 -9.679004104586266 34.99
      vertex -18.989078405449035 -9.679004104586266 38.739999999999995
      vertex -19.31571730604822 -9.449568334259908 38.739999999999995
    endloop
  endfacet
  facet normal 0 0 1
    outer loop
      vertex -19.616118204256193 -9.186712776118682 38.739999999999995
      vertex -19.31571730604822 -9.449568334259908 38.739999999999995
      vertex -18.989078405449035 -9.679004104586266 38.739999999999995
    endloop
  endfacet
  facet normal 0 0 1
    outer loop
      vertex -18.989078405449035 -9.679004104586266 38.739999999999995
      vertex -18.78686716696912 -8.95941166289984 38.739999999999995
      vertex -19.034157043330918 -8.759160269451286 38.739999999999995
    endloop
  endfacet
  facet normal 0 0 1
    outer loop
      vertex -18.989078405449035 -9.679004104586266 38.739999999999995
      vertex -19.034157043330918 -8.759160269451286 38.739999999999995
      vertex -19.25916026945128 -8.534157043330929 38.739999999999995
    endloop
  endfacet
  facet normal 0 0 1
    outer loop
      vertex -18.989078405449035 -9.679004104586266 38.739999999999995
      vertex -18.236479394950432 -9.277178191233507 38.739999999999995
      vertex -18.519999999999996 -9.132717227504696 38.739999999999995
    endloop
  endfacet
  facet normal 0 0 1
    outer loop
      vertex -18.989078405449035 -9.679004104586266 38.739999999999995
      vertex -17.93941166289984 -9.391211809537266 38.739999999999995
      vertex -18.236479394950432 -9.277178191233507 38.739999999999995
    endloop
  endfacet
  facet normal 0 0 1
    outer loop
      vertex -18.989078405449035 -9.679004104586266 38.739999999999995
      vertex -17.63205154008599 -9.473568706230768 38.739999999999995
      vertex -17.93941166289984 -9.391211809537266 38.739999999999995
    endloop
  endfacet
  facet normal 0 0 1
    outer loop
      vertex -18.989078405449035 -9.679004104586266 38.739999999999995
      vertex -18.519999999999996 -9.132717227504696 38.739999999999995
      vertex -18.78686716696912 -8.95941166289984 38.739999999999995
    endloop
  endfacet
  facet normal 0.3212398094874999 0.6304686248866417 0.7066217501846245
    outer loop
      vertex -18.519999999999996 -9.132717227504696 38.739999999999995
      vertex -18.236479394950432 -9.277178191233507 38.739999999999995
      vertex -18.043125024786917 -8.826884222015202 38.250333016904285
    endloop
  endfacet
  facet normal -0.8027116379407987 -0.5963673585252633 -2.6825644192445033e-13
    outer loop
      vertex -20.124848463652874 -8.573106219751606 34.98
      vertex -20.124927196559433 -8.573000245104474 34.99
      vertex -20.12489570666568 -8.57304263056342 34.98
    endloop
  endfacet
  facet normal -0.734774150844823 -0.6783118362893791 3.923794288142289e-13
    outer loop
      vertex -19.88678788682386 -8.893512693886912 34.98
      vertex -19.886877437862147 -8.893415688668076 34.99
      vertex -19.88684311179614 -8.89345287201747 34.98
    endloop
  endfacet
  facet normal -0.8615540813938074 -0.5076658003388379 2.454993364315696e-18
    outer loop
      vertex -20.124927196559433 -8.573000245104474 34.99
      vertex -20.327570281462144 -8.229096880434971 38.739999999999995
      vertex -20.327570281462144 -8.229096880434971 34.99
    endloop
  endfacet
  facet normal -0.8027116379309611 -0.5963673585385048 0
    outer loop
      vertex -20.124927196559433 -8.573000245104474 34.99
      vertex -19.886877437862147 -8.893415688668076 34.99
      vertex -20.124927196559433 -8.573000245104474 38.739999999999995
    endloop
  endfacet
  facet normal -0.9106347728535138 -0.413212185771462 0
    outer loop
      vertex -20.492510665446268 -7.865602157198084 34.98
      vertex -20.49245611260067 -7.8657223804631995 34.98
      vertex -20.492510665446268 -7.865602157198084 34.99
    endloop
  endfacet
  facet normal -0.9106347728549142 -0.4132121857683761 -4.34305759120472e-19
    outer loop
      vertex -20.327570281462144 -8.229096880434971 34.99
      vertex -20.492510665446268 -7.865602157198084 38.739999999999995
      vertex -20.492510665446268 -7.865602157198084 34.99
    endloop
  endfacet
  facet normal 0.4777198185122655 0.8785122509109411 0
    outer loop
      vertex -18.043125024786917 -8.826884222015202 38.250333016904285
      vertex -18.043125024786917 -8.826884222015202 35.03
      vertex -18.386097252503113 -8.640381836636472 35.03
    endloop
  endfacet
  facet normal 0.6062254109666351 0.7952928712734287 -7.728614015154266e-17
    outer loop
      vertex -18.494849394915924 -8.557483680989554 38.24318969229958
      vertex -18.386097252503113 -8.640381836636472 35.03
      vertex -18.696580535422193 -8.403710715110504 35.03
    endloop
  endfacet
  facet normal 0.8179293607667154 0.5753186602186239 3.3162971622582267e-16
    outer loop
      vertex -19.057181663693314 -7.994629966506034 38.242816378391055
      vertex -18.967297408545953 -8.122418227932727 35.03
      vertex -19.191902497817363 -7.803097632590131 35.03
    endloop
  endfacet
  facet normal 0.7205215936007913 0.6934325007922375 -1.227522235802081e-16
    outer loop
      vertex -18.70563637655813 -8.394301105553401 38.24903356736218
      vertex -18.696580535422193 -8.403710715110504 35.03
      vertex -18.967297408545953 -8.122418227932727 35.03
    endloop
  endfacet
  facet normal -0.8615540813938074 -0.5076658003388379 0
    outer loop
      vertex -20.124927196559433 -8.573000245104474 34.99
      vertex -20.124927196559433 -8.573000245104474 38.739999999999995
      vertex -20.327570281462144 -8.229096880434971 38.739999999999995
    endloop
  endfacet
  facet normal -0.8027116379309611 -0.5963673585385048 0
    outer loop
      vertex -19.886877437862147 -8.893415688668076 34.99
      vertex -19.886877437862147 -8.893415688668076 38.739999999999995
      vertex -20.124927196559433 -8.573000245104474 38.739999999999995
    endloop
  endfacet
  facet normal 0 0 1
    outer loop
      vertex -20.124927196559433 -8.573000245104474 38.739999999999995
      vertex -19.886877437862147 -8.893415688668076 38.739999999999995
      vertex -20.327570281462144 -8.229096880434971 38.739999999999995
    endloop
  endfacet
  facet normal 0 0 1
    outer loop
      vertex -18.989078405449035 -9.679004104586266 38.739999999999995
      vertex -20.327570281462144 -8.229096880434971 38.739999999999995
      vertex -19.886877437862147 -8.893415688668076 38.739999999999995
    endloop
  endfacet
  facet normal 0 0 1
    outer loop
      vertex -18.989078405449035 -9.679004104586266 38.739999999999995
      vertex -20.702256330205042 -7.096488110071521 38.739999999999995
      vertex -20.327570281462144 -8.229096880434971 38.739999999999995
    endloop
  endfacet
  facet normal 0 0 1
    outer loop
      vertex -18.989078405449035 -9.679004104586266 38.739999999999995
      vertex -19.459411662899832 -8.286867166969127 38.739999999999995
      vertex -20.702256330205042 -7.096488110071521 38.739999999999995
    endloop
  endfacet
  facet normal -0.9106347728549142 -0.4132121857683761 0
    outer loop
      vertex -20.327570281462144 -8.229096880434971 34.99
      vertex -20.327570281462144 -8.229096880434971 38.739999999999995
      vertex -20.492510665446268 -7.865602157198084 38.739999999999995
    endloop
  endfacet
  facet normal -0.9493976084683797 -0.3140767120219535 0
    outer loop
      vertex -20.492510665446268 -7.865602157198084 34.99
      vertex -20.492510665446268 -7.865602157198084 38.739999999999995
      vertex -20.617879508054436 -7.4866346158532044 38.739999999999995
    endloop
  endfacet
  facet normal 0 0 1
    outer loop
      vertex -20.327570281462144 -8.229096880434971 38.739999999999995
      vertex -20.617879508054436 -7.4866346158532044 38.739999999999995
      vertex -20.492510665446268 -7.865602157198084 38.739999999999995
    endloop
  endfacet
  facet normal 0 0 1
    outer loop
      vertex -19.459411662899832 -8.286867166969127 38.739999999999995
      vertex -19.632717227504692 -8.02 38.739999999999995
      vertex -20.702256330205042 -7.096488110071521 38.739999999999995
    endloop
  endfacet
  facet normal 0.6304686248866413 0.3212398094875036 0.7066217501846231
    outer loop
      vertex -19.632717227504692 -8.02 38.739999999999995
      vertex -19.206381477445195 -7.773854939937987 38.24770987987597
      vertex -19.777178191233507 -7.7364793949504325 38.739999999999995
    endloop
  endfacet
  facet normal 0.4777198185122682 0.8785122509109395 -7.937108298559878e-19
    outer loop
      vertex -18.27167367057753 -8.702603408087903 38.24334734115507
      vertex -18.386097252503113 -8.640381836636472 35.03
      vertex -18.386097252503113 -8.640381836636472 38.25349740003328
    endloop
  endfacet
  facet normal 0.4777198185122642 0.8785122509109418 1.8604187156379913e-16
    outer loop
      vertex -18.27167367057753 -8.702603408087903 38.24334734115507
      vertex -18.043125024786917 -8.826884222015202 38.250333016904285
      vertex -18.386097252503113 -8.640381836636472 35.03
    endloop
  endfacet
  facet normal 0.7205215936008121 0.6934325007922156 4.1024783751280114e-20
    outer loop
      vertex -18.70563637655813 -8.394301105553401 38.24903356736218
      vertex -18.696580535422193 -8.403710715110504 38.250649396380936
      vertex -18.696580535422193 -8.403710715110504 35.03
    endloop
  endfacet
  facet normal 0.6062254109666343 0.7952928712734293 -3.9671276879837935e-19
    outer loop
      vertex -18.494849394915924 -8.557483680989554 38.24318969229958
      vertex -18.696580535422193 -8.403710715110504 35.03
      vertex -18.696580535422193 -8.403710715110504 38.250649396380936
    endloop
  endfacet
  facet normal 0.6062254109666365 0.7952928712734276 1.8104662818157826e-18
    outer loop
      vertex -18.494849394915924 -8.557483680989554 38.24318969229958
      vertex -18.386097252503113 -8.640381836636472 38.25349740003328
      vertex -18.386097252503113 -8.640381836636472 35.03
    endloop
  endfacet
  facet normal 0 0 1
    outer loop
      vertex -18.989078405449035 -9.679004104586266 38.739999999999995
      vertex -19.25916026945128 -8.534157043330929 38.739999999999995
      vertex -19.459411662899832 -8.286867166969127 38.739999999999995
    endloop
  endfacet
  facet normal 0.4453017467179719 0.5499018608224068 0.7066217501846215
    outer loop
      vertex -19.034157043330918 -8.759160269451286 38.739999999999995
      vertex -18.696580535422193 -8.403710715110504 38.250649396380936
      vertex -18.70563637655813 -8.394301105553401 38.24903356736218
    endloop
  endfacet
  facet normal 0.500342733616672 0.5003427336166799 0.7066217501846259
    outer loop
      vertex -19.034157043330918 -8.759160269451286 38.739999999999995
      vertex -18.70563637655813 -8.394301105553401 38.24903356736218
      vertex -19.25916026945128 -8.534157043330929 38.739999999999995
    endloop
  endfacet
  facet normal 0.500342733616676 0.5003427336166728 0.7066217501846283
    outer loop
      vertex -19.25916026945128 -8.534157043330929 38.739999999999995
      vertex -18.70563637655813 -8.394301105553401 38.24903356736218
      vertex -18.89050097879906 -8.2022147270597 38.24391999242491
    endloop
  endfacet
  facet normal 0.38538194069712184 0.5934361481663705 0.7066217501846244
    outer loop
      vertex -18.519999999999996 -9.132717227504696 38.739999999999995
      vertex -18.386097252503113 -8.640381836636472 38.25349740003328
      vertex -18.78686716696912 -8.95941166289984 38.739999999999995
    endloop
  endfacet
  facet normal 0.3853819406971435 0.5934361481663506 0.7066217501846292
    outer loop
      vertex -18.78686716696912 -8.95941166289984 38.739999999999995
      vertex -18.386097252503113 -8.640381836636472 38.25349740003328
      vertex -18.494849394915924 -8.557483680989554 38.24318969229958
    endloop
  endfacet
  facet normal 0.445301746718113 0.5499018608222831 0.7066217501846287
    outer loop
      vertex -19.034157043330918 -8.759160269451286 38.739999999999995
      vertex -18.78686716696912 -8.95941166289984 38.739999999999995
      vertex -18.494849394915924 -8.557483680989554 38.24318969229958
    endloop
  endfacet
  facet normal 0.38538194069710047 0.5934361481663799 0.7066217501846281
    outer loop
      vertex -18.519999999999996 -9.132717227504696 38.739999999999995
      vertex -18.27167367057753 -8.702603408087903 38.24334734115507
      vertex -18.386097252503113 -8.640381836636472 38.25349740003328
    endloop
  endfacet
  facet normal 0.321239809487508 0.630468624886634 0.7066217501846275
    outer loop
      vertex -18.519999999999996 -9.132717227504696 38.739999999999995
      vertex -18.043125024786917 -8.826884222015202 38.250333016904285
      vertex -18.27167367057753 -8.702603408087903 38.24334734115507
    endloop
  endfacet
  facet normal 0.4453017467181117 0.5499018608222853 0.7066217501846281
    outer loop
      vertex -19.034157043330918 -8.759160269451286 38.739999999999995
      vertex -18.494849394915924 -8.557483680989554 38.24318969229958
      vertex -18.696580535422193 -8.403710715110504 38.250649396380936
    endloop
  endfacet
  facet normal 0.7205215936007894 0.6934325007922393 1.7421455322553975e-16
    outer loop
      vertex -18.70563637655813 -8.394301105553401 38.24903356736218
      vertex -18.967297408545953 -8.122418227932727 35.03
      vertex -18.89050097879906 -8.2022147270597 38.24391999242491
    endloop
  endfacet
  facet normal 0.8179293607667116 0.5753186602186293 0
    outer loop
      vertex -18.967297408545953 -8.122418227932727 38.25339745215119
      vertex -18.967297408545953 -8.122418227932727 35.03
      vertex -19.057181663693314 -7.994629966506034 38.242816378391055
    endloop
  endfacet
  facet normal 0.7205215936007928 0.6934325007922356 -3.109338658369439e-19
    outer loop
      vertex -18.89050097879906 -8.2022147270597 38.24391999242491
      vertex -18.967297408545953 -8.122418227932727 35.03
      vertex -18.967297408545953 -8.122418227932727 38.25339745215119
    endloop
  endfacet
  facet normal 0.8179293607667181 0.5753186602186201 0
    outer loop
      vertex -19.191902497817363 -7.803097632590131 38.25149869014833
      vertex -19.057181663693314 -7.994629966506034 38.242816378391055
      vertex -19.191902497817363 -7.803097632590131 35.03
    endloop
  endfacet
  facet normal 0.8961655569610406 0.4437198378669899 5.442569391216016e-20
    outer loop
      vertex -19.206381477445195 -7.773854939937987 38.24770987987597
      vertex -19.191902497817363 -7.803097632590131 38.25149869014833
      vertex -19.191902497817363 -7.803097632590131 35.03
    endloop
  endfacet
  facet normal 0.5499018608222881 0.4453017467181106 0.7066217501846264
    outer loop
      vertex -19.459411662899832 -8.286867166969127 38.739999999999995
      vertex -19.25916026945128 -8.534157043330929 38.739999999999995
      vertex -18.967297408545953 -8.122418227932727 38.25339745215119
    endloop
  endfacet
  facet normal 0.5499018608222817 0.4453017467181224 0.7066217501846239
    outer loop
      vertex -19.459411662899832 -8.286867166969127 38.739999999999995
      vertex -18.967297408545953 -8.122418227932727 38.25339745215119
      vertex -19.057181663693314 -7.994629966506034 38.242816378391055
    endloop
  endfacet
  facet normal 0.593436148166369 0.38538194069712367 0.7066217501846246
    outer loop
      vertex -19.459411662899832 -8.286867166969127 38.739999999999995
      vertex -19.057181663693314 -7.994629966506034 38.242816378391055
      vertex -19.632717227504692 -8.02 38.739999999999995
    endloop
  endfacet
  facet normal 0.5499018608222762 0.4453017467181216 0.7066217501846286
    outer loop
      vertex -19.25916026945128 -8.534157043330929 38.739999999999995
      vertex -18.89050097879906 -8.2022147270597 38.24391999242491
      vertex -18.967297408545953 -8.122418227932727 38.25339745215119
    endloop
  endfacet
  facet normal 0.5934361481663679 0.3853819406971271 0.7066217501846235
    outer loop
      vertex -19.632717227504692 -8.02 38.739999999999995
      vertex -19.057181663693314 -7.994629966506034 38.242816378391055
      vertex -19.191902497817363 -7.803097632590131 38.25149869014833
    endloop
  endfacet
  facet normal 0.5934361481663605 0.38538194069714016 0.7066217501846227
    outer loop
      vertex -19.632717227504692 -8.02 38.739999999999995
      vertex -19.191902497817363 -7.803097632590131 38.25149869014833
      vertex -19.206381477445195 -7.773854939937987 38.24770987987597
    endloop
  endfacet
  facet normal -0.1852887240814559 -0.9826841245935878 -2.552695089906481e-21
    outer loop
      vertex -17.49785045918289 -10.216798654841599 34.98
      vertex -17.497720727313958 -10.216823116265026 34.98
      vertex -17.497720727313958 -10.216823116265026 34.99
    endloop
  endfacet
  facet normal 0 -1 0
    outer loop
      vertex -17.09979394528303 -10.248671041712948 34.98
      vertex -17.095495192401522 -10.248671041712948 34.98
      vertex -17.099826955391656 -10.248671041712948 34.99
    endloop
  endfacet
  facet normal -0.288691947339625 -0.9574220383620043 0
    outer loop
      vertex -18.272145747942613 -10.027626000016374 34.99
      vertex -17.88997512451668 -10.142862099742663 34.99
      vertex -18.272145747942613 -10.027626000016374 38.739999999999995
    endloop
  endfacet
  facet normal -0.18528872408711003 -0.9826841245925217 0
    outer loop
      vertex -17.88997512451668 -10.142862099742663 34.99
      vertex -17.497720727313958 -10.216823116265026 34.99
      vertex -17.88997512451668 -10.142862099742663 38.739999999999995
    endloop
  endfacet
  facet normal -0.07978610555308682 -0.9968120070307499 0
    outer loop
      vertex -17.497720727313958 -10.216823116265026 34.99
      vertex -17.099826955391656 -10.248671041712948 34.99
      vertex -17.497720727313958 -10.216823116265026 38.739999999999995
    endloop
  endfacet
  facet normal 0 1 1.1057821325266796e-10
    outer loop
      vertex -16.9023280290821 -9.048128761675143 34.99
      vertex -16.902328029205794 -9.048128761675143 34.99
      vertex -16.90232802909041 -9.048128761679566 35.03
    endloop
  endfacet
  facet normal 8.709660445267727e-11 1 1.1057821327076182e-10
    outer loop
      vertex -16.9023280290821 -9.048128761675143 34.99
      vertex -16.90232802909041 -9.048128761679566 35.03
      vertex -16.85154386180139 -9.048128761679566 34.99
    endloop
  endfacet
  facet normal 0.19039110916466703 0.981708319996855 0
    outer loop
      vertex -17.29244273476592 -9.033175328887172 38.251232234904066
      vertex -17.29244273476592 -9.033175328887172 35.03
      vertex -17.675702830601487 -8.95884641340551 35.03
    endloop
  endfacet
  facet normal 0.03830273369003536 0.99926618105081 1.1667742930906338e-16
    outer loop
      vertex -17 -9.044384910880176 38.24438491088017
      vertex -16.90232802909041 -9.048128761679566 35.03
      vertex -17.29244273476592 -9.033175328887172 35.03
    endloop
  endfacet
  facet normal -0.288691947339625 -0.9574220383620043 4.2707738819492213e-19
    outer loop
      vertex -18.272145747942613 -10.027626000016374 38.739999999999995
      vertex -17.88997512451668 -10.142862099742663 34.99
      vertex -17.88997512451668 -10.142862099742663 38.739999999999995
    endloop
  endfacet
  facet normal -0.18528872408711003 -0.9826841245925217 0
    outer loop
      vertex -17.497720727313958 -10.216823116265026 34.99
      vertex -17.497720727313958 -10.216823116265026 38.739999999999995
      vertex -17.88997512451668 -10.142862099742663 38.739999999999995
    endloop
  endfacet
  facet normal -0.07978610555308682 -0.9968120070307499 0
    outer loop
      vertex -17.099826955391656 -10.248671041712948 34.99
      vertex -17.099826955391656 -10.248671041712948 38.739999999999995
      vertex -17.497720727313958 -10.216823116265026 38.739999999999995
    endloop
  endfacet
  facet normal 0 0 1
    outer loop
      vertex -18.989078405449035 -9.679004104586266 38.739999999999995
      vertex -17.88997512451668 -10.142862099742663 38.739999999999995
      vertex -17.099826955391656 -10.248671041712948 38.739999999999995
    endloop
  endfacet
  facet normal 0 0 1
    outer loop
      vertex -17.88997512451668 -10.142862099742663 38.739999999999995
      vertex -17.497720727313958 -10.216823116265026 38.739999999999995
      vertex -17.099826955391656 -10.248671041712948 38.739999999999995
    endloop
  endfacet
  facet normal 0.19039110916466867 0.9817083199968549 5.519613984592556e-19
    outer loop
      vertex -17.528703673213947 -8.987355219994187 38.24292421524949
      vertex -17.675702830601487 -8.95884641340551 35.03
      vertex -17.675702830601487 -8.95884641340551 38.25344742592923
    endloop
  endfacet
  facet normal 0.19039110916466606 0.9817083199968554 1.2425411543106646e-16
    outer loop
      vertex -17.528703673213947 -8.987355219994187 38.24292421524949
      vertex -17.29244273476592 -9.033175328887172 38.251232234904066
      vertex -17.675702830601487 -8.95884641340551 35.03
    endloop
  endfacet
  facet normal 0.03830273369004604 0.9992661810508096 4.247519533075599e-21
    outer loop
      vertex -17.266352566135453 -9.034175387530135 38.24813433402763
      vertex -17.29244273476592 -9.033175328887172 35.03
      vertex -17.29244273476592 -9.033175328887172 38.251232234904066
    endloop
  endfacet
  facet normal 0.038302733690035735 0.9992661810508101 8.37796234445615e-17
    outer loop
      vertex -17.266352566135453 -9.034175387530135 38.24813433402763
      vertex -17 -9.044384910880176 38.24438491088017
      vertex -17.29244273476592 -9.033175328887172 35.03
    endloop
  endfacet
  facet normal 0.03830273369003153 0.9992661810508102 0
    outer loop
      vertex -16.90232802909041 -9.048128761679566 38.24812876167957
      vertex -16.90232802909041 -9.048128761679566 35.03
      vertex -17 -9.044384910880176 38.24438491088017
    endloop
  endfacet
  facet normal 0 0 1
    outer loop
      vertex -18.989078405449035 -9.679004104586266 38.739999999999995
      vertex -17.317766528333667 -9.523346561919551 38.739999999999995
      vertex -17.63205154008599 -9.473568706230768 38.739999999999995
    endloop
  endfacet
  facet normal 0 0 1
    outer loop
      vertex -18.989078405449035 -9.679004104586266 38.739999999999995
      vertex -17 -9.54 38.739999999999995
      vertex -17.317766528333667 -9.523346561919551 38.739999999999995
    endloop
  endfacet
  facet normal 0.25357810770137923 0.6605935554186153 0.7066217501846235
    outer loop
      vertex -18.236479394950432 -9.277178191233507 38.739999999999995
      vertex -17.93941166289984 -9.391211809537266 38.739999999999995
      vertex -17.786050386748098 -8.919214334684858 38.243712485256836
    endloop
  endfacet
  facet normal 0.3212398094871602 0.6304686248868 0.7066217501846377
    outer loop
      vertex -18.236479394950432 -9.277178191233507 38.739999999999995
      vertex -18.036978478366084 -8.82909179615746 38.249508376044766
      vertex -18.043125024786917 -8.826884222015202 38.250333016904285
    endloop
  endfacet
  facet normal 0.25357810770139 0.6605935554186072 0.7066217501846274
    outer loop
      vertex -18.236479394950432 -9.277178191233507 38.739999999999995
      vertex -17.786050386748098 -8.919214334684858 38.243712485256836
      vertex -18.036978478366084 -8.82909179615746 38.249508376044766
    endloop
  endfacet
  facet normal 0.18313815110265527 0.6834808847193321 0.7066217501846233
    outer loop
      vertex -17.93941166289984 -9.391211809537266 38.739999999999995
      vertex -17.63205154008599 -9.473568706230768 38.739999999999995
      vertex -17.528703673213947 -8.987355219994187 38.24292421524949
    endloop
  endfacet
  facet normal 0.18313815110265305 0.6834808847193324 0.7066217501846235
    outer loop
      vertex -17.93941166289984 -9.391211809537266 38.739999999999995
      vertex -17.675702830601487 -8.95884641340551 38.25344742592923
      vertex -17.786050386748098 -8.919214334684858 38.243712485256836
    endloop
  endfacet
  facet normal 0.18313815110265877 0.68348088471933 0.7066217501846244
    outer loop
      vertex -17.93941166289984 -9.391211809537266 38.739999999999995
      vertex -17.528703673213947 -8.987355219994187 38.24292421524949
      vertex -17.675702830601487 -8.95884641340551 38.25344742592923
    endloop
  endfacet
  facet normal 0.11069169459632658 0.6988798544194916 0.7066217501846258
    outer loop
      vertex -17.63205154008599 -9.473568706230768 38.739999999999995
      vertex -17.317766528333667 -9.523346561919551 38.739999999999995
      vertex -17.29244273476592 -9.033175328887172 38.251232234904066
    endloop
  endfacet
  facet normal 0.037032476720270005 0.7066217501846241 0.7066217501846241
    outer loop
      vertex -17.317766528333667 -9.523346561919551 38.739999999999995
      vertex -17 -9.54 38.739999999999995
      vertex -17 -9.044384910880176 38.24438491088017
    endloop
  endfacet
  facet normal 0.1106916945963173 0.6988798544194958 0.7066217501846233
    outer loop
      vertex -17.63205154008599 -9.473568706230768 38.739999999999995
      vertex -17.29244273476592 -9.033175328887172 38.251232234904066
      vertex -17.528703673213947 -8.987355219994187 38.24292421524949
    endloop
  endfacet
  facet normal 0.11069169459628324 0.6988798544194962 0.7066217501846281
    outer loop
      vertex -17.317766528333667 -9.523346561919551 38.739999999999995
      vertex -17.266352566135453 -9.034175387530135 38.24813433402763
      vertex -17.29244273476592 -9.033175328887172 38.251232234904066
    endloop
  endfacet
  facet normal 0.03703247672027983 0.7066217501846207 0.7066217501846269
    outer loop
      vertex -17.317766528333667 -9.523346561919551 38.739999999999995
      vertex -17 -9.044384910880176 38.24438491088017
      vertex -17.266352566135453 -9.034175387530135 38.24813433402763
    endloop
  endfacet
  facet normal -3.8495598816457453e-14 0.7071067811865476 0.7071067811865476
    outer loop
      vertex -17 -9.54 38.739999999999995
      vertex -16.90232802909041 -9.048128761679566 38.24812876167957
      vertex -17 -9.044384910880176 38.24438491088017
    endloop
  endfacet
  facet normal 0.33801687840850414 0.9411400479795611 -1.3764653528729122e-17
    outer loop
      vertex -17.786050386748098 -8.919214334684858 38.243712485256836
      vertex -17.675702830601487 -8.95884641340551 35.03
      vertex -18.043125024786917 -8.826884222015202 35.03
    endloop
  endfacet
  facet normal 0.338016878408465 0.9411400479795751 1.59316211032135e-21
    outer loop
      vertex -18.036978478366084 -8.82909179615746 38.249508376044766
      vertex -18.043125024786917 -8.826884222015202 35.03
      vertex -18.043125024786917 -8.826884222015202 38.250333016904285
    endloop
  endfacet
  facet normal 0.3380168784085049 0.9411400479795609 -8.59588550935088e-17
    outer loop
      vertex -18.036978478366084 -8.82909179615746 38.249508376044766
      vertex -17.786050386748098 -8.919214334684858 38.243712485256836
      vertex -18.043125024786917 -8.826884222015202 35.03
    endloop
  endfacet
  facet normal 0.33801687840850453 0.9411400479795609 9.40553485919601e-19
    outer loop
      vertex -17.786050386748098 -8.919214334684858 38.243712485256836
      vertex -17.675702830601487 -8.95884641340551 38.25344742592923
      vertex -17.675702830601487 -8.95884641340551 35.03
    endloop
  endfacet
  facet normal -0.9774033898178663 -0.21138262362962576 1.6855459424182448e-13
    outer loop
      vertex -20.617879508054436 -7.4866346158532044 34.98
      vertex -20.702256330205042 -7.096488110071521 34.99
      vertex -20.702243310493387 -7.09654831137894 34.98
    endloop
  endfacet
  facet normal -0.9493976084683797 -0.3140767120219535 -6.705130811039629e-19
    outer loop
      vertex -20.492510665446268 -7.865602157198084 34.99
      vertex -20.617879508054436 -7.4866346158532044 38.739999999999995
      vertex -20.617879508054436 -7.4866346158532044 34.99
    endloop
  endfacet
  facet normal -0.9774033898178671 -0.21138262362962162 0
    outer loop
      vertex -20.617879508054436 -7.4866346158532044 34.98
      vertex -20.617879508054436 -7.4866346158532044 34.99
      vertex -20.702256330205042 -7.096488110071521 38.739999999999995
    endloop
  endfacet
  facet normal -0.9774033898178672 -0.21138262362962165 3.1010245926791878e-19
    outer loop
      vertex -20.617879508054436 -7.4866346158532044 34.98
      vertex -20.702256330205042 -7.096488110071521 38.739999999999995
      vertex -20.702256330205042 -7.096488110071521 34.99
    endloop
  endfacet
  facet normal -0.9943348002101376 -0.1062934856473612 1.8845497530464724e-19
    outer loop
      vertex -20.702256330205042 -7.096488110071521 34.99
      vertex -20.744685108787856 -6.69958315565817 38.739999999999995
      vertex -20.744685108787856 -6.69958315565817 34.99
    endloop
  endfacet
  facet normal 0.988280423780348 0.1526492842188783 -2.590976700138738e-16
    outer loop
      vertex -19.490889058838135 -7.029454813848112 38.24653700215537
      vertex -19.482923330888337 -7.0810264477030005 35.03
      vertex -19.54251779301854 -6.6952005947330635 35.03
    endloop
  endfacet
  facet normal 0.8961655569610557 0.44371983786695934 3.4464473308182914e-16
    outer loop
      vertex -19.206381477445195 -7.773854939937987 38.24770987987597
      vertex -19.191902497817363 -7.803097632590131 35.03
      vertex -19.36513125031034 -7.45323353319396 35.03
    endloop
  endfacet
  facet normal 0.9533963920549303 0.3017205985951931 3.673885592257512e-17
    outer loop
      vertex -19.418149102527362 -7.285704271839066 38.24259243388319
      vertex -19.36513125031034 -7.45323353319396 35.03
      vertex -19.482923330888337 -7.0810264477030005 35.03
    endloop
  endfacet
  facet normal -0.9774033898178672 -0.21138262362962162 0
    outer loop
      vertex -20.617879508054436 -7.4866346158532044 34.99
      vertex -20.617879508054436 -7.4866346158532044 38.739999999999995
      vertex -20.702256330205042 -7.096488110071521 38.739999999999995
    endloop
  endfacet
  facet normal 0.9533963920549304 0.30172059859519257 0
    outer loop
      vertex -19.482923330888337 -7.0810264477030005 38.252198179278665
      vertex -19.418149102527362 -7.285704271839066 38.24259243388319
      vertex -19.482923330888337 -7.0810264477030005 35.03
    endloop
  endfacet
  facet normal 0.9882804237803505 0.15264928421886254 0
    outer loop
      vertex -19.482923330888337 -7.0810264477030005 38.252198179278665
      vertex -19.482923330888337 -7.0810264477030005 35.03
      vertex -19.490889058838135 -7.029454813848112 38.24653700215537
    endloop
  endfacet
  facet normal 0 0 1
    outer loop
      vertex -20.327570281462144 -8.229096880434971 38.739999999999995
      vertex -20.702256330205042 -7.096488110071521 38.739999999999995
      vertex -20.617879508054436 -7.4866346158532044 38.739999999999995
    endloop
  endfacet
  facet normal 0 0 1
    outer loop
      vertex -19.777178191233507 -7.7364793949504325 38.739999999999995
      vertex -19.891211809537268 -7.43941166289984 38.739999999999995
      vertex -20.702256330205042 -7.096488110071521 38.739999999999995
    endloop
  endfacet
  facet normal 0 0 1
    outer loop
      vertex -20.702256330205042 -7.096488110071521 38.739999999999995
      vertex -19.891211809537268 -7.43941166289984 38.739999999999995
      vertex -19.97356870623077 -7.132051540085988 38.739999999999995
    endloop
  endfacet
  facet normal 0 0 1
    outer loop
      vertex -19.632717227504692 -8.02 38.739999999999995
      vertex -19.777178191233507 -7.7364793949504325 38.739999999999995
      vertex -20.702256330205042 -7.096488110071521 38.739999999999995
    endloop
  endfacet
  facet normal 0.660593555418597 0.25357810770141304 0.7066217501846287
    outer loop
      vertex -19.777178191233507 -7.7364793949504325 38.739999999999995
      vertex -19.324646448616324 -7.534999282124604 38.24464233735567
      vertex -19.36513125031034 -7.45323353319396 38.25314758815113
    endloop
  endfacet
  facet normal 0.6605935554186132 0.25357810770138234 0.7066217501846244
    outer loop
      vertex -19.777178191233507 -7.7364793949504325 38.739999999999995
      vertex -19.36513125031034 -7.45323353319396 38.25314758815113
      vertex -19.891211809537268 -7.43941166289984 38.739999999999995
    endloop
  endfacet
  facet normal 0.6605935554186158 0.2535781077013662 0.7066217501846277
    outer loop
      vertex -19.891211809537268 -7.43941166289984 38.739999999999995
      vertex -19.36513125031034 -7.45323353319396 38.25314758815113
      vertex -19.418149102527362 -7.285704271839066 38.24259243388319
    endloop
  endfacet
  facet normal 0.6834808847193292 0.18313815110265003 0.7066217501846273
    outer loop
      vertex -19.891211809537268 -7.43941166289984 38.739999999999995
      vertex -19.418149102527362 -7.285704271839066 38.24259243388319
      vertex -19.97356870623077 -7.132051540085988 38.739999999999995
    endloop
  endfacet
  facet normal 0.6834808847193291 0.18313815110264708 0.7066217501846281
    outer loop
      vertex -19.97356870623077 -7.132051540085988 38.739999999999995
      vertex -19.418149102527362 -7.285704271839066 38.24259243388319
      vertex -19.482923330888337 -7.0810264477030005 38.252198179278665
    endloop
  endfacet
  facet normal 0.6834808847193227 0.18313815110268236 0.7066217501846254
    outer loop
      vertex -19.97356870623077 -7.132051540085988 38.739999999999995
      vertex -19.482923330888337 -7.0810264477030005 38.252198179278665
      vertex -19.490889058838135 -7.029454813848112 38.24653700215537
    endloop
  endfacet
  facet normal -0.9943348002101376 -0.1062934856473612 0
    outer loop
      vertex -20.702256330205042 -7.096488110071521 34.99
      vertex -20.702256330205042 -7.096488110071521 38.739999999999995
      vertex -20.744685108787856 -6.69958315565817 38.739999999999995
    endloop
  endfacet
  facet normal 0.988280423780348 0.15264928421887772 -3.2194083734603536e-16
    outer loop
      vertex -19.490889058838135 -7.029454813848112 38.24653700215537
      vertex -19.54251779301854 -6.6952005947330635 35.03
      vertex -19.531569993110608 -6.7660787281474235 38.245514588367264
    endloop
  endfacet
  facet normal 0.9882804237803459 0.15264928421889193 1.4599410053036433e-19
    outer loop
      vertex -19.531569993110608 -6.7660787281474235 38.245514588367264
      vertex -19.54251779301854 -6.6952005947330635 35.03
      vertex -19.54251779301854 -6.6952005947330635 38.25274782270323
    endloop
  endfacet
  facet normal 1 0 0
    outer loop
      vertex -19.54251779301854 -6.6952005947330635 38.25274782270323
      vertex -19.54251779301854 -6.6952005947330635 35.03
      vertex -19.54251779301854 -6.500000000000025 38.242517793018536
    endloop
  endfacet
  facet normal 0 0 1
    outer loop
      vertex -20.702256330205042 -7.096488110071521 38.739999999999995
      vertex -19.97356870623077 -7.132051540085988 38.739999999999995
      vertex -20.02334656191955 -6.817766528333666 38.739999999999995
    endloop
  endfacet
  facet normal 0 0 1
    outer loop
      vertex -20.702256330205042 -7.096488110071521 38.739999999999995
      vertex -20.02334656191955 -6.817766528333666 38.739999999999995
      vertex -20.04 -6.500000000000018 38.739999999999995
    endloop
  endfacet
  facet normal 0.698879854419492 0.11069169459632268 0.7066217501846261
    outer loop
      vertex -19.97356870623077 -7.132051540085988 38.739999999999995
      vertex -19.490889058838135 -7.029454813848112 38.24653700215537
      vertex -20.02334656191955 -6.817766528333666 38.739999999999995
    endloop
  endfacet
  facet normal 0.6988798544194941 0.11069169459633835 0.7066217501846216
    outer loop
      vertex -20.02334656191955 -6.817766528333666 38.739999999999995
      vertex -19.490889058838135 -7.029454813848112 38.24653700215537
      vertex -19.531569993110608 -6.7660787281474235 38.245514588367264
    endloop
  endfacet
  facet normal 0.7066217501846304 0.03703247672022 0.7066217501846206
    outer loop
      vertex -20.02334656191955 -6.817766528333666 38.739999999999995
      vertex -19.531569993110608 -6.7660787281474235 38.245514588367264
      vertex -19.54251779301854 -6.6952005947330635 38.25274782270323
    endloop
  endfacet
  facet normal 0.7066217501846218 0.03703247672027601 0.7066217501846263
    outer loop
      vertex -20.02334656191955 -6.817766528333666 38.739999999999995
      vertex -19.54251779301854 -6.6952005947330635 38.25274782270323
      vertex -20.04 -6.500000000000018 38.739999999999995
    endloop
  endfacet
  facet normal 0.7066217501846239 0.03703247672028853 0.7066217501846234
    outer loop
      vertex -20.04 -6.500000000000018 38.739999999999995
      vertex -19.54251779301854 -6.6952005947330635 38.25274782270323
      vertex -19.54251779301854 -6.500000000000025 38.242517793018536
    endloop
  endfacet
  facet normal 0.8961655569610594 0.4437198378669521 -5.639448152440252e-16
    outer loop
      vertex -19.206381477445195 -7.773854939937987 38.24770987987597
      vertex -19.36513125031034 -7.45323353319396 35.03
      vertex -19.324646448616324 -7.534999282124604 38.24464233735567
    endloop
  endfacet
  facet normal 0.8961655569610505 0.44371983786697 -3.454802396181417e-19
    outer loop
      vertex -19.324646448616324 -7.534999282124604 38.24464233735567
      vertex -19.36513125031034 -7.45323353319396 35.03
      vertex -19.36513125031034 -7.45323353319396 38.25314758815113
    endloop
  endfacet
  facet normal 0.95339639205493 0.30172059859519373 0
    outer loop
      vertex -19.36513125031034 -7.45323353319396 38.25314758815113
      vertex -19.36513125031034 -7.45323353319396 35.03
      vertex -19.418149102527362 -7.285704271839066 38.24259243388319
    endloop
  endfacet
  facet normal 0.6304686248866443 0.32123980948748687 0.706621750184628
    outer loop
      vertex -19.777178191233507 -7.7364793949504325 38.739999999999995
      vertex -19.206381477445195 -7.773854939937987 38.24770987987597
      vertex -19.324646448616324 -7.534999282124604 38.24464233735567
    endloop
  endfacet
  facet normal 0 1 0
    outer loop
      vertex -16.90232802909041 -9.048128761679566 38.24812876167957
      vertex -4 -9.048128761679566 38.24812876167957
      vertex -16.90232802909041 -9.048128761679566 35.03
    endloop
  endfacet
  facet normal 6.311987742592259e-19 0.7071067811865437 0.7071067811865513
    outer loop
      vertex -17 -9.54 38.739999999999995
      vertex -4 -9.048128761679566 38.24812876167957
      vertex -16.90232802909041 -9.048128761679566 38.24812876167957
    endloop
  endfacet
  facet normal -1 0 0
    outer loop
      vertex -20.744685108787856 -6.69958315565817 34.99
      vertex -20.744685108787856 6.699583155658171 34.98
      vertex -20.744685108787856 -6.699517167535257 34.98
    endloop
  endfacet
  facet normal 1 0 0
    outer loop
      vertex -19.54251779301854 -6.500000000000025 38.242517793018536
      vertex -19.54251779301854 -6.6952005947330635 35.03
      vertex -19.54251779301854 6.695200594733063 35.03
    endloop
  endfacet
  facet normal -1 0 0
    outer loop
      vertex -20.744685108787856 -6.69958315565817 34.99
      vertex -20.744685108787856 -6.69958315565817 38.739999999999995
      vertex -20.744685108787856 6.699583155658171 38.739999999999995
    endloop
  endfacet
  facet normal 0 0 1
    outer loop
      vertex -20.702256330205042 -7.096488110071521 38.739999999999995
      vertex -20.744685108787856 6.699583155658171 38.739999999999995
      vertex -20.744685108787856 -6.69958315565817 38.739999999999995
    endloop
  endfacet
  facet normal 0 0 1
    outer loop
      vertex -20.702256330205042 -7.096488110071521 38.739999999999995
      vertex -20.04 -6.500000000000018 38.739999999999995
      vertex -20.04 6.499999999999993 38.739999999999995
    endloop
  endfacet
  facet normal 0.7071067811865475 0 0.7071067811865475
    outer loop
      vertex -20.04 -6.500000000000018 38.739999999999995
      vertex -19.54251779301854 -6.500000000000025 38.242517793018536
      vertex -20.04 6.499999999999993 38.739999999999995
    endloop
  endfacet
  facet normal 0 0.7071067811865438 0.7071067811865515
    outer loop
      vertex -17 -9.54 38.739999999999995
      vertex -4 -9.54 38.739999999999995
      vertex -4 -9.048128761679566 38.24812876167957
    endloop
  endfacet
  facet normal 0 -1 0
    outer loop
      vertex -17.099826955391656 -10.248671041712948 34.99
      vertex 16.900173044608344 -10.248671041712948 34.99
      vertex -17.099826955391656 -10.248671041712948 38.739999999999995
    endloop
  endfacet
  facet normal 0 0 1
    outer loop
      vertex -18.989078405449035 -9.679004104586266 38.739999999999995
      vertex -17.099826955391656 -10.248671041712948 38.739999999999995
      vertex 16.900173044608344 -10.248671041712948 38.739999999999995
    endloop
  endfacet
  facet normal 0 0 1
    outer loop
      vertex -18.989078405449035 -9.679004104586266 38.739999999999995
      vertex 16.900173044608344 -10.248671041712948 38.739999999999995
      vertex -17 -9.54 38.739999999999995
    endloop
  endfacet
  facet normal 0 1 0
    outer loop
      vertex -4 -9.048128761679566 38.24812876167957
      vertex 4 -9.048128761679566 38.24812876167957
      vertex -16.90232802909041 -9.048128761679566 35.03
    endloop
  endfacet
  facet normal -0.03703247672025878 0.7066217501846206 0.7066217501846283
    outer loop
      vertex -4 -9.54 38.739999999999995
      vertex -3.732180875145197 -9.048128761679566 38.26216456726273
      vertex -4 -9.048128761679566 38.24812876167957
    endloop
  endfacet
  facet normal -0.03703247672027039 0.7066217501846235 0.7066217501846246
    outer loop
      vertex -4 -9.54 38.739999999999995
      vertex -3.6822334716663363 -9.523346561919551 38.739999999999995
      vertex -3.732180875145197 -9.048128761679566 38.26216456726273
    endloop
  endfacet
  facet normal -0.11069169459632508 0.6988798544194901 0.7066217501846276
    outer loop
      vertex -3.6822334716663363 -9.523346561919551 38.739999999999995
      vertex -3.367948459914011 -9.473568706230768 38.739999999999995
      vertex -3.4583785117248986 -9.048128761679566 38.30505547400818
    endloop
  endfacet
  facet normal -0.1106916945963346 0.6988798544194917 0.7066217501846245
    outer loop
      vertex -3.6822334716663363 -9.523346561919551 38.739999999999995
      vertex -3.4583785117248986 -9.048128761679566 38.30505547400818
      vertex -3.732180875145197 -9.048128761679566 38.26216456726273
    endloop
  endfacet
  facet normal -0.18313815110264667 0.6834808847193299 0.7066217501846277
    outer loop
      vertex -3.367948459914011 -9.473568706230768 38.739999999999995
      vertex -3.1720627767927425 -9.048128761679566 38.379261135401094
      vertex -3.4583785117248986 -9.048128761679566 38.30505547400818
    endloop
  endfacet
  facet normal -0.18313815110265497 0.6834808847193309 0.7066217501846245
    outer loop
      vertex -3.367948459914011 -9.473568706230768 38.739999999999995
      vertex -3.0605883371001603 -9.391211809537266 38.739999999999995
      vertex -3.1720627767927425 -9.048128761679566 38.379261135401094
    endloop
  endfacet
  facet normal -0.2535781077013863 0.6605935554186121 0.7066217501846241
    outer loop
      vertex -3.0605883371001603 -9.391211809537266 38.739999999999995
      vertex -2.8654999814405393 -9.048128761679566 38.48927418483914
      vertex -3.1720627767927425 -9.048128761679566 38.379261135401094
    endloop
  endfacet
  facet normal -0.25357810770137734 0.6605935554186104 0.7066217501846288
    outer loop
      vertex -3.0605883371001603 -9.391211809537266 38.739999999999995
      vertex -2.7635206050495675 -9.277178191233507 38.739999999999995
      vertex -2.8654999814405393 -9.048128761679566 38.48927418483914
    endloop
  endfacet
  facet normal -0.3212398094874988 0.6304686248866397 0.7066217501846267
    outer loop
      vertex -2.7635206050495675 -9.277178191233507 38.739999999999995
      vertex -2.4800000000000004 -9.132717227504694 38.739999999999995
      vertex -2.528837173514475 -9.048128761679566 38.642325652971046
    endloop
  endfacet
  facet normal -0.3212398094874965 0.6304686248866384 0.706621750184629
    outer loop
      vertex -2.7635206050495675 -9.277178191233507 38.739999999999995
      vertex -2.528837173514475 -9.048128761679566 38.642325652971046
      vertex -2.8654999814405393 -9.048128761679566 38.48927418483914
    endloop
  endfacet
  facet normal 0 0 1
    outer loop
      vertex -17 -9.54 38.739999999999995
      vertex 16.900173044608344 -10.248671041712948 38.739999999999995
      vertex -4 -9.54 38.739999999999995
    endloop
  endfacet
  facet normal 0 0 1
    outer loop
      vertex -2.7635206050495675 -9.277178191233507 38.739999999999995
      vertex -1.8800256570759792 -9.048128761679566 38.739999999999995
      vertex -2.4800000000000004 -9.132717227504694 38.739999999999995
    endloop
  endfacet
  facet normal -0.3853819406971238 0.5934361481663667 0.7066217501846266
    outer loop
      vertex -2.4800000000000004 -9.132717227504694 38.739999999999995
      vertex -2.3497451851330595 -9.048128761679566 38.739999999999995
      vertex -2.528837173514475 -9.048128761679566 38.642325652971046
    endloop
  endfacet
  facet normal 0 0 1
    outer loop
      vertex -2.4800000000000004 -9.132717227504694 38.739999999999995
      vertex -1.8800256570759792 -9.048128761679566 38.739999999999995
      vertex -2.3497451851330595 -9.048128761679566 38.739999999999995
    endloop
  endfacet
  facet normal 0 1 0
    outer loop
      vertex -2.528837173514475 -9.048128761679566 38.642325652971046
      vertex -2.3497451851330595 -9.048128761679566 38.739999999999995
      vertex -1.8800256570759792 -9.048128761679566 38.739999999999995
    endloop
  endfacet
  facet normal 0 0 1
    outer loop
      vertex -4 -9.54 38.739999999999995
      vertex 3.6822334716663363 -9.523346561919551 38.739999999999995
      vertex -3.6822334716663363 -9.523346561919551 38.739999999999995
    endloop
  endfacet
  facet normal 0 0 1
    outer loop
      vertex -3.6822334716663363 -9.523346561919551 38.739999999999995
      vertex 3.367948459914011 -9.473568706230768 38.739999999999995
      vertex -3.367948459914011 -9.473568706230768 38.739999999999995
    endloop
  endfacet
  facet normal 0 0 1
    outer loop
      vertex -3.367948459914011 -9.473568706230768 38.739999999999995
      vertex 3.0605883371001603 -9.391211809537266 38.739999999999995
      vertex -3.0605883371001603 -9.391211809537266 38.739999999999995
    endloop
  endfacet
  facet normal 0 0 1
    outer loop
      vertex -3.0605883371001603 -9.391211809537266 38.739999999999995
      vertex 3.0605883371001603 -9.391211809537266 38.739999999999995
      vertex -2.7635206050495675 -9.277178191233507 38.739999999999995
    endloop
  endfacet
  facet normal 0 1 0
    outer loop
      vertex -4 -9.048128761679566 38.24812876167957
      vertex -3.732180875145197 -9.048128761679566 38.26216456726273
      vertex 4 -9.048128761679566 38.24812876167957
    endloop
  endfacet
  facet normal 0 1 0
    outer loop
      vertex -3.732180875145197 -9.048128761679566 38.26216456726273
      vertex -3.4583785117248986 -9.048128761679566 38.30505547400818
      vertex 3.732180875145197 -9.048128761679566 38.26216456726273
    endloop
  endfacet
  facet normal 0 1 0
    outer loop
      vertex -3.4583785117248986 -9.048128761679566 38.30505547400818
      vertex -3.1720627767927425 -9.048128761679566 38.379261135401094
      vertex 3.4583785117248986 -9.048128761679566 38.30505547400818
    endloop
  endfacet
  facet normal 0 1 0
    outer loop
      vertex -3.1720627767927425 -9.048128761679566 38.379261135401094
      vertex -2.8654999814405393 -9.048128761679566 38.48927418483914
      vertex 3.1720627767927425 -9.048128761679566 38.379261135401094
    endloop
  endfacet
  facet normal 0 1 0
    outer loop
      vertex -2.8654999814405393 -9.048128761679566 38.48927418483914
      vertex -2.528837173514475 -9.048128761679566 38.642325652971046
      vertex 2.8654999814405393 -9.048128761679566 38.48927418483914
    endloop
  endfacet
  facet normal 0 0 1
    outer loop
      vertex -2.7635206050495675 -9.277178191233507 38.739999999999995
      vertex 3.0605883371001603 -9.391211809537266 38.739999999999995
      vertex -1.8800256570759792 -9.048128761679566 38.739999999999995
    endloop
  endfacet
  facet normal 0 1 0
    outer loop
      vertex -2.528837173514475 -9.048128761679566 38.642325652971046
      vertex -1.8800256570759792 -9.048128761679566 38.739999999999995
      vertex 2.528837173514475 -9.048128761679566 38.642325652971046
    endloop
  endfacet
  facet normal -1 0 0
    outer loop
      vertex -20.744685108787856 -6.69958315565817 34.99
      vertex -20.744685108787856 6.699583155658171 34.99
      vertex -20.744685108787856 6.699583155658171 34.98
    endloop
  endfacet
  facet normal -1 0 0
    outer loop
      vertex -20.744685108787856 -6.69958315565817 34.99
      vertex -20.744685108787856 6.699583155658171 38.739999999999995
      vertex -20.744685108787856 6.699583155658171 34.99
    endloop
  endfacet
  facet normal 1 0 0
    outer loop
      vertex -19.54251779301854 -6.500000000000025 38.242517793018536
      vertex -19.54251779301854 6.695200594733063 35.03
      vertex -19.54251779301854 6.499999999999993 38.242517793018536
    endloop
  endfacet
  facet normal 0 0 1
    outer loop
      vertex -20.702256330205042 -7.096488110071521 38.739999999999995
      vertex -20.04 6.499999999999993 38.739999999999995
      vertex -20.744685108787856 6.699583155658171 38.739999999999995
    endloop
  endfacet
  facet normal 0.7071067811865476 0 0.7071067811865476
    outer loop
      vertex -19.54251779301854 -6.500000000000025 38.242517793018536
      vertex -19.54251779301854 6.499999999999993 38.242517793018536
      vertex -20.04 6.499999999999993 38.739999999999995
    endloop
  endfacet
  facet normal -0.9943348002077329 0.10629348566985658 3.139559815192038e-13
    outer loop
      vertex -20.744678328261763 6.699646584879805 34.98
      vertex -20.744685108787856 6.699583155658171 34.99
      vertex -20.744671075725112 6.699714429579192 34.98
    endloop
  endfacet
  facet normal -0.9943348002101379 0.10629348564735779 0
    outer loop
      vertex -20.744685108787856 6.699583155658171 34.99
      vertex -20.744685108787856 6.699583155658171 38.739999999999995
      vertex -20.702369172701275 7.0954325117885055 34.99
    endloop
  endfacet
  facet normal 0.988280423780348 -0.1526492842188783 -2.6582146176162755e-16
    outer loop
      vertex -19.531569993110608 6.7660787281474235 38.245514588367264
      vertex -19.54251779301854 6.695200594733063 35.03
      vertex -19.482923330888337 7.081026447703 35.03
    endloop
  endfacet
  facet normal -0.9943348002099733 0.10629348564889757 -5.596209513453985e-19
    outer loop
      vertex -20.702369172701275 7.0954325117885055 34.99
      vertex -20.702256330205042 7.096488110071519 34.99
      vertex -20.702256330205042 7.096488110071519 34.98
    endloop
  endfacet
  facet normal -0.9943348002099733 0.10629348564889757 -1.492322536921829e-21
    outer loop
      vertex -20.702369172701275 7.0954325117885055 34.99
      vertex -20.702256330205042 7.096488110071519 38.739999999999995
      vertex -20.702256330205042 7.096488110071519 34.99
    endloop
  endfacet
  facet normal -0.9774033898178676 0.21138262362962024 1.5473774380584577e-18
    outer loop
      vertex -20.702256330205042 7.096488110071519 34.99
      vertex -20.617879508054436 7.486634615853205 38.739999999999995
      vertex -20.617879508054436 7.486634615853205 34.99
    endloop
  endfacet
  facet normal 0.9533963920549303 -0.3017205985951931 0
    outer loop
      vertex -19.482923330888337 7.081026447703 38.25219817927866
      vertex -19.482923330888337 7.081026447703 35.03
      vertex -19.36513125031034 7.453233533193959 35.03
    endloop
  endfacet
  facet normal 0.896165556961056 -0.4437198378669585 -4.859411469826223e-16
    outer loop
      vertex -19.324646448616324 7.534999282124602 38.24464233735567
      vertex -19.36513125031034 7.453233533193959 35.03
      vertex -19.191902497817363 7.803097632590131 35.03
    endloop
  endfacet
  facet normal -0.9943348002101375 0.10629348564736188 4.372262803091278e-16
    outer loop
      vertex -20.702369172701275 7.0954325117885055 34.99
      vertex -20.744685108787856 6.699583155658171 38.739999999999995
      vertex -20.702256330205042 7.096488110071519 38.739999999999995
    endloop
  endfacet
  facet normal 1 0 0
    outer loop
      vertex -19.54251779301854 6.499999999999993 38.242517793018536
      vertex -19.54251779301854 6.695200594733063 35.03
      vertex -19.54251779301854 6.695200594733063 38.25274782270323
    endloop
  endfacet
  facet normal 0.9882804237803461 -0.15264928421889007 0
    outer loop
      vertex -19.54251779301854 6.695200594733063 38.25274782270323
      vertex -19.54251779301854 6.695200594733063 35.03
      vertex -19.531569993110608 6.7660787281474235 38.245514588367264
    endloop
  endfacet
  facet normal 0.9882804237803481 -0.1526492842188777 -2.0641970754408176e-16
    outer loop
      vertex -19.531569993110608 6.7660787281474235 38.245514588367264
      vertex -19.482923330888337 7.081026447703 35.03
      vertex -19.490889058838135 7.029454813848112 38.24653700215537
    endloop
  endfacet
  facet normal 0 0 1
    outer loop
      vertex -20.744685108787856 6.699583155658171 38.739999999999995
      vertex -20.04 6.499999999999993 38.739999999999995
      vertex -20.02334656191955 6.817766528333667 38.739999999999995
    endloop
  endfacet
  facet normal 0 0 1
    outer loop
      vertex -20.744685108787856 6.699583155658171 38.739999999999995
      vertex -20.02334656191955 6.817766528333667 38.739999999999995
      vertex -19.97356870623077 7.132051540085985 38.739999999999995
    endloop
  endfacet
  facet normal 0.706621750184624 -0.03703247672027313 0.706621750184624
    outer loop
      vertex -20.04 6.499999999999993 38.739999999999995
      vertex -19.54251779301854 6.499999999999993 38.242517793018536
      vertex -20.02334656191955 6.817766528333667 38.739999999999995
    endloop
  endfacet
  facet normal 0.7066217501846207 -0.03703247672028273 0.7066217501846269
    outer loop
      vertex -19.54251779301854 6.499999999999993 38.242517793018536
      vertex -19.54251779301854 6.695200594733063 38.25274782270323
      vertex -20.02334656191955 6.817766528333667 38.739999999999995
    endloop
  endfacet
  facet normal 0.6988798544194957 -0.11069169459632454 0.706621750184622
    outer loop
      vertex -20.02334656191955 6.817766528333667 38.739999999999995
      vertex -19.531569993110608 6.7660787281474235 38.245514588367264
      vertex -19.97356870623077 7.132051540085985 38.739999999999995
    endloop
  endfacet
  facet normal 0.7066217501846304 -0.03703247672021946 0.7066217501846207
    outer loop
      vertex -19.54251779301854 6.695200594733063 38.25274782270323
      vertex -19.531569993110608 6.7660787281474235 38.245514588367264
      vertex -20.02334656191955 6.817766528333667 38.739999999999995
    endloop
  endfacet
  facet normal 0.6988798544194895 -0.11069169459633774 0.7066217501846263
    outer loop
      vertex -19.531569993110608 6.7660787281474235 38.245514588367264
      vertex -19.490889058838135 7.029454813848112 38.24653700215537
      vertex -19.97356870623077 7.132051540085985 38.739999999999995
    endloop
  endfacet
  facet normal -0.9774033898178676 0.21138262362962024 0
    outer loop
      vertex -20.702256330205042 7.096488110071519 34.99
      vertex -20.702256330205042 7.096488110071519 38.739999999999995
      vertex -20.617879508054436 7.486634615853205 38.739999999999995
    endloop
  endfacet
  facet normal -0.9493976084683793 0.31407671202195486 0
    outer loop
      vertex -20.617879508054436 7.486634615853205 34.99
      vertex -20.617879508054436 7.486634615853205 38.739999999999995
      vertex -20.492510665446268 7.865602157198083 38.739999999999995
    endloop
  endfacet
  facet normal 0.9882804237803501 -0.1526492842188651 -5.920038603842797e-20
    outer loop
      vertex -19.490889058838135 7.029454813848112 38.24653700215537
      vertex -19.482923330888337 7.081026447703 35.03
      vertex -19.482923330888337 7.081026447703 38.25219817927866
    endloop
  endfacet
  facet normal 0 0 1
    outer loop
      vertex -20.744685108787856 6.699583155658171 38.739999999999995
      vertex -20.617879508054436 7.486634615853205 38.739999999999995
      vertex -20.702256330205042 7.096488110071519 38.739999999999995
    endloop
  endfacet
  facet normal 0 0 1
    outer loop
      vertex -20.744685108787856 6.699583155658171 38.739999999999995
      vertex -19.97356870623077 7.132051540085985 38.739999999999995
      vertex -19.891211809537268 7.43941166289984 38.739999999999995
    endloop
  endfacet
  facet normal 0 0 1
    outer loop
      vertex -20.744685108787856 6.699583155658171 38.739999999999995
      vertex -19.891211809537268 7.43941166289984 38.739999999999995
      vertex -19.777178191233507 7.7364793949504325 38.739999999999995
    endloop
  endfacet
  facet normal 0 0 1
    outer loop
      vertex -20.744685108787856 6.699583155658171 38.739999999999995
      vertex -20.327570281462144 8.229096880434973 38.739999999999995
      vertex -20.617879508054436 7.486634615853205 38.739999999999995
    endloop
  endfacet
  facet normal 0.6834808847193342 -0.18313815110264978 0.7066217501846226
    outer loop
      vertex -19.97356870623077 7.132051540085985 38.739999999999995
      vertex -19.482923330888337 7.081026447703 38.25219817927866
      vertex -19.891211809537268 7.43941166289984 38.739999999999995
    endloop
  endfacet
  facet normal 0.6834808847193449 -0.18313815110259185 0.7066217501846274
    outer loop
      vertex -19.490889058838135 7.029454813848112 38.24653700215537
      vertex -19.482923330888337 7.081026447703 38.25219817927866
      vertex -19.97356870623077 7.132051540085985 38.739999999999995
    endloop
  endfacet
  facet normal 0.6834808847193237 -0.18313815110266898 0.7066217501846279
    outer loop
      vertex -19.482923330888337 7.081026447703 38.25219817927866
      vertex -19.418149102527362 7.285704271839066 38.24259243388319
      vertex -19.891211809537268 7.43941166289984 38.739999999999995
    endloop
  endfacet
  facet normal 0.6605935554186202 -0.2535781077013687 0.7066217501846228
    outer loop
      vertex -19.418149102527362 7.285704271839066 38.24259243388319
      vertex -19.36513125031034 7.453233533193959 38.25314758815113
      vertex -19.777178191233507 7.7364793949504325 38.739999999999995
    endloop
  endfacet
  facet normal 0.6605935554186105 -0.2535781077013813 0.7066217501846274
    outer loop
      vertex -19.891211809537268 7.43941166289984 38.739999999999995
      vertex -19.418149102527362 7.285704271839066 38.24259243388319
      vertex -19.777178191233507 7.7364793949504325 38.739999999999995
    endloop
  endfacet
  facet normal 0.6605935554185955 -0.2535781077014152 0.706621750184629
    outer loop
      vertex -19.36513125031034 7.453233533193959 38.25314758815113
      vertex -19.324646448616324 7.534999282124602 38.24464233735567
      vertex -19.777178191233507 7.7364793949504325 38.739999999999995
    endloop
  endfacet
  facet normal 0.9533963920549308 -0.3017205985951914 2.1748478101242314e-16
    outer loop
      vertex -19.482923330888337 7.081026447703 38.25219817927866
      vertex -19.36513125031034 7.453233533193959 35.03
      vertex -19.418149102527362 7.285704271839066 38.24259243388319
    endloop
  endfacet
  facet normal 0.9533963920549297 -0.3017205985951952 9.500796310385338e-19
    outer loop
      vertex -19.418149102527362 7.285704271839066 38.24259243388319
      vertex -19.36513125031034 7.453233533193959 35.03
      vertex -19.36513125031034 7.453233533193959 38.25314758815113
    endloop
  endfacet
  facet normal 0.8961655569610486 -0.4437198378669739 0
    outer loop
      vertex -19.36513125031034 7.453233533193959 38.25314758815113
      vertex -19.36513125031034 7.453233533193959 35.03
      vertex -19.324646448616324 7.534999282124602 38.24464233735567
    endloop
  endfacet
  facet normal -0.910634772854916 0.4132121857683717 -8.005284220818412e-14
    outer loop
      vertex -20.492487030513267 7.865654243735182 34.98
      vertex -20.492510665446268 7.865602157198083 34.99
      vertex -20.327570281462144 8.229096880434973 34.98
    endloop
  endfacet
  facet normal -0.9493976084683793 0.31407671202195486 2.3280340397155005e-19
    outer loop
      vertex -20.617879508054436 7.486634615853205 34.99
      vertex -20.492510665446268 7.865602157198083 38.739999999999995
      vertex -20.492510665446268 7.865602157198083 34.99
    endloop
  endfacet
  facet normal -0.9106347728549153 0.4132121857683736 0
    outer loop
      vertex -20.492510665446268 7.865602157198083 34.99
      vertex -20.492510665446268 7.865602157198083 38.739999999999995
      vertex -20.327570281462144 8.229096880434973 34.98
    endloop
  endfacet
  facet normal -0.9106347728549153 0.4132121857683736 0
    outer loop
      vertex -20.327570281462144 8.229096880434973 34.99
      vertex -20.327570281462144 8.229096880434973 34.98
      vertex -20.492510665446268 7.865602157198083 38.739999999999995
    endloop
  endfacet
  facet normal -0.8615540814007404 0.5076658003270721 -1.4650150176281023e-12
    outer loop
      vertex -20.12496627485076 8.572933925763355 34.98
      vertex -20.124964349989867 8.57293719242374 34.98049256526508
      vertex -20.124927196559433 8.573000245104474 34.98
    endloop
  endfacet
  facet normal -0.8615540813957345 0.5076658003355672 2.01678628246342e-18
    outer loop
      vertex -20.124964349989867 8.57293719242374 34.98049256526508
      vertex -20.124927196559433 8.573000245104474 34.981106043945054
      vertex -20.124927196559433 8.573000245104474 34.98
    endloop
  endfacet
  facet normal -0.8615540813938062 0.5076658003388398 -1.883099290885881e-18
    outer loop
      vertex -20.327570281462144 8.229096880434973 34.99
      vertex -20.124927196559433 8.573000245104474 38.739999999999995
      vertex -20.124927196559433 8.573000245104474 34.99
    endloop
  endfacet
  facet normal -0.8027116379309628 0.5963673585385026 -3.918940226269197e-18
    outer loop
      vertex -20.124927196559433 8.573000245104474 34.99
      vertex -19.886877437862147 8.893415688668078 38.739999999999995
      vertex -19.886877437862147 8.893415688668078 34.99
    endloop
  endfacet
  facet normal 0.8179293607667154 -0.5753186602186238 0
    outer loop
      vertex -19.191902497817363 7.803097632590131 38.25149869014833
      vertex -19.191902497817363 7.803097632590131 35.03
      vertex -18.967297408545953 8.122418227932727 35.03
    endloop
  endfacet
  facet normal 0.7205215936007933 -0.6934325007922353 3.6132711530027337e-16
    outer loop
      vertex -18.89050097879906 8.202214727059701 38.24391999242491
      vertex -18.967297408545953 8.122418227932727 35.03
      vertex -18.696580535422193 8.403710715110506 35.03
    endloop
  endfacet
  facet normal 0.6062254109666322 -0.795292871273431 0
    outer loop
      vertex -18.696580535422193 8.403710715110506 38.250649396380936
      vertex -18.696580535422193 8.403710715110506 35.03
      vertex -18.386097252503113 8.640381836636472 35.03
    endloop
  endfacet
  facet normal 0.4777198185122655 -0.8785122509109409 -3.198051356239596e-16
    outer loop
      vertex -18.271673670577535 8.7026034080879 38.243347341155065
      vertex -18.386097252503113 8.640381836636472 35.03
      vertex -18.043125024786917 8.826884222015202 35.03
    endloop
  endfacet
  facet normal -0.9106347728549153 0.4132121857683736 0
    outer loop
      vertex -20.327570281462144 8.229096880434973 34.99
      vertex -20.492510665446268 7.865602157198083 38.739999999999995
      vertex -20.327570281462144 8.229096880434973 38.739999999999995
    endloop
  endfacet
  facet normal 0 0 1
    outer loop
      vertex -20.617879508054436 7.486634615853205 38.739999999999995
      vertex -20.327570281462144 8.229096880434973 38.739999999999995
      vertex -20.492510665446268 7.865602157198083 38.739999999999995
    endloop
  endfacet
  facet normal 0 0 1
    outer loop
      vertex -20.744685108787856 6.699583155658171 38.739999999999995
      vertex -19.616118204256193 9.186712776118682 38.739999999999995
      vertex -20.327570281462144 8.229096880434973 38.739999999999995
    endloop
  endfacet
  facet normal 0 0 1
    outer loop
      vertex -20.744685108787856 6.699583155658171 38.739999999999995
      vertex -19.777178191233507 7.7364793949504325 38.739999999999995
      vertex -19.616118204256193 9.186712776118682 38.739999999999995
    endloop
  endfacet
  facet normal 0.6304686248866369 -0.3212398094875014 0.706621750184628
    outer loop
      vertex -19.324646448616324 7.534999282124602 38.24464233735567
      vertex -19.632717227504692 8.02 38.739999999999995
      vertex -19.777178191233507 7.7364793949504325 38.739999999999995
    endloop
  endfacet
  facet normal 0 0 1
    outer loop
      vertex -19.777178191233507 7.7364793949504325 38.739999999999995
      vertex -19.632717227504692 8.02 38.739999999999995
      vertex -19.616118204256193 9.186712776118682 38.739999999999995
    endloop
  endfacet
  facet normal -0.8615540813938062 0.5076658003388398 0
    outer loop
      vertex -20.327570281462144 8.229096880434973 34.99
      vertex -20.327570281462144 8.229096880434973 38.739999999999995
      vertex -20.124927196559433 8.573000245104474 38.739999999999995
    endloop
  endfacet
  facet normal -0.8027116379309628 0.5963673585385026 0
    outer loop
      vertex -20.124927196559433 8.573000245104474 34.99
      vertex -20.124927196559433 8.573000245104474 38.739999999999995
      vertex -19.886877437862147 8.893415688668078 38.739999999999995
    endloop
  endfacet
  facet normal 0 0 1
    outer loop
      vertex -20.327570281462144 8.229096880434973 38.739999999999995
      vertex -19.886877437862147 8.893415688668078 38.739999999999995
      vertex -20.124927196559433 8.573000245104474 38.739999999999995
    endloop
  endfacet
  facet normal 0 0 1
    outer loop
      vertex -19.632717227504692 8.02 38.739999999999995
      vertex -19.45941166289985 8.286867166969099 38.739999999999995
      vertex -19.616118204256193 9.186712776118682 38.739999999999995
    endloop
  endfacet
  facet normal 0 0 1
    outer loop
      vertex -20.327570281462144 8.229096880434973 38.739999999999995
      vertex -19.616118204256193 9.186712776118682 38.739999999999995
      vertex -19.886877437862147 8.893415688668078 38.739999999999995
    endloop
  endfacet
  facet normal 0.8961655569610554 -0.44371983786696007 -6.536154405429069e-16
    outer loop
      vertex -19.324646448616324 7.534999282124602 38.24464233735567
      vertex -19.191902497817363 7.803097632590131 35.03
      vertex -19.20638147744519 7.773854939937987 38.24770987987597
    endloop
  endfacet
  facet normal 0.8961655569610839 -0.4437198378669024 2.296679547520155e-19
    outer loop
      vertex -19.20638147744519 7.773854939937987 38.24770987987597
      vertex -19.191902497817363 7.803097632590131 35.03
      vertex -19.191902497817363 7.803097632590131 38.25149869014833
    endloop
  endfacet
  facet normal 0.8179293607667153 -0.575318660218624 -2.7518733575397146e-17
    outer loop
      vertex -19.191902497817363 7.803097632590131 38.25149869014833
      vertex -18.967297408545953 8.122418227932727 35.03
      vertex -19.05718166369334 7.994629966505997 38.242816378391055
    endloop
  endfacet
  facet normal 0.8179293607667155 -0.5753186602186234 8.884083845519552e-19
    outer loop
      vertex -19.05718166369334 7.994629966505997 38.242816378391055
      vertex -18.967297408545953 8.122418227932727 35.03
      vertex -18.967297408545953 8.122418227932727 38.2533974521512
    endloop
  endfacet
  facet normal 0.7205215936008006 -0.6934325007922276 0
    outer loop
      vertex -18.967297408545953 8.122418227932727 38.2533974521512
      vertex -18.967297408545953 8.122418227932727 35.03
      vertex -18.89050097879906 8.202214727059701 38.24391999242491
    endloop
  endfacet
  facet normal 0.630468624886644 -0.32123980948749375 0.7066217501846251
    outer loop
      vertex -19.324646448616324 7.534999282124602 38.24464233735567
      vertex -19.20638147744519 7.773854939937987 38.24770987987597
      vertex -19.632717227504692 8.02 38.739999999999995
    endloop
  endfacet
  facet normal 0.5934361481663925 -0.3853819406970839 0.7066217501846267
    outer loop
      vertex -19.632717227504692 8.02 38.739999999999995
      vertex -19.20638147744519 7.773854939937987 38.24770987987597
      vertex -19.191902497817363 7.803097632590131 38.25149869014833
    endloop
  endfacet
  facet normal 0.5934361481663686 -0.38538194069712567 0.7066217501846238
    outer loop
      vertex -19.45941166289985 8.286867166969099 38.739999999999995
      vertex -19.191902497817363 7.803097632590131 38.25149869014833
      vertex -19.05718166369334 7.994629966505997 38.242816378391055
    endloop
  endfacet
  facet normal 0.5934361481663691 -0.3853819406971253 0.7066217501846237
    outer loop
      vertex -19.632717227504692 8.02 38.739999999999995
      vertex -19.191902497817363 7.803097632590131 38.25149869014833
      vertex -19.45941166289985 8.286867166969099 38.739999999999995
    endloop
  endfacet
  facet normal 0.5499018608222952 -0.4453017467181047 0.7066217501846245
    outer loop
      vertex -19.45941166289985 8.286867166969099 38.739999999999995
      vertex -19.05718166369334 7.994629966505997 38.242816378391055
      vertex -19.25916026945128 8.534157043330929 38.739999999999995
    endloop
  endfacet
  facet normal 0.5499018608222633 -0.4453017467181267 0.7066217501846355
    outer loop
      vertex -19.05718166369334 7.994629966505997 38.242816378391055
      vertex -18.967297408545953 8.122418227932727 38.2533974521512
      vertex -19.25916026945128 8.534157043330929 38.739999999999995
    endloop
  endfacet
  facet normal 0.5499018608223107 -0.44530174671808254 0.7066217501846264
    outer loop
      vertex -18.967297408545953 8.122418227932727 38.2533974521512
      vertex -18.89050097879906 8.202214727059701 38.24391999242491
      vertex -19.25916026945128 8.534157043330929 38.739999999999995
    endloop
  endfacet
  facet normal 0.7205215936007904 -0.6934325007922383 -4.070418607215239e-18
    outer loop
      vertex -18.89050097879906 8.202214727059701 38.24391999242491
      vertex -18.696580535422193 8.403710715110506 35.03
      vertex -18.705636376558143 8.394301105553389 38.24903356736218
    endloop
  endfacet
  facet normal 0.7205215936007916 -0.6934325007922368 9.702253362665153e-20
    outer loop
      vertex -18.705636376558143 8.394301105553389 38.24903356736218
      vertex -18.696580535422193 8.403710715110506 35.03
      vertex -18.696580535422193 8.403710715110506 38.250649396380936
    endloop
  endfacet
  facet normal 0.6062254109666322 -0.7952928712734308 9.142683815840179e-19
    outer loop
      vertex -18.696580535422193 8.403710715110506 38.250649396380936
      vertex -18.386097252503113 8.640381836636472 35.03
      vertex -18.494849394915928 8.557483680989552 38.24318969229958
    endloop
  endfacet
  facet normal 0.6062254109666322 -0.795292871273431 -1.268885793067874e-18
    outer loop
      vertex -18.494849394915928 8.557483680989552 38.24318969229958
      vertex -18.386097252503113 8.640381836636472 35.03
      vertex -18.386097252503113 8.640381836636472 38.25349740003328
    endloop
  endfacet
  facet normal 0.4777198185122586 -0.8785122509109446 0
    outer loop
      vertex -18.386097252503113 8.640381836636472 38.25349740003328
      vertex -18.386097252503113 8.640381836636472 35.03
      vertex -18.271673670577535 8.7026034080879 38.243347341155065
    endloop
  endfacet
  facet normal 0.5003427336166785 -0.5003427336166751 0.7066217501846249
    outer loop
      vertex -18.89050097879906 8.202214727059701 38.24391999242491
      vertex -18.705636376558143 8.394301105553389 38.24903356736218
      vertex -19.03415704333093 8.759160269451275 38.739999999999995
    endloop
  endfacet
  facet normal 0.44530174671806033 -0.5499018608223332 0.706621750184623
    outer loop
      vertex -19.03415704333093 8.759160269451275 38.739999999999995
      vertex -18.705636376558143 8.394301105553389 38.24903356736218
      vertex -18.696580535422193 8.403710715110506 38.250649396380936
    endloop
  endfacet
  facet normal 0.5003427336166713 -0.5003427336166791 0.7066217501846271
    outer loop
      vertex -18.89050097879906 8.202214727059701 38.24391999242491
      vertex -19.03415704333093 8.759160269451275 38.739999999999995
      vertex -19.25916026945128 8.534157043330929 38.739999999999995
    endloop
  endfacet
  facet normal 0 0 1
    outer loop
      vertex -19.45941166289985 8.286867166969099 38.739999999999995
      vertex -19.25916026945128 8.534157043330929 38.739999999999995
      vertex -19.616118204256193 9.186712776118682 38.739999999999995
    endloop
  endfacet
  facet normal 0 0 1
    outer loop
      vertex -19.25916026945128 8.534157043330929 38.739999999999995
      vertex -19.03415704333093 8.759160269451275 38.739999999999995
      vertex -19.616118204256193 9.186712776118682 38.739999999999995
    endloop
  endfacet
  facet normal 0.4453017467181174 -0.549901860822283 0.706621750184626
    outer loop
      vertex -19.03415704333093 8.759160269451275 38.739999999999995
      vertex -18.696580535422193 8.403710715110506 38.250649396380936
      vertex -18.78686716696912 8.95941166289984 38.739999999999995
    endloop
  endfacet
  facet normal 0.44530174671811046 -0.5499018608222859 0.706621750184628
    outer loop
      vertex -18.696580535422193 8.403710715110506 38.250649396380936
      vertex -18.494849394915928 8.557483680989552 38.24318969229958
      vertex -18.78686716696912 8.95941166289984 38.739999999999995
    endloop
  endfacet
  facet normal 0.3853819406971179 -0.5934361481663686 0.7066217501846281
    outer loop
      vertex -18.494849394915928 8.557483680989552 38.24318969229958
      vertex -18.52 9.132717227504692 38.739999999999995
      vertex -18.78686716696912 8.95941166289984 38.739999999999995
    endloop
  endfacet
  facet normal 0.3853819406971485 -0.5934361481663595 0.706621750184619
    outer loop
      vertex -18.494849394915928 8.557483680989552 38.24318969229958
      vertex -18.386097252503113 8.640381836636472 38.25349740003328
      vertex -18.52 9.132717227504692 38.739999999999995
    endloop
  endfacet
  facet normal 0.38538194069713033 -0.5934361481663675 0.7066217501846221
    outer loop
      vertex -18.386097252503113 8.640381836636472 38.25349740003328
      vertex -18.271673670577535 8.7026034080879 38.243347341155065
      vertex -18.52 9.132717227504692 38.739999999999995
    endloop
  endfacet
  facet normal 0.32123980948749614 -0.6304686248866435 0.7066217501846245
    outer loop
      vertex -18.271673670577535 8.7026034080879 38.243347341155065
      vertex -18.043125024786917 8.826884222015202 38.250333016904285
      vertex -18.236479394950432 9.277178191233507 38.739999999999995
    endloop
  endfacet
  facet normal -0.7347741508630642 0.6783118362696193 1.357987632598437e-13
    outer loop
      vertex -19.88684311179614 8.89345287201747 34.98
      vertex -19.886877437862147 8.893415688668078 34.99
      vertex -19.616118204256193 9.186712776118682 34.98
    endloop
  endfacet
  facet normal -0.7347741508630666 0.6783118362696168 0
    outer loop
      vertex -19.886877437862147 8.893415688668078 34.99
      vertex -19.886877437862147 8.893415688668078 38.739999999999995
      vertex -19.616118204256193 9.186712776118682 34.98
    endloop
  endfacet
  facet normal -0.7347741508630438 0.6783118362696414 -6.548836848385611e-16
    outer loop
      vertex -19.886877437862147 8.893415688668078 38.739999999999995
      vertex -19.616118204256193 9.186712776118682 34.99
      vertex -19.616118204256193 9.186712776118682 34.98
    endloop
  endfacet
  facet normal -0.5747874102144074 0.8183027759081688 6.839485530890145e-14
    outer loop
      vertex -19.315679492729757 9.449594894868074 34.98
      vertex -19.31571730604822 9.449568334259908 34.99
      vertex -18.989078405449035 9.679004104586266 34.98
    endloop
  endfacet
  facet normal -0.5747874102144087 0.8183027759081677 -1.0552854748205993e-15
    outer loop
      vertex -19.31571730604822 9.449568334259908 34.99
      vertex -18.989078405449035 9.679004104586266 34.99
      vertex -18.989078405449035 9.679004104586266 34.98
    endloop
  endfacet
  facet normal -0.6585113790650376 0.7525707698561395 -5.368049241692577e-20
    outer loop
      vertex -19.616118204256193 9.186712776118682 34.99
      vertex -19.31571730604822 9.449568334259908 38.739999999999995
      vertex -19.31571730604822 9.449568334259908 34.99
    endloop
  endfacet
  facet normal -0.5747874102144087 0.8183027759081678 -2.8140945995230434e-18
    outer loop
      vertex -19.31571730604822 9.449568334259908 34.99
      vertex -18.989078405449035 9.679004104586266 38.739999999999995
      vertex -18.989078405449035 9.679004104586266 34.99
    endloop
  endfacet
  facet normal -0.48455087032913474 0.8747630845339086 1.9375865564915566e-19
    outer loop
      vertex -18.639979402350797 9.872377863464099 34.98
      vertex -18.639902451720708 9.872420488142073 34.99
      vertex -18.639902451720708 9.872420488142073 34.98
    endloop
  endfacet
  facet normal -0.4845508703326507 0.8747630845319609 -2.6526709014878495e-18
    outer loop
      vertex -18.989078405449035 9.679004104586266 34.99
      vertex -18.639902451720708 9.872420488142073 38.739999999999995
      vertex -18.639902451720708 9.872420488142073 34.99
    endloop
  endfacet
  facet normal -0.38882417547332115 0.9213119778704127 -1.6403637949915123e-19
    outer loop
      vertex -18.639902451720708 9.872420488142073 34.99
      vertex -18.272145747942613 10.027626000016376 38.739999999999995
      vertex -18.272145747942613 10.027626000016376 34.99
    endloop
  endfacet
  facet normal -0.7347741508630666 0.6783118362696168 -1.7463564929037296e-18
    outer loop
      vertex -19.886877437862147 8.893415688668078 38.739999999999995
      vertex -19.616118204256193 9.186712776118682 38.739999999999995
      vertex -19.616118204256193 9.186712776118682 34.99
    endloop
  endfacet
  facet normal -0.6585113790650376 0.7525707698561395 0
    outer loop
      vertex -19.616118204256193 9.186712776118682 34.99
      vertex -19.616118204256193 9.186712776118682 38.739999999999995
      vertex -19.31571730604822 9.449568334259908 38.739999999999995
    endloop
  endfacet
  facet normal -0.5747874102144087 0.8183027759081678 0
    outer loop
      vertex -19.31571730604822 9.449568334259908 34.99
      vertex -19.31571730604822 9.449568334259908 38.739999999999995
      vertex -18.989078405449035 9.679004104586266 38.739999999999995
    endloop
  endfacet
  facet normal 0 0 1
    outer loop
      vertex -19.03415704333093 8.759160269451275 38.739999999999995
      vertex -18.78686716696912 8.95941166289984 38.739999999999995
      vertex -19.616118204256193 9.186712776118682 38.739999999999995
    endloop
  endfacet
  facet normal 0 0 1
    outer loop
      vertex -18.78686716696912 8.95941166289984 38.739999999999995
      vertex -18.52 9.132717227504692 38.739999999999995
      vertex -19.616118204256193 9.186712776118682 38.739999999999995
    endloop
  endfacet
  facet normal 0 0 1
    outer loop
      vertex -19.616118204256193 9.186712776118682 38.739999999999995
      vertex -18.989078405449035 9.679004104586266 38.739999999999995
      vertex -19.31571730604822 9.449568334259908 38.739999999999995
    endloop
  endfacet
  facet normal 0.3212398094875039 -0.6304686248866419 0.7066217501846224
    outer loop
      vertex -18.271673670577535 8.7026034080879 38.243347341155065
      vertex -18.236479394950432 9.277178191233507 38.739999999999995
      vertex -18.52 9.132717227504692 38.739999999999995
    endloop
  endfacet
  facet normal 0 0 1
    outer loop
      vertex -19.616118204256193 9.186712776118682 38.739999999999995
      vertex -18.52 9.132717227504692 38.739999999999995
      vertex -17.099826955391656 10.248671041712946 38.739999999999995
    endloop
  endfacet
  facet normal -0.4845508703326507 0.8747630845319609 0
    outer loop
      vertex -18.989078405449035 9.679004104586266 34.99
      vertex -18.989078405449035 9.679004104586266 38.739999999999995
      vertex -18.639902451720708 9.872420488142073 38.739999999999995
    endloop
  endfacet
  facet normal -0.38882417547332115 0.9213119778704127 0
    outer loop
      vertex -18.639902451720708 9.872420488142073 34.99
      vertex -18.639902451720708 9.872420488142073 38.739999999999995
      vertex -18.272145747942613 10.027626000016376 38.739999999999995
    endloop
  endfacet
  facet normal 0 0 1
    outer loop
      vertex -19.616118204256193 9.186712776118682 38.739999999999995
      vertex -18.272145747942613 10.027626000016376 38.739999999999995
      vertex -18.989078405449035 9.679004104586266 38.739999999999995
    endloop
  endfacet
  facet normal 0 0 1
    outer loop
      vertex -18.989078405449035 9.679004104586266 38.739999999999995
      vertex -18.272145747942613 10.027626000016376 38.739999999999995
      vertex -18.639902451720708 9.872420488142073 38.739999999999995
    endloop
  endfacet
  facet normal 0 0 1
    outer loop
      vertex -19.616118204256193 9.186712776118682 38.739999999999995
      vertex -17.099826955391656 10.248671041712946 38.739999999999995
      vertex -18.272145747942613 10.027626000016376 38.739999999999995
    endloop
  endfacet
  facet normal 0.33801687840850414 -0.9411400479795611 -4.573112873121751e-16
    outer loop
      vertex -18.03697847836608 8.82909179615746 38.249508376044766
      vertex -18.043125024786917 8.826884222015202 35.03
      vertex -17.675702830601487 8.95884641340551 35.03
    endloop
  endfacet
  facet normal 0.47771981851226897 -0.8785122509109391 1.3843944268851485e-20
    outer loop
      vertex -18.271673670577535 8.7026034080879 38.243347341155065
      vertex -18.043125024786917 8.826884222015202 35.03
      vertex -18.043125024786917 8.826884222015202 38.250333016904285
    endloop
  endfacet
  facet normal 0.3380168784082919 -0.9411400479796372 0
    outer loop
      vertex -18.043125024786917 8.826884222015202 38.250333016904285
      vertex -18.043125024786917 8.826884222015202 35.03
      vertex -18.03697847836608 8.82909179615746 38.249508376044766
    endloop
  endfacet
  facet normal 0.33801687840851513 -0.9411400479795572 9.277937452333269e-16
    outer loop
      vertex -18.03697847836608 8.82909179615746 38.249508376044766
      vertex -17.675702830601487 8.95884641340551 35.03
      vertex -17.786050386748098 8.91921433468486 38.243712485256836
    endloop
  endfacet
  facet normal 0.33801687840849115 -0.9411400479795657 -9.217234819932755e-19
    outer loop
      vertex -17.786050386748098 8.91921433468486 38.243712485256836
      vertex -17.675702830601487 8.95884641340551 35.03
      vertex -17.675702830601487 8.95884641340551 38.25344742592923
    endloop
  endfacet
  facet normal 0.03830550720629136 -0.9992660747356875 0
    outer loop
      vertex -16.90232802909041 9.048128761679564 34.99
      vertex -16.90232802909041 9.048128761679564 35.03
      vertex -16.902328029205794 9.048128761675141 34.99
    endloop
  endfacet
  facet normal 0 -1 0
    outer loop
      vertex -16.90232802909041 9.048128761679564 34.99
      vertex -16.85154386180139 9.048128761679564 34.99
      vertex -16.90232802909041 9.048128761679564 35.03
    endloop
  endfacet
  facet normal 0.19039110916466706 -0.9817083199968551 -4.660357929680479e-16
    outer loop
      vertex -17.528703673213947 8.987355219994186 38.24292421524949
      vertex -17.675702830601487 8.95884641340551 35.03
      vertex -17.29244273476592 9.033175328887172 35.03
    endloop
  endfacet
  facet normal 0.038302733690030816 -0.9992661810508102 -4.279742426356454e-16
    outer loop
      vertex -17.266352566135453 9.034175387530134 38.24813433402763
      vertex -17.29244273476592 9.033175328887172 35.03
      vertex -16.90232802909041 9.048128761679564 35.03
    endloop
  endfacet
  facet normal -0.1852887240871143 0.982684124592521 0
    outer loop
      vertex -17.88997512451668 10.142862099742661 34.98
      vertex -17.88997512451668 10.142862099742661 34.99
      vertex -17.497720727313958 10.216823116265026 34.98
    endloop
  endfacet
  facet normal -0.28869194733961684 0.9574220383620068 1.0963669307233738e-18
    outer loop
      vertex -18.272145747942613 10.027626000016376 34.99
      vertex -17.88997512451668 10.142862099742661 38.739999999999995
      vertex -17.88997512451668 10.142862099742661 34.99
    endloop
  endfacet
  facet normal -0.18528872408711433 0.982684124592521 0
    outer loop
      vertex -17.88997512451668 10.142862099742661 34.99
      vertex -17.88997512451668 10.142862099742661 38.739999999999995
      vertex -17.497720727313958 10.216823116265026 34.98
    endloop
  endfacet
  facet normal -0.1852887240871143 0.982684124592521 0
    outer loop
      vertex -17.497720727313958 10.216823116265026 34.98
      vertex -17.88997512451668 10.142862099742661 38.739999999999995
      vertex -17.497720727313958 10.216823116265026 34.99
    endloop
  endfacet
  facet normal -0.07978610555308241 0.9968120070307503 -4.916810572161491e-19
    outer loop
      vertex -17.497720727313958 10.216823116265026 34.99
      vertex -17.099826955391656 10.248671041712946 38.739999999999995
      vertex -17.099826955391656 10.248671041712946 34.99
    endloop
  endfacet
  facet normal 0.19039110916465726 -0.9817083199968571 0
    outer loop
      vertex -17.675702830601487 8.95884641340551 38.25344742592923
      vertex -17.675702830601487 8.95884641340551 35.03
      vertex -17.528703673213947 8.987355219994186 38.24292421524949
    endloop
  endfacet
  facet normal 0.19039110916467314 -0.981708319996854 -1.1072137763808485e-18
    outer loop
      vertex -17.528703673213947 8.987355219994186 38.24292421524949
      vertex -17.29244273476592 9.033175328887172 35.03
      vertex -17.29244273476592 9.033175328887172 38.251232234904066
    endloop
  endfacet
  facet normal 0.0383027336899781 -0.9992661810508122 5.326961151204207e-21
    outer loop
      vertex -17.266352566135453 9.034175387530134 38.24813433402763
      vertex -17.29244273476592 9.033175328887172 38.251232234904066
      vertex -17.29244273476592 9.033175328887172 35.03
    endloop
  endfacet
  facet normal 0.0383027336900424 -0.9992661810508098 8.826902515835272e-16
    outer loop
      vertex -17.266352566135453 9.034175387530134 38.24813433402763
      vertex -16.90232802909041 9.048128761679564 35.03
      vertex -17 9.044384910880176 38.24438491088017
    endloop
  endfacet
  facet normal 0.03830273369001338 -0.999266181050811 4.981948250046312e-20
    outer loop
      vertex -17 9.044384910880176 38.24438491088017
      vertex -16.90232802909041 9.048128761679564 35.03
      vertex -16.90232802909041 9.048128761679564 38.24812876167956
    endloop
  endfacet
  facet normal 0.3212398094870047 -0.6304686248868735 0.7066217501846429
    outer loop
      vertex -18.236479394950432 9.277178191233507 38.739999999999995
      vertex -18.043125024786917 8.826884222015202 38.250333016904285
      vertex -18.03697847836608 8.82909179615746 38.249508376044766
    endloop
  endfacet
  facet normal 0.25357810770139855 -0.6605935554186085 0.7066217501846229
    outer loop
      vertex -18.03697847836608 8.82909179615746 38.249508376044766
      vertex -17.786050386748098 8.91921433468486 38.243712485256836
      vertex -17.93941166289984 9.391211809537268 38.739999999999995
    endloop
  endfacet
  facet normal 0.25357810770138106 -0.6605935554186098 0.7066217501846279
    outer loop
      vertex -18.236479394950432 9.277178191233507 38.739999999999995
      vertex -18.03697847836608 8.82909179615746 38.249508376044766
      vertex -17.93941166289984 9.391211809537268 38.739999999999995
    endloop
  endfacet
  facet normal 0.18313815110264317 -0.6834808847193353 0.7066217501846233
    outer loop
      vertex -17.786050386748098 8.91921433468486 38.243712485256836
      vertex -17.675702830601487 8.95884641340551 38.25344742592923
      vertex -17.93941166289984 9.391211809537268 38.739999999999995
    endloop
  endfacet
  facet normal 0.18313815110265083 -0.6834808847193318 0.7066217501846246
    outer loop
      vertex -17.675702830601487 8.95884641340551 38.25344742592923
      vertex -17.528703673213947 8.987355219994186 38.24292421524949
      vertex -17.63205154008599 9.473568706230768 38.739999999999995
    endloop
  endfacet
  facet normal 0.18313815110265128 -0.6834808847193319 0.7066217501846245
    outer loop
      vertex -17.675702830601487 8.95884641340551 38.25344742592923
      vertex -17.63205154008599 9.473568706230768 38.739999999999995
      vertex -17.93941166289984 9.391211809537268 38.739999999999995
    endloop
  endfacet
  facet normal 0 0 1
    outer loop
      vertex -18.52 9.132717227504692 38.739999999999995
      vertex -18.236479394950432 9.277178191233507 38.739999999999995
      vertex -17.099826955391656 10.248671041712946 38.739999999999995
    endloop
  endfacet
  facet normal 0.11069169459632192 -0.6988798544194933 0.7066217501846247
    outer loop
      vertex -17.528703673213947 8.987355219994186 38.24292421524949
      vertex -17.29244273476592 9.033175328887172 38.251232234904066
      vertex -17.317766528333667 9.52334656191955 38.739999999999995
    endloop
  endfacet
  facet normal 0.11069169459623607 -0.6988798544195024 0.7066217501846294
    outer loop
      vertex -17.266352566135453 9.034175387530134 38.24813433402763
      vertex -17.317766528333667 9.52334656191955 38.739999999999995
      vertex -17.29244273476592 9.033175328887172 38.251232234904066
    endloop
  endfacet
  facet normal 0.03703247672028461 -0.7066217501846237 0.7066217501846237
    outer loop
      vertex -17.266352566135453 9.034175387530134 38.24813433402763
      vertex -17 9.044384910880176 38.24438491088017
      vertex -17 9.54 38.739999999999995
    endloop
  endfacet
  facet normal -1.1076616706198348e-18 -0.7071067811865476 0.7071067811865476
    outer loop
      vertex -17 9.044384910880176 38.24438491088017
      vertex -16.90232802909041 9.048128761679564 38.24812876167956
      vertex -17 9.54 38.739999999999995
    endloop
  endfacet
  facet normal 0.11069169459632296 -0.6988798544194935 0.7066217501846245
    outer loop
      vertex -17.528703673213947 8.987355219994186 38.24292421524949
      vertex -17.317766528333667 9.52334656191955 38.739999999999995
      vertex -17.63205154008599 9.473568706230768 38.739999999999995
    endloop
  endfacet
  facet normal 0.037032476720273856 -0.7066217501846211 0.7066217501846269
    outer loop
      vertex -17.266352566135453 9.034175387530134 38.24813433402763
      vertex -17 9.54 38.739999999999995
      vertex -17.317766528333667 9.52334656191955 38.739999999999995
    endloop
  endfacet
  facet normal -0.28869194733961684 0.9574220383620068 0
    outer loop
      vertex -18.272145747942613 10.027626000016376 34.99
      vertex -18.272145747942613 10.027626000016376 38.739999999999995
      vertex -17.88997512451668 10.142862099742661 38.739999999999995
    endloop
  endfacet
  facet normal -0.18528872408711433 0.982684124592521 0
    outer loop
      vertex -17.497720727313958 10.216823116265026 34.99
      vertex -17.88997512451668 10.142862099742661 38.739999999999995
      vertex -17.497720727313958 10.216823116265026 38.739999999999995
    endloop
  endfacet
  facet normal -0.07978610555308241 0.9968120070307503 0
    outer loop
      vertex -17.497720727313958 10.216823116265026 34.99
      vertex -17.497720727313958 10.216823116265026 38.739999999999995
      vertex -17.099826955391656 10.248671041712946 38.739999999999995
    endloop
  endfacet
  facet normal 0 0 1
    outer loop
      vertex -18.236479394950432 9.277178191233507 38.739999999999995
      vertex -17.93941166289984 9.391211809537268 38.739999999999995
      vertex -17.099826955391656 10.248671041712946 38.739999999999995
    endloop
  endfacet
  facet normal 0 0 1
    outer loop
      vertex -17.93941166289984 9.391211809537268 38.739999999999995
      vertex -17.63205154008599 9.473568706230768 38.739999999999995
      vertex -17.099826955391656 10.248671041712946 38.739999999999995
    endloop
  endfacet
  facet normal 0 0 1
    outer loop
      vertex -18.272145747942613 10.027626000016376 38.739999999999995
      vertex -17.497720727313958 10.216823116265026 38.739999999999995
      vertex -17.88997512451668 10.142862099742661 38.739999999999995
    endloop
  endfacet
  facet normal 0 0 1
    outer loop
      vertex -18.272145747942613 10.027626000016376 38.739999999999995
      vertex -17.099826955391656 10.248671041712946 38.739999999999995
      vertex -17.497720727313958 10.216823116265026 38.739999999999995
    endloop
  endfacet
  facet normal 0 0 1
    outer loop
      vertex -17.63205154008599 9.473568706230768 38.739999999999995
      vertex -17.317766528333667 9.52334656191955 38.739999999999995
      vertex -17.099826955391656 10.248671041712946 38.739999999999995
    endloop
  endfacet
  facet normal 0 0 1
    outer loop
      vertex -17.317766528333667 9.52334656191955 38.739999999999995
      vertex -17 9.54 38.739999999999995
      vertex -17.099826955391656 10.248671041712946 38.739999999999995
    endloop
  endfacet
  facet normal 5.975720932941633e-19 -0.7071067811865476 0.7071067811865476
    outer loop
      vertex -16.90232802909041 9.048128761679564 38.24812876167956
      vertex -4 9.54 38.739999999999995
      vertex -17 9.54 38.739999999999995
    endloop
  endfacet
  facet normal 0 0 1
    outer loop
      vertex -17 9.54 38.739999999999995
      vertex -4 9.54 38.739999999999995
      vertex -17.099826955391656 10.248671041712946 38.739999999999995
    endloop
  endfacet
  facet normal 0 -0.7071067811865475 0.7071067811865475
    outer loop
      vertex -16.90232802909041 9.048128761679564 38.24812876167956
      vertex -4 9.048128761679564 38.24812876167956
      vertex -4 9.54 38.739999999999995
    endloop
  endfacet
  facet normal 0 -1 0
    outer loop
      vertex -16.90232802909041 9.048128761679564 38.24812876167956
      vertex -16.90232802909041 9.048128761679564 35.03
      vertex 17.097671970909587 9.048128761679564 35.03
    endloop
  endfacet
  facet normal 0 1 0
    outer loop
      vertex -17.099826955391656 10.248671041712946 34.99
      vertex 16.900173044608344 10.248671041712946 34.98
      vertex -17.09979394528303 10.248671041712946 34.98
    endloop
  endfacet
  facet normal 0 1 0
    outer loop
      vertex -17.099826955391656 10.248671041712946 34.99
      vertex -17.099826955391656 10.248671041712946 38.739999999999995
      vertex 16.900173044608344 10.248671041712946 34.98
    endloop
  endfacet
  facet normal 0 0 1
    outer loop
      vertex -17.099826955391656 10.248671041712946 38.739999999999995
      vertex -4 9.54 38.739999999999995
      vertex 4 9.54 38.739999999999995
    endloop
  endfacet
  facet normal -0.03703247672027434 -0.706621750184624 0.706621750184624
    outer loop
      vertex -4 9.048128761679564 38.24812876167956
      vertex -3.6822334716663363 9.52334656191955 38.739999999999995
      vertex -4 9.54 38.739999999999995
    endloop
  endfacet
  facet normal -0.03703247672027729 -0.7066217501846229 0.7066217501846248
    outer loop
      vertex -4 9.048128761679564 38.24812876167956
      vertex -3.732180875145197 9.048128761679564 38.26216456726273
      vertex -3.6822334716663363 9.52334656191955 38.739999999999995
    endloop
  endfacet
  facet normal -0.11069169459631749 -0.6988798544194955 0.7066217501846235
    outer loop
      vertex -3.732180875145197 9.048128761679564 38.26216456726273
      vertex -3.458378511724902 9.048128761679564 38.30505547400817
      vertex -3.367948459914011 9.473568706230768 38.739999999999995
    endloop
  endfacet
  facet normal -0.1106916945963217 -0.6988798544194934 0.7066217501846249
    outer loop
      vertex -3.732180875145197 9.048128761679564 38.26216456726273
      vertex -3.367948459914011 9.473568706230768 38.739999999999995
      vertex -3.6822334716663363 9.52334656191955 38.739999999999995
    endloop
  endfacet
  facet normal -0.18313815110264942 -0.683480884719333 0.706621750184624
    outer loop
      vertex -3.458378511724902 9.048128761679564 38.30505547400817
      vertex -3.0605883371001568 9.391211809537268 38.739999999999995
      vertex -3.367948459914011 9.473568706230768 38.739999999999995
    endloop
  endfacet
  facet normal -0.18313815110266218 -0.6834808847193243 0.7066217501846289
    outer loop
      vertex -3.458378511724902 9.048128761679564 38.30505547400817
      vertex -3.1720627767927425 9.048128761679564 38.379261135401094
      vertex -3.0605883371001568 9.391211809537268 38.739999999999995
    endloop
  endfacet
  facet normal -0.25357810770138783 -0.6605935554186068 0.7066217501846286
    outer loop
      vertex -3.1720627767927425 9.048128761679564 38.379261135401094
      vertex -2.8654999814405393 9.048128761679564 38.48927418483914
      vertex -3.0605883371001568 9.391211809537268 38.739999999999995
    endloop
  endfacet
  facet normal -0.32123980948750347 -0.6304686248866176 0.7066217501846443
    outer loop
      vertex -2.8654999814405393 9.048128761679564 38.48927418483914
      vertex -2.528837173514475 9.048128761679564 38.642325652971046
      vertex -2.479999999999997 9.132717227504696 38.739999999999995
    endloop
  endfacet
  facet normal -0.2535781077013825 -0.6605935554186056 0.7066217501846314
    outer loop
      vertex -2.8654999814405393 9.048128761679564 38.48927418483914
      vertex -2.7635206050495675 9.277178191233507 38.739999999999995
      vertex -3.0605883371001568 9.391211809537268 38.739999999999995
    endloop
  endfacet
  facet normal -0.32123980948749037 -0.6304686248866388 0.7066217501846314
    outer loop
      vertex -2.8654999814405393 9.048128761679564 38.48927418483914
      vertex -2.479999999999997 9.132717227504696 38.739999999999995
      vertex -2.7635206050495675 9.277178191233507 38.739999999999995
    endloop
  endfacet
  facet normal -0.3853819406971181 -0.5934361481663493 0.7066217501846442
    outer loop
      vertex -2.528837173514475 9.048128761679564 38.642325652971046
      vertex -2.3497451851330524 9.048128761679564 38.739999999999995
      vertex -2.479999999999997 9.132717227504696 38.739999999999995
    endloop
  endfacet
  facet normal 0 -1 0
    outer loop
      vertex -4 9.048128761679564 38.24812876167956
      vertex 3.732180875145197 9.048128761679564 38.26216456726273
      vertex -3.732180875145197 9.048128761679564 38.26216456726273
    endloop
  endfacet
  facet normal 0 0 1
    outer loop
      vertex -2.7635206050495675 9.277178191233507 38.739999999999995
      vertex 1.88002565707599 9.048128761679564 38.739999999999995
      vertex -3.0605883371001568 9.391211809537268 38.739999999999995
    endloop
  endfacet
  facet normal 0 -1 0
    outer loop
      vertex -16.90232802909041 9.048128761679564 38.24812876167956
      vertex 17.097671970909587 9.048128761679564 35.03
      vertex -4 9.048128761679564 38.24812876167956
    endloop
  endfacet
  facet normal 0 -1 0
    outer loop
      vertex -3.732180875145197 9.048128761679564 38.26216456726273
      vertex 3.458378511724902 9.048128761679564 38.30505547400817
      vertex -3.458378511724902 9.048128761679564 38.30505547400817
    endloop
  endfacet
  facet normal 0 -1 0
    outer loop
      vertex -3.458378511724902 9.048128761679564 38.30505547400817
      vertex 3.1720627767927425 9.048128761679564 38.379261135401094
      vertex -3.1720627767927425 9.048128761679564 38.379261135401094
    endloop
  endfacet
  facet normal 0 -1 0
    outer loop
      vertex -3.1720627767927425 9.048128761679564 38.379261135401094
      vertex 2.8654999814405393 9.048128761679564 38.48927418483914
      vertex -2.8654999814405393 9.048128761679564 38.48927418483914
    endloop
  endfacet
  facet normal 0 -1 0
    outer loop
      vertex -2.528837173514475 9.048128761679564 38.642325652971046
      vertex 1.88002565707599 9.048128761679564 38.739999999999995
      vertex -2.3497451851330524 9.048128761679564 38.739999999999995
    endloop
  endfacet
  facet normal 0 0 1
    outer loop
      vertex -2.3497451851330524 9.048128761679564 38.739999999999995
      vertex 1.88002565707599 9.048128761679564 38.739999999999995
      vertex -2.479999999999997 9.132717227504696 38.739999999999995
    endloop
  endfacet
  facet normal 0 0 1
    outer loop
      vertex -2.7635206050495675 9.277178191233507 38.739999999999995
      vertex -2.479999999999997 9.132717227504696 38.739999999999995
      vertex 1.88002565707599 9.048128761679564 38.739999999999995
    endloop
  endfacet
  facet normal 0 -1 0
    outer loop
      vertex -2.8654999814405393 9.048128761679564 38.48927418483914
      vertex 2.528837173514475 9.048128761679564 38.642325652971046
      vertex -2.528837173514475 9.048128761679564 38.642325652971046
    endloop
  endfacet
  facet normal 0 0 1
    outer loop
      vertex -3.367948459914011 9.473568706230768 38.739999999999995
      vertex -3.0605883371001568 9.391211809537268 38.739999999999995
      vertex 3.3679484599140146 9.473568706230768 38.739999999999995
    endloop
  endfacet
  facet normal 0 0 1
    outer loop
      vertex -4 9.54 38.739999999999995
      vertex -3.6822334716663363 9.52334656191955 38.739999999999995
      vertex 4 9.54 38.739999999999995
    endloop
  endfacet
  facet normal 0 0 1
    outer loop
      vertex -3.6822334716663363 9.52334656191955 38.739999999999995
      vertex -3.367948459914011 9.473568706230768 38.739999999999995
      vertex 3.6822334716663363 9.523346561919553 38.739999999999995
    endloop
  endfacet
  facet normal 0 0 1
    outer loop
      vertex -3.6822334716663363 -9.523346561919551 38.739999999999995
      vertex 3.6822334716663363 -9.523346561919551 38.739999999999995
      vertex 3.367948459914011 -9.473568706230768 38.739999999999995
    endloop
  endfacet
  facet normal 0 0 1
    outer loop
      vertex -4 -9.54 38.739999999999995
      vertex 4 -9.54 38.739999999999995
      vertex 3.6822334716663363 -9.523346561919551 38.739999999999995
    endloop
  endfacet
  facet normal 0 0 1
    outer loop
      vertex -3.367948459914011 -9.473568706230768 38.739999999999995
      vertex 3.367948459914011 -9.473568706230768 38.739999999999995
      vertex 3.0605883371001603 -9.391211809537266 38.739999999999995
    endloop
  endfacet
  facet normal 0 1 0
    outer loop
      vertex -2.528837173514475 -9.048128761679566 38.642325652971046
      vertex 2.528837173514475 -9.048128761679566 38.642325652971046
      vertex 2.8654999814405393 -9.048128761679566 38.48927418483914
    endloop
  endfacet
  facet normal 0 0 1
    outer loop
      vertex -1.8800256570759792 -9.048128761679566 38.739999999999995
      vertex 2.7635206050495675 -9.277178191233507 38.739999999999995
      vertex 2.4800000000000004 -9.132717227504694 38.739999999999995
    endloop
  endfacet
  facet normal 0 1 0
    outer loop
      vertex -3.1720627767927425 -9.048128761679566 38.379261135401094
      vertex 3.1720627767927425 -9.048128761679566 38.379261135401094
      vertex 3.4583785117248986 -9.048128761679566 38.30505547400818
    endloop
  endfacet
  facet normal 0 1 0
    outer loop
      vertex -3.4583785117248986 -9.048128761679566 38.30505547400818
      vertex 3.4583785117248986 -9.048128761679566 38.30505547400818
      vertex 3.732180875145197 -9.048128761679566 38.26216456726273
    endloop
  endfacet
  facet normal 0 1 0
    outer loop
      vertex -2.8654999814405393 -9.048128761679566 38.48927418483914
      vertex 2.8654999814405393 -9.048128761679566 38.48927418483914
      vertex 3.1720627767927425 -9.048128761679566 38.379261135401094
    endloop
  endfacet
  facet normal 0 0 1
    outer loop
      vertex -1.8800256570759792 -9.048128761679566 38.739999999999995
      vertex 2.4800000000000004 -9.132717227504694 38.739999999999995
      vertex 2.3497451851330595 -9.048128761679566 38.739999999999995
    endloop
  endfacet
  facet normal 0 1 0
    outer loop
      vertex -1.8800256570759792 -9.048128761679566 38.739999999999995
      vertex 2.3497451851330595 -9.048128761679566 38.739999999999995
      vertex 2.528837173514475 -9.048128761679566 38.642325652971046
    endloop
  endfacet
  facet normal 0 1 0
    outer loop
      vertex 4 -9.048128761679566 38.24812876167957
      vertex 17 -9.048128761679566 38.24812876167957
      vertex -16.90232802909041 -9.048128761679566 35.03
    endloop
  endfacet
  facet normal 0 0 1
    outer loop
      vertex -1.8800256570759792 -9.048128761679566 38.739999999999995
      vertex 3.0605883371001603 -9.391211809537266 38.739999999999995
      vertex 2.7635206050495675 -9.277178191233507 38.739999999999995
    endloop
  endfacet
  facet normal 0 1 0
    outer loop
      vertex -3.732180875145197 -9.048128761679566 38.26216456726273
      vertex 3.732180875145197 -9.048128761679566 38.26216456726273
      vertex 4 -9.048128761679566 38.24812876167957
    endloop
  endfacet
  facet normal 0.3853819406971238 0.5934361481663667 0.7066217501846266
    outer loop
      vertex 2.4800000000000004 -9.132717227504694 38.739999999999995
      vertex 2.528837173514475 -9.048128761679566 38.642325652971046
      vertex 2.3497451851330595 -9.048128761679566 38.739999999999995
    endloop
  endfacet
  facet normal 0.3212398094874978 0.6304686248866377 0.7066217501846289
    outer loop
      vertex 2.4800000000000004 -9.132717227504694 38.739999999999995
      vertex 2.7635206050495675 -9.277178191233507 38.739999999999995
      vertex 2.8654999814405393 -9.048128761679566 38.48927418483914
    endloop
  endfacet
  facet normal 0.25357810770137734 0.6605935554186104 0.7066217501846288
    outer loop
      vertex 3.0605883371001603 -9.391211809537266 38.739999999999995
      vertex 2.8654999814405393 -9.048128761679566 38.48927418483914
      vertex 2.7635206050495675 -9.277178191233507 38.739999999999995
    endloop
  endfacet
  facet normal 0.3212398094874954 0.6304686248866416 0.7066217501846266
    outer loop
      vertex 2.4800000000000004 -9.132717227504694 38.739999999999995
      vertex 2.8654999814405393 -9.048128761679566 38.48927418483914
      vertex 2.528837173514475 -9.048128761679566 38.642325652971046
    endloop
  endfacet
  facet normal 0.2535781077013863 0.6605935554186121 0.7066217501846241
    outer loop
      vertex 3.0605883371001603 -9.391211809537266 38.739999999999995
      vertex 3.1720627767927425 -9.048128761679566 38.379261135401094
      vertex 2.8654999814405393 -9.048128761679566 38.48927418483914
    endloop
  endfacet
  facet normal 0.18313815110264567 0.6834808847193338 0.7066217501846241
    outer loop
      vertex 3.0605883371001603 -9.391211809537266 38.739999999999995
      vertex 3.4583785117248986 -9.048128761679566 38.30505547400818
      vertex 3.1720627767927425 -9.048128761679566 38.379261135401094
    endloop
  endfacet
  facet normal 0.1831381511026542 0.683480884719328 0.7066217501846274
    outer loop
      vertex 3.0605883371001603 -9.391211809537266 38.739999999999995
      vertex 3.367948459914011 -9.473568706230768 38.739999999999995
      vertex 3.4583785117248986 -9.048128761679566 38.30505547400818
    endloop
  endfacet
  facet normal 0.11069169459632554 0.6988798544194929 0.7066217501846247
    outer loop
      vertex 3.367948459914011 -9.473568706230768 38.739999999999995
      vertex 3.6822334716663363 -9.523346561919551 38.739999999999995
      vertex 3.732180875145197 -9.048128761679566 38.26216456726273
    endloop
  endfacet
  facet normal 0.110691694596335 0.6988798544194882 0.7066217501846278
    outer loop
      vertex 3.367948459914011 -9.473568706230768 38.739999999999995
      vertex 3.732180875145197 -9.048128761679566 38.26216456726273
      vertex 3.4583785117248986 -9.048128761679566 38.30505547400818
    endloop
  endfacet
  facet normal 0.03703247672025846 0.7066217501846244 0.7066217501846244
    outer loop
      vertex 3.6822334716663363 -9.523346561919551 38.739999999999995
      vertex 4 -9.048128761679566 38.24812876167957
      vertex 3.732180875145197 -9.048128761679566 38.26216456726273
    endloop
  endfacet
  facet normal 0.03703247672027023 0.7066217501846203 0.7066217501846279
    outer loop
      vertex 3.6822334716663363 -9.523346561919551 38.739999999999995
      vertex 4 -9.54 38.739999999999995
      vertex 4 -9.048128761679566 38.24812876167957
    endloop
  endfacet
  facet normal 0 1 0
    outer loop
      vertex 17 -9.048128761679566 38.24812876167957
      vertex 17.097671970909587 -9.048128761679566 35.03
      vertex -16.90232802909041 -9.048128761679566 35.03
    endloop
  endfacet
  facet normal 0 -1 0
    outer loop
      vertex -17.099826955391656 -10.248671041712948 38.739999999999995
      vertex 16.900173044608344 -10.248671041712948 34.99
      vertex 16.900173044608344 -10.248671041712948 38.739999999999995
    endloop
  endfacet
  facet normal 0 0 1
    outer loop
      vertex -4 -9.54 38.739999999999995
      vertex 16.900173044608344 -10.248671041712948 38.739999999999995
      vertex 4 -9.54 38.739999999999995
    endloop
  endfacet
  facet normal 6.264564336194094e-19 0.7071067811865438 0.7071067811865515
    outer loop
      vertex 4 -9.54 38.739999999999995
      vertex 17 -9.048128761679566 38.24812876167957
      vertex 4 -9.048128761679566 38.24812876167957
    endloop
  endfacet
  facet normal 0 0 1
    outer loop
      vertex 4 -9.54 38.739999999999995
      vertex 16.900173044608344 -10.248671041712948 38.739999999999995
      vertex 17 -9.54 38.739999999999995
    endloop
  endfacet
  facet normal 0 0.7071067811865438 0.7071067811865515
    outer loop
      vertex 4 -9.54 38.739999999999995
      vertex 17 -9.54 38.739999999999995
      vertex 17 -9.048128761679566 38.24812876167957
    endloop
  endfacet
  facet normal 0.13272552728664222 -0.9911528310036161 9.563681102184112e-20
    outer loop
      vertex 17.694701867587085 -10.185082989075989 34.98
      vertex 17.694832715326676 -10.185065467221953 34.98
      vertex 17.694832715326676 -10.185065467221953 34.99
    endloop
  endfacet
  facet normal 0.23732669987484076 -0.9714298932637996 3.132715549176387e-19
    outer loop
      vertex 18.08246655932421 -10.090363974512979 34.98
      vertex 18.08259480252358 -10.09033264385752 34.98
      vertex 18.08259480252358 -10.09033264385752 34.99
    endloop
  endfacet
  facet normal 0.33923886612088516 -0.9407002666700038 -1.0830704880467447e-19
    outer loop
      vertex 18.082718987254772 -10.090287859892966 34.98
      vertex 18.08259480252358 -10.09033264385752 34.99
      vertex 18.08259480252358 -10.09033264385752 34.98
    endloop
  endfacet
  facet normal 0.02662052143777555 -0.9996456111234525 0
    outer loop
      vertex 16.900173044608344 -10.248671041712948 34.99
      vertex 17.299197895824065 -10.238045026365313 34.99
      vertex 16.900173044608344 -10.248671041712948 38.739999999999995
    endloop
  endfacet
  facet normal 0.1327255272837245 -0.9911528310040069 0
    outer loop
      vertex 17.299197895824065 -10.238045026365313 34.99
      vertex 17.694832715326676 -10.185065467221953 34.99
      vertex 17.299197895824065 -10.238045026365313 38.739999999999995
    endloop
  endfacet
  facet normal 0.23732669987111268 -0.9714298932647105 0
    outer loop
      vertex 17.694832715326676 -10.185065467221953 34.99
      vertex 18.08259480252358 -10.09033264385752 34.99
      vertex 17.694832715326676 -10.185065467221953 38.739999999999995
    endloop
  endfacet
  facet normal -0.11468342539840111 0.993402089759675 0
    outer loop
      vertex 17.485497328369902 -9.00335621599198 38.251981663911
      vertex 17.485497328369902 -9.00335621599198 35.03
      vertex 17.097671970909587 -9.048128761679566 35.03
    endloop
  endfacet
  facet normal 0.02662052143777555 -0.9996456111234525 0
    outer loop
      vertex 17.299197895824065 -10.238045026365313 34.99
      vertex 17.299197895824065 -10.238045026365313 38.739999999999995
      vertex 16.900173044608344 -10.248671041712948 38.739999999999995
    endloop
  endfacet
  facet normal 0.1327255272837245 -0.9911528310040069 0
    outer loop
      vertex 17.694832715326676 -10.185065467221953 34.99
      vertex 17.694832715326676 -10.185065467221953 38.739999999999995
      vertex 17.299197895824065 -10.238045026365313 38.739999999999995
    endloop
  endfacet
  facet normal 0.23732669987111268 -0.9714298932647105 0
    outer loop
      vertex 18.08259480252358 -10.09033264385752 34.99
      vertex 18.08259480252358 -10.09033264385752 38.739999999999995
      vertex 17.694832715326676 -10.185065467221953 38.739999999999995
    endloop
  endfacet
  facet normal 0 0 1
    outer loop
      vertex 16.900173044608344 -10.248671041712948 38.739999999999995
      vertex 17.299197895824065 -10.238045026365313 38.739999999999995
      vertex 17.694832715326676 -10.185065467221953 38.739999999999995
    endloop
  endfacet
  facet normal 0 0 1
    outer loop
      vertex 16.900173044608344 -10.248671041712948 38.739999999999995
      vertex 17.31776652833367 -9.523346561919551 38.739999999999995
      vertex 17 -9.54 38.739999999999995
    endloop
  endfacet
  facet normal 0 0 1
    outer loop
      vertex 16.900173044608344 -10.248671041712948 38.739999999999995
      vertex 17.63205154008599 -9.473568706230768 38.739999999999995
      vertex 17.31776652833367 -9.523346561919551 38.739999999999995
    endloop
  endfacet
  facet normal 0 0 1
    outer loop
      vertex 16.900173044608344 -10.248671041712948 38.739999999999995
      vertex 17.939411662899836 -9.391211809537266 38.739999999999995
      vertex 17.63205154008599 -9.473568706230768 38.739999999999995
    endloop
  endfacet
  facet normal 0 0 1
    outer loop
      vertex 16.900173044608344 -10.248671041712948 38.739999999999995
      vertex 17.694832715326676 -10.185065467221953 38.739999999999995
      vertex 18.458090658024958 -9.954919917014049 38.739999999999995
    endloop
  endfacet
  facet normal 0 0 1
    outer loop
      vertex 17.694832715326676 -10.185065467221953 38.739999999999995
      vertex 18.08259480252358 -10.09033264385752 38.739999999999995
      vertex 18.458090658024958 -9.954919917014049 38.739999999999995
    endloop
  endfacet
  facet normal 0 0 1
    outer loop
      vertex 16.900173044608344 -10.248671041712948 38.739999999999995
      vertex 18.236479394950436 -9.277178191233507 38.739999999999995
      vertex 17.939411662899836 -9.391211809537266 38.739999999999995
    endloop
  endfacet
  facet normal 0 1 0
    outer loop
      vertex 17 -9.048128761679566 38.24812876167957
      vertex 17.097671970909587 -9.048128761679566 38.25324753277313
      vertex 17.097671970909587 -9.048128761679566 35.03
    endloop
  endfacet
  facet normal -0.11468342539839595 0.9934020897596755 0
    outer loop
      vertex 17.097671970909587 -9.048128761679566 38.25324753277313
      vertex 17.26577934838972 -9.028721584985558 38.24265049041395
      vertex 17.097671970909587 -9.048128761679566 35.03
    endloop
  endfacet
  facet normal -0.11468342539840506 0.9934020897596745 4.8465204041066405e-16
    outer loop
      vertex 17.26577934838972 -9.028721584985558 38.24265049041395
      vertex 17.485497328369902 -9.00335621599198 38.251981663911
      vertex 17.097671970909587 -9.048128761679566 35.03
    endloop
  endfacet
  facet normal -0.2649815021966586 0.9642534954531419 0
    outer loop
      vertex 17.485497328369902 -9.00335621599198 38.251981663911
      vertex 17.529532619573338 -8.991255105995723 38.246911227024206
      vertex 17.485497328369902 -9.00335621599198 35.03
    endloop
  endfacet
  facet normal -0.26498150219666466 0.9642534954531401 8.934862967100658e-17
    outer loop
      vertex 17.529532619573338 -8.991255105995723 38.246911227024206
      vertex 17.78651226876662 -8.920635861369384 38.245207166866365
      vertex 17.485497328369902 -9.00335621599198 35.03
    endloop
  endfacet
  facet normal -0.03703247672026962 0.7066217501846248 0.7066217501846234
    outer loop
      vertex 17 -9.54 38.739999999999995
      vertex 17.31776652833367 -9.523346561919551 38.739999999999995
      vertex 17.26577934838972 -9.028721584985558 38.24265049041395
    endloop
  endfacet
  facet normal -0.11069169459632755 0.69887985441949 0.7066217501846271
    outer loop
      vertex 17.31776652833367 -9.523346561919551 38.739999999999995
      vertex 17.63205154008599 -9.473568706230768 38.739999999999995
      vertex 17.485497328369902 -9.00335621599198 38.251981663911
    endloop
  endfacet
  facet normal -0.037032476720231404 0.7066217501846213 0.7066217501846289
    outer loop
      vertex 17 -9.54 38.739999999999995
      vertex 17.097671970909587 -9.048128761679566 38.25324753277313
      vertex 17 -9.048128761679566 38.24812876167957
    endloop
  endfacet
  facet normal -0.037032476720265356 0.7066217501846238 0.7066217501846247
    outer loop
      vertex 17 -9.54 38.739999999999995
      vertex 17.26577934838972 -9.028721584985558 38.24265049041395
      vertex 17.097671970909587 -9.048128761679566 38.25324753277313
    endloop
  endfacet
  facet normal -0.11069169459634487 0.6988798544194917 0.706621750184623
    outer loop
      vertex 17.31776652833367 -9.523346561919551 38.739999999999995
      vertex 17.485497328369902 -9.00335621599198 38.251981663911
      vertex 17.26577934838972 -9.028721584985558 38.24265049041395
    endloop
  endfacet
  facet normal -0.11069169459628782 0.6988798544194994 0.7066217501846243
    outer loop
      vertex 17.485497328369902 -9.00335621599198 38.251981663911
      vertex 17.63205154008599 -9.473568706230768 38.739999999999995
      vertex 17.529532619573338 -8.991255105995723 38.246911227024206
    endloop
  endfacet
  facet normal -0.18313815110265708 0.6834808847193297 0.7066217501846251
    outer loop
      vertex 17.63205154008599 -9.473568706230768 38.739999999999995
      vertex 17.78651226876662 -8.920635861369384 38.245207166866365
      vertex 17.529532619573338 -8.991255105995723 38.246911227024206
    endloop
  endfacet
  facet normal -0.18313815110265674 0.6834808847193297 0.7066217501846251
    outer loop
      vertex 17.63205154008599 -9.473568706230768 38.739999999999995
      vertex 17.939411662899836 -9.391211809537266 38.739999999999995
      vertex 17.78651226876662 -8.920635861369384 38.245207166866365
    endloop
  endfacet
  facet normal -0.2535781077013729 0.6605935554186148 0.7066217501846265
    outer loop
      vertex 17.939411662899836 -9.391211809537266 38.739999999999995
      vertex 18.236479394950436 -9.277178191233507 38.739999999999995
      vertex 18.034138525261135 -8.822713157047584 38.242526086267596
    endloop
  endfacet
  facet normal -0.25357810770137107 0.660593555418617 0.7066217501846249
    outer loop
      vertex 17.939411662899836 -9.391211809537266 38.739999999999995
      vertex 17.86194303994168 -8.899907122347882 38.25289773230119
      vertex 17.78651226876662 -8.920635861369384 38.245207166866365
    endloop
  endfacet
  facet normal -0.2535781077013821 0.6605935554186139 0.7066217501846237
    outer loop
      vertex 17.939411662899836 -9.391211809537266 38.739999999999995
      vertex 18.034138525261135 -8.822713157047584 38.242526086267596
      vertex 17.86194303994168 -8.899907122347882 38.25289773230119
    endloop
  endfacet
  facet normal -0.26498150219666294 0.9642534954531407 -8.66067528625668e-17
    outer loop
      vertex 17.78651226876662 -8.920635861369384 38.245207166866365
      vertex 17.86194303994168 -8.899907122347882 35.03
      vertex 17.485497328369902 -9.00335621599198 35.03
    endloop
  endfacet
  facet normal -0.40906863717133846 0.9125036164765506 0
    outer loop
      vertex 18.218185537206267 -8.740206239822903 38.25258125992431
      vertex 18.218185537206267 -8.740206239822903 35.03
      vertex 17.86194303994168 -8.899907122347882 35.03
    endloop
  endfacet
  facet normal -0.2649815021966595 0.9642534954531415 8.924224498496659e-20
    outer loop
      vertex 17.78651226876662 -8.920635861369384 38.245207166866365
      vertex 17.86194303994168 -8.899907122347882 38.25289773230119
      vertex 17.86194303994168 -8.899907122347882 35.03
    endloop
  endfacet
  facet normal -0.4090686371713383 0.9125036164765506 0
    outer loop
      vertex 17.86194303994168 -8.899907122347882 38.25289773230119
      vertex 18.034138525261135 -8.822713157047584 38.242526086267596
      vertex 17.86194303994168 -8.899907122347882 35.03
    endloop
  endfacet
  facet normal -0.4090686371713388 0.9125036164765506 3.199932537326224e-17
    outer loop
      vertex 18.034138525261135 -8.822713157047584 38.242526086267596
      vertex 18.218185537206267 -8.740206239822903 38.25258125992431
      vertex 17.86194303994168 -8.899907122347882 35.03
    endloop
  endfacet
  facet normal 0.43730732045035897 -0.8993121301753507 0
    outer loop
      vertex 18.458090658024958 -9.954919917014049 34.98
      vertex 18.4582093780988 -9.954862187160716 34.98
      vertex 18.458090658024958 -9.954919917014049 34.99
    endloop
  endfacet
  facet normal 0.33923886611802617 -0.9407002666710348 0
    outer loop
      vertex 18.08259480252358 -10.09033264385752 34.99
      vertex 18.458090658024958 -9.954919917014049 34.99
      vertex 18.08259480252358 -10.09033264385752 38.739999999999995
    endloop
  endfacet
  facet normal 0.4373073204588611 -0.8993121301712164 0
    outer loop
      vertex 18.458090658024958 -9.954919917014049 34.99
      vertex 18.817065763747436 -9.780361566994856 34.99
      vertex 18.458090658024958 -9.954919917014049 38.739999999999995
    endloop
  endfacet
  facet normal 0.5304209081197421 -0.8477344278896712 0
    outer loop
      vertex 18.817065763747436 -9.780361566994856 34.99
      vertex 19.155452788304025 -9.568635409655634 34.99
      vertex 18.817065763747436 -9.780361566994856 38.739999999999995
    endloop
  endfacet
  facet normal 0.617524614946193 -0.7865515558026418 0
    outer loop
      vertex 19.155452788304025 -9.568635409655634 34.99
      vertex 19.469417671493893 -9.32214038696052 34.99
      vertex 19.155452788304025 -9.568635409655634 38.739999999999995
    endloop
  endfacet
  facet normal 0.7698339834389805 -0.638244183633875 -4.2400967934211783e-19
    outer loop
      vertex 19.755487318850975 -9.043567762036421 34.98
      vertex 19.755403065736502 -9.04366938601106 34.99
      vertex 19.755403065736502 -9.04366938601106 34.98
    endloop
  endfacet
  facet normal 0.6976315211349831 -0.7164567402983169 0
    outer loop
      vertex 19.469417671493893 -9.32214038696052 34.99
      vertex 19.755403065736502 -9.04366938601106 34.99
      vertex 19.469417671493893 -9.32214038696052 38.739999999999995
    endloop
  endfacet
  facet normal 0.33923886611802617 -0.9407002666710348 8.342182668093145e-20
    outer loop
      vertex 18.08259480252358 -10.09033264385752 38.739999999999995
      vertex 18.458090658024958 -9.954919917014049 34.99
      vertex 18.458090658024958 -9.954919917014049 38.739999999999995
    endloop
  endfacet
  facet normal 0.4373073204588611 -0.8993121301712164 0
    outer loop
      vertex 18.817065763747436 -9.780361566994856 34.99
      vertex 18.817065763747436 -9.780361566994856 38.739999999999995
      vertex 18.458090658024958 -9.954919917014049 38.739999999999995
    endloop
  endfacet
  facet normal 0.5304209081197421 -0.8477344278896712 0
    outer loop
      vertex 19.155452788304025 -9.568635409655634 34.99
      vertex 19.155452788304025 -9.568635409655634 38.739999999999995
      vertex 18.817065763747436 -9.780361566994856 38.739999999999995
    endloop
  endfacet
  facet normal 0 0 1
    outer loop
      vertex 16.900173044608344 -10.248671041712948 38.739999999999995
      vertex 18.458090658024958 -9.954919917014049 38.739999999999995
      vertex 19.469417671493893 -9.32214038696052 38.739999999999995
    endloop
  endfacet
  facet normal 0 0 1
    outer loop
      vertex 16.900173044608344 -10.248671041712948 38.739999999999995
      vertex 19.469417671493893 -9.32214038696052 38.739999999999995
      vertex 18.236479394950436 -9.277178191233507 38.739999999999995
    endloop
  endfacet
  facet normal 0 0 1
    outer loop
      vertex 18.458090658024958 -9.954919917014049 38.739999999999995
      vertex 18.817065763747436 -9.780361566994856 38.739999999999995
      vertex 19.469417671493893 -9.32214038696052 38.739999999999995
    endloop
  endfacet
  facet normal 0.617524614946193 -0.7865515558026418 0
    outer loop
      vertex 19.469417671493893 -9.32214038696052 34.99
      vertex 19.469417671493893 -9.32214038696052 38.739999999999995
      vertex 19.155452788304025 -9.568635409655634 38.739999999999995
    endloop
  endfacet
  facet normal -0.3212398094874978 0.6304686248866377 0.7066217501846291
    outer loop
      vertex 18.236479394950436 -9.277178191233507 38.739999999999995
      vertex 18.520000000000003 -9.132717227504694 38.739999999999995
      vertex 18.218185537206267 -8.740206239822903 38.25258125992431
    endloop
  endfacet
  facet normal 0 0 1
    outer loop
      vertex 18.236479394950436 -9.277178191233507 38.739999999999995
      vertex 19.469417671493893 -9.32214038696052 38.739999999999995
      vertex 18.520000000000003 -9.132717227504694 38.739999999999995
    endloop
  endfacet
  facet normal 0 0 1
    outer loop
      vertex 18.817065763747436 -9.780361566994856 38.739999999999995
      vertex 19.155452788304025 -9.568635409655634 38.739999999999995
      vertex 19.469417671493893 -9.32214038696052 38.739999999999995
    endloop
  endfacet
  facet normal 0 0 1
    outer loop
      vertex 18.520000000000003 -9.132717227504694 38.739999999999995
      vertex 19.469417671493893 -9.32214038696052 38.739999999999995
      vertex 18.786867166969124 -8.95941166289984 38.739999999999995
    endloop
  endfacet
  facet normal 0 0 1
    outer loop
      vertex 19.469417671493893 -9.32214038696052 38.739999999999995
      vertex 19.03415704333093 -8.759160269451279 38.739999999999995
      vertex 18.786867166969124 -8.95941166289984 38.739999999999995
    endloop
  endfacet
  facet normal 0.6976315211349831 -0.7164567402983169 0
    outer loop
      vertex 19.755403065736502 -9.04366938601106 34.99
      vertex 19.755403065736502 -9.04366938601106 38.739999999999995
      vertex 19.469417671493893 -9.32214038696052 38.739999999999995
    endloop
  endfacet
  facet normal 0 0 1
    outer loop
      vertex 19.469417671493893 -9.32214038696052 38.739999999999995
      vertex 19.755403065736502 -9.04366938601106 38.739999999999995
      vertex 20.010168642241112 -8.73637759451938 38.739999999999995
    endloop
  endfacet
  facet normal -0.5435675500012176 0.8393654261319523 -1.390499230159469e-16
    outer loop
      vertex 18.496606756929012 -8.55990248229209 38.246179495133575
      vertex 18.545874797964927 -8.527996821747237 35.03
      vertex 18.218185537206267 -8.740206239822903 35.03
    endloop
  endfacet
  facet normal -0.6653257001655721 0.7465532216119565 6.25821153190153e-16
    outer loop
      vertex 18.701298669768782 -8.389483594107466 38.24255096628529
      vertex 18.837330063682003 -8.268252877020215 35.03
      vertex 18.545874797964927 -8.527996821747237 35.03
    endloop
  endfacet
  facet normal -0.7714891798219401 0.6362424423265634 -1.3724494067030984e-16
    outer loop
      vertex 19.06081075504256 -7.997266655709153 38.24730218199522
      vertex 19.085719869955128 -7.967062583557483 35.03
      vertex 18.837330063682003 -8.268252877020215 35.03
    endloop
  endfacet
  facet normal -0.8595696069872 0.5110186794471122 8.761831498814282e-16
    outer loop
      vertex 19.2020645641514 -7.771362568885744 38.24272513777149
      vertex 19.28522217025069 -7.631485586560746 35.03
      vertex 19.085719869955128 -7.967062583557483 35.03
    endloop
  endfacet
  facet normal 0.8333139190836566 -0.5528000653594723 3.443972689777872e-18
    outer loop
      vertex 20.010755501717135 -8.735492938021379 34.99
      vertex 20.010168642241112 -8.73637759451938 34.99
      vertex 20.010168642241112 -8.73637759451938 34.98
    endloop
  endfacet
  facet normal 0.833313919069353 -0.5528000653810343 0
    outer loop
      vertex 20.230827805226774 -8.40374675127065 34.98
      vertex 20.230827805226774 -8.40374675127065 34.99
      vertex 20.23075483138951 -8.403856755082384 34.98
    endloop
  endfacet
  facet normal 0.8873520750456997 -0.4610925014702482 0
    outer loop
      vertex 20.230827805226774 -8.40374675127065 34.98
      vertex 20.230888671797643 -8.403629616253728 34.98
      vertex 20.230827805226774 -8.40374675127065 34.99
    endloop
  endfacet
  facet normal 0.7698339834299083 -0.6382441836448177 0
    outer loop
      vertex 19.755403065736502 -9.04366938601106 34.99
      vertex 20.010168642241112 -8.73637759451938 34.99
      vertex 19.755403065736502 -9.04366938601106 38.739999999999995
    endloop
  endfacet
  facet normal 0.8333139190836566 -0.5528000653594723 9.183927172745708e-21
    outer loop
      vertex 20.010755501717135 -8.735492938021379 34.99
      vertex 20.010168642241112 -8.73637759451938 38.739999999999995
      vertex 20.010168642241112 -8.73637759451938 34.99
    endloop
  endfacet
  facet normal 0.8333139190825095 -0.5528000653612016 4.048372534871485e-19
    outer loop
      vertex 20.010755501717135 -8.735492938021379 34.99
      vertex 20.230827805226774 -8.40374675127065 34.99
      vertex 20.230827805226774 -8.40374675127065 38.739999999999995
    endloop
  endfacet
  facet normal 0.8873520750565725 -0.4610925014493241 0
    outer loop
      vertex 20.230827805226774 -8.40374675127065 34.99
      vertex 20.414880398205923 -8.04954569663142 34.99
      vertex 20.230827805226774 -8.40374675127065 38.739999999999995
    endloop
  endfacet
  facet normal 0.9313361774523349 -0.3641605752528312 0
    outer loop
      vertex 20.414880398205923 -8.04954569663142 34.99
      vertex 20.560241031756433 -7.677787670082308 34.99
      vertex 20.414880398205923 -8.04954569663142 38.739999999999995
    endloop
  endfacet
  facet normal -0.5435675500011984 0.8393654261319646 0
    outer loop
      vertex 18.218185537206267 -8.740206239822903 38.25258125992431
      vertex 18.272919347127612 -8.704760983162428 38.24583869425522
      vertex 18.218185537206267 -8.740206239822903 35.03
    endloop
  endfacet
  facet normal -0.5435675500012237 0.8393654261319483 6.10767002048905e-16
    outer loop
      vertex 18.272919347127612 -8.704760983162428 38.24583869425522
      vertex 18.496606756929012 -8.55990248229209 38.246179495133575
      vertex 18.218185537206267 -8.740206239822903 35.03
    endloop
  endfacet
  facet normal -0.5435675500012113 0.8393654261319564 4.0040433267634444e-19
    outer loop
      vertex 18.496606756929012 -8.55990248229209 38.246179495133575
      vertex 18.545874797964927 -8.527996821747237 38.252398045051045
      vertex 18.545874797964927 -8.527996821747237 35.03
    endloop
  endfacet
  facet normal -0.665325700165565 0.746553221611963 0
    outer loop
      vertex 18.545874797964927 -8.527996821747237 38.252398045051045
      vertex 18.701298669768782 -8.389483594107466 38.24255096628529
      vertex 18.545874797964927 -8.527996821747237 35.03
    endloop
  endfacet
  facet normal -0.32123980948750813 0.6304686248866352 0.7066217501846267
    outer loop
      vertex 18.034138525261135 -8.822713157047584 38.242526086267596
      vertex 18.236479394950436 -9.277178191233507 38.739999999999995
      vertex 18.218185537206267 -8.740206239822903 38.25258125992431
    endloop
  endfacet
  facet normal -0.32123980948745695 0.6304686248866636 0.7066217501846246
    outer loop
      vertex 18.520000000000003 -9.132717227504694 38.739999999999995
      vertex 18.272919347127612 -8.704760983162428 38.24583869425522
      vertex 18.218185537206267 -8.740206239822903 38.25258125992431
    endloop
  endfacet
  facet normal -0.3853819406971217 0.5934361481663685 0.706621750184626
    outer loop
      vertex 18.520000000000003 -9.132717227504694 38.739999999999995
      vertex 18.496606756929012 -8.55990248229209 38.246179495133575
      vertex 18.272919347127612 -8.704760983162428 38.24583869425522
    endloop
  endfacet
  facet normal -0.3853819406971217 0.5934361481663685 0.7066217501846261
    outer loop
      vertex 18.520000000000003 -9.132717227504694 38.739999999999995
      vertex 18.786867166969124 -8.95941166289984 38.739999999999995
      vertex 18.496606756929012 -8.55990248229209 38.246179495133575
    endloop
  endfacet
  facet normal -0.44530174671810074 0.5499018608222955 0.7066217501846268
    outer loop
      vertex 18.786867166969124 -8.95941166289984 38.739999999999995
      vertex 18.545874797964927 -8.527996821747237 38.252398045051045
      vertex 18.496606756929012 -8.55990248229209 38.246179495133575
    endloop
  endfacet
  facet normal -0.44530174671811884 0.5499018608222832 0.706621750184625
    outer loop
      vertex 18.786867166969124 -8.95941166289984 38.739999999999995
      vertex 18.701298669768782 -8.389483594107466 38.24255096628529
      vertex 18.545874797964927 -8.527996821747237 38.252398045051045
    endloop
  endfacet
  facet normal -0.44530174671811684 0.5499018608222842 0.7066217501846257
    outer loop
      vertex 18.786867166969124 -8.95941166289984 38.739999999999995
      vertex 19.03415704333093 -8.759160269451279 38.739999999999995
      vertex 18.701298669768782 -8.389483594107466 38.24255096628529
    endloop
  endfacet
  facet normal 0 0 1
    outer loop
      vertex 19.469417671493893 -9.32214038696052 38.739999999999995
      vertex 19.25916026945128 -8.534157043330929 38.739999999999995
      vertex 19.03415704333093 -8.759160269451279 38.739999999999995
    endloop
  endfacet
  facet normal 0 0 1
    outer loop
      vertex 19.469417671493893 -9.32214038696052 38.739999999999995
      vertex 19.459411662899868 -8.286867166969063 38.739999999999995
      vertex 19.25916026945128 -8.534157043330929 38.739999999999995
    endloop
  endfacet
  facet normal -0.5003427336166779 0.5003427336166779 0.7066217501846234
    outer loop
      vertex 19.03415704333093 -8.759160269451279 38.739999999999995
      vertex 19.25916026945128 -8.534157043330929 38.739999999999995
      vertex 18.837330063682003 -8.268252877020215 38.25303098774026
    endloop
  endfacet
  facet normal -0.5003427336166688 0.5003427336166837 0.7066217501846256
    outer loop
      vertex 18.701298669768782 -8.389483594107466 38.24255096628529
      vertex 19.03415704333093 -8.759160269451279 38.739999999999995
      vertex 18.837330063682003 -8.268252877020215 38.25303098774026
    endloop
  endfacet
  facet normal -0.5003427336167132 0.5003427336166335 0.7066217501846297
    outer loop
      vertex 19.25916026945128 -8.534157043330929 38.739999999999995
      vertex 18.891241468571017 -8.202881467045135 38.244916419697994
      vertex 18.837330063682003 -8.268252877020215 38.25303098774026
    endloop
  endfacet
  facet normal -0.6653257001655805 0.7465532216119493 2.2094438782715764e-18
    outer loop
      vertex 18.701298669768782 -8.389483594107466 38.24255096628529
      vertex 18.837330063682003 -8.268252877020215 38.25303098774026
      vertex 18.837330063682003 -8.268252877020215 35.03
    endloop
  endfacet
  facet normal -0.7714891798219563 0.6362424423265435 0
    outer loop
      vertex 18.837330063682003 -8.268252877020215 38.25303098774026
      vertex 18.891241468571017 -8.202881467045135 38.244916419697994
      vertex 18.837330063682003 -8.268252877020215 35.03
    endloop
  endfacet
  facet normal -0.771489179821936 0.6362424423265683 -8.4499565967279e-16
    outer loop
      vertex 18.891241468571017 -8.202881467045135 38.244916419697994
      vertex 19.06081075504256 -7.997266655709153 38.24730218199522
      vertex 18.837330063682003 -8.268252877020215 35.03
    endloop
  endfacet
  facet normal -0.7714891798219329 0.6362424423265721 2.0309855107127834e-19
    outer loop
      vertex 19.06081075504256 -7.997266655709153 38.24730218199522
      vertex 19.085719869955128 -7.967062583557483 38.251748500360534
      vertex 19.085719869955128 -7.967062583557483 35.03
    endloop
  endfacet
  facet normal -0.8595696069871938 0.5110186794471229 0
    outer loop
      vertex 19.085719869955128 -7.967062583557483 38.251748500360534
      vertex 19.2020645641514 -7.771362568885744 38.24272513777149
      vertex 19.085719869955128 -7.967062583557483 35.03
    endloop
  endfacet
  facet normal -0.5499018608223023 0.4453017467180907 0.7066217501846278
    outer loop
      vertex 19.25916026945128 -8.534157043330929 38.739999999999995
      vertex 19.06081075504256 -7.997266655709153 38.24730218199522
      vertex 18.891241468571017 -8.202881467045135 38.244916419697994
    endloop
  endfacet
  facet normal -0.5499018608223055 0.4453017467180886 0.7066217501846268
    outer loop
      vertex 19.25916026945128 -8.534157043330929 38.739999999999995
      vertex 19.459411662899868 -8.286867166969063 38.739999999999995
      vertex 19.06081075504256 -7.997266655709153 38.24730218199522
    endloop
  endfacet
  facet normal -0.5934361481663435 0.3853819406971615 0.7066217501846254
    outer loop
      vertex 19.06081075504256 -7.997266655709153 38.24730218199522
      vertex 19.459411662899868 -8.286867166969063 38.739999999999995
      vertex 19.085719869955128 -7.967062583557483 38.251748500360534
    endloop
  endfacet
  facet normal -0.5934361481663639 0.38538194069713416 0.7066217501846231
    outer loop
      vertex 19.085719869955128 -7.967062583557483 38.251748500360534
      vertex 19.459411662899868 -8.286867166969063 38.739999999999995
      vertex 19.2020645641514 -7.771362568885744 38.24272513777149
    endloop
  endfacet
  facet normal -0.5934361481663537 0.38538194069714293 0.706621750184627
    outer loop
      vertex 19.2020645641514 -7.771362568885744 38.24272513777149
      vertex 19.459411662899868 -8.286867166969063 38.739999999999995
      vertex 19.6327172275047 -8.02 38.739999999999995
    endloop
  endfacet
  facet normal -0.6304686248866357 0.3212398094875043 0.7066217501846279
    outer loop
      vertex 19.2020645641514 -7.771362568885744 38.24272513777149
      vertex 19.6327172275047 -8.02 38.739999999999995
      vertex 19.28522217025069 -7.631485586560746 38.25333082095426
    endloop
  endfacet
  facet normal 0.7698339834299083 -0.6382441836448177 2.106199248095442e-18
    outer loop
      vertex 19.755403065736502 -9.04366938601106 38.739999999999995
      vertex 20.010168642241112 -8.73637759451938 34.99
      vertex 20.010168642241112 -8.73637759451938 38.739999999999995
    endloop
  endfacet
  facet normal 0.8333139190825126 -0.5528000653611971 -5.858832262074494e-16
    outer loop
      vertex 20.010755501717135 -8.735492938021379 34.99
      vertex 20.230827805226774 -8.40374675127065 38.739999999999995
      vertex 20.010168642241112 -8.73637759451938 38.739999999999995
    endloop
  endfacet
  facet normal 0 0 1
    outer loop
      vertex 19.469417671493893 -9.32214038696052 38.739999999999995
      vertex 20.010168642241112 -8.73637759451938 38.739999999999995
      vertex 20.230827805226774 -8.40374675127065 38.739999999999995
    endloop
  endfacet
  facet normal 0 0 1
    outer loop
      vertex 19.469417671493893 -9.32214038696052 38.739999999999995
      vertex 19.6327172275047 -8.02 38.739999999999995
      vertex 19.459411662899868 -8.286867166969063 38.739999999999995
    endloop
  endfacet
  facet normal 0 0 1
    outer loop
      vertex 19.469417671493893 -9.32214038696052 38.739999999999995
      vertex 19.777178191233503 -7.7364793949504325 38.739999999999995
      vertex 19.6327172275047 -8.02 38.739999999999995
    endloop
  endfacet
  facet normal 0.8873520750565725 -0.4610925014493241 0
    outer loop
      vertex 20.414880398205923 -8.04954569663142 34.99
      vertex 20.414880398205923 -8.04954569663142 38.739999999999995
      vertex 20.230827805226774 -8.40374675127065 38.739999999999995
    endloop
  endfacet
  facet normal 0.9313361774523349 -0.3641605752528312 -6.414878024164221e-19
    outer loop
      vertex 20.414880398205923 -8.04954569663142 38.739999999999995
      vertex 20.560241031756433 -7.677787670082308 34.99
      vertex 20.560241031756433 -7.677787670082308 38.739999999999995
    endloop
  endfacet
  facet normal -0.6304686248866509 0.32123980948748476 0.7066217501846231
    outer loop
      vertex 19.6327172275047 -8.02 38.739999999999995
      vertex 19.777178191233503 -7.7364793949504325 38.739999999999995
      vertex 19.28522217025069 -7.631485586560746 38.25333082095426
    endloop
  endfacet
  facet normal 0 0 1
    outer loop
      vertex 19.469417671493893 -9.32214038696052 38.739999999999995
      vertex 20.72875550078801 -6.898600571177622 38.739999999999995
      vertex 19.777178191233503 -7.7364793949504325 38.739999999999995
    endloop
  endfacet
  facet normal 0 0 1
    outer loop
      vertex 19.469417671493893 -9.32214038696052 38.739999999999995
      vertex 20.230827805226774 -8.40374675127065 38.739999999999995
      vertex 20.72875550078801 -6.898600571177622 38.739999999999995
    endloop
  endfacet
  facet normal 0 0 1
    outer loop
      vertex 20.230827805226774 -8.40374675127065 38.739999999999995
      vertex 20.414880398205923 -8.04954569663142 38.739999999999995
      vertex 20.560241031756433 -7.677787670082308 38.739999999999995
    endloop
  endfacet
  facet normal -0.9275024511020962 0.3738170718407651 -2.878361324334535e-16
    outer loop
      vertex 19.324191315247724 -7.534796643693262 38.24414413185884
      vertex 19.43116079974007 -7.2693875264177406 35.03
      vertex 19.28522217025069 -7.631485586560746 35.03
    endloop
  endfacet
  facet normal 0.987268354721499 -0.15906349601811343 0
    outer loop
      vertex 20.665262711817 -7.29268483861109 34.98
      vertex 20.665431575617454 -7.29163674215515 34.99
      vertex 20.665262711817 -7.29268483861109 34.98110590427635
    endloop
  endfacet
  facet normal 0.9872683547213452 -0.15906349601906816 1.0266149206928386e-13
    outer loop
      vertex 20.665262711817 -7.29268483861109 34.98
      vertex 20.72875550078801 -6.898600571177622 34.99
      vertex 20.665431575617454 -7.29163674215515 34.99
    endloop
  endfacet
  facet normal -0.9736954238777769 0.22785350890314707 -8.328555501420412e-16
    outer loop
      vertex 19.487476937371504 -7.028729545041164 38.24304865186542
      vertex 19.52011508063989 -6.889255674758129 35.03
      vertex 19.43116079974007 -7.2693875264177406 35.03
    endloop
  endfacet
  facet normal 0.9647678688145184 -0.26310256422751294 0
    outer loop
      vertex 20.560241031756433 -7.677787670082308 34.99
      vertex 20.665262711817 -7.29268483861109 34.99
      vertex 20.560241031756433 -7.677787670082308 38.739999999999995
    endloop
  endfacet
  facet normal 0.9872683547214989 -0.15906349601811343 0
    outer loop
      vertex 20.665262711817 -7.29268483861109 34.99
      vertex 20.665431575617454 -7.29163674215515 34.99
      vertex 20.665262711817 -7.29268483861109 38.739999999999995
    endloop
  endfacet
  facet normal 0.9872683547213457 -0.15906349601906564 2.2333821370042233e-16
    outer loop
      vertex 20.665262711817 -7.29268483861109 34.98
      vertex 20.72875550078801 -6.898600571177622 34.98
      vertex 20.72875550078801 -6.898600571177622 34.99
    endloop
  endfacet
  facet normal -0.9970658011837412 0.07654925283648548 0
    outer loop
      vertex 19.549999999999997 -6.5 38.24999999999999
      vertex 19.549999999999997 -6.5 35.03
      vertex 19.52011508063989 -6.889255674758129 35.03
    endloop
  endfacet
  facet normal 0.9872683547213452 -0.15906349601906816 -1.1190240768323998e-19
    outer loop
      vertex 20.665431575617454 -7.29163674215515 34.99
      vertex 20.72875550078801 -6.898600571177622 34.99
      vertex 20.72875550078801 -6.898600571177622 38.739999999999995
    endloop
  endfacet
  facet normal 0.9985826956767616 -0.0532221748421852 0
    outer loop
      vertex 20.72875550078801 -6.898600571177622 34.99
      vertex 20.75 -6.5 34.99
      vertex 20.72875550078801 -6.898600571177622 38.739999999999995
    endloop
  endfacet
  facet normal 1 0 0
    outer loop
      vertex 20.75 -6.495701058201056 34.98
      vertex 20.75 -6.5 38.739999999999995
      vertex 20.75 -6.5 34.99
    endloop
  endfacet
  facet normal -0.8595696069872089 0.5110186794470973 -9.929932891534159e-19
    outer loop
      vertex 19.2020645641514 -7.771362568885744 38.24272513777149
      vertex 19.28522217025069 -7.631485586560746 38.25333082095426
      vertex 19.28522217025069 -7.631485586560746 35.03
    endloop
  endfacet
  facet normal -0.9275024511020995 0.37381707184075685 0
    outer loop
      vertex 19.28522217025069 -7.631485586560746 38.25333082095426
      vertex 19.324191315247724 -7.534796643693262 38.24414413185884
      vertex 19.28522217025069 -7.631485586560746 35.03
    endloop
  endfacet
  facet normal -0.9275024511020916 0.3738170718407764 7.939161429148752e-16
    outer loop
      vertex 19.324191315247724 -7.534796643693262 38.24414413185884
      vertex 19.423839392054447 -7.287553158983682 38.24857555836589
      vertex 19.43116079974007 -7.2693875264177406 35.03
    endloop
  endfacet
  facet normal -0.9275024511021405 0.37381707184065516 -5.321003886208263e-20
    outer loop
      vertex 19.423839392054447 -7.287553158983682 38.24857555836589
      vertex 19.43116079974007 -7.2693875264177406 38.25094913636598
      vertex 19.43116079974007 -7.2693875264177406 35.03
    endloop
  endfacet
  facet normal -0.9736954238777792 0.22785350890313646 0
    outer loop
      vertex 19.43116079974007 -7.2693875264177406 38.25094913636598
      vertex 19.487476937371504 -7.028729545041164 38.24304865186542
      vertex 19.43116079974007 -7.2693875264177406 35.03
    endloop
  endfacet
  facet normal 0.9647678688145184 -0.26310256422751294 0
    outer loop
      vertex 20.665262711817 -7.29268483861109 34.99
      vertex 20.665262711817 -7.29268483861109 38.739999999999995
      vertex 20.560241031756433 -7.677787670082308 38.739999999999995
    endloop
  endfacet
  facet normal 0.9872683547213456 -0.15906349601906564 -2.7303535312502134e-16
    outer loop
      vertex 20.665431575617454 -7.29163674215515 34.99
      vertex 20.72875550078801 -6.898600571177622 38.739999999999995
      vertex 20.665262711817 -7.29268483861109 38.739999999999995
    endloop
  endfacet
  facet normal -0.6304686248866503 0.3212398094874863 0.7066217501846228
    outer loop
      vertex 19.777178191233503 -7.7364793949504325 38.739999999999995
      vertex 19.324191315247724 -7.534796643693262 38.24414413185884
      vertex 19.28522217025069 -7.631485586560746 38.25333082095426
    endloop
  endfacet
  facet normal -0.6605935554186148 0.25357810770138356 0.7066217501846225
    outer loop
      vertex 19.777178191233503 -7.7364793949504325 38.739999999999995
      vertex 19.423839392054447 -7.287553158983682 38.24857555836589
      vertex 19.324191315247724 -7.534796643693262 38.24414413185884
    endloop
  endfacet
  facet normal -0.6605935554186104 0.2535781077013892 0.7066217501846245
    outer loop
      vertex 19.777178191233503 -7.7364793949504325 38.739999999999995
      vertex 19.891211809537268 -7.43941166289984 38.739999999999995
      vertex 19.423839392054447 -7.287553158983682 38.24857555836589
    endloop
  endfacet
  facet normal -0.6834808847193127 0.18313815110271567 0.7066217501846264
    outer loop
      vertex 19.423839392054447 -7.287553158983682 38.24857555836589
      vertex 19.891211809537268 -7.43941166289984 38.739999999999995
      vertex 19.43116079974007 -7.2693875264177406 38.25094913636598
    endloop
  endfacet
  facet normal -0.6834808847193355 0.18313815110264342 0.7066217501846228
    outer loop
      vertex 19.43116079974007 -7.2693875264177406 38.25094913636598
      vertex 19.891211809537268 -7.43941166289984 38.739999999999995
      vertex 19.487476937371504 -7.028729545041164 38.24304865186542
    endloop
  endfacet
  facet normal -0.6834808847193353 0.18313815110264378 0.7066217501846229
    outer loop
      vertex 19.891211809537268 -7.43941166289984 38.739999999999995
      vertex 19.973568706230765 -7.132051540085988 38.739999999999995
      vertex 19.487476937371504 -7.028729545041164 38.24304865186542
    endloop
  endfacet
  facet normal 0 0 1
    outer loop
      vertex 20.230827805226774 -8.40374675127065 38.739999999999995
      vertex 20.560241031756433 -7.677787670082308 38.739999999999995
      vertex 20.72875550078801 -6.898600571177622 38.739999999999995
    endloop
  endfacet
  facet normal 0 0 1
    outer loop
      vertex 19.777178191233503 -7.7364793949504325 38.739999999999995
      vertex 20.72875550078801 -6.898600571177622 38.739999999999995
      vertex 19.891211809537268 -7.43941166289984 38.739999999999995
    endloop
  endfacet
  facet normal 0 0 1
    outer loop
      vertex 19.891211809537268 -7.43941166289984 38.739999999999995
      vertex 20.72875550078801 -6.898600571177622 38.739999999999995
      vertex 19.973568706230765 -7.132051540085988 38.739999999999995
    endloop
  endfacet
  facet normal 0 0 1
    outer loop
      vertex 20.560241031756433 -7.677787670082308 38.739999999999995
      vertex 20.665262711817 -7.29268483861109 38.739999999999995
      vertex 20.72875550078801 -6.898600571177622 38.739999999999995
    endloop
  endfacet
  facet normal -0.9736954238777726 0.22785350890316525 -1.7037977934801757e-19
    outer loop
      vertex 19.487476937371504 -7.028729545041164 38.24304865186542
      vertex 19.52011508063989 -6.889255674758129 38.25348074196238
      vertex 19.52011508063989 -6.889255674758129 35.03
    endloop
  endfacet
  facet normal -0.9970658011837432 0.07654925283646 0
    outer loop
      vertex 19.52011508063989 -6.889255674758129 38.25348074196238
      vertex 19.52958792610034 -6.765870404510064 38.2435216035778
      vertex 19.52011508063989 -6.889255674758129 35.03
    endloop
  endfacet
  facet normal -0.9970658011837404 0.07654925283649734 -1.4425180549896592e-15
    outer loop
      vertex 19.52958792610034 -6.765870404510064 38.2435216035778
      vertex 19.549999999999997 -6.5 38.24999999999999
      vertex 19.52011508063989 -6.889255674758129 35.03
    endloop
  endfacet
  facet normal 0.9985826956767616 -0.0532221748421852 0
    outer loop
      vertex 20.75 -6.5 34.99
      vertex 20.75 -6.5 38.739999999999995
      vertex 20.72875550078801 -6.898600571177622 38.739999999999995
    endloop
  endfacet
  facet normal -0.6988798544194943 0.11069169459632949 0.7066217501846228
    outer loop
      vertex 19.973568706230765 -7.132051540085988 38.739999999999995
      vertex 19.52011508063989 -6.889255674758129 38.25348074196238
      vertex 19.487476937371504 -7.028729545041164 38.24304865186542
    endloop
  endfacet
  facet normal -0.6988798544194964 0.11069169459630489 0.7066217501846245
    outer loop
      vertex 19.52011508063989 -6.889255674758129 38.25348074196238
      vertex 20.023346561919546 -6.817766528333666 38.739999999999995
      vertex 19.52958792610034 -6.765870404510064 38.2435216035778
    endloop
  endfacet
  facet normal -0.6988798544194963 0.11069169459632337 0.7066217501846217
    outer loop
      vertex 19.973568706230765 -7.132051540085988 38.739999999999995
      vertex 20.023346561919546 -6.817766528333666 38.739999999999995
      vertex 19.52011508063989 -6.889255674758129 38.25348074196238
    endloop
  endfacet
  facet normal -0.7066217501846233 0.037032476720283224 0.7066217501846241
    outer loop
      vertex 19.52958792610034 -6.765870404510064 38.2435216035778
      vertex 20.023346561919546 -6.817766528333666 38.739999999999995
      vertex 19.549999999999997 -6.5 38.24999999999999
    endloop
  endfacet
  facet normal -0.7066217501846237 0.03703247672028194 0.7066217501846238
    outer loop
      vertex 20.023346561919546 -6.817766528333666 38.739999999999995
      vertex 20.04 -6.5 38.739999999999995
      vertex 19.549999999999997 -6.5 38.24999999999999
    endloop
  endfacet
  facet normal 0 0 1
    outer loop
      vertex 19.973568706230765 -7.132051540085988 38.739999999999995
      vertex 20.72875550078801 -6.898600571177622 38.739999999999995
      vertex 20.023346561919546 -6.817766528333666 38.739999999999995
    endloop
  endfacet
  facet normal 0 0 1
    outer loop
      vertex 20.023346561919546 -6.817766528333666 38.739999999999995
      vertex 20.72875550078801 -6.898600571177622 38.739999999999995
      vertex 20.04 -6.5 38.739999999999995
    endloop
  endfacet
  facet normal -1 0 0
    outer loop
      vertex 19.549999999999997 6.5 38.24999999999999
      vertex 19.549999999999997 -6.5 34.99
      vertex 19.549999999999997 -6.5 35.03
    endloop
  endfacet
  facet normal 1 0 0
    outer loop
      vertex 20.75 -6.495701058201056 34.98
      vertex 20.75 6.5 34.98
      vertex 20.75 -6.5 38.739999999999995
    endloop
  endfacet
  facet normal -1 0 0
    outer loop
      vertex 19.549999999999997 -6.5 35.03
      vertex 19.549999999999997 -6.5 38.24999999999999
      vertex 19.549999999999997 6.5 38.24999999999999
    endloop
  endfacet
  facet normal -0.7071067811865476 0 0.7071067811865476
    outer loop
      vertex 19.549999999999997 -6.5 38.24999999999999
      vertex 20.04 -6.5 38.739999999999995
      vertex 19.549999999999997 6.5 38.24999999999999
    endloop
  endfacet
  facet normal 0 0 1
    outer loop
      vertex 20.04 -6.5 38.739999999999995
      vertex 20.72875550078801 -6.898600571177622 38.739999999999995
      vertex 20.72875550078801 6.898600571177621 38.739999999999995
    endloop
  endfacet
  facet normal 0 0 1
    outer loop
      vertex 20.72875550078801 -6.898600571177622 38.739999999999995
      vertex 20.75 -6.5 38.739999999999995
      vertex 20.72875550078801 6.898600571177621 38.739999999999995
    endloop
  endfacet
  facet normal 0 -1 0
    outer loop
      vertex -2.528837173514475 9.048128761679564 38.642325652971046
      vertex 2.528837173514475 9.048128761679564 38.642325652971046
      vertex 1.88002565707599 9.048128761679564 38.739999999999995
    endloop
  endfacet
  facet normal 0 0 1
    outer loop
      vertex -3.0605883371001568 9.391211809537268 38.739999999999995
      vertex 1.88002565707599 9.048128761679564 38.739999999999995
      vertex 2.7635206050495675 9.277178191233507 38.739999999999995
    endloop
  endfacet
  facet normal 0 -1 0
    outer loop
      vertex -3.1720627767927425 9.048128761679564 38.379261135401094
      vertex 3.1720627767927425 9.048128761679564 38.379261135401094
      vertex 2.8654999814405393 9.048128761679564 38.48927418483914
    endloop
  endfacet
  facet normal 0 -1 0
    outer loop
      vertex -2.8654999814405393 9.048128761679564 38.48927418483914
      vertex 2.8654999814405393 9.048128761679564 38.48927418483914
      vertex 2.528837173514475 9.048128761679564 38.642325652971046
    endloop
  endfacet
  facet normal 0 -1 0
    outer loop
      vertex -3.458378511724902 9.048128761679564 38.30505547400817
      vertex 3.458378511724902 9.048128761679564 38.30505547400817
      vertex 3.1720627767927425 9.048128761679564 38.379261135401094
    endloop
  endfacet
  facet normal 0 -1 0
    outer loop
      vertex -3.732180875145197 9.048128761679564 38.26216456726273
      vertex 3.732180875145197 9.048128761679564 38.26216456726273
      vertex 3.458378511724902 9.048128761679564 38.30505547400817
    endloop
  endfacet
  facet normal 0 -1 0
    outer loop
      vertex -4 9.048128761679564 38.24812876167956
      vertex 4 9.048128761679564 38.24812876167956
      vertex 3.732180875145197 9.048128761679564 38.26216456726273
    endloop
  endfacet
  facet normal 0 0 1
    outer loop
      vertex -3.0605883371001568 9.391211809537268 38.739999999999995
      vertex 2.7635206050495675 9.277178191233507 38.739999999999995
      vertex 3.0605883371001568 9.391211809537268 38.739999999999995
    endloop
  endfacet
  facet normal 0 0 1
    outer loop
      vertex -3.0605883371001568 9.391211809537268 38.739999999999995
      vertex 3.0605883371001568 9.391211809537268 38.739999999999995
      vertex 3.3679484599140146 9.473568706230768 38.739999999999995
    endloop
  endfacet
  facet normal 0 0 1
    outer loop
      vertex -3.367948459914011 9.473568706230768 38.739999999999995
      vertex 3.3679484599140146 9.473568706230768 38.739999999999995
      vertex 3.6822334716663363 9.523346561919553 38.739999999999995
    endloop
  endfacet
  facet normal 0 0 1
    outer loop
      vertex -3.6822334716663363 9.52334656191955 38.739999999999995
      vertex 3.6822334716663363 9.523346561919553 38.739999999999995
      vertex 4 9.54 38.739999999999995
    endloop
  endfacet
  facet normal 0 -1 0
    outer loop
      vertex 1.88002565707599 9.048128761679564 38.739999999999995
      vertex 2.528837173514475 9.048128761679564 38.642325652971046
      vertex 2.349745185133056 9.048128761679564 38.739999999999995
    endloop
  endfacet
  facet normal 0 0 1
    outer loop
      vertex 1.88002565707599 9.048128761679564 38.739999999999995
      vertex 2.349745185133056 9.048128761679564 38.739999999999995
      vertex 2.479999999999997 9.132717227504696 38.739999999999995
    endloop
  endfacet
  facet normal 0.38538194069712567 -0.5934361481663447 0.706621750184644
    outer loop
      vertex 2.349745185133056 9.048128761679564 38.739999999999995
      vertex 2.528837173514475 9.048128761679564 38.642325652971046
      vertex 2.479999999999997 9.132717227504696 38.739999999999995
    endloop
  endfacet
  facet normal 0 0 1
    outer loop
      vertex 1.88002565707599 9.048128761679564 38.739999999999995
      vertex 2.479999999999997 9.132717227504696 38.739999999999995
      vertex 2.7635206050495675 9.277178191233507 38.739999999999995
    endloop
  endfacet
  facet normal 0.3212398094874847 -0.6304686248866277 0.7066217501846438
    outer loop
      vertex 2.528837173514475 9.048128761679564 38.642325652971046
      vertex 2.7635206050495675 9.277178191233507 38.739999999999995
      vertex 2.479999999999997 9.132717227504696 38.739999999999995
    endloop
  endfacet
  facet normal 0 0 1
    outer loop
      vertex -17.099826955391656 10.248671041712946 38.739999999999995
      vertex 4 9.54 38.739999999999995
      vertex 17 9.54 38.739999999999995
    endloop
  endfacet
  facet normal 0.3212398094874975 -0.6304686248866354 0.7066217501846311
    outer loop
      vertex 2.528837173514475 9.048128761679564 38.642325652971046
      vertex 2.8654999814405393 9.048128761679564 38.48927418483914
      vertex 2.7635206050495675 9.277178191233507 38.739999999999995
    endloop
  endfacet
  facet normal 0.2535781077013825 -0.6605935554186056 0.7066217501846314
    outer loop
      vertex 2.8654999814405393 9.048128761679564 38.48927418483914
      vertex 3.0605883371001568 9.391211809537268 38.739999999999995
      vertex 2.7635206050495675 9.277178191233507 38.739999999999995
    endloop
  endfacet
  facet normal 0.25357810770138783 -0.6605935554186066 0.7066217501846286
    outer loop
      vertex 2.8654999814405393 9.048128761679564 38.48927418483914
      vertex 3.1720627767927425 9.048128761679564 38.379261135401094
      vertex 3.0605883371001568 9.391211809537268 38.739999999999995
    endloop
  endfacet
  facet normal 0.1831381511026463 -0.683480884719329 0.7066217501846284
    outer loop
      vertex 3.1720627767927425 9.048128761679564 38.379261135401094
      vertex 3.3679484599140146 9.473568706230768 38.739999999999995
      vertex 3.0605883371001568 9.391211809537268 38.739999999999995
    endloop
  endfacet
  facet normal 0.18313815110266063 -0.6834808847193309 0.7066217501846229
    outer loop
      vertex 3.1720627767927425 9.048128761679564 38.379261135401094
      vertex 3.458378511724902 9.048128761679564 38.30505547400817
      vertex 3.3679484599140146 9.473568706230768 38.739999999999995
    endloop
  endfacet
  facet normal 0.11069169459631813 -0.6988798544194912 0.7066217501846276
    outer loop
      vertex 3.458378511724902 9.048128761679564 38.30505547400817
      vertex 3.732180875145197 9.048128761679564 38.26216456726273
      vertex 3.6822334716663363 9.523346561919553 38.739999999999995
    endloop
  endfacet
  facet normal 0.11069169459633084 -0.6988798544194935 0.7066217501846234
    outer loop
      vertex 3.458378511724902 9.048128761679564 38.30505547400817
      vertex 3.6822334716663363 9.523346561919553 38.739999999999995
      vertex 3.3679484599140146 9.473568706230768 38.739999999999995
    endloop
  endfacet
  facet normal 0.03703247672026631 -0.7066217501846211 0.7066217501846273
    outer loop
      vertex 3.732180875145197 9.048128761679564 38.26216456726273
      vertex 4 9.54 38.739999999999995
      vertex 3.6822334716663363 9.523346561919553 38.739999999999995
    endloop
  endfacet
  facet normal 0.03703247672027724 -0.7066217501846239 0.7066217501846239
    outer loop
      vertex 3.732180875145197 9.048128761679564 38.26216456726273
      vertex 4 9.048128761679564 38.24812876167956
      vertex 4 9.54 38.739999999999995
    endloop
  endfacet
  facet normal 0 1 0
    outer loop
      vertex -17.099826955391656 10.248671041712946 38.739999999999995
      vertex 16.900173044608344 10.248671041712946 34.99
      vertex 16.900173044608344 10.248671041712946 34.98
    endloop
  endfacet
  facet normal 0 -1 0
    outer loop
      vertex -4 9.048128761679564 38.24812876167956
      vertex 17.097671970909587 9.048128761679564 35.03
      vertex 4 9.048128761679564 38.24812876167956
    endloop
  endfacet
  facet normal 0 1 0
    outer loop
      vertex -17.099826955391656 10.248671041712946 38.739999999999995
      vertex 16.900173044608344 10.248671041712946 38.739999999999995
      vertex 16.900173044608344 10.248671041712946 34.99
    endloop
  endfacet
  facet normal 0 0 1
    outer loop
      vertex -17.099826955391656 10.248671041712946 38.739999999999995
      vertex 17 9.54 38.739999999999995
      vertex 18.817065763747436 9.780361566994856 38.739999999999995
    endloop
  endfacet
  facet normal 0 0 1
    outer loop
      vertex -17.099826955391656 10.248671041712946 38.739999999999995
      vertex 18.817065763747436 9.780361566994856 38.739999999999995
      vertex 16.900173044608344 10.248671041712946 38.739999999999995
    endloop
  endfacet
  facet normal 5.975720932941633e-19 -0.7071067811865476 0.7071067811865476
    outer loop
      vertex 4 9.048128761679564 38.24812876167956
      vertex 17 9.54 38.739999999999995
      vertex 4 9.54 38.739999999999995
    endloop
  endfacet
  facet normal -1 0 0
    outer loop
      vertex 19.549999999999997 -6.5 34.99
      vertex 19.549999999999997 6.5 35.03
      vertex 19.549999999999997 6.5 34.99
    endloop
  endfacet
  facet normal -1 0 0
    outer loop
      vertex 19.549999999999997 -6.5 34.99
      vertex 19.549999999999997 6.5 38.24999999999999
      vertex 19.549999999999997 6.5 35.03
    endloop
  endfacet
  facet normal 1 0 0
    outer loop
      vertex 20.75 -6.5 38.739999999999995
      vertex 20.75 6.5 34.98
      vertex 20.75 6.5 34.99
    endloop
  endfacet
  facet normal 1 0 0
    outer loop
      vertex 20.75 -6.5 38.739999999999995
      vertex 20.75 6.5 34.99
      vertex 20.75 6.5 38.739999999999995
    endloop
  endfacet
  facet normal -0.7071067811865476 0 0.7071067811865476
    outer loop
      vertex 20.04 -6.5 38.739999999999995
      vertex 20.04 6.5 38.739999999999995
      vertex 19.549999999999997 6.5 38.24999999999999
    endloop
  endfacet
  facet normal 0 0 1
    outer loop
      vertex 20.04 -6.5 38.739999999999995
      vertex 20.72875550078801 6.898600571177621 38.739999999999995
      vertex 20.04 6.5 38.739999999999995
    endloop
  endfacet
  facet normal 0 0 1
    outer loop
      vertex 20.75 -6.5 38.739999999999995
      vertex 20.75 6.5 38.739999999999995
      vertex 20.72875550078801 6.898600571177621 38.739999999999995
    endloop
  endfacet
  facet normal 0 -1 0
    outer loop
      vertex 4 9.048128761679564 38.24812876167956
      vertex 17.097671970909587 9.048128761679564 35.03
      vertex 17 9.048128761679564 38.24812876167956
    endloop
  endfacet
  facet normal 0 -0.7071067811865476 0.7071067811865476
    outer loop
      vertex 4 9.048128761679564 38.24812876167956
      vertex 17 9.048128761679564 38.24812876167956
      vertex 17 9.54 38.739999999999995
    endloop
  endfacet
  facet normal -0.9275024511020958 -0.3738170718407659 -3.1523127266362895e-16
    outer loop
      vertex 19.324191315247724 7.534796643693262 38.24414413185884
      vertex 19.28522217025069 7.631485586560746 35.03
      vertex 19.43116079974007 7.269387526417741 35.03
    endloop
  endfacet
  facet normal 0.987268354725442 0.1590634959936402 0
    outer loop
      vertex 20.72875550078801 6.898600571177621 34.98
      vertex 20.728734504027372 6.89873089295385 34.98
      vertex 20.72875550078801 6.898600571177621 34.99
    endloop
  endfacet
  facet normal -0.9970658011837412 -0.07654925283648546 -9.844002710656287e-16
    outer loop
      vertex 19.52958792610034 6.765870404510064 38.2435216035778
      vertex 19.52011508063989 6.889255674758129 35.03
      vertex 19.549999999999997 6.5 35.03
    endloop
  endfacet
  facet normal 0.9985826956767616 0.05322217484218532 0
    outer loop
      vertex 20.75 6.5 34.99
      vertex 20.72875550078801 6.898600571177621 34.99
      vertex 20.75 6.5 38.739999999999995
    endloop
  endfacet
  facet normal 0.9872683547213457 0.15906349601906491 0
    outer loop
      vertex 20.72875550078801 6.898600571177621 34.99
      vertex 20.665262711817 7.292684838611091 34.99
      vertex 20.72875550078801 6.898600571177621 38.739999999999995
    endloop
  endfacet
  facet normal 0.964767868814519 0.26310256422751 -9.802097643315622e-14
    outer loop
      vertex 20.665262711817 7.292684838611091 34.99
      vertex 20.665227981284644 7.29281219161421 34.98
      vertex 20.560241031756433 7.67778767008231 34.98
    endloop
  endfacet
  facet normal -0.973695423877777 -0.22785350890314654 0
    outer loop
      vertex 19.43116079974007 7.269387526417741 38.25094913636599
      vertex 19.43116079974007 7.269387526417741 35.03
      vertex 19.52011508063989 6.889255674758129 35.03
    endloop
  endfacet
  facet normal 0.9647678688145184 0.2631025642275124 0
    outer loop
      vertex 20.665262711817 7.292684838611091 34.99
      vertex 20.560241031756433 7.67778767008231 34.98
      vertex 20.665262711817 7.292684838611091 38.739999999999995
    endloop
  endfacet
  facet normal -0.9275024511021468 -0.37381707184063945 0
    outer loop
      vertex 19.43116079974007 7.269387526417741 38.25094913636599
      vertex 19.423839392054447 7.287553158983684 38.24857555836589
      vertex 19.43116079974007 7.269387526417741 35.03
    endloop
  endfacet
  facet normal -0.9275024511020906 -0.3738170718407787 9.13585634773655e-16
    outer loop
      vertex 19.423839392054447 7.287553158983684 38.24857555836589
      vertex 19.324191315247724 7.534796643693262 38.24414413185884
      vertex 19.43116079974007 7.269387526417741 35.03
    endloop
  endfacet
  facet normal -0.8595696069871924 -0.5110186794471249 0
    outer loop
      vertex 19.28522217025069 7.631485586560746 38.25333082095426
      vertex 19.202064564151392 7.7713625688857455 38.24272513777148
      vertex 19.28522217025069 7.631485586560746 35.03
    endloop
  endfacet
  facet normal -0.9275024511020995 -0.37381707184075685 0
    outer loop
      vertex 19.28522217025069 7.631485586560746 38.25333082095426
      vertex 19.28522217025069 7.631485586560746 35.03
      vertex 19.324191315247724 7.534796643693262 38.24414413185884
    endloop
  endfacet
  facet normal -0.9970658011837403 -0.0765492528364973 0
    outer loop
      vertex 19.549999999999997 6.5 38.24999999999999
      vertex 19.52958792610034 6.765870404510064 38.2435216035778
      vertex 19.549999999999997 6.5 35.03
    endloop
  endfacet
  facet normal -0.9970658011837432 -0.07654925283646 -2.4031475372820105e-20
    outer loop
      vertex 19.52958792610034 6.765870404510064 38.2435216035778
      vertex 19.52011508063989 6.889255674758129 38.25348074196238
      vertex 19.52011508063989 6.889255674758129 35.03
    endloop
  endfacet
  facet normal -0.9736954238777732 -0.22785350890316247 0
    outer loop
      vertex 19.52011508063989 6.889255674758129 38.25348074196238
      vertex 19.487476937371504 7.028729545041166 38.24304865186542
      vertex 19.52011508063989 6.889255674758129 35.03
    endloop
  endfacet
  facet normal 0.9985826956767616 0.05322217484218532 0
    outer loop
      vertex 20.72875550078801 6.898600571177621 34.99
      vertex 20.72875550078801 6.898600571177621 38.739999999999995
      vertex 20.75 6.5 38.739999999999995
    endloop
  endfacet
  facet normal -0.7066217501846238 -0.037032476720283265 0.7066217501846238
    outer loop
      vertex 19.549999999999997 6.5 38.24999999999999
      vertex 20.04 6.5 38.739999999999995
      vertex 19.52958792610034 6.765870404510064 38.2435216035778
    endloop
  endfacet
  facet normal -0.7066217501846235 -0.03703247672028182 0.7066217501846243
    outer loop
      vertex 20.04 6.5 38.739999999999995
      vertex 20.023346561919546 6.817766528333667 38.739999999999995
      vertex 19.52958792610034 6.765870404510064 38.2435216035778
    endloop
  endfacet
  facet normal -0.6988798544194962 -0.11069169459630487 0.7066217501846246
    outer loop
      vertex 19.52958792610034 6.765870404510064 38.2435216035778
      vertex 20.023346561919546 6.817766528333667 38.739999999999995
      vertex 19.52011508063989 6.889255674758129 38.25348074196238
    endloop
  endfacet
  facet normal -0.6988798544194962 -0.11069169459632877 0.706621750184621
    outer loop
      vertex 19.52011508063989 6.889255674758129 38.25348074196238
      vertex 20.023346561919546 6.817766528333667 38.739999999999995
      vertex 19.487476937371504 7.028729545041166 38.24304865186542
    endloop
  endfacet
  facet normal -0.6988798544194955 -0.11069169459632326 0.7066217501846226
    outer loop
      vertex 19.487476937371504 7.028729545041166 38.24304865186542
      vertex 20.023346561919546 6.817766528333667 38.739999999999995
      vertex 19.973568706230765 7.132051540085989 38.739999999999995
    endloop
  endfacet
  facet normal 0 0 1
    outer loop
      vertex 20.04 6.5 38.739999999999995
      vertex 20.72875550078801 6.898600571177621 38.739999999999995
      vertex 20.023346561919546 6.817766528333667 38.739999999999995
    endloop
  endfacet
  facet normal 0 0 1
    outer loop
      vertex 20.023346561919546 6.817766528333667 38.739999999999995
      vertex 20.72875550078801 6.898600571177621 38.739999999999995
      vertex 19.973568706230765 7.132051540085989 38.739999999999995
    endloop
  endfacet
  facet normal -0.9736954238777791 -0.22785350890313724 -1.1556106210256373e-15
    outer loop
      vertex 19.43116079974007 7.269387526417741 38.25094913636599
      vertex 19.52011508063989 6.889255674758129 35.03
      vertex 19.487476937371504 7.028729545041166 38.24304865186542
    endloop
  endfacet
  facet normal 0.9872683547213457 0.15906349601906491 0
    outer loop
      vertex 20.665262711817 7.292684838611091 34.99
      vertex 20.665262711817 7.292684838611091 38.739999999999995
      vertex 20.72875550078801 6.898600571177621 38.739999999999995
    endloop
  endfacet
  facet normal 0.9647678688145184 0.2631025642275123 0
    outer loop
      vertex 20.560241031756433 7.67778767008231 34.98
      vertex 20.560241031756433 7.67778767008231 38.739999999999995
      vertex 20.665262711817 7.292684838611091 38.739999999999995
    endloop
  endfacet
  facet normal -0.6834808847193309 -0.18313815110266388 0.7066217501846223
    outer loop
      vertex 19.43116079974007 7.269387526417741 38.25094913636599
      vertex 19.487476937371504 7.028729545041166 38.24304865186542
      vertex 19.973568706230765 7.132051540085989 38.739999999999995
    endloop
  endfacet
  facet normal -0.6834808847193882 -0.1831381511024617 0.706621750184619
    outer loop
      vertex 19.43116079974007 7.269387526417741 38.25094913636599
      vertex 19.891211809537268 7.43941166289984 38.739999999999995
      vertex 19.423839392054447 7.287553158983684 38.24857555836589
    endloop
  endfacet
  facet normal -0.6834808847193306 -0.18313815110264292 0.7066217501846278
    outer loop
      vertex 19.43116079974007 7.269387526417741 38.25094913636599
      vertex 19.973568706230765 7.132051540085989 38.739999999999995
      vertex 19.891211809537268 7.43941166289984 38.739999999999995
    endloop
  endfacet
  facet normal -0.6605935554186126 -0.25357810770138456 0.7066217501846241
    outer loop
      vertex 19.423839392054447 7.287553158983684 38.24857555836589
      vertex 19.891211809537268 7.43941166289984 38.739999999999995
      vertex 19.324191315247724 7.534796643693262 38.24414413185884
    endloop
  endfacet
  facet normal -0.6304686248866503 -0.3212398094874864 0.7066217501846228
    outer loop
      vertex 19.28522217025069 7.631485586560746 38.25333082095426
      vertex 19.324191315247724 7.534796643693262 38.24414413185884
      vertex 19.777178191233503 7.7364793949504325 38.739999999999995
    endloop
  endfacet
  facet normal -0.6605935554186122 -0.2535781077013899 0.7066217501846226
    outer loop
      vertex 19.324191315247724 7.534796643693262 38.24414413185884
      vertex 19.891211809537268 7.43941166289984 38.739999999999995
      vertex 19.777178191233503 7.7364793949504325 38.739999999999995
    endloop
  endfacet
  facet normal 0 0 1
    outer loop
      vertex 20.72875550078801 6.898600571177621 38.739999999999995
      vertex 19.632717227504692 8.020000000000003 38.739999999999995
      vertex 19.777178191233503 7.7364793949504325 38.739999999999995
    endloop
  endfacet
  facet normal 0 0 1
    outer loop
      vertex 20.72875550078801 6.898600571177621 38.739999999999995
      vertex 19.891211809537268 7.43941166289984 38.739999999999995
      vertex 19.973568706230765 7.132051540085989 38.739999999999995
    endloop
  endfacet
  facet normal 0 0 1
    outer loop
      vertex 20.72875550078801 6.898600571177621 38.739999999999995
      vertex 19.777178191233503 7.7364793949504325 38.739999999999995
      vertex 19.891211809537268 7.43941166289984 38.739999999999995
    endloop
  endfacet
  facet normal 0 0 1
    outer loop
      vertex 20.72875550078801 6.898600571177621 38.739999999999995
      vertex 20.665262711817 7.292684838611091 38.739999999999995
      vertex 20.560241031756433 7.67778767008231 38.739999999999995
    endloop
  endfacet
  facet normal -0.26498150219665445 -0.964253495453143 4.715846140523526e-16
    outer loop
      vertex 17.529532619573338 8.991255105995723 38.246911227024206
      vertex 17.485497328369902 9.003356215991978 35.03
      vertex 17.86194303994168 8.899907122347884 35.03
    endloop
  endfacet
  facet normal -0.40906863717134223 -0.9125036164765488 -2.446606461769756e-16
    outer loop
      vertex 18.034138525261135 8.822713157047584 38.242526086267596
      vertex 17.86194303994168 8.899907122347884 35.03
      vertex 18.218185537206267 8.740206239822903 35.03
    endloop
  endfacet
  facet normal -0.26498150219666466 -0.9642534954531402 -6.6335158674848745e-16
    outer loop
      vertex 17.78651226876662 8.920635861369384 38.245207166866365
      vertex 17.529532619573338 8.991255105995723 38.246911227024206
      vertex 17.86194303994168 8.899907122347884 35.03
    endloop
  endfacet
  facet normal -0.4090686371713461 -0.9125036164765472 0
    outer loop
      vertex 17.86194303994168 8.899907122347884 38.25289773230119
      vertex 17.86194303994168 8.899907122347884 35.03
      vertex 18.034138525261135 8.822713157047584 38.242526086267596
    endloop
  endfacet
  facet normal -0.26498150219663835 -0.9642534954531473 -1.5041297158675124e-19
    outer loop
      vertex 17.78651226876662 8.920635861369384 38.245207166866365
      vertex 17.86194303994168 8.899907122347884 35.03
      vertex 17.86194303994168 8.899907122347884 38.25289773230119
    endloop
  endfacet
  facet normal -0.11468342539840111 -0.9934020897596751 -2.755624043318922e-16
    outer loop
      vertex 17.26577934838972 9.028721584985554 38.24265049041395
      vertex 17.097671970909587 9.048128761679564 35.03
      vertex 17.485497328369902 9.003356215991978 35.03
    endloop
  endfacet
  facet normal 0.23732669987111257 0.9714298932647104 0
    outer loop
      vertex 17.694832715326683 10.185065467221953 34.98
      vertex 17.694832715326683 10.185065467221953 34.99
      vertex 18.08259480252358 10.090332643857522 34.99
    endloop
  endfacet
  facet normal 0.13272552729545298 0.9911528310024362 -2.9341824905828393e-13
    outer loop
      vertex 17.694701867587092 10.185082989075987 34.98
      vertex 17.694832715326683 10.185065467221953 34.99
      vertex 17.69473244730481 10.185078894138222 34.98
    endloop
  endfacet
  facet normal 0.23732669987111257 0.9714298932647104 -2.2596073147745803e-16
    outer loop
      vertex 17.694832715326683 10.185065467221953 34.98
      vertex 18.08259480252358 10.090332643857522 34.99
      vertex 18.08259480252358 10.090332643857522 34.98
    endloop
  endfacet
  facet normal 0.026620521437771105 0.9996456111234526 1.1325716649563473e-19
    outer loop
      vertex 16.900173044608344 10.248671041712946 34.99
      vertex 17.299197895824065 10.238045026365313 38.739999999999995
      vertex 17.299197895824065 10.238045026365313 34.99
    endloop
  endfacet
  facet normal 0.13272552728372217 0.9911528310040072 5.79570044556358e-19
    outer loop
      vertex 17.299197895824065 10.238045026365313 34.99
      vertex 17.694832715326683 10.185065467221953 38.739999999999995
      vertex 17.694832715326683 10.185065467221953 34.99
    endloop
  endfacet
  facet normal 0.2373266998711126 0.9714298932647105 -6.025619506068642e-19
    outer loop
      vertex 17.694832715326683 10.185065467221953 34.99
      vertex 18.08259480252358 10.090332643857522 38.739999999999995
      vertex 18.08259480252358 10.090332643857522 34.99
    endloop
  endfacet
  facet normal -0.11468342539840631 -0.9934020897596745 0
    outer loop
      vertex 17.097671970909587 9.048128761679564 38.25324753277313
      vertex 17.097671970909587 9.048128761679564 35.03
      vertex 17.26577934838972 9.028721584985554 38.24265049041395
    endloop
  endfacet
  facet normal 0 -1 0
    outer loop
      vertex 17 9.048128761679564 38.24812876167956
      vertex 17.097671970909587 9.048128761679564 35.03
      vertex 17.097671970909587 9.048128761679564 38.25324753277313
    endloop
  endfacet
  facet normal -0.11468342539839714 -0.9934020897596755 1.5911432329002892e-19
    outer loop
      vertex 17.26577934838972 9.028721584985554 38.24265049041395
      vertex 17.485497328369902 9.003356215991978 35.03
      vertex 17.485497328369902 9.003356215991978 38.251981663911
    endloop
  endfacet
  facet normal -0.2649815021966224 -0.9642534954531516 0
    outer loop
      vertex 17.485497328369902 9.003356215991978 38.251981663911
      vertex 17.485497328369902 9.003356215991978 35.03
      vertex 17.529532619573338 8.991255105995723 38.246911227024206
    endloop
  endfacet
  facet normal -0.037032476720282675 -0.7066217501846208 0.7066217501846268
    outer loop
      vertex 17 9.048128761679564 38.24812876167956
      vertex 17.097671970909587 9.048128761679564 38.25324753277313
      vertex 17.31776652833367 9.52334656191955 38.739999999999995
    endloop
  endfacet
  facet normal -0.037032476720272725 -0.7066217501846234 0.7066217501846247
    outer loop
      vertex 17.097671970909587 9.048128761679564 38.25324753277313
      vertex 17.26577934838972 9.028721584985554 38.24265049041395
      vertex 17.31776652833367 9.52334656191955 38.739999999999995
    endloop
  endfacet
  facet normal -0.11069169459633865 -0.6988798544194836 0.7066217501846319
    outer loop
      vertex 17.26577934838972 9.028721584985554 38.24265049041395
      vertex 17.485497328369902 9.003356215991978 38.251981663911
      vertex 17.63205154008599 9.473568706230772 38.739999999999995
    endloop
  endfacet
  facet normal -0.03703247672027352 -0.706621750184624 0.706621750184624
    outer loop
      vertex 17 9.048128761679564 38.24812876167956
      vertex 17.31776652833367 9.52334656191955 38.739999999999995
      vertex 17 9.54 38.739999999999995
    endloop
  endfacet
  facet normal -0.11069169459631635 -0.6988798544194942 0.7066217501846249
    outer loop
      vertex 17.26577934838972 9.028721584985554 38.24265049041395
      vertex 17.63205154008599 9.473568706230772 38.739999999999995
      vertex 17.31776652833367 9.52334656191955 38.739999999999995
    endloop
  endfacet
  facet normal -0.18313815110265638 -0.6834808847193271 0.7066217501846279
    outer loop
      vertex 17.78651226876662 8.920635861369384 38.245207166866365
      vertex 17.939411662899843 9.391211809537268 38.739999999999995
      vertex 17.529532619573338 8.991255105995723 38.246911227024206
    endloop
  endfacet
  facet normal -0.11069169459626012 -0.698879854419502 0.7066217501846261
    outer loop
      vertex 17.485497328369902 9.003356215991978 38.251981663911
      vertex 17.529532619573338 8.991255105995723 38.246911227024206
      vertex 17.63205154008599 9.473568706230772 38.739999999999995
    endloop
  endfacet
  facet normal -0.18313815110265588 -0.6834808847193274 0.7066217501846276
    outer loop
      vertex 17.529532619573338 8.991255105995723 38.246911227024206
      vertex 17.939411662899843 9.391211809537268 38.739999999999995
      vertex 17.63205154008599 9.473568706230772 38.739999999999995
    endloop
  endfacet
  facet normal -0.25357810770135664 -0.6605935554186189 0.7066217501846284
    outer loop
      vertex 17.78651226876662 8.920635861369384 38.245207166866365
      vertex 17.86194303994168 8.899907122347884 38.25289773230119
      vertex 17.939411662899843 9.391211809537268 38.739999999999995
    endloop
  endfacet
  facet normal -0.2535781077013885 -0.6605935554186128 0.7066217501846226
    outer loop
      vertex 17.86194303994168 8.899907122347884 38.25289773230119
      vertex 18.034138525261135 8.822713157047584 38.242526086267596
      vertex 18.23647939495043 9.277178191233503 38.739999999999995
    endloop
  endfacet
  facet normal -0.25357810770139455 -0.6605935554186088 0.7066217501846243
    outer loop
      vertex 17.86194303994168 8.899907122347884 38.25289773230119
      vertex 18.23647939495043 9.277178191233503 38.739999999999995
      vertex 17.939411662899843 9.391211809537268 38.739999999999995
    endloop
  endfacet
  facet normal 0 0 1
    outer loop
      vertex 17.31776652833367 9.52334656191955 38.739999999999995
      vertex 17.63205154008599 9.473568706230772 38.739999999999995
      vertex 18.817065763747436 9.780361566994856 38.739999999999995
    endloop
  endfacet
  facet normal 0 0 1
    outer loop
      vertex 17.63205154008599 9.473568706230772 38.739999999999995
      vertex 17.939411662899843 9.391211809537268 38.739999999999995
      vertex 18.817065763747436 9.780361566994856 38.739999999999995
    endloop
  endfacet
  facet normal 0.026620521437771105 0.9996456111234526 0
    outer loop
      vertex 16.900173044608344 10.248671041712946 34.99
      vertex 16.900173044608344 10.248671041712946 38.739999999999995
      vertex 17.299197895824065 10.238045026365313 38.739999999999995
    endloop
  endfacet
  facet normal 0.13272552728372217 0.9911528310040072 0
    outer loop
      vertex 17.299197895824065 10.238045026365313 34.99
      vertex 17.299197895824065 10.238045026365313 38.739999999999995
      vertex 17.694832715326683 10.185065467221953 38.739999999999995
    endloop
  endfacet
  facet normal 0.2373266998711126 0.9714298932647105 0
    outer loop
      vertex 17.694832715326683 10.185065467221953 34.99
      vertex 17.694832715326683 10.185065467221953 38.739999999999995
      vertex 18.08259480252358 10.090332643857522 38.739999999999995
    endloop
  endfacet
  facet normal 0 0 1
    outer loop
      vertex 16.900173044608344 10.248671041712946 38.739999999999995
      vertex 17.694832715326683 10.185065467221953 38.739999999999995
      vertex 17.299197895824065 10.238045026365313 38.739999999999995
    endloop
  endfacet
  facet normal 0 0 1
    outer loop
      vertex 17 9.54 38.739999999999995
      vertex 17.31776652833367 9.52334656191955 38.739999999999995
      vertex 18.817065763747436 9.780361566994856 38.739999999999995
    endloop
  endfacet
  facet normal 0 0 1
    outer loop
      vertex 16.900173044608344 10.248671041712946 38.739999999999995
      vertex 18.817065763747436 9.780361566994856 38.739999999999995
      vertex 17.694832715326683 10.185065467221953 38.739999999999995
    endloop
  endfacet
  facet normal -0.8595696069871995 -0.5110186794471132 -6.829443515992403e-16
    outer loop
      vertex 19.202064564151392 7.7713625688857455 38.24272513777148
      vertex 19.085719869955128 7.967062583557482 35.03
      vertex 19.28522217025069 7.631485586560746 35.03
    endloop
  endfacet
  facet normal -0.7714891798219429 -0.63624244232656 -5.077002880729931e-16
    outer loop
      vertex 19.06081075504246 7.9972666557092715 38.2473021819952
      vertex 18.837330063682003 8.268252877020217 35.03
      vertex 19.085719869955128 7.967062583557482 35.03
    endloop
  endfacet
  facet normal -0.6653257001655697 -0.7465532216119589 8.187780895056969e-16
    outer loop
      vertex 18.701298669768782 8.389483594107467 38.24255096628529
      vertex 18.545874797964927 8.527996821747237 35.03
      vertex 18.837330063682003 8.268252877020217 35.03
    endloop
  endfacet
  facet normal -0.5435675500012176 -0.8393654261319524 -1.810407559986074e-19
    outer loop
      vertex 18.272919347127612 8.704760983162426 38.24583869425522
      vertex 18.218185537206267 8.740206239822903 35.03
      vertex 18.545874797964927 8.527996821747237 35.03
    endloop
  endfacet
  facet normal 0.9313361774523343 0.36416057525283263 6.096474759673246e-16
    outer loop
      vertex 20.560241031756433 7.67778767008231 34.98
      vertex 20.414880398205923 8.04954569663142 34.98
      vertex 20.414880398205923 8.04954569663142 34.99
    endloop
  endfacet
  facet normal 0.8873520750530296 0.46109250145614217 0
    outer loop
      vertex 20.414880398205923 8.04954569663142 34.98
      vertex 20.414819531039946 8.049662832793604 34.98
      vertex 20.414880398205923 8.04954569663142 34.99
    endloop
  endfacet
  facet normal 0.9313361774523343 0.36416057525283274 0
    outer loop
      vertex 20.560241031756433 7.67778767008231 34.98
      vertex 20.414880398205923 8.04954569663142 34.99
      vertex 20.560241031756433 7.67778767008231 38.739999999999995
    endloop
  endfacet
  facet normal 0.8873520750565725 0.4610925014493241 0
    outer loop
      vertex 20.414880398205923 8.04954569663142 34.99
      vertex 20.230827805226774 8.40374675127065 34.99
      vertex 20.414880398205923 8.04954569663142 38.739999999999995
    endloop
  endfacet
  facet normal 0.7698339835393591 0.6382441835128009 -2.1860480630749806e-12
    outer loop
      vertex 20.010084388368718 8.736479219408206 34.98
      vertex 20.010168642241112 8.736377594519382 34.99
      vertex 20.010094241270828 8.736467335087006 34.98
    endloop
  endfacet
  facet normal 0.8333139190825138 0.5528000653611949 1.4852433371387741e-15
    outer loop
      vertex 20.010168642241112 8.736377594519382 34.98
      vertex 20.230827805226774 8.40374675127065 34.99
      vertex 20.230827805226774 8.40374675127065 34.98
    endloop
  endfacet
  facet normal 0.8333139190825138 0.5528000653611949 0
    outer loop
      vertex 20.010168642241112 8.736377594519382 34.98
      vertex 20.010168642241112 8.736377594519382 34.99
      vertex 20.230827805226774 8.40374675127065 38.739999999999995
    endloop
  endfacet
  facet normal 0.7698339834299065 0.6382441836448199 0
    outer loop
      vertex 20.010168642241112 8.736377594519382 34.99
      vertex 19.755403065736502 9.04366938601106 34.99
      vertex 20.010168642241112 8.736377594519382 38.739999999999995
    endloop
  endfacet
  facet normal 0.833313919082514 0.552800065361195 3.960648899038765e-18
    outer loop
      vertex 20.010168642241112 8.736377594519382 34.98
      vertex 20.230827805226774 8.40374675127065 38.739999999999995
      vertex 20.230827805226774 8.40374675127065 34.99
    endloop
  endfacet
  facet normal -0.6653257001655805 -0.7465532216119493 0
    outer loop
      vertex 18.837330063682003 8.268252877020217 38.25303098774027
      vertex 18.701298669768782 8.389483594107467 38.24255096628529
      vertex 18.837330063682003 8.268252877020217 35.03
    endloop
  endfacet
  facet normal -0.8595696069872044 -0.511018679447105 0
    outer loop
      vertex 19.085719869955128 7.967062583557482 38.251748500360534
      vertex 19.085719869955128 7.967062583557482 35.03
      vertex 19.202064564151392 7.7713625688857455 38.24272513777148
    endloop
  endfacet
  facet normal -0.7714891798219163 -0.6362424423265923 0
    outer loop
      vertex 19.085719869955128 7.967062583557482 38.251748500360534
      vertex 19.06081075504246 7.9972666557092715 38.2473021819952
      vertex 19.085719869955128 7.967062583557482 35.03
    endloop
  endfacet
  facet normal -0.7714891798219529 -0.6362424423265479 1.2063720084665873e-15
    outer loop
      vertex 19.06081075504246 7.9972666557092715 38.2473021819952
      vertex 18.891241468571025 8.202881467045135 38.244916419697994
      vertex 18.837330063682003 8.268252877020217 35.03
    endloop
  endfacet
  facet normal -0.7714891798219236 -0.6362424423265832 -5.351457293170275e-20
    outer loop
      vertex 18.891241468571025 8.202881467045135 38.244916419697994
      vertex 18.837330063682003 8.268252877020217 38.25303098774027
      vertex 18.837330063682003 8.268252877020217 35.03
    endloop
  endfacet
  facet normal -0.6304686248866447 -0.3212398094875023 0.7066217501846206
    outer loop
      vertex 19.28522217025069 7.631485586560746 38.25333082095426
      vertex 19.777178191233503 7.7364793949504325 38.739999999999995
      vertex 19.202064564151392 7.7713625688857455 38.24272513777148
    endloop
  endfacet
  facet normal -0.5934361481663599 -0.3853819406971411 0.7066217501846227
    outer loop
      vertex 19.085719869955128 7.967062583557482 38.251748500360534
      vertex 19.202064564151392 7.7713625688857455 38.24272513777148
      vertex 19.632717227504692 8.020000000000003 38.739999999999995
    endloop
  endfacet
  facet normal -0.5934361481662973 -0.3853819406972265 0.7066217501846287
    outer loop
      vertex 19.085719869955128 7.967062583557482 38.251748500360534
      vertex 19.459411662899804 8.286867166969156 38.739999999999995
      vertex 19.06081075504246 7.9972666557092715 38.2473021819952
    endloop
  endfacet
  facet normal -0.5499018608222955 -0.4453017467181047 0.7066217501846243
    outer loop
      vertex 19.06081075504246 7.9972666557092715 38.2473021819952
      vertex 19.459411662899804 8.286867166969156 38.739999999999995
      vertex 18.891241468571025 8.202881467045135 38.244916419697994
    endloop
  endfacet
  facet normal -0.5934361481663589 -0.3853819406971442 0.7066217501846218
    outer loop
      vertex 19.085719869955128 7.967062583557482 38.251748500360534
      vertex 19.632717227504692 8.020000000000003 38.739999999999995
      vertex 19.459411662899804 8.286867166969156 38.739999999999995
    endloop
  endfacet
  facet normal -0.5435675500012237 -0.8393654261319484 -7.356620175792585e-16
    outer loop
      vertex 18.496606756929012 8.559902482292088 38.246179495133575
      vertex 18.272919347127612 8.704760983162426 38.24583869425522
      vertex 18.545874797964927 8.527996821747237 35.03
    endloop
  endfacet
  facet normal -0.6653257001655603 -0.7465532216119674 2.507341764313558e-18
    outer loop
      vertex 18.701298669768782 8.389483594107467 38.24255096628529
      vertex 18.545874797964927 8.527996821747237 38.252398045051045
      vertex 18.545874797964927 8.527996821747237 35.03
    endloop
  endfacet
  facet normal -0.54356755000119 -0.8393654261319702 2.918000416541353e-19
    outer loop
      vertex 18.496606756929012 8.559902482292088 38.246179495133575
      vertex 18.545874797964927 8.527996821747237 35.03
      vertex 18.545874797964927 8.527996821747237 38.252398045051045
    endloop
  endfacet
  facet normal -0.5435675500012176 -0.8393654261319522 -3.956604668012848e-19
    outer loop
      vertex 18.272919347127612 8.704760983162426 38.24583869425522
      vertex 18.218185537206267 8.740206239822903 38.25258125992431
      vertex 18.218185537206267 8.740206239822903 35.03
    endloop
  endfacet
  facet normal -0.40906863717133873 -0.9125036164765504 1.2210731805879496e-18
    outer loop
      vertex 18.034138525261135 8.822713157047584 38.242526086267596
      vertex 18.218185537206267 8.740206239822903 35.03
      vertex 18.218185537206267 8.740206239822903 38.25258125992431
    endloop
  endfacet
  facet normal -0.44530174671811673 -0.549901860822288 0.7066217501846226
    outer loop
      vertex 18.701298669768782 8.389483594107467 38.24255096628529
      vertex 19.03415704333093 8.759160269451275 38.739999999999995
      vertex 18.545874797964927 8.527996821747237 38.252398045051045
    endloop
  endfacet
  facet normal -0.32123980948750724 -0.630468624886633 0.7066217501846289
    outer loop
      vertex 18.034138525261135 8.822713157047584 38.242526086267596
      vertex 18.218185537206267 8.740206239822903 38.25258125992431
      vertex 18.520000000000003 9.132717227504692 38.739999999999995
    endloop
  endfacet
  facet normal -0.321239809487472 -0.6304686248866553 0.706621750184625
    outer loop
      vertex 18.272919347127612 8.704760983162426 38.24583869425522
      vertex 18.520000000000003 9.132717227504692 38.739999999999995
      vertex 18.218185537206267 8.740206239822903 38.25258125992431
    endloop
  endfacet
  facet normal -0.4453017467180894 -0.5499018608223095 0.7066217501846233
    outer loop
      vertex 18.496606756929012 8.559902482292088 38.246179495133575
      vertex 18.545874797964927 8.527996821747237 38.252398045051045
      vertex 18.786867166969117 8.959411662899836 38.739999999999995
    endloop
  endfacet
  facet normal -0.3853819406971238 -0.5934361481663717 0.7066217501846221
    outer loop
      vertex 18.496606756929012 8.559902482292088 38.246179495133575
      vertex 18.786867166969117 8.959411662899836 38.739999999999995
      vertex 18.272919347127612 8.704760983162426 38.24583869425522
    endloop
  endfacet
  facet normal -0.4453017467181122 -0.5499018608222941 0.7066217501846208
    outer loop
      vertex 18.545874797964927 8.527996821747237 38.252398045051045
      vertex 19.03415704333093 8.759160269451275 38.739999999999995
      vertex 18.786867166969117 8.959411662899836 38.739999999999995
    endloop
  endfacet
  facet normal -0.3853819406971319 -0.5934361481663623 0.7066217501846257
    outer loop
      vertex 18.272919347127612 8.704760983162426 38.24583869425522
      vertex 18.786867166969117 8.959411662899836 38.739999999999995
      vertex 18.520000000000003 9.132717227504692 38.739999999999995
    endloop
  endfacet
  facet normal -0.5003427336166859 -0.500342733616661 0.7066217501846296
    outer loop
      vertex 18.837330063682003 8.268252877020217 38.25303098774027
      vertex 19.25916026945128 8.534157043330929 38.739999999999995
      vertex 18.701298669768782 8.389483594107467 38.24255096628529
    endloop
  endfacet
  facet normal -0.5003427336166536 -0.5003427336167015 0.7066217501846238
    outer loop
      vertex 18.891241468571025 8.202881467045135 38.244916419697994
      vertex 19.25916026945128 8.534157043330929 38.739999999999995
      vertex 18.837330063682003 8.268252877020217 38.25303098774027
    endloop
  endfacet
  facet normal -0.5003427336166744 -0.5003427336166822 0.7066217501846228
    outer loop
      vertex 18.701298669768782 8.389483594107467 38.24255096628529
      vertex 19.25916026945128 8.534157043330929 38.739999999999995
      vertex 19.03415704333093 8.759160269451275 38.739999999999995
    endloop
  endfacet
  facet normal -0.5499018608222956 -0.44530174671810463 0.7066217501846244
    outer loop
      vertex 18.891241468571025 8.202881467045135 38.244916419697994
      vertex 19.459411662899804 8.286867166969156 38.739999999999995
      vertex 19.25916026945128 8.534157043330929 38.739999999999995
    endloop
  endfacet
  facet normal 0 0 1
    outer loop
      vertex 19.25916026945128 8.534157043330929 38.739999999999995
      vertex 19.459411662899804 8.286867166969156 38.739999999999995
      vertex 18.817065763747436 9.780361566994856 38.739999999999995
    endloop
  endfacet
  facet normal 0.9313361774523343 0.3641605752528327 1.6257266025803672e-18
    outer loop
      vertex 20.560241031756433 7.67778767008231 38.739999999999995
      vertex 20.414880398205923 8.04954569663142 34.99
      vertex 20.414880398205923 8.04954569663142 38.739999999999995
    endloop
  endfacet
  facet normal 0.8873520750565725 0.4610925014493241 0
    outer loop
      vertex 20.230827805226774 8.40374675127065 34.99
      vertex 20.230827805226774 8.40374675127065 38.739999999999995
      vertex 20.414880398205923 8.04954569663142 38.739999999999995
    endloop
  endfacet
  facet normal -0.6304686248866462 -0.3212398094874942 0.706621750184623
    outer loop
      vertex 19.202064564151392 7.7713625688857455 38.24272513777148
      vertex 19.777178191233503 7.7364793949504325 38.739999999999995
      vertex 19.632717227504692 8.020000000000003 38.739999999999995
    endloop
  endfacet
  facet normal 0 0 1
    outer loop
      vertex 20.72875550078801 6.898600571177621 38.739999999999995
      vertex 19.459411662899804 8.286867166969156 38.739999999999995
      vertex 19.632717227504692 8.020000000000003 38.739999999999995
    endloop
  endfacet
  facet normal 0 0 1
    outer loop
      vertex 20.72875550078801 6.898600571177621 38.739999999999995
      vertex 18.817065763747436 9.780361566994856 38.739999999999995
      vertex 19.459411662899804 8.286867166969156 38.739999999999995
    endloop
  endfacet
  facet normal 0 0 1
    outer loop
      vertex 20.72875550078801 6.898600571177621 38.739999999999995
      vertex 20.560241031756433 7.67778767008231 38.739999999999995
      vertex 20.010168642241112 8.736377594519382 38.739999999999995
    endloop
  endfacet
  facet normal 0 0 1
    outer loop
      vertex 20.560241031756433 7.67778767008231 38.739999999999995
      vertex 20.414880398205923 8.04954569663142 38.739999999999995
      vertex 20.230827805226774 8.40374675127065 38.739999999999995
    endloop
  endfacet
  facet normal 0 0 1
    outer loop
      vertex 20.560241031756433 7.67778767008231 38.739999999999995
      vertex 20.230827805226774 8.40374675127065 38.739999999999995
      vertex 20.010168642241112 8.736377594519382 38.739999999999995
    endloop
  endfacet
  facet normal 0.833313919082514 0.552800065361195 0
    outer loop
      vertex 20.010168642241112 8.736377594519382 34.99
      vertex 20.010168642241112 8.736377594519382 38.739999999999995
      vertex 20.230827805226774 8.40374675127065 38.739999999999995
    endloop
  endfacet
  facet normal 0.7698339834299065 0.6382441836448199 3.54916406132016e-18
    outer loop
      vertex 20.010168642241112 8.736377594519382 38.739999999999995
      vertex 19.755403065736502 9.04366938601106 34.99
      vertex 19.755403065736502 9.04366938601106 38.739999999999995
    endloop
  endfacet
  facet normal 0 0 1
    outer loop
      vertex 20.72875550078801 6.898600571177621 38.739999999999995
      vertex 20.010168642241112 8.736377594519382 38.739999999999995
      vertex 18.817065763747436 9.780361566994856 38.739999999999995
    endloop
  endfacet
  facet normal 0.6175246149461929 0.7865515558026416 2.476961739080705e-18
    outer loop
      vertex 19.155452788304025 9.568635409655634 34.98
      vertex 19.469417671493893 9.32214038696052 38.739999999999995
      vertex 19.469417671493893 9.32214038696052 34.98
    endloop
  endfacet
  facet normal 0.6175246149461929 0.7865515558026417 0
    outer loop
      vertex 19.155452788304025 9.568635409655634 34.98
      vertex 19.155452788304025 9.568635409655634 34.99
      vertex 19.469417671493893 9.32214038696052 38.739999999999995
    endloop
  endfacet
  facet normal 0.4373073204588612 0.8993121301712165 2.9484793754313933e-16
    outer loop
      vertex 18.458090658024958 9.954919917014049 34.98
      vertex 18.817065763747436 9.780361566994856 34.99
      vertex 18.817065763747436 9.780361566994856 34.98
    endloop
  endfacet
  facet normal 0.4373073204588612 0.8993121301712165 0
    outer loop
      vertex 18.458090658024958 9.954919917014049 34.99
      vertex 18.817065763747436 9.780361566994856 38.739999999999995
      vertex 18.458090658024958 9.954919917014049 34.98
    endloop
  endfacet
  facet normal 0.4373073204588611 0.8993121301712164 7.862611667821085e-19
    outer loop
      vertex 18.458090658024958 9.954919917014049 34.98
      vertex 18.817065763747436 9.780361566994856 38.739999999999995
      vertex 18.817065763747436 9.780361566994856 34.99
    endloop
  endfacet
  facet normal 0.3392388661180301 0.9407002666710333 -6.7185913464308355e-19
    outer loop
      vertex 18.08259480252358 10.090332643857522 34.99
      vertex 18.458090658024958 9.954919917014049 38.739999999999995
      vertex 18.458090658024958 9.954919917014049 34.99
    endloop
  endfacet
  facet normal 0.5304209081197421 0.8477344278896712 0
    outer loop
      vertex 19.155452788304025 9.568635409655634 34.99
      vertex 18.817065763747436 9.780361566994856 34.99
      vertex 19.155452788304025 9.568635409655634 38.739999999999995
    endloop
  endfacet
  facet normal 0.6976315211349784 0.7164567402983214 2.61173685919118e-13
    outer loop
      vertex 19.755321125253367 9.0437491734716 34.98
      vertex 19.469417671493893 9.32214038696052 34.98
      vertex 19.755403065736502 9.04366938601106 34.99
    endloop
  endfacet
  facet normal 0.6976315211349831 0.7164567402983169 0
    outer loop
      vertex 19.755403065736502 9.04366938601106 34.99
      vertex 19.469417671493893 9.32214038696052 34.98
      vertex 19.755403065736502 9.04366938601106 38.739999999999995
    endloop
  endfacet
  facet normal 0.617524614946193 0.7865515558026418 0
    outer loop
      vertex 19.155452788304025 9.568635409655634 34.99
      vertex 19.155452788304025 9.568635409655634 38.739999999999995
      vertex 19.469417671493893 9.32214038696052 38.739999999999995
    endloop
  endfacet
  facet normal -0.3212398094874912 -0.6304686248866481 0.7066217501846226
    outer loop
      vertex 18.034138525261135 8.822713157047584 38.242526086267596
      vertex 18.520000000000003 9.132717227504692 38.739999999999995
      vertex 18.23647939495043 9.277178191233503 38.739999999999995
    endloop
  endfacet
  facet normal 0 0 1
    outer loop
      vertex 17.939411662899843 9.391211809537268 38.739999999999995
      vertex 18.23647939495043 9.277178191233503 38.739999999999995
      vertex 18.817065763747436 9.780361566994856 38.739999999999995
    endloop
  endfacet
  facet normal 0 0 1
    outer loop
      vertex 18.23647939495043 9.277178191233503 38.739999999999995
      vertex 18.520000000000003 9.132717227504692 38.739999999999995
      vertex 18.817065763747436 9.780361566994856 38.739999999999995
    endloop
  endfacet
  facet normal 0 0 1
    outer loop
      vertex 18.786867166969117 8.959411662899836 38.739999999999995
      vertex 18.817065763747436 9.780361566994856 38.739999999999995
      vertex 18.520000000000003 9.132717227504692 38.739999999999995
    endloop
  endfacet
  facet normal 0 0 1
    outer loop
      vertex 19.25916026945128 8.534157043330929 38.739999999999995
      vertex 18.817065763747436 9.780361566994856 38.739999999999995
      vertex 19.03415704333093 8.759160269451275 38.739999999999995
    endloop
  endfacet
  facet normal 0 0 1
    outer loop
      vertex 18.786867166969117 8.959411662899836 38.739999999999995
      vertex 19.03415704333093 8.759160269451275 38.739999999999995
      vertex 18.817065763747436 9.780361566994856 38.739999999999995
    endloop
  endfacet
  facet normal 0 0 1
    outer loop
      vertex 20.010168642241112 8.736377594519382 38.739999999999995
      vertex 19.469417671493893 9.32214038696052 38.739999999999995
      vertex 18.817065763747436 9.780361566994856 38.739999999999995
    endloop
  endfacet
  facet normal 0 0 1
    outer loop
      vertex 19.155452788304025 9.568635409655634 38.739999999999995
      vertex 18.817065763747436 9.780361566994856 38.739999999999995
      vertex 19.469417671493893 9.32214038696052 38.739999999999995
    endloop
  endfacet
  facet normal 0.4373073204588611 0.8993121301712164 0
    outer loop
      vertex 18.458090658024958 9.954919917014049 34.99
      vertex 18.458090658024958 9.954919917014049 38.739999999999995
      vertex 18.817065763747436 9.780361566994856 38.739999999999995
    endloop
  endfacet
  facet normal 0.3392388661180301 0.9407002666710333 0
    outer loop
      vertex 18.08259480252358 10.090332643857522 34.99
      vertex 18.08259480252358 10.090332643857522 38.739999999999995
      vertex 18.458090658024958 9.954919917014049 38.739999999999995
    endloop
  endfacet
  facet normal 0.5304209081197421 0.8477344278896712 0
    outer loop
      vertex 18.817065763747436 9.780361566994856 34.99
      vertex 18.817065763747436 9.780361566994856 38.739999999999995
      vertex 19.155452788304025 9.568635409655634 38.739999999999995
    endloop
  endfacet
  facet normal 0 0 1
    outer loop
      vertex 17.694832715326683 10.185065467221953 38.739999999999995
      vertex 18.817065763747436 9.780361566994856 38.739999999999995
      vertex 18.08259480252358 10.090332643857522 38.739999999999995
    endloop
  endfacet
  facet normal 0 0 1
    outer loop
      vertex 18.08259480252358 10.090332643857522 38.739999999999995
      vertex 18.817065763747436 9.780361566994856 38.739999999999995
      vertex 18.458090658024958 9.954919917014049 38.739999999999995
    endloop
  endfacet
  facet normal 0.6976315211349831 0.7164567402983169 0
    outer loop
      vertex 19.469417671493893 9.32214038696052 34.98
      vertex 19.469417671493893 9.32214038696052 38.739999999999995
      vertex 19.755403065736502 9.04366938601106 38.739999999999995
    endloop
  endfacet
  facet normal 0 0 1
    outer loop
      vertex 20.010168642241112 8.736377594519382 38.739999999999995
      vertex 19.755403065736502 9.04366938601106 38.739999999999995
      vertex 19.469417671493893 9.32214038696052 38.739999999999995
    endloop
  endfacet
  facet normal -0.658511379065036 -0.7525707698561409 1.4322501156772295e-17
    outer loop
      vertex -19.505936036387084 -9.283123923372957 4.745062641841159
      vertex -19.31571730604822 -9.449568334259908 4.754718951443891
      vertex -19.616081774302128 -9.18674465290722 34.98
    endloop
  endfacet
  facet normal -0.6585113790650403 -0.752570769856137 -1.3876867637857267e-17
    outer loop
      vertex -19.616118204256193 -9.186712776118682 4.7548135872335395
      vertex -19.505936036387084 -9.283123923372957 4.745062641841159
      vertex -19.616081774302128 -9.18674465290722 34.98
    endloop
  endfacet
  facet normal -0.7347741508630636 -0.67831183626962 1.057539881438509e-17
    outer loop
      vertex -19.783058162486668 -9.005876825019111 4.74497415184024
      vertex -19.616118204256193 -9.186712776118682 4.7548135872335395
      vertex -19.88684311179614 -8.89345287201747 34.98
    endloop
  endfacet
  facet normal -0.5747874102144087 -0.8183027759081678 2.6428694991534548e-17
    outer loop
      vertex -18.989078405449035 -9.679004104586266 4.754612487130844
      vertex -18.989148590365076 -9.67895480571143 34.98
      vertex -19.20135154046189 -9.52990046089311 4.745162934721827
    endloop
  endfacet
  facet normal -0.4845508703326492 -0.8747630845319619 0
    outer loop
      vertex -18.989078405449035 -9.679004104586266 4.754612487130844
      vertex -18.872637516031226 -9.743503321925662 4.745275032062453
      vertex -18.989078405449035 -9.679004104586266 34.98
    endloop
  endfacet
  facet normal -0.48455087033265143 -0.8747630845319605 -1.1577713562064872e-17
    outer loop
      vertex -18.872637516031226 -9.743503321925662 4.745275032062453
      vertex -18.639902451720708 -9.872420488142073 4.754494194629793
      vertex -18.989078405449035 -9.679004104586266 34.99
    endloop
  endfacet
  facet normal -0.38882417547331555 -0.9213119778704151 2.617643203475435e-17
    outer loop
      vertex -18.272145747942613 -10.027626000016374 4.754364074313394
      vertex -18.639902451720708 -9.872420488142073 34.99
      vertex -18.523390990057557 -9.921592184703623 4.745398935629348
    endloop
  endfacet
  facet normal -0.38882417547332127 -0.9213119778704127 0
    outer loop
      vertex -18.639902451720708 -9.872420488142073 4.754494194629793
      vertex -18.523390990057557 -9.921592184703623 4.745398935629348
      vertex -18.639902451720708 -9.872420488142073 34.99
    endloop
  endfacet
  facet normal -0.5747874102144088 -0.8183027759081677 2.8026985057568077e-17
    outer loop
      vertex -19.31571730604822 -9.449568334259908 4.754718951443891
      vertex -19.20135154046189 -9.52990046089311 4.745162934721827
      vertex -18.989148590365076 -9.67895480571143 34.98
    endloop
  endfacet
  facet normal -0.861554081393809 -0.507665800338835 0
    outer loop
      vertex -20.124927196559433 -8.573000245104474 4.75496737208737
      vertex -20.124927196559433 -8.573000245104474 34.99
      vertex -20.243120142944854 -8.372416287543508 4.744832575087018
    endloop
  endfacet
  facet normal -0.8615540813938051 -0.5076658003388417 -5.973150132806624e-17
    outer loop
      vertex -20.243120142944854 -8.372416287543508 4.744832575087018
      vertex -20.124927196559433 -8.573000245104474 34.99
      vertex -20.327570281462144 -8.229096880434971 4.755026520667085
    endloop
  endfacet
  facet normal -0.7347741508630765 -0.6783118362696061 -8.470868716149985e-17
    outer loop
      vertex -19.783058162486668 -9.005876825019111 4.74497415184024
      vertex -19.88684311179614 -8.89345287201747 34.98
      vertex -19.886877437862147 -8.893415688668076 4.754896394201655
    endloop
  endfacet
  facet normal -0.8027116379309589 -0.5963673585385078 1.0933841307914721e-16
    outer loop
      vertex -19.886877437862147 -8.893415688668076 4.754896394201655
      vertex -20.12489570666568 -8.57304263056342 34.98
      vertex -20.029685690021488 -8.701195500289876 4.744897463324912
    endloop
  endfacet
  facet normal -0.8027116379309646 -0.5963673585385003 5.994475625637162e-17
    outer loop
      vertex -20.124927196559433 -8.573000245104474 4.75496737208737
      vertex -20.029685690021488 -8.701195500289876 4.744897463324912
      vertex -20.12489570666568 -8.57304263056342 34.98
    endloop
  endfacet
  facet normal -0.910634772854914 -0.41321218576837665 2.2281009102725575e-17
    outer loop
      vertex -20.421026289403816 -8.0231390372372 4.744779486104343
      vertex -20.327570281462144 -8.229096880434971 4.755026520667085
      vertex -20.49245611260067 -7.8657223804631995 34.98
    endloop
  endfacet
  facet normal -0.9106347728549143 -0.4132121857683754 1.4713334105826737e-17
    outer loop
      vertex -20.421026289403816 -8.0231390372372 4.744779486104343
      vertex -20.49245611260067 -7.8657223804631995 34.98
      vertex -20.492510665446268 -7.865602157198084 4.755073839754461
    endloop
  endfacet
  facet normal -0.28869194733962505 -0.9574220383620041 -5.558419352790005e-20
    outer loop
      vertex -18.157433859059054 -10.062215133395274 4.745534647375011
      vertex -17.88997512451668 -10.142862099742663 4.75422212659157
      vertex -17.88997512451668 -10.142862099742663 34.99
    endloop
  endfacet
  facet normal -0.2886919473396248 -0.9574220383620045 -3.695305006687015e-18
    outer loop
      vertex -18.272145747942613 -10.027626000016374 4.754364074313394
      vertex -18.157433859059054 -10.062215133395274 4.745534647375011
      vertex -17.88997512451668 -10.142862099742663 34.99
    endloop
  endfacet
  facet normal -0.18528872408710803 -0.9826841245925221 -2.6082474542649695e-17
    outer loop
      vertex -17.88997512451668 -10.142862099742663 4.75422212659157
      vertex -17.778771113113827 -10.163830027147359 4.745682169438187
      vertex -17.497720727313958 -10.216823116265026 34.98
    endloop
  endfacet
  facet normal -0.18528872408711078 -0.9826841245925215 2.601442718631219e-20
    outer loop
      vertex -17.778771113113827 -10.163830027147359 4.745682169438187
      vertex -17.497720727313958 -10.216823116265026 4.754068351911495
      vertex -17.497720727313958 -10.216823116265026 34.98
    endloop
  endfacet
  facet normal -0.07978610555309423 -0.9968120070307491 0
    outer loop
      vertex -17.497720727313958 -10.216823116265026 4.754068351911495
      vertex -17.391547056072366 -10.225321392450397 4.745841504143962
      vertex -17.497720727313958 -10.216823116265026 34.98
    endloop
  endfacet
  facet normal -0.07978610555308414 -0.9968120070307502 3.579116488266675e-17
    outer loop
      vertex -17.391547056072366 -10.225321392450397 4.745841504143962
      vertex -17.099826955391656 -10.248671041712948 4.753902750757613
      vertex -17.497720727313958 -10.216823116265026 34.99
    endloop
  endfacet
  facet normal 0 -1 0
    outer loop
      vertex -17.099826955391656 -10.248671041712948 4.753902750757613
      vertex -17 -10.248671041712948 4.7486710417129485
      vertex -17.09979394528303 -10.248671041712948 34.98
    endloop
  endfacet
  facet normal -0.9493976084683776 -0.31407671202195997 -1.3396318266446466e-20
    outer loop
      vertex -20.56145766268823 -7.657187741907017 4.744738195540589
      vertex -20.617879508054436 -7.4866346158532044 34.98
      vertex -20.617879508054436 -7.4866346158532044 4.755109329200433
    endloop
  endfacet
  facet normal -0.9493976084683814 -0.31407671202194826 -7.339173857777049e-17
    outer loop
      vertex -20.492510665446268 -7.865602157198084 4.755073839754461
      vertex -20.617879508054436 -7.4866346158532044 34.99
      vertex -20.56145766268823 -7.657187741907017 4.744738195540589
    endloop
  endfacet
  facet normal -0.9774033898178682 -0.21138262362961663 -1.2339806238988105e-16
    outer loop
      vertex -20.617879508054436 -7.4866346158532044 4.755109329200433
      vertex -20.702243310493387 -7.09654831137894 34.98
      vertex -20.662877833037346 -7.27856871800776 4.7447087027453305
    endloop
  endfacet
  facet normal -0.9774033898178659 -0.21138262362962734 -5.599016945067494e-17
    outer loop
      vertex -20.662877833037346 -7.27856871800776 4.7447087027453305
      vertex -20.702243310493387 -7.09654831137894 34.98
      vertex -20.702256330205042 -7.096488110071521 4.75513298889319
    endloop
  endfacet
  facet normal -0.9943348002101364 -0.10629348564737227 0
    outer loop
      vertex -20.702256330205042 -7.096488110071521 4.75513298889319
      vertex -20.702256330205042 -7.096488110071521 34.99
      vertex -20.724177198102776 -6.891426796400462 4.744691007253999
    endloop
  endfacet
  facet normal -0.9943348002101389 -0.10629348564734935 1.5726783620076165e-16
    outer loop
      vertex -20.724177198102776 -6.891426796400462 4.744691007253999
      vertex -20.702256330205042 -7.096488110071521 34.99
      vertex -20.744685108787856 -6.69958315565817 4.755144818758205
    endloop
  endfacet
  facet normal -1 0 0
    outer loop
      vertex -20.744685108787856 -6.69958315565817 4.755144818758205
      vertex -20.744685108787856 -6.699517167535257 34.98
      vertex -20.744685108787856 -6.5 4.744685108787858
    endloop
  endfacet
  facet normal 0 -1 0
    outer loop
      vertex -17 -10.248671041712948 4.7486710417129485
      vertex -4 -10.248671041712948 4.7486710417129485
      vertex -17.095495192401522 -10.248671041712948 34.98
    endloop
  endfacet
  facet normal -1 0 0
    outer loop
      vertex -20.744685108787856 -6.5 4.744685108787858
      vertex -20.744685108787856 -6.699517167535257 34.98
      vertex -20.744685108787856 6.5 4.744685108787858
    endloop
  endfacet
  facet normal -0.7347741508450856 -0.6783118362890947 3.534840259862177e-13
    outer loop
      vertex -19.616118204256193 -9.186712776118682 4.7548135872335395
      vertex -19.88678788682386 -8.893512693886912 34.98
      vertex -19.88684311179614 -8.89345287201747 34.98
    endloop
  endfacet
  facet normal -0.6585113790715611 -0.7525707698504314 0
    outer loop
      vertex -19.616118204256193 -9.186712776118682 4.7548135872335395
      vertex -19.616081774302128 -9.18674465290722 34.98
      vertex -19.616118204256193 -9.186712776118682 34.99
    endloop
  endfacet
  facet normal -0.734774150863068 -0.6783118362696153 0
    outer loop
      vertex -19.616118204256193 -9.186712776118682 4.7548135872335395
      vertex -19.616118204256193 -9.186712776118682 34.99
      vertex -19.88678788682386 -8.893512693886912 34.98
    endloop
  endfacet
  facet normal -0.57478741022203 -0.8183027759028144 0
    outer loop
      vertex -18.989078405449035 -9.679004104586266 4.754612487130844
      vertex -18.989078405449035 -9.679004104586266 34.98
      vertex -18.989148590365076 -9.67895480571143 34.98
    endloop
  endfacet
  facet normal -0.48455087033270955 -0.8747630845319285 2.5416540924475994e-16
    outer loop
      vertex -18.872637516031226 -9.743503321925662 4.745275032062453
      vertex -18.989078405449035 -9.679004104586266 34.99
      vertex -18.989078405449035 -9.679004104586266 34.98
    endloop
  endfacet
  facet normal -0.3888241754733174 -0.9213119778704143 0
    outer loop
      vertex -18.272145747942613 -10.027626000016374 4.754364074313394
      vertex -18.272145747942613 -10.027626000016374 34.99
      vertex -18.639902451720708 -9.872420488142073 34.99
    endloop
  endfacet
  facet normal -0.48455087033265076 -0.8747630845319609 0
    outer loop
      vertex -18.639902451720708 -9.872420488142073 4.754494194629793
      vertex -18.639902451720708 -9.872420488142073 34.99
      vertex -18.989078405449035 -9.679004104586266 34.99
    endloop
  endfacet
  facet normal -0.5747874102144087 -0.8183027759081678 0
    outer loop
      vertex -19.31571730604822 -9.449568334259908 4.754718951443891
      vertex -18.989078405449035 -9.679004104586266 34.99
      vertex -19.31571730604822 -9.449568334259908 34.98
    endloop
  endfacet
  facet normal -0.6585113790650368 -0.7525707698561401 0
    outer loop
      vertex -19.31571730604822 -9.449568334259908 4.754718951443891
      vertex -19.31571730604822 -9.449568334259908 34.98
      vertex -19.616081774302128 -9.18674465290722 34.98
    endloop
  endfacet
  facet normal -0.5747874102002396 -0.8183027759181204 -2.2730870620796747e-13
    outer loop
      vertex -19.31571730604822 -9.449568334259908 4.754718951443891
      vertex -18.989148590365076 -9.67895480571143 34.98
      vertex -18.989078405449035 -9.679004104586266 34.99
    endloop
  endfacet
  facet normal -0.8027116379105013 -0.5963673585660438 0
    outer loop
      vertex -20.124927196559433 -8.573000245104474 4.75496737208737
      vertex -20.12489570666568 -8.57304263056342 34.98
      vertex -20.124927196559433 -8.573000245104474 34.99
    endloop
  endfacet
  facet normal -0.8615540813938074 -0.5076658003388379 0
    outer loop
      vertex -20.327570281462144 -8.229096880434971 4.755026520667085
      vertex -20.124927196559433 -8.573000245104474 34.99
      vertex -20.327570281462144 -8.229096880434971 34.99
    endloop
  endfacet
  facet normal -0.7347741508974175 -0.6783118362324065 0
    outer loop
      vertex -19.886877437862147 -8.893415688668076 4.754896394201655
      vertex -19.88684311179614 -8.89345287201747 34.98
      vertex -19.886877437862147 -8.893415688668076 34.99
    endloop
  endfacet
  facet normal -0.8027116379309619 -0.5963673585385038 0
    outer loop
      vertex -19.886877437862147 -8.893415688668076 4.754896394201655
      vertex -19.886877437862147 -8.893415688668076 34.99
      vertex -20.124848463652874 -8.573106219751606 34.98
    endloop
  endfacet
  facet normal -0.8027116379409024 -0.5963673585251239 -2.1961814075844802e-13
    outer loop
      vertex -19.886877437862147 -8.893415688668076 4.754896394201655
      vertex -20.124848463652874 -8.573106219751606 34.98
      vertex -20.12489570666568 -8.57304263056342 34.98
    endloop
  endfacet
  facet normal -0.9106347728549147 -0.41321218576837504 0
    outer loop
      vertex -20.327570281462144 -8.229096880434971 4.755026520667085
      vertex -20.327570281462144 -8.229096880434971 34.99
      vertex -20.49245611260067 -7.8657223804631995 34.98
    endloop
  endfacet
  facet normal -0.9106347728535138 -0.413212185771462 0
    outer loop
      vertex -20.492510665446268 -7.865602157198084 4.755073839754461
      vertex -20.49245611260067 -7.8657223804631995 34.98
      vertex -20.492510665446268 -7.865602157198084 34.98
    endloop
  endfacet
  facet normal -0.9493976084683797 -0.31407671202195353 0
    outer loop
      vertex -20.492510665446268 -7.865602157198084 4.755073839754461
      vertex -20.492510665446268 -7.865602157198084 34.98
      vertex -20.617879508054436 -7.4866346158532044 34.99
    endloop
  endfacet
  facet normal -0.288691947339625 -0.9574220383620043 0
    outer loop
      vertex -18.272145747942613 -10.027626000016374 4.754364074313394
      vertex -17.88997512451668 -10.142862099742663 34.99
      vertex -18.272145747942613 -10.027626000016374 34.99
    endloop
  endfacet
  facet normal -0.18528872408711183 -0.9826841245925214 0
    outer loop
      vertex -17.88997512451668 -10.142862099742663 4.75422212659157
      vertex -17.49785045918289 -10.216798654841599 34.98
      vertex -17.88997512451668 -10.142862099742663 34.99
    endloop
  endfacet
  facet normal -0.18528872408147073 -0.982684124593585 -7.602417429611817e-14
    outer loop
      vertex -17.88997512451668 -10.142862099742663 4.75422212659157
      vertex -17.497720727313958 -10.216823116265026 34.98
      vertex -17.49785045918289 -10.216798654841599 34.98
    endloop
  endfacet
  facet normal -0.07978610555307554 -0.9968120070307506 6.806201048003508e-18
    outer loop
      vertex -17.391547056072366 -10.225321392450397 4.745841504143962
      vertex -17.497720727313958 -10.216823116265026 34.99
      vertex -17.497720727313958 -10.216823116265026 34.98
    endloop
  endfacet
  facet normal -0.07978610555308682 -0.9968120070307498 0
    outer loop
      vertex -17.099826955391656 -10.248671041712948 4.753902750757613
      vertex -17.099826955391656 -10.248671041712948 34.99
      vertex -17.497720727313958 -10.216823116265026 34.99
    endloop
  endfacet
  facet normal 0 -1 0
    outer loop
      vertex -17.099826955391656 -10.248671041712948 4.753902750757613
      vertex -17.09979394528303 -10.248671041712948 34.98
      vertex -17.099826955391656 -10.248671041712948 34.99
    endloop
  endfacet
  facet normal 0 -1 0
    outer loop
      vertex -17 -10.248671041712948 4.7486710417129485
      vertex -17.095495192401522 -10.248671041712948 34.98
      vertex -17.09979394528303 -10.248671041712948 34.98
    endloop
  endfacet
  facet normal -0.9493976084683797 -0.3140767120219535 -4.049022549944314e-17
    outer loop
      vertex -20.56145766268823 -7.657187741907017 4.744738195540589
      vertex -20.617879508054436 -7.4866346158532044 34.99
      vertex -20.617879508054436 -7.4866346158532044 34.98
    endloop
  endfacet
  facet normal -0.9774033898178663 -0.2113826236296258 0
    outer loop
      vertex -20.617879508054436 -7.4866346158532044 4.755109329200433
      vertex -20.617879508054436 -7.4866346158532044 34.98
      vertex -20.702243310493387 -7.09654831137894 34.98
    endloop
  endfacet
  facet normal -0.9774033898236707 -0.2113826236027873 0
    outer loop
      vertex -20.702256330205042 -7.096488110071521 4.75513298889319
      vertex -20.702243310493387 -7.09654831137894 34.98
      vertex -20.702256330205042 -7.096488110071521 34.99
    endloop
  endfacet
  facet normal -0.9943348002101376 -0.10629348564736119 0
    outer loop
      vertex -20.744685108787856 -6.69958315565817 4.755144818758205
      vertex -20.702256330205042 -7.096488110071521 34.99
      vertex -20.744685108787856 -6.69958315565817 34.99
    endloop
  endfacet
  facet normal -1 0 0
    outer loop
      vertex -20.744685108787856 -6.69958315565817 4.755144818758205
      vertex -20.744685108787856 -6.69958315565817 34.99
      vertex -20.744685108787856 -6.699517167535257 34.98
    endloop
  endfacet
  facet normal -0.7347741508630686 -0.6783118362696147 3.594014471340017e-14
    outer loop
      vertex -19.616118204256193 -9.186712776118682 34.99
      vertex -19.886877437862147 -8.893415688668076 34.99
      vertex -19.88678788682386 -8.893512693886912 34.98
    endloop
  endfacet
  facet normal -0.5747874102144087 -0.8183027759081677 1.0552854748205993e-15
    outer loop
      vertex -18.989078405449035 -9.679004104586266 34.99
      vertex -19.31571730604822 -9.449568334259908 34.99
      vertex -19.31571730604822 -9.449568334259908 34.98
    endloop
  endfacet
  facet normal -0.8027116379309611 -0.5963673585385049 -5.047731205230286e-14
    outer loop
      vertex -20.124848463652874 -8.573106219751606 34.98
      vertex -19.886877437862147 -8.893415688668076 34.99
      vertex -20.124927196559433 -8.573000245104474 34.99
    endloop
  endfacet
  facet normal -0.910634772854914 -0.41321218576837604 -4.391561850292682e-14
    outer loop
      vertex -20.327570281462144 -8.229096880434971 34.99
      vertex -20.492510665446268 -7.865602157198084 34.99
      vertex -20.49245611260067 -7.8657223804631995 34.98
    endloop
  endfacet
  facet normal -0.9493976084683798 -0.31407671202195353 0
    outer loop
      vertex -20.492510665446268 -7.865602157198084 34.98
      vertex -20.492510665446268 -7.865602157198084 34.99
      vertex -20.617879508054436 -7.4866346158532044 34.99
    endloop
  endfacet
  facet normal -0.18528872408711 -0.9826841245925217 7.557786955708132e-14
    outer loop
      vertex -17.88997512451668 -10.142862099742663 34.99
      vertex -17.49785045918289 -10.216798654841599 34.98
      vertex -17.497720727313958 -10.216823116265026 34.99
    endloop
  endfacet
  facet normal 0 -1 0
    outer loop
      vertex -4 -10.248671041712948 4.7486710417129485
      vertex 16.900173044608344 -10.248671041712948 34.99
      vertex -17.095495192401522 -10.248671041712948 34.98
    endloop
  endfacet
  facet normal 0 -1 0
    outer loop
      vertex -17.099826955391656 -10.248671041712948 34.99
      vertex -17.095495192401522 -10.248671041712948 34.98
      vertex 16.900173044608344 -10.248671041712948 34.99
    endloop
  endfacet
  facet normal -1 0 0
    outer loop
      vertex -20.744685108787856 -6.699517167535257 34.98
      vertex -20.744685108787856 6.699583155658171 4.755144818758205
      vertex -20.744685108787856 6.5 4.744685108787858
    endloop
  endfacet
  facet normal -0.9943348002101386 0.10629348564735126 -5.610458783074325e-17
    outer loop
      vertex -20.744685108787856 6.699583155658171 4.755144818758205
      vertex -20.744678328261763 6.699646584879805 34.98
      vertex -20.724177198102776 6.891426796400459 4.744691007254
    endloop
  endfacet
  facet normal -0.9943348002101364 0.10629348564737182 7.56760859338659e-17
    outer loop
      vertex -20.724177198102776 6.891426796400459 4.744691007254
      vertex -20.744678328261763 6.699646584879805 34.98
      vertex -20.702256330205042 7.096488110071519 4.755132988893191
    endloop
  endfacet
  facet normal -0.977403389817866 0.21138262362962731 -9.568560718166534e-17
    outer loop
      vertex -20.702256330205042 7.096488110071519 4.755132988893191
      vertex -20.617879508054436 7.486634615853205 34.99
      vertex -20.662877833037346 7.278568718007758 4.7447087027453305
    endloop
  endfacet
  facet normal -0.977403389817869 0.21138262362961407 -1.0101353448181671e-19
    outer loop
      vertex -20.662877833037346 7.278568718007758 4.7447087027453305
      vertex -20.617879508054436 7.486634615853205 34.99
      vertex -20.617879508054436 7.486634615853205 4.755109329200433
    endloop
  endfacet
  facet normal -0.9493976084683766 0.31407671202196286 -1.119471591154512e-16
    outer loop
      vertex -20.617879508054436 7.486634615853205 4.755109329200433
      vertex -20.492510665446268 7.865602157198083 34.99
      vertex -20.56145766268823 7.657187741907016 4.744738195540589
    endloop
  endfacet
  facet normal -0.9493976084683814 0.31407671202194826 -6.708506962269467e-20
    outer loop
      vertex -20.56145766268823 7.657187741907016 4.744738195540589
      vertex -20.492510665446268 7.865602157198083 34.99
      vertex -20.492510665446268 7.865602157198083 4.75507383975446
    endloop
  endfacet
  facet normal -0.9106347728549153 0.41321218576837354 2.6482055368294755e-17
    outer loop
      vertex -20.492510665446268 7.865602157198083 4.75507383975446
      vertex -20.492487030513267 7.865654243735182 34.98
      vertex -20.421026289403816 8.0231390372372 4.744779486104342
    endloop
  endfacet
  facet normal -0.9106347728549152 0.41321218576837365 2.741006911805612e-17
    outer loop
      vertex -20.421026289403816 8.0231390372372 4.744779486104342
      vertex -20.492487030513267 7.865654243735182 34.98
      vertex -20.327570281462144 8.229096880434973 4.755026520667086
    endloop
  endfacet
  facet normal -0.8615540813938023 0.5076658003388465 -6.608455984783132e-17
    outer loop
      vertex -20.327570281462144 8.229096880434973 4.755026520667086
      vertex -20.12496627485076 8.572933925763355 34.98
      vertex -20.243120142944854 8.372416287543508 4.744832575087018
    endloop
  endfacet
  facet normal -0.861554081393809 0.507665800338835 3.5011305298631456e-17
    outer loop
      vertex -20.243120142944854 8.372416287543508 4.744832575087018
      vertex -20.12496627485076 8.572933925763355 34.98
      vertex -20.124927196559433 8.573000245104474 4.75496737208737
    endloop
  endfacet
  facet normal -0.8027116379309683 0.5963673585384949 0
    outer loop
      vertex -20.124927196559433 8.573000245104474 4.75496737208737
      vertex -20.124927196559433 8.573000245104474 34.98
      vertex -20.029685690021488 8.701195500289877 4.744897463324912
    endloop
  endfacet
  facet normal -0.8027116379309589 0.5963673585385079 -7.143668410879116e-20
    outer loop
      vertex -20.029685690021488 8.701195500289877 4.744897463324912
      vertex -19.886877437862147 8.893415688668078 34.99
      vertex -19.886877437862147 8.893415688668078 4.754896394201655
    endloop
  endfacet
  facet normal -0.7347741508630711 0.678311836269612 -4.49121973872432e-17
    outer loop
      vertex -19.886877437862147 8.893415688668078 4.754896394201655
      vertex -19.88684311179614 8.89345287201747 34.98
      vertex -19.783058162486668 9.005876825019111 4.744974151840241
    endloop
  endfacet
  facet normal -0.7347741508630637 0.6783118362696199 1.0491850028294197e-17
    outer loop
      vertex -19.783058162486668 9.005876825019111 4.744974151840241
      vertex -19.88684311179614 8.89345287201747 34.98
      vertex -19.616118204256193 9.186712776118682 4.754813587233539
    endloop
  endfacet
  facet normal -0.6585113790650334 0.752570769856143 -7.156943202595699e-17
    outer loop
      vertex -19.616118204256193 9.186712776118682 4.754813587233539
      vertex -19.31571730604822 9.449568334259908 34.99
      vertex -19.505936036387084 9.283123923372955 4.74506264184116
    endloop
  endfacet
  facet normal -0.65851137906504 0.7525707698561372 -3.7212160524158783e-20
    outer loop
      vertex -19.505936036387084 9.283123923372955 4.74506264184116
      vertex -19.31571730604822 9.449568334259908 34.99
      vertex -19.31571730604822 9.449568334259908 4.75471895144389
    endloop
  endfacet
  facet normal -0.5747874102144088 0.8183027759081677 -2.262551435823413e-17
    outer loop
      vertex -19.31571730604822 9.449568334259908 4.75471895144389
      vertex -19.315679492729757 9.449594894868074 34.98
      vertex -19.20135154046189 9.52990046089311 4.745162934721828
    endloop
  endfacet
  facet normal -0.5747874102144087 0.8183027759081679 -2.1661028107375023e-17
    outer loop
      vertex -19.20135154046189 9.52990046089311 4.745162934721828
      vertex -19.315679492729757 9.449594894868074 34.98
      vertex -18.989078405449035 9.679004104586266 4.754612487130844
    endloop
  endfacet
  facet normal -0.48455087033264915 0.8747630845319618 -3.5300382766503216e-17
    outer loop
      vertex -18.989078405449035 9.679004104586266 4.754612487130844
      vertex -18.639979402350797 9.872377863464099 34.98
      vertex -18.872637516031226 9.743503321925662 4.745275032062451
    endloop
  endfacet
  facet normal -0.4845508703326515 0.8747630845319606 -1.1713465210959566e-17
    outer loop
      vertex -18.872637516031226 9.743503321925662 4.745275032062451
      vertex -18.639979402350797 9.872377863464099 34.98
      vertex -18.639902451720708 9.872420488142073 4.754494194629793
    endloop
  endfacet
  facet normal -0.3888241754733213 0.9213119778704127 0
    outer loop
      vertex -18.639902451720708 9.872420488142073 4.754494194629793
      vertex -18.639902451720708 9.872420488142073 34.98
      vertex -18.523390990057557 9.921592184703623 4.745398935629348
    endloop
  endfacet
  facet normal -0.3888241754733211 0.9213119778704127 -9.934893193457595e-20
    outer loop
      vertex -18.523390990057557 9.921592184703623 4.745398935629348
      vertex -18.272145747942613 10.027626000016376 34.99
      vertex -18.272145747942613 10.027626000016376 4.754364074313395
    endloop
  endfacet
  facet normal -0.2886919473396111 0.9574220383620085 -7.873111828743916e-17
    outer loop
      vertex -18.272145747942613 10.027626000016376 4.754364074313395
      vertex -17.88997512451668 10.142862099742661 34.99
      vertex -18.157433859059054 10.062215133395274 4.74553464737501
    endloop
  endfacet
  facet normal -0.28869194733961934 0.957422038362006 8.071965328234385e-20
    outer loop
      vertex -18.157433859059054 10.062215133395274 4.74553464737501
      vertex -17.88997512451668 10.142862099742661 34.98
      vertex -17.88997512451668 10.142862099742661 4.75422212659157
    endloop
  endfacet
  facet normal -0.1852887240870929 0.982684124592525 0
    outer loop
      vertex -17.88997512451668 10.142862099742661 4.75422212659157
      vertex -17.88997512451668 10.142862099742661 34.98
      vertex -17.778771113113827 10.163830027147355 4.745682169438188
    endloop
  endfacet
  facet normal -0.1852887240871228 0.9826841245925194 -1.1365134511813916e-16
    outer loop
      vertex -17.778771113113827 10.163830027147355 4.745682169438188
      vertex -17.88997512451668 10.142862099742661 34.98
      vertex -17.497720727313958 10.216823116265026 4.754068351911496
    endloop
  endfacet
  facet normal -0.07978610555309423 0.9968120070307491 0
    outer loop
      vertex -17.497720727313958 10.216823116265026 4.754068351911496
      vertex -17.497720727313958 10.216823116265026 34.98
      vertex -17.391547056072366 10.225321392450397 4.745841504143961
    endloop
  endfacet
  facet normal -0.0797861055530781 0.9968120070307507 -2.680944308264297e-20
    outer loop
      vertex -17.391547056072366 10.225321392450397 4.745841504143961
      vertex -17.099826955391656 10.248671041712946 34.99
      vertex -17.099826955391656 10.248671041712946 4.75390275075761
    endloop
  endfacet
  facet normal 0 1 0
    outer loop
      vertex -17.099826955391656 10.248671041712946 4.75390275075761
      vertex -17.09979394528303 10.248671041712946 34.98
      vertex -17 10.248671041712946 4.748671041712946
    endloop
  endfacet
  facet normal 0 1 0
    outer loop
      vertex -17 10.248671041712946 4.748671041712946
      vertex 16.900173044608344 10.248671041712946 34.98
      vertex -4 10.248671041712946 4.748671041712946
    endloop
  endfacet
  facet normal -1 0 0
    outer loop
      vertex -20.744685108787856 -6.699517167535257 34.98
      vertex -20.744685108787856 6.699583155658171 34.98
      vertex -20.744685108787856 6.699583155658171 4.755144818758205
    endloop
  endfacet
  facet normal -0.9943348002129643 0.10629348562091875 0
    outer loop
      vertex -20.744685108787856 6.699583155658171 4.755144818758205
      vertex -20.744685108787856 6.699583155658171 34.98
      vertex -20.744678328261763 6.699646584879805 34.98
    endloop
  endfacet
  facet normal -0.9943348002077359 0.10629348566982641 2.9938794250993133e-13
    outer loop
      vertex -20.702256330205042 7.096488110071519 4.755132988893191
      vertex -20.744678328261763 6.699646584879805 34.98
      vertex -20.744671075725112 6.699714429579192 34.98
    endloop
  endfacet
  facet normal -0.9943348002101375 0.10629348564736227 0
    outer loop
      vertex -20.702256330205042 7.096488110071519 4.755132988893191
      vertex -20.744671075725112 6.699714429579192 34.98
      vertex -20.702256330205042 7.096488110071519 34.98
    endloop
  endfacet
  facet normal -0.9774033898178676 0.21138262362962026 0
    outer loop
      vertex -20.702256330205042 7.096488110071519 4.755132988893191
      vertex -20.702256330205042 7.096488110071519 34.98
      vertex -20.617879508054436 7.486634615853205 34.99
    endloop
  endfacet
  facet normal -0.9493976084683793 0.31407671202195486 0
    outer loop
      vertex -20.617879508054436 7.486634615853205 4.755109329200433
      vertex -20.617879508054436 7.486634615853205 34.99
      vertex -20.492510665446268 7.865602157198083 34.99
    endloop
  endfacet
  facet normal -0.9106347728491329 0.4132121857811167 0
    outer loop
      vertex -20.492510665446268 7.865602157198083 4.75507383975446
      vertex -20.492510665446268 7.865602157198083 34.99
      vertex -20.492487030513267 7.865654243735182 34.98
    endloop
  endfacet
  facet normal -0.9106347728549161 0.4132121857683717 0
    outer loop
      vertex -20.327570281462144 8.229096880434973 4.755026520667086
      vertex -20.492487030513267 7.865654243735182 34.98
      vertex -20.327570281462144 8.229096880434973 34.98
    endloop
  endfacet
  facet normal -0.8615540813938062 0.5076658003388398 0
    outer loop
      vertex -20.327570281462144 8.229096880434973 4.755026520667086
      vertex -20.327570281462144 8.229096880434973 34.98
      vertex -20.124927196559433 8.573000245104474 34.99
    endloop
  endfacet
  facet normal -0.8615540813912057 0.5076658003432533 -7.097372375037833e-14
    outer loop
      vertex -20.327570281462144 8.229096880434973 4.755026520667086
      vertex -20.124927196559433 8.573000245104474 34.99
      vertex -20.124964349989867 8.57293719242374 34.98049256526508
    endloop
  endfacet
  facet normal -0.8615540812506417 0.5076658005818026 -3.781919656518093e-12
    outer loop
      vertex -20.327570281462144 8.229096880434973 4.755026520667086
      vertex -20.124964349989867 8.57293719242374 34.98049256526508
      vertex -20.12496627485076 8.572933925763355 34.98
    endloop
  endfacet
  facet normal -0.8615540814007403 0.5076658003270721 0
    outer loop
      vertex -20.124927196559433 8.573000245104474 4.75496737208737
      vertex -20.12496627485076 8.572933925763355 34.98
      vertex -20.124927196559433 8.573000245104474 34.98
    endloop
  endfacet
  facet normal -0.8027116379313893 0.5963673585379285 -1.5569867076916164e-15
    outer loop
      vertex -20.029685690021488 8.701195500289877 4.744897463324912
      vertex -20.124927196559433 8.573000245104474 34.98
      vertex -20.124927196559433 8.573000245104474 34.981106043945054
    endloop
  endfacet
  facet normal -0.8027116379308552 0.5963673585386475 -1.9362539121375896e-16
    outer loop
      vertex -20.029685690021488 8.701195500289877 4.744897463324912
      vertex -20.124927196559433 8.573000245104474 34.981106043945054
      vertex -20.124927196559433 8.573000245104474 34.99
    endloop
  endfacet
  facet normal -0.8027116379309627 0.5963673585385026 5.0716564863406796e-17
    outer loop
      vertex -20.029685690021488 8.701195500289877 4.744897463324912
      vertex -20.124927196559433 8.573000245104474 34.99
      vertex -19.886877437862147 8.893415688668078 34.99
    endloop
  endfacet
  facet normal -0.7347741508812666 0.6783118362499017 0
    outer loop
      vertex -19.886877437862147 8.893415688668078 4.754896394201655
      vertex -19.886877437862147 8.893415688668078 34.99
      vertex -19.88684311179614 8.89345287201747 34.98
    endloop
  endfacet
  facet normal -0.7347741508630643 0.6783118362696193 0
    outer loop
      vertex -19.616118204256193 9.186712776118682 4.754813587233539
      vertex -19.88684311179614 8.89345287201747 34.98
      vertex -19.616118204256193 9.186712776118682 34.98
    endloop
  endfacet
  facet normal -0.6585113790650375 0.7525707698561395 0
    outer loop
      vertex -19.616118204256193 9.186712776118682 4.754813587233539
      vertex -19.616118204256193 9.186712776118682 34.98
      vertex -19.31571730604822 9.449568334259908 34.99
    endloop
  endfacet
  facet normal -0.574787410226519 0.8183027758996614 0
    outer loop
      vertex -19.31571730604822 9.449568334259908 4.75471895144389
      vertex -19.31571730604822 9.449568334259908 34.99
      vertex -19.315679492729757 9.449594894868074 34.98
    endloop
  endfacet
  facet normal -0.5747874102144074 0.8183027759081688 0
    outer loop
      vertex -18.989078405449035 9.679004104586266 4.754612487130844
      vertex -19.315679492729757 9.449594894868074 34.98
      vertex -18.989078405449035 9.679004104586266 34.98
    endloop
  endfacet
  facet normal -0.48455087033265076 0.8747630845319609 0
    outer loop
      vertex -18.989078405449035 9.679004104586266 4.754612487130844
      vertex -18.989078405449035 9.679004104586266 34.98
      vertex -18.639902451720708 9.872420488142073 34.99
    endloop
  endfacet
  facet normal -0.4845508703393699 0.8747630845282391 1.0361922412045732e-13
    outer loop
      vertex -18.989078405449035 9.679004104586266 4.754612487130844
      vertex -18.639902451720708 9.872420488142073 34.99
      vertex -18.639979402350797 9.872377863464099 34.98
    endloop
  endfacet
  facet normal -0.48455087032913474 0.8747630845339086 0
    outer loop
      vertex -18.639902451720708 9.872420488142073 4.754494194629793
      vertex -18.639979402350797 9.872377863464099 34.98
      vertex -18.639902451720708 9.872420488142073 34.98
    endloop
  endfacet
  facet normal -0.38882417547329606 0.9213119778704234 -6.300180178491599e-17
    outer loop
      vertex -18.523390990057557 9.921592184703623 4.745398935629348
      vertex -18.639902451720708 9.872420488142073 34.98
      vertex -18.639902451720708 9.872420488142073 34.99
    endloop
  endfacet
  facet normal -0.38882417547332115 0.9213119778704127 6.349665608268217e-19
    outer loop
      vertex -18.523390990057557 9.921592184703623 4.745398935629348
      vertex -18.639902451720708 9.872420488142073 34.99
      vertex -18.272145747942613 10.027626000016376 34.99
    endloop
  endfacet
  facet normal -0.2886919473396168 0.9574220383620067 0
    outer loop
      vertex -18.272145747942613 10.027626000016376 4.754364074313395
      vertex -18.272145747942613 10.027626000016376 34.99
      vertex -17.88997512451668 10.142862099742661 34.99
    endloop
  endfacet
  facet normal -0.2886919473395829 0.9574220383620169 2.439814310129036e-16
    outer loop
      vertex -18.157433859059054 10.062215133395274 4.74553464737501
      vertex -17.88997512451668 10.142862099742661 34.99
      vertex -17.88997512451668 10.142862099742661 34.98
    endloop
  endfacet
  facet normal -0.18528872408711428 0.982684124592521 0
    outer loop
      vertex -17.497720727313958 10.216823116265026 4.754068351911496
      vertex -17.88997512451668 10.142862099742661 34.98
      vertex -17.497720727313958 10.216823116265026 34.98
    endloop
  endfacet
  facet normal -0.07978610555309086 0.9968120070307496 -6.806201048003625e-18
    outer loop
      vertex -17.391547056072366 10.225321392450397 4.745841504143961
      vertex -17.497720727313958 10.216823116265026 34.98
      vertex -17.497720727313958 10.216823116265026 34.99
    endloop
  endfacet
  facet normal -0.07978610555308241 0.9968120070307501 4.1865619398495874e-17
    outer loop
      vertex -17.391547056072366 10.225321392450397 4.745841504143961
      vertex -17.497720727313958 10.216823116265026 34.99
      vertex -17.099826955391656 10.248671041712946 34.99
    endloop
  endfacet
  facet normal 0 1 0
    outer loop
      vertex -17.099826955391656 10.248671041712946 4.75390275075761
      vertex -17.099826955391656 10.248671041712946 34.99
      vertex -17.09979394528303 10.248671041712946 34.98
    endloop
  endfacet
  facet normal -0.9943348002129644 0.10629348562091874 0
    outer loop
      vertex -20.744685108787856 6.699583155658171 34.98
      vertex -20.744685108787856 6.699583155658171 34.99
      vertex -20.744678328261763 6.699646584879805 34.98
    endloop
  endfacet
  facet normal -0.994334800210138 0.1062934856473578 1.5230608090723273e-14
    outer loop
      vertex -20.744685108787856 6.699583155658171 34.99
      vertex -20.702369172701275 7.0954325117885055 34.99
      vertex -20.744671075725112 6.699714429579192 34.98
    endloop
  endfacet
  facet normal -0.9943348002101375 0.10629348564736228 -1.6360836319433178e-13
    outer loop
      vertex -20.744671075725112 6.699714429579192 34.98
      vertex -20.702369172701275 7.0954325117885055 34.99
      vertex -20.702256330205042 7.096488110071519 34.98
    endloop
  endfacet
  facet normal -0.9774033898178676 0.21138262362962024 0
    outer loop
      vertex -20.702256330205042 7.096488110071519 34.99
      vertex -20.617879508054436 7.486634615853205 34.99
      vertex -20.702256330205042 7.096488110071519 34.98
    endloop
  endfacet
  facet normal -0.8615540813938063 0.5076658003388398 0
    outer loop
      vertex -20.327570281462144 8.229096880434973 34.99
      vertex -20.124927196559433 8.573000245104474 34.99
      vertex -20.327570281462144 8.229096880434973 34.98
    endloop
  endfacet
  facet normal -0.8615540813957346 0.5076658003355672 0
    outer loop
      vertex -20.124927196559433 8.573000245104474 34.99
      vertex -20.124927196559433 8.573000245104474 34.981106043945054
      vertex -20.124964349989867 8.57293719242374 34.98049256526508
    endloop
  endfacet
  facet normal -0.6585113790650376 0.7525707698561395 0
    outer loop
      vertex -19.616118204256193 9.186712776118682 34.99
      vertex -19.31571730604822 9.449568334259908 34.99
      vertex -19.616118204256193 9.186712776118682 34.98
    endloop
  endfacet
  facet normal -0.48455087033265065 0.8747630845319609 0
    outer loop
      vertex -18.989078405449035 9.679004104586266 34.99
      vertex -18.639902451720708 9.872420488142073 34.99
      vertex -18.989078405449035 9.679004104586266 34.98
    endloop
  endfacet
  facet normal 0 1 0
    outer loop
      vertex -17 10.248671041712946 4.748671041712946
      vertex -17.09979394528303 10.248671041712946 34.98
      vertex 16.900173044608344 10.248671041712946 34.98
    endloop
  endfacet
  facet normal 0 -1 0
    outer loop
      vertex -4 -10.248671041712948 4.7486710417129485
      vertex -3.6059987968981773 -10.248671041712948 4.769319769802362
      vertex 16.900173044608344 -10.248671041712948 34.99
    endloop
  endfacet
  facet normal 0 -1 0
    outer loop
      vertex -3.6059987968981773 -10.248671041712948 4.769319769802362
      vertex -3.2031953725415185 -10.248671041712948 4.832418582738124
      vertex 16.900173044608344 -10.248671041712948 34.99
    endloop
  endfacet
  facet normal 0 -1 0
    outer loop
      vertex -3.2031953725415185 -10.248671041712948 4.832418582738124
      vertex -2.7819829438495347 -10.248671041712948 4.941585991457079
      vertex 16.900173044608344 -10.248671041712948 34.99
    endloop
  endfacet
  facet normal 0 -1 0
    outer loop
      vertex -2.7819829438495347 -10.248671041712948 4.941585991457079
      vertex -2.619206238375785 -10.248671041712948 5
      vertex 16.900173044608344 -10.248671041712948 34.99
    endloop
  endfacet
  facet normal 0 -1 0
    outer loop
      vertex -2.619206238375785 -10.248671041712948 5
      vertex 2.619206238375785 -10.248671041712948 5
      vertex 16.900173044608344 -10.248671041712948 34.99
    endloop
  endfacet
  facet normal 0 -1 0
    outer loop
      vertex 2.619206238375785 -10.248671041712948 5
      vertex 2.7819829438495347 -10.248671041712948 4.941585991457079
      vertex 16.900173044608344 -10.248671041712948 34.99
    endloop
  endfacet
  facet normal 0 -1 0
    outer loop
      vertex 3.2031953725415185 -10.248671041712948 4.832418582738124
      vertex 16.900173044608344 -10.248671041712948 34.99
      vertex 2.7819829438495347 -10.248671041712948 4.941585991457079
    endloop
  endfacet
  facet normal 0 -1 0
    outer loop
      vertex 3.2031953725415185 -10.248671041712948 4.832418582738124
      vertex 3.6059987968981773 -10.248671041712948 4.769319769802362
      vertex 16.900173044608344 -10.248671041712948 34.99
    endloop
  endfacet
  facet normal 0 -1 0
    outer loop
      vertex 3.6059987968981773 -10.248671041712948 4.769319769802362
      vertex 4 -10.248671041712948 4.7486710417129485
      vertex 16.900173044608344 -10.248671041712948 34.99
    endloop
  endfacet
  facet normal 0.026620521437778415 -0.9996456111234525 -2.2605875118840253e-13
    outer loop
      vertex 16.900173044608344 -10.248671041712948 4.7486710417129485
      vertex 17 -10.246012654003842 4.746012654003843
      vertex 17.299197895824065 -10.238045026365313 4.7537253236516115
    endloop
  endfacet
  facet normal 0 -1 0
    outer loop
      vertex 4 -10.248671041712948 4.7486710417129485
      vertex 16.900173044608344 -10.248671041712948 4.7486710417129485
      vertex 16.900173044608344 -10.248671041712948 34.99
    endloop
  endfacet
  facet normal 0.02662052143777555 -0.9996456111234524 0
    outer loop
      vertex 16.900173044608344 -10.248671041712948 4.7486710417129485
      vertex 17.299197895824065 -10.238045026365313 4.7537253236516115
      vertex 16.900173044608344 -10.248671041712948 34.99
    endloop
  endfacet
  facet normal 0.1327255272837247 -0.9911528310040069 -2.7353206037266367e-18
    outer loop
      vertex 17.299197895824065 -10.238045026365313 4.7537253236516115
      vertex 17.39158407143797 -10.225673570129183 4.746195621715859
      vertex 17.694832715326676 -10.185065467221953 34.98
    endloop
  endfacet
  facet normal 0.13272552728372444 -0.9911528310040069 -4.798322236511099e-20
    outer loop
      vertex 17.39158407143797 -10.225673570129183 4.746195621715859
      vertex 17.694832715326676 -10.185065467221953 4.753536071152444
      vertex 17.694832715326676 -10.185065467221953 34.98
    endloop
  endfacet
  facet normal 0.2373266998711167 -0.9714298932647095 -5.401728839042329e-17
    outer loop
      vertex 17.694832715326676 -10.185065467221953 4.753536071152444
      vertex 17.778918364640774 -10.164522791114706 4.746390410164666
      vertex 18.08259480252358 -10.09033264385752 34.98
    endloop
  endfacet
  facet normal 0.2373266998711116 -0.9714298932647109 4.54001027300456e-20
    outer loop
      vertex 17.778918364640774 -10.164522791114706 4.746390410164666
      vertex 18.08259480252358 -10.09033264385752 4.753334993856318
      vertex 18.08259480252358 -10.09033264385752 34.98
    endloop
  endfacet
  facet normal 0.3392388661180251 -0.9407002666710352 1.3278333188564338e-17
    outer loop
      vertex 18.08259480252358 -10.09033264385752 4.753334993856318
      vertex 18.157762151002864 -10.06322551210614 4.7465970224216605
      vertex 18.082718987254772 -10.090287859892966 34.98
    endloop
  endfacet
  facet normal 0.33923886611802645 -0.9407002666710346 1.7239960388720094e-17
    outer loop
      vertex 18.157762151002864 -10.06322551210614 4.7465970224216605
      vertex 18.458090658024958 -9.954919917014049 4.753122092396684
      vertex 18.082718987254772 -10.090287859892966 34.98
    endloop
  endfacet
  facet normal 0.43730732045887893 -0.8993121301712077 -4.137611096117908e-17
    outer loop
      vertex 18.458090658024958 -9.954919917014049 4.753122092396684
      vertex 18.523967143134698 -9.922886245702282 4.746815461745079
      vertex 18.4582093780988 -9.954862187160716 34.98
    endloop
  endfacet
  facet normal 0.4373073204588571 -0.8993121301712185 -9.992087811634083e-17
    outer loop
      vertex 18.523967143134698 -9.922886245702282 4.746815461745079
      vertex 18.817065763747436 -9.780361566994856 4.752897367444248
      vertex 18.4582093780988 -9.954862187160716 34.98
    endloop
  endfacet
  facet normal 0.5304209081197389 -0.8477344278896732 0
    outer loop
      vertex 18.817065763747436 -9.780361566994856 4.752897367444248
      vertex 18.87352286579008 -9.745036792690462 4.747045731580156
      vertex 18.817065763747436 -9.780361566994856 34.99
    endloop
  endfacet
  facet normal 0.5304209081197427 -0.8477344278896709 1.0003411461292543e-17
    outer loop
      vertex 18.87352286579008 -9.745036792690462 4.747045731580156
      vertex 19.155452788304025 -9.568635409655634 4.752660819706963
      vertex 18.817065763747436 -9.780361566994856 34.99
    endloop
  endfacet
  facet normal 0.6175246149461727 -0.7865515558026576 3.4069549045959566e-16
    outer loop
      vertex 19.155452788304025 -9.568635409655634 4.752660819706963
      vertex 19.2026005258367 -9.531619541781929 4.747287835559227
      vertex 19.469417671493893 -9.32214038696052 34.99
    endloop
  endfacet
  facet normal 0.6175246149461965 -0.7865515558026389 -1.8468010852224078e-20
    outer loop
      vertex 19.2026005258367 -9.531619541781929 4.747287835559227
      vertex 19.469417671493893 -9.32214038696052 4.7524124499300315
      vertex 19.469417671493893 -9.32214038696052 34.99
    endloop
  endfacet
  facet normal 0.6976315211349636 -0.7164567402983357 0
    outer loop
      vertex 19.469417671493893 -9.32214038696052 4.7524124499300315
      vertex 19.507594901934993 -9.284966280210886 4.747541777501891
      vertex 19.469417671493893 -9.32214038696052 34.99
    endloop
  endfacet
  facet normal 0.697631521134986 -0.7164567402983139 5.5253356917651346e-17
    outer loop
      vertex 19.507594901934993 -9.284966280210886 4.747541777501891
      vertex 19.755403065736502 -9.04366938601106 4.752152258895887
      vertex 19.469417671493893 -9.32214038696052 34.99
    endloop
  endfacet
  facet normal 0.769833983429932 -0.638244183644789 6.191214600400455e-17
    outer loop
      vertex 19.755403065736502 -9.04366938601106 4.752152258895887
      vertex 19.785163796150705 -9.007772746086017 4.747807561415126
      vertex 19.755487318850975 -9.043567762036421 34.98
    endloop
  endfacet
  facet normal 0.769833983429905 -0.6382441836448215 -3.1329286296021003e-18
    outer loop
      vertex 19.785163796150705 -9.007772746086017 4.747807561415126
      vertex 20.010168642241112 -8.73637759451938 4.751880247424218
      vertex 19.755487318850975 -9.043567762036421 34.98
    endloop
  endfacet
  facet normal 0.8333139190825504 -0.5528000653611398 -9.043652850045653e-16
    outer loop
      vertex 20.010168642241112 -8.73637759451938 4.751880247424218
      vertex 20.032264616283314 -8.703069199895685 4.748085191493493
      vertex 20.230827805226774 -8.40374675127065 34.98
    endloop
  endfacet
  facet normal 0.8333139190825083 -0.5528000653612033 -4.0100089296315336e-20
    outer loop
      vertex 20.032264616283314 -8.703069199895685 4.748085191493493
      vertex 20.230827805226774 -8.40374675127065 4.751596416371947
      vertex 20.230827805226774 -8.40374675127065 34.98
    endloop
  endfacet
  facet normal 0.8873520750565972 -0.46109250144927627 -1.032090525739834e-16
    outer loop
      vertex 20.230827805226774 -8.40374675127065 4.751596416371947
      vertex 20.246187688957434 -8.374187336059624 4.7483746721192475
      vertex 20.230888671797643 -8.403629616253728 34.98
    endloop
  endfacet
  facet normal 0.8873520750565702 -0.46109250144932856 -1.6780539560685275e-16
    outer loop
      vertex 20.246187688957434 -8.374187336059624 4.7483746721192475
      vertex 20.414880398205923 -8.04954569663142 4.751300766633224
      vertex 20.230888671797643 -8.403629616253728 34.98
    endloop
  endfacet
  facet normal 0.931336177452287 -0.36416057525295376 1.7370599475200849e-15
    outer loop
      vertex 20.414880398205923 -8.04954569663142 4.751300766633224
      vertex 20.42458593915662 -8.024723895416802 4.748676007862537
      vertex 20.560241031756433 -7.677787670082308 34.99
    endloop
  endfacet
  facet normal 0.9313361774523384 -0.3641605752528224 2.2924683842305934e-19
    outer loop
      vertex 20.42458593915662 -8.024723895416802 4.748676007862537
      vertex 20.560241031756433 -7.677787670082308 4.750993299139439
      vertex 20.560241031756433 -7.677787670082308 34.99
    endloop
  endfacet
  facet normal 0.9647678688145097 -0.26310256422754436 0
    outer loop
      vertex 20.560241031756433 -7.677787670082308 4.750993299139439
      vertex 20.565500611491323 -7.658501375604002 4.7489892034815675
      vertex 20.560241031756433 -7.677787670082308 34.99
    endloop
  endfacet
  facet normal 0.9647678688145187 -0.26310256422751127 2.266379376260302e-17
    outer loop
      vertex 20.565500611491323 -7.658501375604002 4.7489892034815675
      vertex 20.665262711817 -7.29268483861109 4.750674014859202
      vertex 20.560241031756433 -7.677787670082308 34.99
    endloop
  endfacet
  facet normal 0.9872683547213661 -0.1590634960189391 -1.6923020325521707e-15
    outer loop
      vertex 20.665262711817 -7.29268483861109 4.750674014859202
      vertex 20.667382751653108 -7.279526268019329 4.749314263922787
      vertex 20.72875550078801 -6.898600571177622 34.98
    endloop
  endfacet
  facet normal 0.9872683547213449 -0.15906349601907 -1.372853836632242e-19
    outer loop
      vertex 20.667382751653108 -7.279526268019329 4.749314263922787
      vertex 20.72875550078801 -6.898600571177622 4.750342914798368
      vertex 20.72875550078801 -6.898600571177622 34.98
    endloop
  endfacet
  facet normal 0.9985826956767485 -0.05322217484243018 0
    outer loop
      vertex 20.72875550078801 -6.898600571177622 4.750342914798368
      vertex 20.72911021274612 -6.8919452771321055 4.749651194321092
      vertex 20.72875550078801 -6.898600571177622 34.98
    endloop
  endfacet
  facet normal 0.9985826956767618 -0.05322217484218104 5.498427251222439e-17
    outer loop
      vertex 20.72911021274612 -6.8919452771321055 4.749651194321092
      vertex 20.75 -6.5 4.75
      vertex 20.72875550078801 -6.898600571177622 34.99
    endloop
  endfacet
  facet normal 1 0 0
    outer loop
      vertex 20.75 -6.5 4.75
      vertex 20.75 6.500000000000046 4.749999999999997
      vertex 20.75 -6.495701058201056 34.98
    endloop
  endfacet
  facet normal 0.026620521437775553 -0.9996456111234526 0
    outer loop
      vertex 17.299197895824065 -10.238045026365313 4.7537253236516115
      vertex 17.299197895824065 -10.238045026365313 34.99
      vertex 16.900173044608344 -10.248671041712948 34.99
    endloop
  endfacet
  facet normal 0.13272552728372355 -0.991152831004007 0
    outer loop
      vertex 17.299197895824065 -10.238045026365313 4.7537253236516115
      vertex 17.694701867587085 -10.185082989075989 34.98
      vertex 17.299197895824065 -10.238045026365313 34.99
    endloop
  endfacet
  facet normal 0.13272552728659484 -0.9911528310036224 -3.8554663781756554e-14
    outer loop
      vertex 17.299197895824065 -10.238045026365313 4.7537253236516115
      vertex 17.694832715326676 -10.185065467221953 34.98
      vertex 17.694701867587085 -10.185082989075989 34.98
    endloop
  endfacet
  facet normal 0.23732669987111144 -0.9714298932647107 0
    outer loop
      vertex 17.694832715326676 -10.185065467221953 4.753536071152444
      vertex 18.08246655932421 -10.090363974512979 34.98
      vertex 17.694832715326676 -10.185065467221953 34.98
    endloop
  endfacet
  facet normal 0.23732669987490795 -0.9714298932637833 -5.02932385245539e-14
    outer loop
      vertex 17.694832715326676 -10.185065467221953 4.753536071152444
      vertex 18.08259480252358 -10.09033264385752 34.98
      vertex 18.08246655932421 -10.090363974512979 34.98
    endloop
  endfacet
  facet normal 0.3392388661208851 -0.9407002666700037 0
    outer loop
      vertex 18.08259480252358 -10.09033264385752 4.753334993856318
      vertex 18.082718987254772 -10.090287859892966 34.98
      vertex 18.08259480252358 -10.09033264385752 34.98
    endloop
  endfacet
  facet normal 0.3392388661180252 -0.940700266671035 0
    outer loop
      vertex 18.458090658024958 -9.954919917014049 4.753122092396684
      vertex 18.458090658024958 -9.954919917014049 34.98
      vertex 18.082718987254772 -10.090287859892966 34.98
    endloop
  endfacet
  facet normal 0.43730732045035897 -0.8993121301753508 0
    outer loop
      vertex 18.458090658024958 -9.954919917014049 4.753122092396684
      vertex 18.4582093780988 -9.954862187160716 34.98
      vertex 18.458090658024958 -9.954919917014049 34.98
    endloop
  endfacet
  facet normal 0.437307320458864 -0.899312130171215 0
    outer loop
      vertex 18.817065763747436 -9.780361566994856 4.752897367444248
      vertex 18.817065763747436 -9.780361566994856 34.99
      vertex 18.4582093780988 -9.954862187160716 34.98
    endloop
  endfacet
  facet normal 0.5304209081197421 -0.8477344278896711 0
    outer loop
      vertex 19.155452788304025 -9.568635409655634 4.752660819706963
      vertex 19.155452788304025 -9.568635409655634 34.99
      vertex 18.817065763747436 -9.780361566994856 34.99
    endloop
  endfacet
  facet normal 0.6175246149461929 -0.7865515558026417 0
    outer loop
      vertex 19.155452788304025 -9.568635409655634 4.752660819706963
      vertex 19.469417671493893 -9.32214038696052 34.99
      vertex 19.155452788304025 -9.568635409655634 34.99
    endloop
  endfacet
  facet normal 0.6976315211349831 -0.7164567402983169 0
    outer loop
      vertex 19.755403065736502 -9.04366938601106 4.752152258895887
      vertex 19.755403065736502 -9.04366938601106 34.98
      vertex 19.469417671493893 -9.32214038696052 34.99
    endloop
  endfacet
  facet normal 0.7698339834389805 -0.6382441836338749 0
    outer loop
      vertex 19.755403065736502 -9.04366938601106 4.752152258895887
      vertex 19.755487318850975 -9.043567762036421 34.98
      vertex 19.755403065736502 -9.04366938601106 34.98
    endloop
  endfacet
  facet normal 0.7698339834299052 -0.6382441836448213 0
    outer loop
      vertex 20.010168642241112 -8.73637759451938 4.751880247424218
      vertex 20.010168642241112 -8.73637759451938 34.98
      vertex 19.755487318850975 -9.043567762036421 34.98
    endloop
  endfacet
  facet normal 0.8333139190825171 -0.5528000653611905 0
    outer loop
      vertex 20.010168642241112 -8.73637759451938 4.751880247424218
      vertex 20.23075483138951 -8.403856755082384 34.98
      vertex 20.010168642241112 -8.73637759451938 34.98
    endloop
  endfacet
  facet normal 0.8333139190694167 -0.5528000653809385 3.136277731183365e-13
    outer loop
      vertex 20.010168642241112 -8.73637759451938 4.751880247424218
      vertex 20.230827805226774 -8.40374675127065 34.98
      vertex 20.23075483138951 -8.403856755082384 34.98
    endloop
  endfacet
  facet normal 0.8873520750456998 -0.46109250147024816 0
    outer loop
      vertex 20.230827805226774 -8.40374675127065 4.751596416371947
      vertex 20.230888671797643 -8.403629616253728 34.98
      vertex 20.230827805226774 -8.40374675127065 34.98
    endloop
  endfacet
  facet normal 0.8873520750565761 -0.4610925014493172 0
    outer loop
      vertex 20.414880398205923 -8.04954569663142 4.751300766633224
      vertex 20.414880398205923 -8.04954569663142 34.99
      vertex 20.230888671797643 -8.403629616253728 34.98
    endloop
  endfacet
  facet normal 0.931336177452335 -0.36416057525283113 0
    outer loop
      vertex 20.414880398205923 -8.04954569663142 4.751300766633224
      vertex 20.560241031756433 -7.677787670082308 34.99
      vertex 20.414880398205923 -8.04954569663142 34.99
    endloop
  endfacet
  facet normal 0.9647678688145181 -0.2631025642275129 0
    outer loop
      vertex 20.665262711817 -7.29268483861109 4.750674014859202
      vertex 20.665262711817 -7.29268483861109 34.98
      vertex 20.560241031756433 -7.677787670082308 34.99
    endloop
  endfacet
  facet normal 0.9872683547213456 -0.1590634960190656 0
    outer loop
      vertex 20.665262711817 -7.29268483861109 4.750674014859202
      vertex 20.72875550078801 -6.898600571177622 34.98
      vertex 20.665262711817 -7.29268483861109 34.98
    endloop
  endfacet
  facet normal 0.998582695676749 -0.05322217484242087 -2.0466584332598413e-18
    outer loop
      vertex 20.72911021274612 -6.8919452771321055 4.749651194321092
      vertex 20.72875550078801 -6.898600571177622 34.99
      vertex 20.72875550078801 -6.898600571177622 34.98
    endloop
  endfacet
  facet normal 0.9985826956767616 -0.053222174842185194 0
    outer loop
      vertex 20.75 -6.5 4.75
      vertex 20.75 -6.5 34.99
      vertex 20.72875550078801 -6.898600571177622 34.99
    endloop
  endfacet
  facet normal 1 0 0
    outer loop
      vertex 20.75 -6.5 4.75
      vertex 20.75 -6.495701058201056 34.98
      vertex 20.75 -6.5 34.99
    endloop
  endfacet
  facet normal 0.13272552728372447 -0.9911528310040068 3.8564108441691703e-14
    outer loop
      vertex 17.299197895824065 -10.238045026365313 34.99
      vertex 17.694701867587085 -10.185082989075989 34.98
      vertex 17.694832715326676 -10.185065467221953 34.99
    endloop
  endfacet
  facet normal 0.2373266998711127 -0.9714298932647105 0
    outer loop
      vertex 17.694832715326676 -10.185065467221953 34.98
      vertex 18.08259480252358 -10.09033264385752 34.99
      vertex 17.694832715326676 -10.185065467221953 34.99
    endloop
  endfacet
  facet normal 0.23732669987111146 -0.9714298932647107 5.081578097938337e-14
    outer loop
      vertex 17.694832715326676 -10.185065467221953 34.98
      vertex 18.08246655932421 -10.090363974512979 34.98
      vertex 18.08259480252358 -10.09033264385752 34.99
    endloop
  endfacet
  facet normal 0.33923886611802617 -0.9407002666710348 -4.0120751370997997e-14
    outer loop
      vertex 18.082718987254772 -10.090287859892966 34.98
      vertex 18.458090658024958 -9.954919917014049 34.99
      vertex 18.08259480252358 -10.09033264385752 34.99
    endloop
  endfacet
  facet normal 0.3392388661180253 -0.9407002666710351 -8.478546415974546e-17
    outer loop
      vertex 18.082718987254772 -10.090287859892966 34.98
      vertex 18.458090658024958 -9.954919917014049 34.98
      vertex 18.458090658024958 -9.954919917014049 34.99
    endloop
  endfacet
  facet normal 0.4373073204588611 -0.8993121301712164 1.248056220304896e-13
    outer loop
      vertex 18.4582093780988 -9.954862187160716 34.98
      vertex 18.817065763747436 -9.780361566994856 34.99
      vertex 18.458090658024958 -9.954919917014049 34.99
    endloop
  endfacet
  facet normal 0.6976315211349831 -0.7164567402983169 -1.2533208663644137e-15
    outer loop
      vertex 19.469417671493893 -9.32214038696052 34.99
      vertex 19.755403065736502 -9.04366938601106 34.98
      vertex 19.755403065736502 -9.04366938601106 34.99
    endloop
  endfacet
  facet normal 0.7698339834299083 -0.6382441836448177 -1.8764095190124913e-13
    outer loop
      vertex 19.755487318850975 -9.043567762036421 34.98
      vertex 20.010168642241112 -8.73637759451938 34.99
      vertex 19.755403065736502 -9.04366938601106 34.99
    endloop
  endfacet
  facet normal 0.7698339834299054 -0.6382441836448214 -2.7727826697874373e-17
    outer loop
      vertex 19.755487318850975 -9.043567762036421 34.98
      vertex 20.010168642241112 -8.73637759451938 34.98
      vertex 20.010168642241112 -8.73637759451938 34.99
    endloop
  endfacet
  facet normal 0.833313919082517 -0.5528000653611904 2.1887164812797582e-13
    outer loop
      vertex 20.010755501717135 -8.735492938021379 34.99
      vertex 20.010168642241112 -8.73637759451938 34.98
      vertex 20.23075483138951 -8.403856755082384 34.98
    endloop
  endfacet
  facet normal 0.8333139190825095 -0.5528000653612015 -3.1359763549248435e-13
    outer loop
      vertex 20.010755501717135 -8.735492938021379 34.99
      vertex 20.23075483138951 -8.403856755082384 34.98
      vertex 20.230827805226774 -8.40374675127065 34.99
    endloop
  endfacet
  facet normal 0.8873520750565725 -0.4610925014493242 3.112724264718792e-13
    outer loop
      vertex 20.230888671797643 -8.403629616253728 34.98
      vertex 20.414880398205923 -8.04954569663142 34.99
      vertex 20.230827805226774 -8.40374675127065 34.99
    endloop
  endfacet
  facet normal 0.9647678688145181 -0.2631025642275129 -5.259319638718974e-16
    outer loop
      vertex 20.560241031756433 -7.677787670082308 34.99
      vertex 20.665262711817 -7.29268483861109 34.98110590427635
      vertex 20.665262711817 -7.29268483861109 34.99
    endloop
  endfacet
  facet normal 0.9647678688145183 -0.2631025642275128 -4.229741516365488e-15
    outer loop
      vertex 20.560241031756433 -7.677787670082308 34.99
      vertex 20.665262711817 -7.29268483861109 34.98
      vertex 20.665262711817 -7.29268483861109 34.98110590427635
    endloop
  endfacet
  facet normal 0.9872683547214991 -0.15906349601811343 0
    outer loop
      vertex 20.665262711817 -7.29268483861109 34.99
      vertex 20.665262711817 -7.29268483861109 34.98110590427635
      vertex 20.665431575617454 -7.29163674215515 34.99
    endloop
  endfacet
  facet normal 0 1 0
    outer loop
      vertex -4 10.248671041712946 4.748671041712946
      vertex 16.900173044608344 10.248671041712946 34.98
      vertex -3.6059987968981773 10.248671041712946 4.769319769802358
    endloop
  endfacet
  facet normal 0 1 0
    outer loop
      vertex -3.6059987968981773 10.248671041712946 4.769319769802358
      vertex 16.900173044608344 10.248671041712946 34.98
      vertex -3.2031953725415185 10.248671041712946 4.832418582738125
    endloop
  endfacet
  facet normal 0 1 0
    outer loop
      vertex -3.2031953725415185 10.248671041712946 4.832418582738125
      vertex 16.900173044608344 10.248671041712946 34.98
      vertex -2.7819829438495383 10.248671041712946 4.941585991457076
    endloop
  endfacet
  facet normal 0 1 0
    outer loop
      vertex -2.7819829438495383 10.248671041712946 4.941585991457076
      vertex 16.900173044608344 10.248671041712946 34.98
      vertex -2.619206238375778 10.248671041712946 5
    endloop
  endfacet
  facet normal 0 1 0
    outer loop
      vertex -2.619206238375778 10.248671041712946 5
      vertex 16.900173044608344 10.248671041712946 34.98
      vertex 2.619206238375778 10.248671041712946 5
    endloop
  endfacet
  facet normal 0 1 0
    outer loop
      vertex 2.619206238375778 10.248671041712946 5
      vertex 16.900173044608344 10.248671041712946 34.98
      vertex 2.7819829438495383 10.248671041712946 4.941585991457076
    endloop
  endfacet
  facet normal 0 1 0
    outer loop
      vertex 3.2031953725415185 10.248671041712946 4.832418582738125
      vertex 2.7819829438495383 10.248671041712946 4.941585991457076
      vertex 16.900173044608344 10.248671041712946 34.98
    endloop
  endfacet
  facet normal 0 1 0
    outer loop
      vertex 3.2031953725415185 10.248671041712946 4.832418582738125
      vertex 16.900173044608344 10.248671041712946 34.98
      vertex 3.6059987968981773 10.248671041712946 4.769319769802358
    endloop
  endfacet
  facet normal 0 1 0
    outer loop
      vertex 3.6059987968981773 10.248671041712946 4.769319769802358
      vertex 16.900173044608344 10.248671041712946 34.98
      vertex 4 10.248671041712946 4.748671041712946
    endloop
  endfacet
  facet normal 0.5304209081197422 0.847734427889671 3.024734238961412e-13
    outer loop
      vertex 19.155452788304025 9.568635409655634 4.752660819706965
      vertex 18.87352286579008 9.745036792690463 4.747045731580155
      vertex 18.817065763747436 9.780361566994856 4.752897367444245
    endloop
  endfacet
  facet normal 0 1 0
    outer loop
      vertex 4 10.248671041712946 4.748671041712946
      vertex 16.900173044608344 10.248671041712946 34.98
      vertex 16.900173044608344 10.248671041712946 4.748671041712945
    endloop
  endfacet
  facet normal 0.9985826956767614 0.05322217484218776 8.131263418807743e-17
    outer loop
      vertex 20.75 6.500000000000046 4.749999999999997
      vertex 20.72911021274612 6.891945277132102 4.749651194321092
      vertex 20.75 6.5 34.98
    endloop
  endfacet
  facet normal 0.9985826956767497 0.05322217484240862 2.951744189900262e-15
    outer loop
      vertex 20.72875550078801 6.898600571177621 4.7503429147983685
      vertex 20.75 6.5 34.99
      vertex 20.72911021274612 6.891945277132102 4.749651194321092
    endloop
  endfacet
  facet normal 0.987268354721345 0.15906349601907 -1.1247496901868124e-16
    outer loop
      vertex 20.72875550078801 6.898600571177621 4.7503429147983685
      vertex 20.667382751653108 7.279526268019328 4.749314263922788
      vertex 20.728734504027372 6.89873089295385 34.98
    endloop
  endfacet
  facet normal 0.9872683547213693 0.15906349601891823 -2.0741054988847224e-15
    outer loop
      vertex 20.667382751653108 7.279526268019328 4.749314263922788
      vertex 20.665262711817 7.292684838611091 4.750674014859203
      vertex 20.728734504027372 6.89873089295385 34.98
    endloop
  endfacet
  facet normal 0.9647678688145188 0.26310256422751066 0
    outer loop
      vertex 20.665262711817 7.292684838611091 4.750674014859203
      vertex 20.565500611491323 7.658501375604004 4.748989203481568
      vertex 20.665262711817 7.292684838611091 34.99
    endloop
  endfacet
  facet normal 0.9647678688145096 0.2631025642275443 4.696613204956566e-16
    outer loop
      vertex 20.565500611491323 7.658501375604004 4.748989203481568
      vertex 20.560241031756433 7.67778767008231 4.750993299139439
      vertex 20.665227981284644 7.29281219161421 34.98
    endloop
  endfacet
  facet normal 0.026620521437766657 0.9996456111234527 0
    outer loop
      vertex 16.900173044608344 10.248671041712946 4.748671041712945
      vertex 16.900173044608344 10.248671041712946 34.98
      vertex 17 10.246012654003842 4.7460126540038425
    endloop
  endfacet
  facet normal 0.026620521437772587 0.9996456111234526 -5.389705963588579e-21
    outer loop
      vertex 17 10.246012654003842 4.7460126540038425
      vertex 17.299197895824065 10.238045026365313 34.99
      vertex 17.299197895824065 10.238045026365313 4.753725323651611
    endloop
  endfacet
  facet normal 0.13272552728370604 0.9911528310040093 2.7257908689650893e-16
    outer loop
      vertex 17.299197895824065 10.238045026365313 4.753725323651611
      vertex 17.69473244730481 10.185078894138222 34.98
      vertex 17.39158407143797 10.225673570129185 4.7461956217158585
    endloop
  endfacet
  facet normal 0.13272552728372708 0.9911528310040065 5.738848352075746e-17
    outer loop
      vertex 17.39158407143797 10.225673570129185 4.7461956217158585
      vertex 17.69473244730481 10.185078894138222 34.98
      vertex 17.694832715326683 10.185065467221953 4.753536071152448
    endloop
  endfacet
  facet normal 0.23732669987113555 0.9714298932647049 -3.125506070120125e-16
    outer loop
      vertex 17.778918364640774 10.164522791114706 4.746390410164669
      vertex 17.694832715326683 10.185065467221953 4.753536071152448
      vertex 18.08259480252358 10.090332643857522 34.98
    endloop
  endfacet
  facet normal 0.2373266998711062 0.9714298932647121 1.3170058174084702e-19
    outer loop
      vertex 17.778918364640774 10.164522791114706 4.746390410164669
      vertex 18.08259480252358 10.090332643857522 34.98
      vertex 18.08259480252358 10.090332643857522 4.75333499385632
    endloop
  endfacet
  facet normal 0.9313361774523313 0.36416057525284057 -1.1167063141194336e-16
    outer loop
      vertex 20.560241031756433 7.67778767008231 4.750993299139439
      vertex 20.424585939156614 8.024723895416802 4.748676007862536
      vertex 20.414880398205923 8.04954569663142 34.98
    endloop
  endfacet
  facet normal 0.9313361774523773 0.3641605752527226 -7.055951425599189e-21
    outer loop
      vertex 20.424585939156614 8.024723895416802 4.748676007862536
      vertex 20.414880398205923 8.04954569663142 4.751300766633223
      vertex 20.414880398205923 8.04954569663142 34.98
    endloop
  endfacet
  facet normal 0.8873520750565702 0.46109250144932856 3.3532582871095254e-17
    outer loop
      vertex 20.414880398205923 8.04954569663142 4.751300766633223
      vertex 20.246187688957434 8.374187336059624 4.748374672119247
      vertex 20.414819531039946 8.049662832793604 34.98
    endloop
  endfacet
  facet normal 0.8873520750565974 0.4610925014492764 -6.773921901476315e-16
    outer loop
      vertex 20.246187688957434 8.374187336059624 4.748374672119247
      vertex 20.230827805226774 8.40374675127065 4.751596416371947
      vertex 20.414819531039946 8.049662832793604 34.98
    endloop
  endfacet
  facet normal 0.83331391908251 0.5528000653612011 -9.710250334340308e-17
    outer loop
      vertex 20.032264616283314 8.703069199895687 4.748085191493493
      vertex 20.010168642241112 8.736377594519382 34.98
      vertex 20.230827805226774 8.40374675127065 4.751596416371947
    endloop
  endfacet
  facet normal 0.8333139190825505 0.5528000653611399 2.217384192562435e-20
    outer loop
      vertex 20.032264616283314 8.703069199895687 4.748085191493493
      vertex 20.010168642241112 8.736377594519382 4.751880247424219
      vertex 20.010168642241112 8.736377594519382 34.98
    endloop
  endfacet
  facet normal 0.769833983429905 0.6382441836448215 6.184299825584154e-17
    outer loop
      vertex 20.010168642241112 8.736377594519382 4.751880247424219
      vertex 19.785163796150705 9.007772746086019 4.747807561415125
      vertex 20.010094241270828 8.736467335087006 34.98
    endloop
  endfacet
  facet normal 0.7698339834299166 0.6382441836448076 -1.4830549193994518e-16
    outer loop
      vertex 19.755403065736502 9.04366938601106 4.752152258895887
      vertex 20.010094241270828 8.736467335087006 34.98
      vertex 19.785163796150705 9.007772746086019 4.747807561415125
    endloop
  endfacet
  facet normal 0.6175246149461864 0.7865515558026469 -1.1052001876376045e-16
    outer loop
      vertex 19.202600525836694 9.531619541781929 4.747287835559227
      vertex 19.155452788304025 9.568635409655634 34.98
      vertex 19.469417671493893 9.32214038696052 4.752412449930032
    endloop
  endfacet
  facet normal 0.6175246149462302 0.7865515558026125 -3.3455031205103157e-20
    outer loop
      vertex 19.202600525836694 9.531619541781929 4.747287835559227
      vertex 19.155452788304025 9.568635409655634 4.752660819706965
      vertex 19.155452788304025 9.568635409655634 34.98
    endloop
  endfacet
  facet normal 0.4373073204588528 0.8993121301712204 -1.2348600938159026e-16
    outer loop
      vertex 18.523967143134698 9.92288624570228 4.7468154617450775
      vertex 18.458090658024958 9.954919917014049 34.98
      vertex 18.817065763747436 9.780361566994856 4.752897367444245
    endloop
  endfacet
  facet normal 0.33923886611804477 0.940700266671028 -2.0506319747036954e-16
    outer loop
      vertex 18.08259480252358 10.090332643857522 4.75333499385632
      vertex 18.458090658024958 9.954919917014049 34.99
      vertex 18.157762151002864 10.06322551210614 4.7465970224216605
    endloop
  endfacet
  facet normal 0.3392388661180265 0.9407002666710347 -7.085296524330743e-20
    outer loop
      vertex 18.157762151002864 10.06322551210614 4.7465970224216605
      vertex 18.458090658024958 9.954919917014049 34.98
      vertex 18.458090658024958 9.954919917014049 4.7531220923966835
    endloop
  endfacet
  facet normal 0.4373073204588986 0.8993121301711983 2.5178449231256674e-20
    outer loop
      vertex 18.523967143134698 9.92288624570228 4.7468154617450775
      vertex 18.458090658024958 9.954919917014049 4.7531220923966835
      vertex 18.458090658024958 9.954919917014049 34.98
    endloop
  endfacet
  facet normal 0.5304209081197421 0.8477344278896711 0
    outer loop
      vertex 19.155452788304025 9.568635409655634 4.752660819706965
      vertex 18.817065763747436 9.780361566994856 4.752897367444245
      vertex 19.155452788304025 9.568635409655634 34.98
    endloop
  endfacet
  facet normal 0.6976315211349834 0.7164567402983164 -8.637502027457219e-17
    outer loop
      vertex 19.755403065736502 9.04366938601106 4.752152258895887
      vertex 19.507594901934993 9.284966280210885 4.747541777501892
      vertex 19.755321125253367 9.0437491734716 34.98
    endloop
  endfacet
  facet normal 0.6976315211349807 0.7164567402983191 -4.237315504258099e-17
    outer loop
      vertex 19.507594901934993 9.284966280210885 4.747541777501892
      vertex 19.469417671493893 9.32214038696052 4.752412449930032
      vertex 19.755321125253367 9.0437491734716 34.98
    endloop
  endfacet
  facet normal 1 0 0
    outer loop
      vertex 20.75 -6.495701058201056 34.98
      vertex 20.75 6.500000000000046 4.749999999999997
      vertex 20.75 6.5 34.98
    endloop
  endfacet
  facet normal 0.9985826956767622 0.05322217484217621 1.9005250052790404e-16
    outer loop
      vertex 20.72911021274612 6.891945277132102 4.749651194321092
      vertex 20.75 6.5 34.99
      vertex 20.75 6.5 34.98
    endloop
  endfacet
  facet normal 0.9985826956767615 0.05322217484218531 0
    outer loop
      vertex 20.72875550078801 6.898600571177621 4.7503429147983685
      vertex 20.72875550078801 6.898600571177621 34.98
      vertex 20.75 6.5 34.99
    endloop
  endfacet
  facet normal 0.9872683547254422 0.15906349599364022 0
    outer loop
      vertex 20.72875550078801 6.898600571177621 4.7503429147983685
      vertex 20.728734504027372 6.89873089295385 34.98
      vertex 20.72875550078801 6.898600571177621 34.98
    endloop
  endfacet
  facet normal 0.9872683547213443 0.15906349601907332 0
    outer loop
      vertex 20.665262711817 7.292684838611091 4.750674014859203
      vertex 20.665262711817 7.292684838611091 34.99
      vertex 20.728734504027372 6.89873089295385 34.98
    endloop
  endfacet
  facet normal 0.9647678687759486 0.2631025643689438 1.845864514188817e-12
    outer loop
      vertex 20.565500611491323 7.658501375604004 4.748989203481568
      vertex 20.665227981284644 7.29281219161421 34.98
      vertex 20.665262711817 7.292684838611091 34.99
    endloop
  endfacet
  facet normal 0.9647678688145191 0.26310256422751 0
    outer loop
      vertex 20.560241031756433 7.67778767008231 4.750993299139439
      vertex 20.560241031756433 7.67778767008231 34.98
      vertex 20.665227981284644 7.29281219161421 34.98
    endloop
  endfacet
  facet normal 0.02662052143776885 0.9996456111234528 -9.500968475203357e-18
    outer loop
      vertex 17 10.246012654003842 4.7460126540038425
      vertex 16.900173044608344 10.248671041712946 34.98
      vertex 16.900173044608344 10.248671041712946 34.99
    endloop
  endfacet
  facet normal 0.026620521437771102 0.9996456111234526 1.470136559089893e-17
    outer loop
      vertex 17 10.246012654003842 4.7460126540038425
      vertex 16.900173044608344 10.248671041712946 34.99
      vertex 17.299197895824065 10.238045026365313 34.99
    endloop
  endfacet
  facet normal 0.13272552728372558 0.9911528310040068 0
    outer loop
      vertex 17.299197895824065 10.238045026365313 4.753725323651611
      vertex 17.299197895824065 10.238045026365313 34.99
      vertex 17.694701867587092 10.185082989075987 34.98
    endloop
  endfacet
  facet normal 0.13272552729537676 0.9911528310024464 -1.5727971750624186e-13
    outer loop
      vertex 17.299197895824065 10.238045026365313 4.753725323651611
      vertex 17.694701867587092 10.185082989075987 34.98
      vertex 17.69473244730481 10.185078894138222 34.98
    endloop
  endfacet
  facet normal 0.2373266998711126 0.9714298932647105 0
    outer loop
      vertex 17.694832715326683 10.185065467221953 4.753536071152448
      vertex 17.694832715326683 10.185065467221953 34.98
      vertex 18.08259480252358 10.090332643857522 34.98
    endloop
  endfacet
  facet normal 0.13272552726670508 0.9911528310062859 0
    outer loop
      vertex 17.694832715326683 10.185065467221953 4.753536071152448
      vertex 17.69473244730481 10.185078894138222 34.98
      vertex 17.694832715326683 10.185065467221953 34.98
    endloop
  endfacet
  facet normal 0.9313361774523343 0.3641605752528326 0
    outer loop
      vertex 20.560241031756433 7.67778767008231 4.750993299139439
      vertex 20.414880398205923 8.04954569663142 34.98
      vertex 20.560241031756433 7.67778767008231 34.98
    endloop
  endfacet
  facet normal 0.8873520750530296 0.4610925014561422 0
    outer loop
      vertex 20.414880398205923 8.04954569663142 4.751300766633223
      vertex 20.414819531039946 8.049662832793604 34.98
      vertex 20.414880398205923 8.04954569663142 34.98
    endloop
  endfacet
  facet normal 0.8873520750565735 0.4610925014493218 0
    outer loop
      vertex 20.230827805226774 8.40374675127065 4.751596416371947
      vertex 20.230827805226774 8.40374675127065 34.98
      vertex 20.414819531039946 8.049662832793604 34.98
    endloop
  endfacet
  facet normal 0.7698339834196699 0.638244183657167 0
    outer loop
      vertex 20.010168642241112 8.736377594519382 4.751880247424219
      vertex 20.010094241270828 8.736467335087006 34.98
      vertex 20.010168642241112 8.736377594519382 34.98
    endloop
  endfacet
  facet normal 0.7698339835389281 0.6382441835133208 -2.2527122006949174e-12
    outer loop
      vertex 19.755403065736502 9.04366938601106 4.752152258895887
      vertex 20.010084388368718 8.736479219408206 34.98
      vertex 20.010094241270828 8.736467335087006 34.98
    endloop
  endfacet
  facet normal 0.7698339834299052 0.6382441836448214 0
    outer loop
      vertex 19.755403065736502 9.04366938601106 4.752152258895887
      vertex 19.755403065736502 9.04366938601106 34.99
      vertex 20.010084388368718 8.736479219408206 34.98
    endloop
  endfacet
  facet normal 0.833313919082514 0.552800065361195 0
    outer loop
      vertex 20.230827805226774 8.40374675127065 4.751596416371947
      vertex 20.010168642241112 8.736377594519382 34.98
      vertex 20.230827805226774 8.40374675127065 34.98
    endloop
  endfacet
  facet normal 0.6175246149461929 0.7865515558026416 0
    outer loop
      vertex 19.469417671493893 9.32214038696052 4.752412449930032
      vertex 19.155452788304025 9.568635409655634 34.98
      vertex 19.469417671493893 9.32214038696052 34.98
    endloop
  endfacet
  facet normal 0.43730732045886117 0.8993121301712165 0
    outer loop
      vertex 18.817065763747436 9.780361566994856 4.752897367444245
      vertex 18.458090658024958 9.954919917014049 34.98
      vertex 18.817065763747436 9.780361566994856 34.98
    endloop
  endfacet
  facet normal 0.3392388661180301 0.9407002666710332 0
    outer loop
      vertex 18.08259480252358 10.090332643857522 4.75333499385632
      vertex 18.08259480252358 10.090332643857522 34.98
      vertex 18.458090658024958 9.954919917014049 34.99
    endloop
  endfacet
  facet normal 0.33923886611808574 0.9407002666710131 -2.1416639298001246e-16
    outer loop
      vertex 18.157762151002864 10.06322551210614 4.7465970224216605
      vertex 18.458090658024958 9.954919917014049 34.99
      vertex 18.458090658024958 9.954919917014049 34.98
    endloop
  endfacet
  facet normal 0.5304209081197421 0.8477344278896712 0
    outer loop
      vertex 18.817065763747436 9.780361566994856 4.752897367444245
      vertex 18.817065763747436 9.780361566994856 34.98
      vertex 19.155452788304025 9.568635409655634 34.99
    endloop
  endfacet
  facet normal 0.5304209081198046 0.8477344278896322 -1.4893486478678128e-15
    outer loop
      vertex 18.817065763747436 9.780361566994856 4.752897367444245
      vertex 19.155452788304025 9.568635409655634 34.99
      vertex 19.155452788304025 9.568635409655634 34.98
    endloop
  endfacet
  facet normal 0.6976315211513394 0.7164567402823903 0
    outer loop
      vertex 19.755403065736502 9.04366938601106 4.752152258895887
      vertex 19.755321125253367 9.0437491734716 34.98
      vertex 19.755403065736502 9.04366938601106 34.99
    endloop
  endfacet
  facet normal 0.6976315211349784 0.7164567402983214 0
    outer loop
      vertex 19.469417671493893 9.32214038696052 4.752412449930032
      vertex 19.469417671493893 9.32214038696052 34.98
      vertex 19.755321125253367 9.0437491734716 34.98
    endloop
  endfacet
  facet normal 0.9985826956767614 0.053222174842185305 -4.373343502986231e-17
    outer loop
      vertex 20.75 6.5 34.99
      vertex 20.72875550078801 6.898600571177621 34.98
      vertex 20.72875550078801 6.898600571177621 34.99
    endloop
  endfacet
  facet normal 0.9872683547213457 0.1590634960190649 3.3994019247355916e-13
    outer loop
      vertex 20.728734504027372 6.89873089295385 34.98
      vertex 20.665262711817 7.292684838611091 34.99
      vertex 20.72875550078801 6.898600571177621 34.99
    endloop
  endfacet
  facet normal 0.13272552728372214 0.9911528310040071 -1.370582791876581e-13
    outer loop
      vertex 17.299197895824065 10.238045026365313 34.99
      vertex 17.694832715326683 10.185065467221953 34.99
      vertex 17.694701867587092 10.185082989075987 34.98
    endloop
  endfacet
  facet normal 0.13272552726670508 0.9911528310062859 0
    outer loop
      vertex 17.694832715326683 10.185065467221953 34.98
      vertex 17.69473244730481 10.185078894138222 34.98
      vertex 17.694832715326683 10.185065467221953 34.99
    endloop
  endfacet
  facet normal 0.8873520750565725 0.4610925014493241 -1.0142947635324944e-13
    outer loop
      vertex 20.414819531039946 8.049662832793604 34.98
      vertex 20.230827805226774 8.40374675127065 34.99
      vertex 20.414880398205923 8.04954569663142 34.99
    endloop
  endfacet
  facet normal 0.8873520750565738 0.46109250144932196 8.474559920516226e-16
    outer loop
      vertex 20.414819531039946 8.049662832793604 34.98
      vertex 20.230827805226774 8.40374675127065 34.98
      vertex 20.230827805226774 8.40374675127065 34.99
    endloop
  endfacet
  facet normal 0.7698339834196698 0.638244183657167 0
    outer loop
      vertex 20.010168642241112 8.736377594519382 34.98
      vertex 20.010094241270828 8.736467335087006 34.98
      vertex 20.010168642241112 8.736377594519382 34.99
    endloop
  endfacet
  facet normal 0.7698339834299065 0.6382441836448199 7.777351805831908e-14
    outer loop
      vertex 20.010084388368718 8.736479219408206 34.98
      vertex 19.755403065736502 9.04366938601106 34.99
      vertex 20.010168642241112 8.736377594519382 34.99
    endloop
  endfacet
  facet normal 0.3392388661180301 0.9407002666710333 0
    outer loop
      vertex 18.08259480252358 10.090332643857522 34.98
      vertex 18.08259480252358 10.090332643857522 34.99
      vertex 18.458090658024958 9.954919917014049 34.99
    endloop
  endfacet
  facet normal 0.5304209081197421 0.8477344278896712 -1.489348647867499e-15
    outer loop
      vertex 19.155452788304025 9.568635409655634 34.99
      vertex 18.817065763747436 9.780361566994856 34.98
      vertex 18.817065763747436 9.780361566994856 34.99
    endloop
  endfacet
  facet normal -0.3853819406971234 -0.5934361481663697 -0.706621750184624
    outer loop
      vertex -18.989078405449035 -9.679004104586266 4.754612487130844
      vertex -19.20135154046189 -9.52990046089311 4.745162934721827
      vertex -17.94045640366796 -7.794427190999916 2.6
    endloop
  endfacet
  facet normal -0.3853819406971173 -0.5934361481663736 -0.7066217501846241
    outer loop
      vertex -18.989078405449035 -9.679004104586266 4.754612487130844
      vertex -17.8 -7.885640646055101 2.6
      vertex -18.872637516031226 -9.743503321925662 4.745275032062453
    endloop
  endfacet
  facet normal -0.32123980948750164 -0.6304686248866412 -0.706621750184624
    outer loop
      vertex -18.872637516031226 -9.743503321925662 4.745275032062453
      vertex -17.8 -7.885640646055101 2.6
      vertex -18.639902451720708 -9.872420488142073 4.754494194629793
    endloop
  endfacet
  facet normal -0.3212398094875039 -0.6304686248866401 -0.706621750184624
    outer loop
      vertex -18.639902451720708 -9.872420488142073 4.754494194629793
      vertex -17.65077862892128 -7.961672732228162 2.6
      vertex -18.523390990057557 -9.921592184703623 4.745398935629348
    endloop
  endfacet
  facet normal -0.5934361481663716 -0.3853819406971201 -0.7066217501846244
    outer loop
      vertex -20.124927196559433 -8.573000245104474 4.75496737208737
      vertex -18.294427190999915 -7.440456403667957 2.6
      vertex -20.029685690021488 -8.701195500289876 4.744897463324912
    endloop
  endfacet
  facet normal -0.5934361481663724 -0.3853819406971191 -0.7066217501846241
    outer loop
      vertex -20.124927196559433 -8.573000245104474 4.75496737208737
      vertex -20.243120142944854 -8.372416287543508 4.744832575087018
      vertex -18.3856406460551 -7.3 2.6
    endloop
  endfacet
  facet normal -0.630468624886641 -0.32123980948750214 -0.7066217501846241
    outer loop
      vertex -20.243120142944854 -8.372416287543508 4.744832575087018
      vertex -20.327570281462144 -8.229096880434971 4.755026520667085
      vertex -18.3856406460551 -7.3 2.6
    endloop
  endfacet
  facet normal -0.6304686248866419 -0.32123980948750086 -0.706621750184624
    outer loop
      vertex -20.421026289403816 -8.0231390372372 4.744779486104343
      vertex -18.461672732228163 -7.15077862892128 2.6
      vertex -20.327570281462144 -8.229096880434971 4.755026520667085
    endloop
  endfacet
  facet normal -0.38538194069711385 -0.5934361481663736 -0.7066217501846263
    outer loop
      vertex -18.989078405449035 -9.679004104586266 4.754612487130844
      vertex -17.94045640366796 -7.794427190999916 2.6
      vertex -17.91675239910113 -7.809820751554802 2.6
    endloop
  endfacet
  facet normal -0.38538194069712517 -0.5934361481663702 -0.7066217501846227
    outer loop
      vertex -18.989078405449035 -9.679004104586266 4.754612487130844
      vertex -17.91675239910113 -7.809820751554802 2.6
      vertex -17.90890359476985 -7.816774185429851 2.6015590116914877
    endloop
  endfacet
  facet normal -0.3853819406970961 -0.5934361481663865 -0.706621750184625
    outer loop
      vertex -18.989078405449035 -9.679004104586266 4.754612487130844
      vertex -17.90890359476985 -7.816774185429851 2.6015590116914877
      vertex -17.894001099184187 -7.824595618475978 2.6
    endloop
  endfacet
  facet normal -0.3853819406971229 -0.5934361481663701 -0.7066217501846241
    outer loop
      vertex -18.989078405449035 -9.679004104586266 4.754612487130844
      vertex -17.894001099184187 -7.824595618475978 2.6
      vertex -17.8 -7.885640646055101 2.6
    endloop
  endfacet
  facet normal -0.44530174671811673 -0.5499018608222864 -0.7066217501846239
    outer loop
      vertex -19.31571730604822 -9.449568334259908 4.754718951443891
      vertex -17.94045640366796 -7.794427190999916 2.6
      vertex -19.20135154046189 -9.52990046089311 4.745162934721827
    endloop
  endfacet
  facet normal -0.44530174671811135 -0.5499018608222904 -0.706621750184624
    outer loop
      vertex -19.505936036387084 -9.283123923372957 4.745062641841159
      vertex -18.070608970174174 -7.689031720763831 2.6
      vertex -19.31571730604822 -9.449568334259908 4.754718951443891
    endloop
  endfacet
  facet normal -0.5003427336166817 -0.5003427336166731 -0.7066217501846239
    outer loop
      vertex -19.616118204256193 -9.186712776118682 4.7548135872335395
      vertex -18.070608970174174 -7.689031720763831 2.6
      vertex -19.505936036387084 -9.283123923372957 4.745062641841159
    endloop
  endfacet
  facet normal -0.5499018608222952 -0.44530174671810524 -0.7066217501846243
    outer loop
      vertex -19.783058162486668 -9.005876825019111 4.74497415184024
      vertex -19.886877437862147 -8.893415688668076 4.754896394201655
      vertex -18.18903172076383 -7.570608970174173 2.6
    endloop
  endfacet
  facet normal -0.5003427336166744 -0.5003427336166799 -0.7066217501846244
    outer loop
      vertex -19.783058162486668 -9.005876825019111 4.74497415184024
      vertex -18.18903172076383 -7.570608970174173 2.6
      vertex -19.616118204256193 -9.186712776118682 4.7548135872335395
    endloop
  endfacet
  facet normal -0.5499018608222835 -0.4453017467181198 -0.7066217501846244
    outer loop
      vertex -19.886877437862147 -8.893415688668076 4.754896394201655
      vertex -20.029685690021488 -8.701195500289876 4.744897463324912
      vertex -18.294427190999915 -7.440456403667957 2.6
    endloop
  endfacet
  facet normal -0.5934361481663692 -0.3853819406971233 -0.7066217501846245
    outer loop
      vertex -20.124927196559433 -8.573000245104474 4.75496737208737
      vertex -18.3856406460551 -7.3 2.6
      vertex -18.294427190999915 -7.440456403667957 2.6
    endloop
  endfacet
  facet normal -0.549901860822256 -0.4453017467181477 -0.7066217501846279
    outer loop
      vertex -19.886877437862147 -8.893415688668076 4.754896394201655
      vertex -18.194781851227724 -7.563508150414605 2.6
      vertex -18.18903172076383 -7.570608970174173 2.6
    endloop
  endfacet
  facet normal -0.500342733616683 -0.5003427336166717 -0.706621750184624
    outer loop
      vertex -19.616118204256193 -9.186712776118682 4.7548135872335395
      vertex -18.18903172076383 -7.570608970174173 2.6
      vertex -18.070608970174174 -7.689031720763831 2.6
    endloop
  endfacet
  facet normal -0.44530174671811573 -0.5499018608222872 -0.7066217501846238
    outer loop
      vertex -19.31571730604822 -9.449568334259908 4.754718951443891
      vertex -18.070608970174174 -7.689031720763831 2.6
      vertex -17.94045640366796 -7.794427190999916 2.6
    endloop
  endfacet
  facet normal -0.549901860822293 -0.4453017467181042 -0.7066217501846267
    outer loop
      vertex -19.886877437862147 -8.893415688668076 4.754896394201655
      vertex -18.19761719707376 -7.560996253185273 2.6006235439722847
      vertex -18.194781851227724 -7.563508150414605 2.6
    endloop
  endfacet
  facet normal -0.549901860822195 -0.4453017467182286 -0.7066217501846244
    outer loop
      vertex -19.886877437862147 -8.893415688668076 4.754896394201655
      vertex -18.202244036520373 -7.554293119015178 2.6
      vertex -18.19761719707376 -7.560996253185273 2.6006235439722847
    endloop
  endfacet
  facet normal -0.5499018608222943 -0.4453017467181075 -0.7066217501846235
    outer loop
      vertex -19.886877437862147 -8.893415688668076 4.754896394201655
      vertex -18.294427190999915 -7.440456403667957 2.6
      vertex -18.202244036520373 -7.554293119015178 2.6
    endloop
  endfacet
  facet normal -0.253578107701378 -0.6605935554186152 -0.706621750184624
    outer loop
      vertex -18.272145747942613 -10.027626000016374 4.754364074313394
      vertex -18.523390990057557 -9.921592184703623 4.745398935629348
      vertex -17.65077862892128 -7.961672732228162 2.6
    endloop
  endfacet
  facet normal -0.25357810770138084 -0.6605935554186141 -0.7066217501846241
    outer loop
      vertex -18.272145747942613 -10.027626000016374 4.754364074313394
      vertex -17.494427190999915 -8.021690426072245 2.6
      vertex -18.157433859059054 -10.062215133395274 4.745534647375011
    endloop
  endfacet
  facet normal -0.18313815110265633 -0.6834808847193309 -0.7066217501846241
    outer loop
      vertex -18.157433859059054 -10.062215133395274 4.745534647375011
      vertex -17.494427190999915 -8.021690426072245 2.6
      vertex -17.88997512451668 -10.142862099742663 4.75422212659157
    endloop
  endfacet
  facet normal -0.18313815110265103 -0.6834808847193322 -0.7066217501846243
    outer loop
      vertex -17.88997512451668 -10.142862099742663 4.75422212659157
      vertex -17.332658705308415 -8.065036161174088 2.6
      vertex -17.778771113113827 -10.163830027147359 4.745682169438187
    endloop
  endfacet
  facet normal -0.1106916945963243 -0.6988798544194936 -0.7066217501846241
    outer loop
      vertex -17.778771113113827 -10.163830027147359 4.745682169438187
      vertex -17.332658705308415 -8.065036161174088 2.6
      vertex -17.497720727313958 -10.216823116265026 4.754068351911495
    endloop
  endfacet
  facet normal -0.11069169459632934 -0.6988798544194931 -0.7066217501846239
    outer loop
      vertex -17.497720727313958 -10.216823116265026 4.754068351911495
      vertex -17.167245541228247 -8.091235032589237 2.6
      vertex -17.391547056072366 -10.225321392450397 4.745841504143962
    endloop
  endfacet
  facet normal -0.0370324767202691 -0.7066217501846244 -0.706621750184624
    outer loop
      vertex -17.391547056072366 -10.225321392450397 4.745841504143962
      vertex -17.167245541228247 -8.091235032589237 2.6
      vertex -17.099826955391656 -10.248671041712948 4.753902750757613
    endloop
  endfacet
  facet normal -0.037032476720273357 -0.7066217501846241 -0.706621750184624
    outer loop
      vertex -17.099826955391656 -10.248671041712948 4.753902750757613
      vertex -17 -8.1 2.6
      vertex -17 -10.248671041712948 4.7486710417129485
    endloop
  endfacet
  facet normal -0.3298090463530307 -0.6283986359533786 -0.7045148311253906
    outer loop
      vertex -17.90890359476985 -7.816774185429851 0.8
      vertex -17.28368390963403 -7.248012994148332 0
      vertex -17.567367819268057 -7.9960259882966636 0.8
    endloop
  endfacet
  facet normal -0.16983975786898828 -0.6890669846766466 -0.7045148311253905
    outer loop
      vertex -17.567367819268057 -7.9960259882966636 0.8
      vertex -17.28368390963403 -7.248012994148332 0
      vertex -17.192858688408517 -8.088334198556886 0.8
    endloop
  endfacet
  facet normal -0.6631226582407964 -0.7485107481710999 -1.0070316113419074e-16
    outer loop
      vertex -17.90890359476985 -7.816774185429851 0.8
      vertex -17.91675239910113 -7.809820751554802 2.6
      vertex -18.19761719707376 -7.560996253185273 0.8
    endloop
  endfacet
  facet normal -0.46472317204376656 -0.8854560256532108 -2.869193531869956e-16
    outer loop
      vertex -17.90890359476985 -7.816774185429851 0.8
      vertex -17.567367819268057 -7.9960259882966636 0.8
      vertex -17.58392977745943 -7.987333602087791 2.6
    endloop
  endfacet
  facet normal -0.6631226582407835 -0.7485107481711113 0
    outer loop
      vertex -17.90890359476985 -7.816774185429851 0.8
      vertex -17.90890359476985 -7.816774185429851 2.6015590116914877
      vertex -17.91675239910113 -7.809820751554802 2.6
    endloop
  endfacet
  facet normal -0.4647231720437469 -0.8854560256532213 0
    outer loop
      vertex -17.90890359476985 -7.816774185429851 0.8
      vertex -17.894001099184187 -7.824595618475978 2.6
      vertex -17.90890359476985 -7.816774185429851 2.6015590116914877
    endloop
  endfacet
  facet normal -0.4647231720437688 -0.8854560256532097 2.3198531111769477e-16
    outer loop
      vertex -17.90890359476985 -7.816774185429851 0.8
      vertex -17.58392977745943 -7.987333602087791 2.6
      vertex -17.894001099184187 -7.824595618475978 2.6
    endloop
  endfacet
  facet normal -0.46472317204374236 -0.8854560256532237 0
    outer loop
      vertex -17.567367819268057 -7.9960259882966636 0.8
      vertex -17.567367819268057 -7.9960259882966636 2.602182758020667
      vertex -17.58392977745943 -7.987333602087791 2.6
    endloop
  endfacet
  facet normal -0.23931566428752332 -0.9709418174260606 0
    outer loop
      vertex -17.567367819268057 -7.9960259882966636 0.8
      vertex -17.550373051342024 -8.000214822377796 2.6
      vertex -17.567367819268057 -7.9960259882966636 2.602182758020667
    endloop
  endfacet
  facet normal -0.23931566428755785 -0.970941817426052 1.6436791935720838e-16
    outer loop
      vertex -17.567367819268057 -7.9960259882966636 0.8
      vertex -17.192858688408517 -8.088334198556886 0.8
      vertex -17.205979871729827 -8.085100117331399 2.6
    endloop
  endfacet
  facet normal -0.2393156642875587 -0.9709418174260517 3.544186810192355e-16
    outer loop
      vertex -17.567367819268057 -7.9960259882966636 0.8
      vertex -17.205979871729827 -8.085100117331399 2.6
      vertex -17.550373051342024 -8.000214822377796 2.6
    endloop
  endfacet
  facet normal 0 -1 0
    outer loop
      vertex -17.192858688408517 -8.088334198556886 0.8
      vertex -17.185560686493822 -8.088334198556886 2.6
      vertex -17.192858688408517 -8.088334198556886 2.6011432257765823
    endloop
  endfacet
  facet normal -0.23931566428757847 -0.9709418174260469 0
    outer loop
      vertex -17.192858688408517 -8.088334198556886 0.8
      vertex -17.192858688408517 -8.088334198556886 2.6011432257765823
      vertex -17.205979871729827 -8.085100117331399 2.6
    endloop
  endfacet
  facet normal -0.2535781077013869 -0.6605935554186123 -0.7066217501846237
    outer loop
      vertex -18.272145747942613 -10.027626000016374 4.754364074313394
      vertex -17.65077862892128 -7.961672732228162 2.6
      vertex -17.58392977745943 -7.987333602087791 2.6
    endloop
  endfacet
  facet normal -0.25357810770135863 -0.6605935554186224 -0.7066217501846244
    outer loop
      vertex -18.272145747942613 -10.027626000016374 4.754364074313394
      vertex -17.567367819268057 -7.9960259882966636 2.602182758020667
      vertex -17.550373051342024 -8.000214822377796 2.6
    endloop
  endfacet
  facet normal -0.2535781077013605 -0.6605935554186227 -0.7066217501846233
    outer loop
      vertex -18.272145747942613 -10.027626000016374 4.754364074313394
      vertex -17.58392977745943 -7.987333602087791 2.6
      vertex -17.567367819268057 -7.9960259882966636 2.602182758020667
    endloop
  endfacet
  facet normal -0.25357810770137523 -0.6605935554186163 -0.706621750184624
    outer loop
      vertex -18.272145747942613 -10.027626000016374 4.754364074313394
      vertex -17.550373051342024 -8.000214822377796 2.6
      vertex -17.494427190999915 -8.021690426072245 2.6
    endloop
  endfacet
  facet normal -0.18313815110265305 -0.6834808847193317 -0.7066217501846243
    outer loop
      vertex -17.88997512451668 -10.142862099742663 4.75422212659157
      vertex -17.494427190999915 -8.021690426072245 2.6
      vertex -17.332658705308415 -8.065036161174088 2.6
    endloop
  endfacet
  facet normal -0.32123980948750136 -0.6304686248866412 -0.7066217501846239
    outer loop
      vertex -18.639902451720708 -9.872420488142073 4.754494194629793
      vertex -17.8 -7.885640646055101 2.6
      vertex -17.65077862892128 -7.961672732228162 2.6
    endloop
  endfacet
  facet normal -0.11069169459632665 -0.6988798544194933 -0.7066217501846241
    outer loop
      vertex -17.497720727313958 -10.216823116265026 4.754068351911495
      vertex -17.332658705308415 -8.065036161174088 2.6
      vertex -17.205979871729827 -8.085100117331399 2.6
    endloop
  endfacet
  facet normal -0.11069169459631954 -0.6988798544194935 -0.7066217501846253
    outer loop
      vertex -17.497720727313958 -10.216823116265026 4.754068351911495
      vertex -17.205979871729827 -8.085100117331399 2.6
      vertex -17.192858688408517 -8.088334198556886 2.6011432257765823
    endloop
  endfacet
  facet normal -0.11069169459633427 -0.698879854419492 -0.7066217501846241
    outer loop
      vertex -17.497720727313958 -10.216823116265026 4.754068351911495
      vertex -17.185560686493822 -8.088334198556886 2.6
      vertex -17.167245541228247 -8.091235032589237 2.6
    endloop
  endfacet
  facet normal -0.11069169459631018 -0.6988798544194953 -0.7066217501846247
    outer loop
      vertex -17.497720727313958 -10.216823116265026 4.754068351911495
      vertex -17.192858688408517 -8.088334198556886 2.6011432257765823
      vertex -17.185560686493822 -8.088334198556886 2.6
    endloop
  endfacet
  facet normal -0.03703247672027075 -0.7066217501846241 -0.7066217501846239
    outer loop
      vertex -17.099826955391656 -10.248671041712948 4.753902750757613
      vertex -17.167245541228247 -8.091235032589237 2.6
      vertex -17 -8.1 2.6
    endloop
  endfacet
  facet normal 0 0 -1
    outer loop
      vertex -17.91675239910113 -7.809820751554802 2.6
      vertex -17.94045640366796 -7.794427190999916 2.6
      vertex -18.18903172076383 -7.570608970174173 2.6
    endloop
  endfacet
  facet normal 0 0 -1
    outer loop
      vertex -17.8 -7.885640646055101 2.6
      vertex -17.58392977745943 -7.987333602087791 2.6
      vertex -17.65077862892128 -7.961672732228162 2.6
    endloop
  endfacet
  facet normal 0 0 -1
    outer loop
      vertex -17.894001099184187 -7.824595618475978 2.6
      vertex -17.58392977745943 -7.987333602087791 2.6
      vertex -17.8 -7.885640646055101 2.6
    endloop
  endfacet
  facet normal 0 0 -1
    outer loop
      vertex -17.494427190999915 -8.021690426072245 2.6
      vertex -17.205979871729827 -8.085100117331399 2.6
      vertex -17.332658705308415 -8.065036161174088 2.6
    endloop
  endfacet
  facet normal 0 0 -1
    outer loop
      vertex -17.550373051342024 -8.000214822377796 2.6
      vertex -17.205979871729827 -8.085100117331399 2.6
      vertex -17.494427190999915 -8.021690426072245 2.6
    endloop
  endfacet
  facet normal -0.8229838658936548 -0.568064746731158 -9.058756897631154e-16
    outer loop
      vertex -18.19761719707376 -7.560996253185273 0.8
      vertex -18.202244036520373 -7.554293119015178 2.6
      vertex -18.416729641045137 -7.243557075270029 0.8
    endloop
  endfacet
  facet normal -0.6631226582407704 -0.7485107481711231 0
    outer loop
      vertex -18.19761719707376 -7.560996253185273 0.8
      vertex -18.194781851227724 -7.563508150414605 2.6
      vertex -18.19761719707376 -7.560996253185273 2.6006235439722847
    endloop
  endfacet
  facet normal -0.8229838658935411 -0.5680647467313229 0
    outer loop
      vertex -18.19761719707376 -7.560996253185273 0.8
      vertex -18.19761719707376 -7.560996253185273 2.6006235439722847
      vertex -18.202244036520373 -7.554293119015178 2.6
    endloop
  endfacet
  facet normal -0.9350162426854158 -0.3546048870425329 4.56356510059448e-16
    outer loop
      vertex -18.416729641045137 -7.243557075270029 0.8
      vertex -18.423512269342176 -7.225672754276255 2.6
      vertex -18.553506907881683 -6.882905062860092 0.8
    endloop
  endfacet
  facet normal -0.8229838658936584 -0.568064746731153 3.9407105511491373e-16
    outer loop
      vertex -18.416729641045137 -7.243557075270029 0.8
      vertex -18.202244036520373 -7.554293119015178 2.6
      vertex -18.407830991708053 -7.256448994500727 2.6
    endloop
  endfacet
  facet normal -0.8229838658936326 -0.5680647467311902 0
    outer loop
      vertex -18.416729641045137 -7.243557075270029 0.8
      vertex -18.407830991708053 -7.256448994500727 2.6
      vertex -18.416729641045137 -7.243557075270029 2.6020787946775172
    endloop
  endfacet
  facet normal -0.935016242685431 -0.35460488704249266 0
    outer loop
      vertex -18.416729641045137 -7.243557075270029 0.8
      vertex -18.416729641045137 -7.243557075270029 2.6020787946775172
      vertex -18.423512269342176 -7.225672754276255 2.6
    endloop
  endfacet
  facet normal -0.6635709899475997 -0.2516592816176759 -0.7045148311253906
    outer loop
      vertex -18.416729641045137 -7.243557075270029 0.8
      vertex -18.553506907881683 -6.882905062860092 0.8
      vertex -17.77675345394084 -6.691452531430046 0
    endloop
  endfacet
  facet normal -0.7045148311253902 -0.08554358800474351 -0.7045148311253906
    outer loop
      vertex -18.553506907881683 -6.882905062860092 0.8
      vertex -18.6 -6.5 0.8
      vertex -17.77675345394084 -6.691452531430046 0
    endloop
  endfacet
  facet normal -0.9927088740980536 -0.1205366802553268 -1.5812164516169252e-16
    outer loop
      vertex -18.553506907881683 -6.882905062860092 0.8
      vertex -18.55510972651609 -6.869704663790079 2.6
      vertex -18.6 -6.5 0.8
    endloop
  endfacet
  facet normal -0.9350162426854166 -0.3546048870425312 8.206932870328309e-16
    outer loop
      vertex -18.553506907881683 -6.882905062860092 0.8
      vertex -18.423512269342176 -7.225672754276255 2.6
      vertex -18.546916190625772 -6.900283356026376 2.6
    endloop
  endfacet
  facet normal -0.9350162426853883 -0.3546048870426055 0
    outer loop
      vertex -18.553506907881683 -6.882905062860092 0.8
      vertex -18.546916190625772 -6.900283356026376 2.6
      vertex -18.553506907881683 -6.882905062860092 2.6018708747372483
    endloop
  endfacet
  facet normal -0.992708874098051 -0.12053668025534803 0
    outer loop
      vertex -18.553506907881683 -6.882905062860092 0.8
      vertex -18.553506907881683 -6.882905062860092 2.6018708747372483
      vertex -18.55510972651609 -6.869704663790079 2.6
    endloop
  endfacet
  facet normal -0.9927088740980536 -0.12053668025532602 0
    outer loop
      vertex -18.6 -6.5 0.8
      vertex -18.55510972651609 -6.869704663790079 2.6
      vertex -18.6 -6.5 2.6
    endloop
  endfacet
  facet normal -0.660593555418614 -0.2535781077013816 -0.7066217501846239
    outer loop
      vertex -20.421026289403816 -8.0231390372372 4.744779486104343
      vertex -20.492510665446268 -7.865602157198084 4.755073839754461
      vertex -18.461672732228163 -7.15077862892128 2.6
    endloop
  endfacet
  facet normal -0.6605935554186166 -0.2535781077013751 -0.7066217501846237
    outer loop
      vertex -20.492510665446268 -7.865602157198084 4.755073839754461
      vertex -20.56145766268823 -7.657187741907017 4.744738195540589
      vertex -18.521690426072247 -6.994427190999916 2.6
    endloop
  endfacet
  facet normal -0.6834808847193309 -0.18313815110265796 -0.7066217501846236
    outer loop
      vertex -20.56145766268823 -7.657187741907017 4.744738195540589
      vertex -20.617879508054436 -7.4866346158532044 4.755109329200433
      vertex -18.521690426072247 -6.994427190999916 2.6
    endloop
  endfacet
  facet normal -0.6834808847193319 -0.1831381511026529 -0.706621750184624
    outer loop
      vertex -20.617879508054436 -7.4866346158532044 4.755109329200433
      vertex -20.662877833037346 -7.27856871800776 4.7447087027453305
      vertex -18.56503616117409 -6.832658705308415 2.6
    endloop
  endfacet
  facet normal -0.6988798544194929 -0.1106916945963297 -0.7066217501846241
    outer loop
      vertex -20.662877833037346 -7.27856871800776 4.7447087027453305
      vertex -20.702256330205042 -7.096488110071521 4.75513298889319
      vertex -18.56503616117409 -6.832658705308415 2.6
    endloop
  endfacet
  facet normal -0.6988798544194937 -0.11069169459632647 -0.7066217501846239
    outer loop
      vertex -20.702256330205042 -7.096488110071521 4.75513298889319
      vertex -20.724177198102776 -6.891426796400462 4.744691007253999
      vertex -18.59123503258924 -6.667245541228246 2.6
    endloop
  endfacet
  facet normal -0.7066217501846253 -0.03703247672025914 -0.7066217501846236
    outer loop
      vertex -20.724177198102776 -6.891426796400462 4.744691007253999
      vertex -20.744685108787856 -6.69958315565817 4.755144818758205
      vertex -18.59123503258924 -6.667245541228246 2.6
    endloop
  endfacet
  facet normal -0.7066217501846247 -0.03703247672027293 -0.7066217501846234
    outer loop
      vertex -20.744685108787856 -6.69958315565817 4.755144818758205
      vertex -20.744685108787856 -6.5 4.744685108787858
      vertex -18.6 -6.5 2.6
    endloop
  endfacet
  facet normal -0.630468624886623 -0.3212398094875393 -0.7066217501846233
    outer loop
      vertex -20.327570281462144 -8.229096880434971 4.755026520667085
      vertex -18.416729641045137 -7.243557075270029 2.6020787946775172
      vertex -18.407830991708053 -7.256448994500727 2.6
    endloop
  endfacet
  facet normal -0.6304686248866541 -0.3212398094874758 -0.7066217501846241
    outer loop
      vertex -20.327570281462144 -8.229096880434971 4.755026520667085
      vertex -18.423512269342176 -7.225672754276255 2.6
      vertex -18.416729641045137 -7.243557075270029 2.6020787946775172
    endloop
  endfacet
  facet normal -0.6304686248866372 -0.3212398094875071 -0.7066217501846253
    outer loop
      vertex -20.327570281462144 -8.229096880434971 4.755026520667085
      vertex -18.461672732228163 -7.15077862892128 2.6
      vertex -18.423512269342176 -7.225672754276255 2.6
    endloop
  endfacet
  facet normal -0.6304686248866387 -0.3212398094875059 -0.7066217501846244
    outer loop
      vertex -20.327570281462144 -8.229096880434971 4.755026520667085
      vertex -18.407830991708053 -7.256448994500727 2.6
      vertex -18.3856406460551 -7.3 2.6
    endloop
  endfacet
  facet normal -0.6605935554186136 -0.2535781077013824 -0.7066217501846239
    outer loop
      vertex -20.492510665446268 -7.865602157198084 4.755073839754461
      vertex -18.521690426072247 -6.994427190999916 2.6
      vertex -18.461672732228163 -7.15077862892128 2.6
    endloop
  endfacet
  facet normal -0.6834808847193384 -0.1831381511026287 -0.7066217501846239
    outer loop
      vertex -20.617879508054436 -7.4866346158532044 4.755109329200433
      vertex -18.546916190625772 -6.900283356026376 2.6
      vertex -18.521690426072247 -6.994427190999916 2.6
    endloop
  endfacet
  facet normal -0.683480884719313 -0.18313815110272086 -0.7066217501846246
    outer loop
      vertex -20.617879508054436 -7.4866346158532044 4.755109329200433
      vertex -18.553506907881683 -6.882905062860092 2.6018708747372483
      vertex -18.546916190625772 -6.900283356026376 2.6
    endloop
  endfacet
  facet normal -0.6834808847193343 -0.183138151102645 -0.7066217501846236
    outer loop
      vertex -20.617879508054436 -7.4866346158532044 4.755109329200433
      vertex -18.56503616117409 -6.832658705308415 2.6
      vertex -18.55510972651609 -6.869704663790079 2.6
    endloop
  endfacet
  facet normal -0.6834808847193296 -0.1831381511026541 -0.706621750184626
    outer loop
      vertex -20.617879508054436 -7.4866346158532044 4.755109329200433
      vertex -18.55510972651609 -6.869704663790079 2.6
      vertex -18.553506907881683 -6.882905062860092 2.6018708747372483
    endloop
  endfacet
  facet normal 0 0 -1
    outer loop
      vertex -18.202244036520373 -7.554293119015178 2.6
      vertex -18.3856406460551 -7.3 2.6
      vertex -18.407830991708053 -7.256448994500727 2.6
    endloop
  endfacet
  facet normal 0 0 -1
    outer loop
      vertex -18.202244036520373 -7.554293119015178 2.6
      vertex -18.294427190999915 -7.440456403667957 2.6
      vertex -18.3856406460551 -7.3 2.6
    endloop
  endfacet
  facet normal 0 0 -1
    outer loop
      vertex -18.423512269342176 -7.225672754276255 2.6
      vertex -18.461672732228163 -7.15077862892128 2.6
      vertex -18.521690426072247 -6.994427190999916 2.6
    endloop
  endfacet
  facet normal -0.6988798544194922 -0.11069169459633434 -0.7066217501846241
    outer loop
      vertex -20.702256330205042 -7.096488110071521 4.75513298889319
      vertex -18.59123503258924 -6.667245541228246 2.6
      vertex -18.56503616117409 -6.832658705308415 2.6
    endloop
  endfacet
  facet normal -0.7066217501846248 -0.03703247672027162 -0.7066217501846234
    outer loop
      vertex -20.744685108787856 -6.69958315565817 4.755144818758205
      vertex -18.6 -6.5 2.6
      vertex -18.59123503258924 -6.667245541228246 2.6
    endloop
  endfacet
  facet normal 0 0 -1
    outer loop
      vertex -18.423512269342176 -7.225672754276255 2.6
      vertex -18.521690426072247 -6.994427190999916 2.6
      vertex -18.546916190625772 -6.900283356026376 2.6
    endloop
  endfacet
  facet normal 0 0 -1
    outer loop
      vertex -18.56503616117409 -6.832658705308415 2.6
      vertex -18.6 -6.5 2.6
      vertex -18.55510972651609 -6.869704663790079 2.6
    endloop
  endfacet
  facet normal 0 0 -1
    outer loop
      vertex -18.56503616117409 -6.832658705308415 2.6
      vertex -18.59123503258924 -6.667245541228246 2.6
      vertex -18.6 -6.5 2.6
    endloop
  endfacet
  facet normal -0.47061103187014475 -0.531210042644602 -0.7045148311253906
    outer loop
      vertex -17.90890359476985 -7.816774185429851 0.8
      vertex -18.19761719707376 -7.560996253185273 0.8
      vertex -17.59880859853688 -7.0304981265926365 0
    endloop
  endfacet
  facet normal -0.584062814816461 -0.4031494525272665 -0.7045148311253907
    outer loop
      vertex -18.19761719707376 -7.560996253185273 0.8
      vertex -18.416729641045137 -7.243557075270029 0.8
      vertex -17.59880859853688 -7.0304981265926365 0
    endloop
  endfacet
  facet normal -0.3958893377254085 -0.5735447226784706 -0.7171597335064301
    outer loop
      vertex -17.90890359476985 -7.816774185429851 0.8
      vertex -17.59880859853688 -7.0304981265926365 0
      vertex -17.28368390963403 -7.248012994148332 0
    endloop
  endfacet
  facet normal -0.08400307674871904 -0.6918275794833098 -0.7171597335064297
    outer loop
      vertex -17.192858688408517 -8.088334198556886 0.8
      vertex -17.28368390963403 -7.248012994148332 0
      vertex -16.90357065579574 -7.294167099278443 0
    endloop
  endfacet
  facet normal -0.6631226582407972 -0.7485107481710995 6.510087063252453e-17
    outer loop
      vertex -17.91675239910113 -7.809820751554802 2.6
      vertex -18.194781851227724 -7.563508150414605 2.6
      vertex -18.19761719707376 -7.560996253185273 0.8
    endloop
  endfacet
  facet normal -0.617082122412924 -0.3238696818711918 -0.7171597335064303
    outer loop
      vertex -18.416729641045137 -7.243557075270029 0.8
      vertex -17.77675345394084 -6.691452531430046 0
      vertex -17.59880859853688 -7.0304981265926365 0
    endloop
  endfacet
  facet normal 0 0 -1
    outer loop
      vertex -17.91675239910113 -7.809820751554802 2.6
      vertex -18.18903172076383 -7.570608970174173 2.6
      vertex -18.194781851227724 -7.563508150414605 2.6
    endloop
  endfacet
  facet normal 0 0 -1
    outer loop
      vertex -18.070608970174174 -7.689031720763831 2.6
      vertex -18.18903172076383 -7.570608970174173 2.6
      vertex -17.94045640366796 -7.794427190999916 2.6
    endloop
  endfacet
  facet normal 0 -0.7071067811865476 -0.7071067811865474
    outer loop
      vertex -17 -10.248671041712948 4.7486710417129485
      vertex -17 -8.1 2.6
      vertex -4 -10.248671041712948 4.7486710417129485
    endloop
  endfacet
  facet normal 0 -0.7096892649070876 -0.7045148311253905
    outer loop
      vertex -17.192858688408517 -8.088334198556886 0.8
      vertex -16.90357065579574 -7.294167099278443 0
      vertex -3.807141311591483 -8.088334198556886 0.8
    endloop
  endfacet
  facet normal 0 -1 0
    outer loop
      vertex -17.192858688408517 -8.088334198556886 0.8
      vertex -3.814439313506174 -8.088334198556886 2.6
      vertex -17.185560686493822 -8.088334198556886 2.6
    endloop
  endfacet
  facet normal 0 0 -1
    outer loop
      vertex -17.185560686493822 -8.088334198556886 2.6
      vertex -3.814439313506174 -8.088334198556886 2.6
      vertex -17.167245541228247 -8.091235032589237 2.6
    endloop
  endfacet
  facet normal 0 0 -1
    outer loop
      vertex -17.167245541228247 -8.091235032589237 2.6
      vertex -3.814439313506174 -8.088334198556886 2.6
      vertex -17 -8.1 2.6
    endloop
  endfacet
  facet normal 0 0 -1
    outer loop
      vertex -17.28368390963403 -7.248012994148332 0
      vertex -3.9035706557957397 -7.294167099278443 0
      vertex -16.90357065579574 -7.294167099278443 0
    endloop
  endfacet
  facet normal 0 0 -1
    outer loop
      vertex -17.28368390963403 -7.248012994148332 0
      vertex -17.59880859853688 -7.0304981265926365 0
      vertex -3.9035706557957397 -7.294167099278443 0
    endloop
  endfacet
  facet normal -1 0 0
    outer loop
      vertex -18.6 -6.5 0.8
      vertex -18.6 -6.5 2.6
      vertex -18.6 6.5 0.8
    endloop
  endfacet
  facet normal -0.7071067811865482 -8.89141529802469e-18 -0.7071067811865468
    outer loop
      vertex -20.744685108787856 -6.5 4.744685108787858
      vertex -18.6 6.5 2.6
      vertex -18.6 -6.5 2.6
    endloop
  endfacet
  facet normal 0 0 -1
    outer loop
      vertex -17.59880859853688 -7.0304981265926365 0
      vertex -17.77675345394084 -6.691452531430046 0
      vertex -17.77675345394084 6.691452531430045 0
    endloop
  endfacet
  facet normal -0.6969088295013816 -2.379774031820625e-18 -0.7171597335064304
    outer loop
      vertex -18.6 -6.5 0.8
      vertex -17.77675345394084 6.691452531430045 0
      vertex -17.77675345394084 -6.691452531430046 0
    endloop
  endfacet
  facet normal 0 0 -1
    outer loop
      vertex -17.59880859853688 -7.0304981265926365 0
      vertex -17.77675345394084 6.691452531430045 0
      vertex -17.59880859853688 -5.9695018734073635 0
    endloop
  endfacet
  facet normal 0 0 -1
    outer loop
      vertex -17.59880859853688 -7.0304981265926365 0
      vertex -17.59880859853688 -5.9695018734073635 0
      vertex -3.5455482026150733 7.158387092714925 0
    endloop
  endfacet
  facet normal 0 -1 0
    outer loop
      vertex -17.192858688408517 -8.088334198556886 0.8
      vertex -3.807141311591483 -8.088334198556886 0.8
      vertex -3.814439313506174 -8.088334198556886 2.6
    endloop
  endfacet
  facet normal 0 -0.7071067811865476 -0.7071067811865474
    outer loop
      vertex -17 -8.1 2.6
      vertex -4 -8.1 2.6
      vertex -4 -10.248671041712948 4.7486710417129485
    endloop
  endfacet
  facet normal 0 0 -1
    outer loop
      vertex -17 -8.1 2.6
      vertex -3.814439313506174 -8.088334198556886 2.6
      vertex -4 -8.1 2.6
    endloop
  endfacet
  facet normal 0 -0.7096892649070877 -0.7045148311253905
    outer loop
      vertex -16.90357065579574 -7.294167099278443 0
      vertex -3.9035706557957397 -7.294167099278443 0
      vertex -3.807141311591483 -8.088334198556886 0.8
    endloop
  endfacet
  facet normal 0 0 -1
    outer loop
      vertex -17.59880859853688 -7.0304981265926365 0
      vertex -3.5455482026150733 -7.158387092714925 0
      vertex -3.9035706557957397 -7.294167099278443 0
    endloop
  endfacet
  facet normal 0.03703247672027239 -0.7066217501846241 -0.7066217501846239
    outer loop
      vertex -4 -10.248671041712948 4.7486710417129485
      vertex -4 -8.1 2.6
      vertex -3.6059987968981773 -10.248671041712948 4.769319769802362
    endloop
  endfacet
  facet normal 0.11069169459632355 -0.6988798544194942 -0.7066217501846239
    outer loop
      vertex -3.6059987968981773 -10.248671041712948 4.769319769802362
      vertex -3.8327544587717526 -8.091235032589237 2.6
      vertex -3.2031953725415185 -10.248671041712948 4.832418582738124
    endloop
  endfacet
  facet normal 0.1831381511026533 -0.6834808847193318 -0.7066217501846241
    outer loop
      vertex -3.2031953725415185 -10.248671041712948 4.832418582738124
      vertex -3.6673412946915853 -8.065036161174088 2.6
      vertex -2.7819829438495347 -10.248671041712948 4.941585991457079
    endloop
  endfacet
  facet normal 0.25357810770138045 -0.6605935554186143 -0.706621750184624
    outer loop
      vertex -3.5055728090000855 -8.021690426072245 2.6
      vertex -2.619206238375785 -10.248671041712948 5
      vertex -2.7819829438495347 -10.248671041712948 4.941585991457079
    endloop
  endfacet
  facet normal 0.2535781077013782 -0.6605935554186152 -0.706621750184624
    outer loop
      vertex -3.3492213710787198 -7.961672732228162 2.6
      vertex -2.373053427696796 -10.154181830570403 5
      vertex -2.619206238375785 -10.248671041712948 5
    endloop
  endfacet
  facet normal 0.1698397578689883 -0.6890669846766468 -0.7045148311253903
    outer loop
      vertex -3.807141311591483 -8.088334198556886 0.8
      vertex -3.9035706557957397 -7.294167099278443 0
      vertex -3.432632180731943 -7.9960259882966636 0.8
    endloop
  endfacet
  facet normal 0.23931566428755785 -0.970941817426052 -1.4150833195233227e-16
    outer loop
      vertex -3.807141311591483 -8.088334198556886 0.8
      vertex -3.432632180731943 -7.9960259882966636 0.8
      vertex -3.449626948657979 -8.000214822377798 2.6
    endloop
  endfacet
  facet normal 0 -1 0
    outer loop
      vertex -3.807141311591483 -8.088334198556886 0.8
      vertex -3.807141311591483 -8.088334198556886 2.6011432257765823
      vertex -3.814439313506174 -8.088334198556886 2.6
    endloop
  endfacet
  facet normal 0.23931566428757847 -0.9709418174260469 0
    outer loop
      vertex -3.807141311591483 -8.088334198556886 0.8
      vertex -3.794020128270173 -8.085100117331399 2.6
      vertex -3.807141311591483 -8.088334198556886 2.6011432257765823
    endloop
  endfacet
  facet normal 0.23931566428755632 -0.9709418174260525 1.7139904547750395e-16
    outer loop
      vertex -3.807141311591483 -8.088334198556886 0.8
      vertex -3.449626948657979 -8.000214822377798 2.6
      vertex -3.794020128270173 -8.085100117331399 2.6
    endloop
  endfacet
  facet normal 0.2393156642875718 -0.9709418174260485 0
    outer loop
      vertex -3.432632180731943 -7.9960259882966636 0.8
      vertex -3.432632180731943 -7.9960259882966636 2.6021827580206676
      vertex -3.449626948657979 -8.000214822377798 2.6
    endloop
  endfacet
  facet normal 0.46472317204373853 -0.8854560256532256 0
    outer loop
      vertex -3.432632180731943 -7.9960259882966636 0.8
      vertex -3.416070222540565 -7.987333602087789 2.6
      vertex -3.432632180731943 -7.9960259882966636 2.6021827580206676
    endloop
  endfacet
  facet normal 0.46472317204377045 -0.8854560256532089 -3.737078165340472e-16
    outer loop
      vertex -3.432632180731943 -7.9960259882966636 0.8
      vertex -3.105998900815802 -7.824595618475972 2.6
      vertex -3.416070222540565 -7.987333602087789 2.6
    endloop
  endfacet
  facet normal 0.4647231720437684 -0.88545602565321 9.951637205290463e-17
    outer loop
      vertex -3.432632180731943 -7.9960259882966636 0.8
      vertex -3.09109640523015 -7.81677418542985 0.8
      vertex -3.105998900815802 -7.824595618475972 2.6
    endloop
  endfacet
  facet normal 0.46472317204375924 -0.8854560256532148 0
    outer loop
      vertex -3.09109640523015 -7.81677418542985 0.8
      vertex -3.09109640523015 -7.81677418542985 2.601559011691487
      vertex -3.105998900815802 -7.824595618475972 2.6
    endloop
  endfacet
  facet normal 0.6631226582408353 -0.7485107481710657 0
    outer loop
      vertex -3.09109640523015 -7.81677418542985 0.8
      vertex -3.0832476008988756 -7.809820751554806 2.6
      vertex -3.09109640523015 -7.81677418542985 2.601559011691487
    endloop
  endfacet
  facet normal 0.6631226582407937 -0.7485107481711023 3.222888710118563e-16
    outer loop
      vertex -3.09109640523015 -7.81677418542985 0.8
      vertex -2.80521814877228 -7.5635081504146084 2.6
      vertex -3.0832476008988756 -7.809820751554806 2.6
    endloop
  endfacet
  facet normal 0.03703247672027045 -0.7066217501846243 -0.7066217501846238
    outer loop
      vertex -3.6059987968981773 -10.248671041712948 4.769319769802362
      vertex -4 -8.1 2.6
      vertex -3.8327544587717526 -8.091235032589237 2.6
    endloop
  endfacet
  facet normal 0.11069169459632563 -0.6988798544194943 -0.7066217501846233
    outer loop
      vertex -3.2031953725415185 -10.248671041712948 4.832418582738124
      vertex -3.8327544587717526 -8.091235032589237 2.6
      vertex -3.814439313506174 -8.088334198556886 2.6
    endloop
  endfacet
  facet normal 0.11069169459638534 -0.6988798544194834 -0.7066217501846248
    outer loop
      vertex -3.2031953725415185 -10.248671041712948 4.832418582738124
      vertex -3.814439313506174 -8.088334198556886 2.6
      vertex -3.807141311591483 -8.088334198556886 2.6011432257765823
    endloop
  endfacet
  facet normal 0.11069169459632829 -0.6988798544194945 -0.7066217501846227
    outer loop
      vertex -3.2031953725415185 -10.248671041712948 4.832418582738124
      vertex -3.807141311591483 -8.088334198556886 2.6011432257765823
      vertex -3.794020128270173 -8.085100117331399 2.6
    endloop
  endfacet
  facet normal 0.11069169459632736 -0.6988798544194931 -0.7066217501846243
    outer loop
      vertex -3.2031953725415185 -10.248671041712948 4.832418582738124
      vertex -3.794020128270173 -8.085100117331399 2.6
      vertex -3.6673412946915853 -8.065036161174088 2.6
    endloop
  endfacet
  facet normal 0.18313815110265386 -0.6834808847193317 -0.7066217501846243
    outer loop
      vertex -3.6673412946915853 -8.065036161174088 2.6
      vertex -3.5055728090000855 -8.021690426072245 2.6
      vertex -2.7819829438495347 -10.248671041712948 4.941585991457079
    endloop
  endfacet
  facet normal 0.25357810770137157 -0.6605935554186176 -0.7066217501846241
    outer loop
      vertex -3.5055728090000855 -8.021690426072245 2.6
      vertex -3.449626948657979 -8.000214822377798 2.6
      vertex -2.619206238375785 -10.248671041712948 5
    endloop
  endfacet
  facet normal 0.2535781077013927 -0.6605935554186096 -0.7066217501846239
    outer loop
      vertex -3.449626948657979 -8.000214822377798 2.6
      vertex -3.432632180731943 -7.9960259882966636 2.6021827580206676
      vertex -2.619206238375785 -10.248671041712948 5
    endloop
  endfacet
  facet normal 0.25357810770135947 -0.6605935554186222 -0.7066217501846244
    outer loop
      vertex -3.416070222540565 -7.987333602087789 2.6
      vertex -2.619206238375785 -10.248671041712948 5
      vertex -3.432632180731943 -7.9960259882966636 2.6021827580206676
    endloop
  endfacet
  facet normal 0.25357810770138217 -0.6605935554186138 -0.706621750184624
    outer loop
      vertex -3.416070222540565 -7.987333602087789 2.6
      vertex -3.3492213710787198 -7.961672732228162 2.6
      vertex -2.619206238375785 -10.248671041712948 5
    endloop
  endfacet
  facet normal 0.32123980948750164 -0.6304686248866411 -0.7066217501846241
    outer loop
      vertex -3.3492213710787198 -7.961672732228162 2.6
      vertex -3.1999999999999993 -7.885640646055101 2.6
      vertex -2.373053427696796 -10.154181830570403 5
    endloop
  endfacet
  facet normal 0.3853819406971198 -0.5934361481663721 -0.7066217501846241
    outer loop
      vertex -3.1999999999999993 -7.885640646055101 2.6
      vertex -3.105998900815802 -7.824595618475972 2.6
      vertex -2 -9.964101615137753 5
    endloop
  endfacet
  facet normal 0.3853819406971167 -0.5934361481663739 -0.7066217501846243
    outer loop
      vertex -3.105998900815802 -7.824595618475972 2.6
      vertex -3.09109640523015 -7.81677418542985 2.601559011691487
      vertex -2 -9.964101615137753 5
    endloop
  endfacet
  facet normal 0.3853819406971429 -0.5934361481663589 -0.7066217501846226
    outer loop
      vertex -3.09109640523015 -7.81677418542985 2.601559011691487
      vertex -3.0832476008988756 -7.809820751554806 2.6
      vertex -2 -9.964101615137753 5
    endloop
  endfacet
  facet normal 0.38538194069711107 -0.5934361481663771 -0.7066217501846246
    outer loop
      vertex -3.0832476008988756 -7.809820751554806 2.6
      vertex -3.059543596332041 -7.794427190999916 2.6
      vertex -2 -9.964101615137753 5
    endloop
  endfacet
  facet normal 0 0 -1
    outer loop
      vertex -4 -8.1 2.6
      vertex -3.814439313506174 -8.088334198556886 2.6
      vertex -3.8327544587717526 -8.091235032589237 2.6
    endloop
  endfacet
  facet normal 0 0 -1
    outer loop
      vertex -3.794020128270173 -8.085100117331399 2.6
      vertex -3.449626948657979 -8.000214822377798 2.6
      vertex -3.6673412946915853 -8.065036161174088 2.6
    endloop
  endfacet
  facet normal 0 0 -1
    outer loop
      vertex -3.6673412946915853 -8.065036161174088 2.6
      vertex -3.449626948657979 -8.000214822377798 2.6
      vertex -3.5055728090000855 -8.021690426072245 2.6
    endloop
  endfacet
  facet normal 0 0 -1
    outer loop
      vertex -3.416070222540565 -7.987333602087789 2.6
      vertex -3.105998900815802 -7.824595618475972 2.6
      vertex -3.3492213710787198 -7.961672732228162 2.6
    endloop
  endfacet
  facet normal 0 0 -1
    outer loop
      vertex -3.3492213710787198 -7.961672732228162 2.6
      vertex -3.105998900815802 -7.824595618475972 2.6
      vertex -3.1999999999999993 -7.885640646055101 2.6
    endloop
  endfacet
  facet normal 0 0 -1
    outer loop
      vertex -3.0832476008988756 -7.809820751554806 2.6
      vertex -2.80521814877228 -7.5635081504146084 2.6
      vertex -3.059543596332041 -7.794427190999916 2.6
    endloop
  endfacet
  facet normal 0.3212398094875034 -0.6304686248866403 -0.7066217501846241
    outer loop
      vertex -3.1999999999999993 -7.885640646055101 2.6
      vertex -2 -9.964101615137753 5
      vertex -2.373053427696796 -10.154181830570403 5
    endloop
  endfacet
  facet normal 0.38538194069711934 -0.5934361481663724 -0.7066217501846241
    outer loop
      vertex -3.059543596332041 -7.794427190999916 2.6
      vertex -1.6488589908301066 -9.736067977499792 5
      vertex -2 -9.964101615137753 5
    endloop
  endfacet
  facet normal 0.44530174671811557 -0.5499018608222871 -0.7066217501846241
    outer loop
      vertex -3.059543596332041 -7.794427190999916 2.6
      vertex -2.929391029825826 -7.689031720763831 2.6
      vertex -1.6488589908301066 -9.736067977499792 5
    endloop
  endfacet
  facet normal 0.44530174671811656 -0.5499018608222863 -0.7066217501846239
    outer loop
      vertex -2.929391029825826 -7.689031720763831 2.6
      vertex -1.323477574564567 -9.472579301909576 5
      vertex -1.6488589908301066 -9.736067977499792 5
    endloop
  endfacet
  facet normal 0.5003427336166774 -0.5003427336166774 -0.7066217501846243
    outer loop
      vertex -1.323477574564567 -9.472579301909576 5
      vertex -2.810968279236171 -7.570608970174173 2.6
      vertex -1.027420698090424 -9.176522425435433 5
    endloop
  endfacet
  facet normal 0.5499018608222879 -0.44530174671811446 -0.7066217501846243
    outer loop
      vertex -1.027420698090424 -9.176522425435433 5
      vertex -2.705572809000085 -7.440456403667957 2.6
      vertex -0.7639320225002102 -8.851141009169893 5
    endloop
  endfacet
  facet normal 0.5003427336166832 -0.500342733616672 -0.7066217501846237
    outer loop
      vertex -2.929391029825826 -7.689031720763831 2.6
      vertex -2.810968279236171 -7.570608970174173 2.6
      vertex -1.323477574564567 -9.472579301909576 5
    endloop
  endfacet
  facet normal 0.5499018608222843 -0.4453017467181092 -0.7066217501846302
    outer loop
      vertex -1.027420698090424 -9.176522425435433 5
      vertex -2.810968279236171 -7.570608970174173 2.6
      vertex -2.80521814877228 -7.5635081504146084 2.6
    endloop
  endfacet
  facet normal 0.5499018608223242 -0.4453017467180757 -0.7066217501846203
    outer loop
      vertex -1.027420698090424 -9.176522425435433 5
      vertex -2.80521814877228 -7.5635081504146084 2.6
      vertex -2.802382802926239 -7.560996253185273 2.6006235439722856
    endloop
  endfacet
  facet normal 0.5499018608222898 -0.4453017467181142 -0.7066217501846228
    outer loop
      vertex -1.027420698090424 -9.176522425435433 5
      vertex -2.802382802926239 -7.560996253185273 2.6006235439722856
      vertex -2.7977559634796236 -7.554293119015169 2.6
    endloop
  endfacet
  facet normal 0.5499018608222844 -0.44530174671811834 -0.7066217501846244
    outer loop
      vertex -1.027420698090424 -9.176522425435433 5
      vertex -2.7977559634796236 -7.554293119015169 2.6
      vertex -2.705572809000085 -7.440456403667957 2.6
    endloop
  endfacet
  facet normal 0.5934361481663691 -0.38538194069712367 -0.7066217501846246
    outer loop
      vertex -0.7639320225002102 -8.851141009169893 5
      vertex -2.705572809000085 -7.440456403667957 2.6
      vertex -2.6143593539448986 -7.3 2.6
    endloop
  endfacet
  facet normal 0.5934361481663681 -0.38538194069712534 -0.7066217501846244
    outer loop
      vertex -0.7639320225002102 -8.851141009169893 5
      vertex -2.6143593539448986 -7.3 2.6
      vertex -0.535898384862243 -8.5 5
    endloop
  endfacet
  facet normal 0.6304686248866426 -0.3212398094874987 -0.706621750184624
    outer loop
      vertex -0.535898384862243 -8.5 5
      vertex -2.5383272677718374 -7.15077862892128 2.6
      vertex -0.3458181694295952 -8.1269465723032 5
    endloop
  endfacet
  facet normal 0.24712727676428364 -0.651621075254673 -0.7171597335064295
    outer loop
      vertex -3.432632180731943 -7.9960259882966636 0.8
      vertex -3.9035706557957397 -7.294167099278443 0
      vertex -3.5455482026150733 -7.158387092714925 0
    endloop
  endfacet
  facet normal 0.3298090463530322 -0.6283986359533783 -0.7045148311253902
    outer loop
      vertex -3.432632180731943 -7.9960259882966636 0.8
      vertex -3.5455482026150733 -7.158387092714925 0
      vertex -3.09109640523015 -7.81677418542985 0.8
    endloop
  endfacet
  facet normal 0.47061103187014425 -0.5312100426446034 -0.70451483112539
    outer loop
      vertex -3.09109640523015 -7.81677418542985 0.8
      vertex -3.5455482026150733 -7.158387092714925 0
      vertex -2.802382802926239 -7.560996253185273 0.8
    endloop
  endfacet
  facet normal 0.5216437493771275 -0.4621360355704366 -0.7171597335064294
    outer loop
      vertex -3.5455482026150733 -7.158387092714925 0
      vertex -3.2916351794774314 -6.871778537635015 0
      vertex -2.802382802926239 -7.560996253185273 0.8
    endloop
  endfacet
  facet normal 0.584062814816461 -0.4031494525272665 -0.7045148311253907
    outer loop
      vertex -2.802382802926239 -7.560996253185273 0.8
      vertex -3.2916351794774314 -6.871778537635015 0
      vertex -2.583270358954863 -7.243557075270029 0.8
    endloop
  endfacet
  facet normal 0.6631226582407953 -0.7485107481711011 -9.791668007131652e-17
    outer loop
      vertex -3.09109640523015 -7.81677418542985 0.8
      vertex -2.802382802926239 -7.560996253185273 0.8
      vertex -2.80521814877228 -7.5635081504146084 2.6
    endloop
  endfacet
  facet normal 0.8229838658936891 -0.5680647467311085 0
    outer loop
      vertex -2.802382802926239 -7.560996253185273 0.8
      vertex -2.7977559634796236 -7.554293119015169 2.6
      vertex -2.802382802926239 -7.560996253185273 2.6006235439722856
    endloop
  endfacet
  facet normal 0.6631226582408304 -0.74851074817107 0
    outer loop
      vertex -2.802382802926239 -7.560996253185273 0.8
      vertex -2.802382802926239 -7.560996253185273 2.6006235439722856
      vertex -2.80521814877228 -7.5635081504146084 2.6
    endloop
  endfacet
  facet normal 0.8229838658936565 -0.5680647467311557 2.6004526620464205e-16
    outer loop
      vertex -2.802382802926239 -7.560996253185273 0.8
      vertex -2.5921690082919504 -7.25644899450073 2.6
      vertex -2.7977559634796236 -7.554293119015169 2.6
    endloop
  endfacet
  facet normal 0.8229838658936548 -0.568064746731158 8.504738984272895e-16
    outer loop
      vertex -2.802382802926239 -7.560996253185273 0.8
      vertex -2.583270358954863 -7.243557075270029 0.8
      vertex -2.5921690082919504 -7.25644899450073 2.6
    endloop
  endfacet
  facet normal 0 0 -1
    outer loop
      vertex -3.5455482026150733 -7.158387092714925 0
      vertex -3.1999999999999993 -6.5 0
      vertex -3.2916351794774314 -6.871778537635015 0
    endloop
  endfacet
  facet normal 0.6766579254963347 -0.16678119947998787 -0.7171597335064295
    outer loop
      vertex -3.2916351794774314 -6.871778537635015 0
      vertex -3.1999999999999993 -6.5 0
      vertex -2.446493092118317 -6.882905062860093 0.8
    endloop
  endfacet
  facet normal 0.6635709899475996 -0.2516592816176766 -0.7045148311253907
    outer loop
      vertex -3.2916351794774314 -6.871778537635015 0
      vertex -2.446493092118317 -6.882905062860093 0.8
      vertex -2.583270358954863 -7.243557075270029 0.8
    endloop
  endfacet
  facet normal 0.7045148311253902 -0.08554358800474324 -0.7045148311253907
    outer loop
      vertex -3.1999999999999993 -6.5 0
      vertex -2.3999999999999986 -6.5 0.8
      vertex -2.446493092118317 -6.882905062860093 0.8
    endloop
  endfacet
  facet normal 0 0 -1
    outer loop
      vertex -3.059543596332041 -7.794427190999916 2.6
      vertex -2.810968279236171 -7.570608970174173 2.6
      vertex -2.929391029825826 -7.689031720763831 2.6
    endloop
  endfacet
  facet normal 0 0 -1
    outer loop
      vertex -3.059543596332041 -7.794427190999916 2.6
      vertex -2.80521814877228 -7.5635081504146084 2.6
      vertex -2.810968279236171 -7.570608970174173 2.6
    endloop
  endfacet
  facet normal 0 0 -1
    outer loop
      vertex -2.7977559634796236 -7.554293119015169 2.6
      vertex -2.5921690082919504 -7.25644899450073 2.6
      vertex -2.705572809000085 -7.440456403667957 2.6
    endloop
  endfacet
  facet normal 0 0 -1
    outer loop
      vertex -2.705572809000085 -7.440456403667957 2.6
      vertex -2.5921690082919504 -7.25644899450073 2.6
      vertex -2.6143593539448986 -7.3 2.6
    endloop
  endfacet
  facet normal 0.8229838658935997 -0.5680647467312379 -1.5710692054547151e-19
    outer loop
      vertex -2.5921690082919504 -7.25644899450073 2.6
      vertex -2.583270358954863 -7.243557075270029 0.8
      vertex -2.583270358954863 -7.243557075270029 2.6020787946775177
    endloop
  endfacet
  facet normal 0.9350162426854046 -0.35460488704256266 0
    outer loop
      vertex -2.583270358954863 -7.243557075270029 0.8
      vertex -2.5764877306578207 -7.22567275427625 2.6
      vertex -2.583270358954863 -7.243557075270029 2.6020787946775177
    endloop
  endfacet
  facet normal 0.9350162426854159 -0.3546048870425329 -3.3900016818035714e-16
    outer loop
      vertex -2.583270358954863 -7.243557075270029 0.8
      vertex -2.453083809374224 -6.900283356026373 2.6
      vertex -2.5764877306578207 -7.22567275427625 2.6
    endloop
  endfacet
  facet normal 0.9350162426854156 -0.3546048870425336 -1.804889193935949e-16
    outer loop
      vertex -2.583270358954863 -7.243557075270029 0.8
      vertex -2.446493092118317 -6.882905062860093 0.8
      vertex -2.453083809374224 -6.900283356026373 2.6
    endloop
  endfacet
  facet normal 0.9350162426854216 -0.35460488704251764 0
    outer loop
      vertex -2.446493092118317 -6.882905062860093 0.8
      vertex -2.446493092118317 -6.882905062860093 2.6018708747372483
      vertex -2.453083809374224 -6.900283356026373 2.6
    endloop
  endfacet
  facet normal 0.9927088740980501 -0.12053668025535605 0
    outer loop
      vertex -2.446493092118317 -6.882905062860093 0.8
      vertex -2.44489027348391 -6.869704663790081 2.6
      vertex -2.446493092118317 -6.882905062860093 2.6018708747372483
    endloop
  endfacet
  facet normal 0.9927088740980536 -0.12053668025532543 -2.275671745544015e-16
    outer loop
      vertex -2.446493092118317 -6.882905062860093 0.8
      vertex -2.3999999999999986 -6.5 2.6
      vertex -2.44489027348391 -6.869704663790081 2.6
    endloop
  endfacet
  facet normal 0.9927088740980536 -0.12053668025532652 -1.079485848889396e-18
    outer loop
      vertex -2.446493092118317 -6.882905062860093 0.8
      vertex -2.3999999999999986 -6.5 0.8
      vertex -2.3999999999999986 -6.5 2.6
    endloop
  endfacet
  facet normal 0 0 -1
    outer loop
      vertex -2.5764877306578207 -7.22567275427625 2.6
      vertex -2.453083809374224 -6.900283356026373 2.6
      vertex -2.5383272677718374 -7.15077862892128 2.6
    endloop
  endfacet
  facet normal 0.63046862488665 -0.321239809487487 -0.7066217501846229
    outer loop
      vertex -0.535898384862243 -8.5 5
      vertex -2.6143593539448986 -7.3 2.6
      vertex -2.5921690082919504 -7.25644899450073 2.6
    endloop
  endfacet
  facet normal 0.6304686248866014 -0.3212398094875711 -0.7066217501846281
    outer loop
      vertex -0.535898384862243 -8.5 5
      vertex -2.5921690082919504 -7.25644899450073 2.6
      vertex -2.583270358954863 -7.243557075270029 2.6020787946775177
    endloop
  endfacet
  facet normal 0.6304686248866337 -0.3212398094875188 -0.7066217501846229
    outer loop
      vertex -0.535898384862243 -8.5 5
      vertex -2.583270358954863 -7.243557075270029 2.6020787946775177
      vertex -2.5764877306578207 -7.22567275427625 2.6
    endloop
  endfacet
  facet normal 0.6304686248866398 -0.3212398094875038 -0.7066217501846245
    outer loop
      vertex -0.535898384862243 -8.5 5
      vertex -2.5764877306578207 -7.22567275427625 2.6
      vertex -2.5383272677718374 -7.15077862892128 2.6
    endloop
  endfacet
  facet normal 0.6605935554186133 -0.25357810770138234 -0.7066217501846244
    outer loop
      vertex -0.3458181694295952 -8.1269465723032 5
      vertex -2.5383272677718374 -7.15077862892128 2.6
      vertex -2.4783095739277528 -6.994427190999916 2.6
    endloop
  endfacet
  facet normal 0.6834808847193335 -0.18313815110264736 -0.7066217501846239
    outer loop
      vertex -0.19577393481938543 -7.73606797749979 5
      vertex -2.4783095739277528 -6.994427190999916 2.6
      vertex -2.453083809374224 -6.900283356026373 2.6
    endloop
  endfacet
  facet normal 0.6834808847193412 -0.18313815110262996 -0.7066217501846209
    outer loop
      vertex -0.19577393481938543 -7.73606797749979 5
      vertex -2.453083809374224 -6.900283356026373 2.6
      vertex -2.446493092118317 -6.882905062860093 2.6018708747372483
    endloop
  endfacet
  facet normal 0.6834808847193296 -0.18313815110266418 -0.7066217501846234
    outer loop
      vertex -0.19577393481938543 -7.73606797749979 5
      vertex -2.446493092118317 -6.882905062860093 2.6018708747372483
      vertex -2.44489027348391 -6.869704663790081 2.6
    endloop
  endfacet
  facet normal 0.6834808847193347 -0.18313815110264264 -0.7066217501846239
    outer loop
      vertex -0.19577393481938543 -7.73606797749979 5
      vertex -2.44489027348391 -6.869704663790081 2.6
      vertex -2.4349638388259116 -6.832658705308415 2.6
    endloop
  endfacet
  facet normal 0 0 -1
    outer loop
      vertex -2.5383272677718374 -7.15077862892128 2.6
      vertex -2.453083809374224 -6.900283356026373 2.6
      vertex -2.4783095739277528 -6.994427190999916 2.6
    endloop
  endfacet
  facet normal 0 0 -1
    outer loop
      vertex -2.44489027348391 -6.869704663790081 2.6
      vertex -2.3999999999999986 -6.5 2.6
      vertex -2.4349638388259116 -6.832658705308415 2.6
    endloop
  endfacet
  facet normal 0 0 -1
    outer loop
      vertex -2.4349638388259116 -6.832658705308415 2.6
      vertex -2.3999999999999986 -6.5 2.6
      vertex -2.408764967410761 -6.667245541228246 2.6
    endloop
  endfacet
  facet normal 0.6988798544194917 -0.11069169459633468 -0.7066217501846245
    outer loop
      vertex -2.4349638388259116 -6.832658705308415 2.6
      vertex -2.408764967410761 -6.667245541228246 2.6
      vertex -0.08740959706477724 -7.331646763271037 5
    endloop
  endfacet
  facet normal 0.7066217501846243 -0.037032476720270865 -0.7066217501846238
    outer loop
      vertex -2.408764967410761 -6.667245541228246 2.6
      vertex -2.3999999999999986 -6.5 2.6
      vertex -0.021912418526905952 -6.918113853070614 5
    endloop
  endfacet
  facet normal 0.6605935554186148 -0.2535781077013796 -0.7066217501846239
    outer loop
      vertex -0.3458181694295952 -8.1269465723032 5
      vertex -2.4783095739277528 -6.994427190999916 2.6
      vertex -0.19577393481938543 -7.73606797749979 5
    endloop
  endfacet
  facet normal 0.6834808847193315 -0.1831381511026537 -0.7066217501846243
    outer loop
      vertex -0.19577393481938543 -7.73606797749979 5
      vertex -2.4349638388259116 -6.832658705308415 2.6
      vertex -0.08740959706477724 -7.331646763271037 5
    endloop
  endfacet
  facet normal 0.6988798544194936 -0.11069169459632626 -0.7066217501846239
    outer loop
      vertex -2.408764967410761 -6.667245541228246 2.6
      vertex -0.021912418526905952 -6.918113853070614 5
      vertex -0.08740959706477724 -7.331646763271037 5
    endloop
  endfacet
  facet normal 0.7066217501846244 -0.03703247672027077 -0.7066217501846238
    outer loop
      vertex -2.3999999999999986 -6.5 2.6
      vertex 0 -6.5 5
      vertex -0.021912418526905952 -6.918113853070614 5
    endloop
  endfacet
  facet normal 0 0 -1
    outer loop
      vertex -17.59880859853688 -7.0304981265926365 0
      vertex -3.5455482026150733 7.158387092714925 0
      vertex -3.5455482026150733 -7.158387092714925 0
    endloop
  endfacet
  facet normal 0 0 -1
    outer loop
      vertex -3.5455482026150733 -7.158387092714925 0
      vertex -3.5455482026150733 7.158387092714925 0
      vertex -3.1999999999999993 -6.5 0
    endloop
  endfacet
  facet normal 0.7071067811865471 2.4155268595135008e-18 -0.7071067811865478
    outer loop
      vertex -3.1999999999999993 -6.5 0
      vertex -2.3999999999999986 6.5 0.8
      vertex -2.3999999999999986 -6.5 0.8
    endloop
  endfacet
  facet normal 1 0 0
    outer loop
      vertex -2.3999999999999986 -6.5 0.8
      vertex -2.3999999999999986 6.5 2.6
      vertex -2.3999999999999986 -6.5 2.6
    endloop
  endfacet
  facet normal 0.7071067811865478 0 -0.7071067811865474
    outer loop
      vertex -2.3999999999999986 -6.5 2.6
      vertex -2.3999999999999986 6.5 2.6
      vertex 0 -6.5 5
    endloop
  endfacet
  facet normal -0.6969088295013817 0 -0.7171597335064304
    outer loop
      vertex -18.6 -6.5 0.8
      vertex -18.6 6.5 0.8
      vertex -17.77675345394084 6.691452531430045 0
    endloop
  endfacet
  facet normal -1 0 0
    outer loop
      vertex -18.6 -6.5 2.6
      vertex -18.6 6.5 2.6
      vertex -18.6 6.5 0.8
    endloop
  endfacet
  facet normal -0.7071067811865482 0 -0.7071067811865468
    outer loop
      vertex -20.744685108787856 -6.5 4.744685108787858
      vertex -20.744685108787856 6.5 4.744685108787858
      vertex -18.6 6.5 2.6
    endloop
  endfacet
  facet normal 0 0 -1
    outer loop
      vertex -17.59880859853688 -5.9695018734073635 0
      vertex -17.77675345394084 6.691452531430045 0
      vertex -17.28368390963403 7.248012994148333 0
    endloop
  endfacet
  facet normal 0 0 -1
    outer loop
      vertex -17.59880859853688 -5.9695018734073635 0
      vertex -17.28368390963403 7.248012994148333 0
      vertex -3.5455482026150733 7.158387092714925 0
    endloop
  endfacet
  facet normal -0.70451483112539 0.0855435880047433 -0.7045148311253908
    outer loop
      vertex -18.6 6.5 0.8
      vertex -18.553506907881683 6.882905062860093 0.8
      vertex -17.77675345394084 6.691452531430045 0
    endloop
  endfacet
  facet normal -0.6635709899475993 0.2516592816176764 -0.7045148311253909
    outer loop
      vertex -18.553506907881683 6.882905062860093 0.8
      vertex -18.416729641045137 7.243557075270029 0.8
      vertex -17.77675345394084 6.691452531430045 0
    endloop
  endfacet
  facet normal -0.9927088740980536 0.12053668025532652 0
    outer loop
      vertex -18.6 6.5 0.8
      vertex -18.6 6.5 2.6
      vertex -18.553506907881683 6.882905062860093 0.8
    endloop
  endfacet
  facet normal -0.9350162426854156 0.3546048870425336 -8.064784034714036e-17
    outer loop
      vertex -18.553506907881683 6.882905062860093 0.8
      vertex -18.546916190625772 6.900283356026382 2.6
      vertex -18.416729641045137 7.243557075270029 0.8
    endloop
  endfacet
  facet normal -0.9927088740980536 0.1205366802553266 1.883419011502283e-17
    outer loop
      vertex -18.553506907881683 6.882905062860093 0.8
      vertex -18.6 6.5 2.6
      vertex -18.55510972651609 6.869704663790078 2.6
    endloop
  endfacet
  facet normal -0.9927088740980539 0.12053668025532407 0
    outer loop
      vertex -18.553506907881683 6.882905062860093 0.8
      vertex -18.55510972651609 6.869704663790078 2.6
      vertex -18.553506907881683 6.882905062860093 2.601870874737249
    endloop
  endfacet
  facet normal -0.9350162426854184 0.3546048870425263 0
    outer loop
      vertex -18.553506907881683 6.882905062860093 0.8
      vertex -18.553506907881683 6.882905062860093 2.601870874737249
      vertex -18.546916190625772 6.900283356026382 2.6
    endloop
  endfacet
  facet normal -0.8229838658936548 0.568064746731158 6.203199302350754e-16
    outer loop
      vertex -18.416729641045137 7.243557075270029 0.8
      vertex -18.407830991708053 7.256448994500726 2.6
      vertex -18.19761719707376 7.560996253185273 0.8
    endloop
  endfacet
  facet normal -0.9350162426854153 0.35460488704253457 1.2591035082487888e-16
    outer loop
      vertex -18.416729641045137 7.243557075270029 0.8
      vertex -18.546916190625772 6.900283356026382 2.6
      vertex -18.423512269342176 7.225672754276257 2.6
    endloop
  endfacet
  facet normal -0.9350162426854195 0.3546048870425235 0
    outer loop
      vertex -18.416729641045137 7.243557075270029 0.8
      vertex -18.423512269342176 7.225672754276257 2.6
      vertex -18.416729641045137 7.243557075270029 2.602078794677517
    endloop
  endfacet
  facet normal -0.8229838658936143 0.5680647467312168 0
    outer loop
      vertex -18.416729641045137 7.243557075270029 0.8
      vertex -18.416729641045137 7.243557075270029 2.602078794677517
      vertex -18.407830991708053 7.256448994500726 2.6
    endloop
  endfacet
  facet normal -0.8229838658936549 0.5680647467311579 6.032434725673493e-16
    outer loop
      vertex -18.19761719707376 7.560996253185273 0.8
      vertex -18.407830991708053 7.256448994500726 2.6
      vertex -18.202244036520362 7.554293119015188 2.6
    endloop
  endfacet
  facet normal -0.8229838658937306 0.5680647467310483 0
    outer loop
      vertex -18.19761719707376 7.560996253185273 0.8
      vertex -18.202244036520362 7.554293119015188 2.6
      vertex -18.19761719707376 7.560996253185273 2.6006235439722833
    endloop
  endfacet
  facet normal -0.6631226582408418 0.7485107481710598 0
    outer loop
      vertex -18.19761719707376 7.560996253185273 0.8
      vertex -18.19761719707376 7.560996253185273 2.6006235439722833
      vertex -18.194781851227727 7.563508150414602 2.6
    endloop
  endfacet
  facet normal -0.7066217501846246 0.03703247672027276 -0.7066217501846234
    outer loop
      vertex -20.744685108787856 6.5 4.744685108787858
      vertex -20.744685108787856 6.699583155658171 4.755144818758205
      vertex -18.6 6.5 2.6
    endloop
  endfacet
  facet normal -0.7066217501846253 0.037032476720263094 -0.7066217501846236
    outer loop
      vertex -20.744685108787856 6.699583155658171 4.755144818758205
      vertex -20.724177198102776 6.891426796400459 4.744691007254
      vertex -18.59123503258924 6.667245541228247 2.6
    endloop
  endfacet
  facet normal -0.698879854419494 0.11069169459632598 -0.7066217501846236
    outer loop
      vertex -20.724177198102776 6.891426796400459 4.744691007254
      vertex -20.702256330205042 7.096488110071519 4.755132988893191
      vertex -18.59123503258924 6.667245541228247 2.6
    endloop
  endfacet
  facet normal -0.6988798544194935 0.11069169459632641 -0.706621750184624
    outer loop
      vertex -20.702256330205042 7.096488110071519 4.755132988893191
      vertex -20.662877833037346 7.278568718007758 4.7447087027453305
      vertex -18.56503616117409 6.832658705308415 2.6
    endloop
  endfacet
  facet normal -0.6834808847193325 0.1831381511026507 -0.706621750184624
    outer loop
      vertex -20.662877833037346 7.278568718007758 4.7447087027453305
      vertex -20.617879508054436 7.486634615853205 4.755109329200433
      vertex -18.56503616117409 6.832658705308415 2.6
    endloop
  endfacet
  facet normal -0.6834808847193304 0.18313815110265969 -0.7066217501846236
    outer loop
      vertex -20.617879508054436 7.486634615853205 4.755109329200433
      vertex -20.56145766268823 7.657187741907016 4.744738195540589
      vertex -18.521690426072247 6.9944271909999145 2.6
    endloop
  endfacet
  facet normal -0.6605935554186176 0.25357810770137246 -0.7066217501846239
    outer loop
      vertex -20.56145766268823 7.657187741907016 4.744738195540589
      vertex -20.492510665446268 7.865602157198083 4.75507383975446
      vertex -18.521690426072247 6.9944271909999145 2.6
    endloop
  endfacet
  facet normal -0.6605935554186142 0.2535781077013808 -0.7066217501846239
    outer loop
      vertex -18.461672732228163 7.15077862892128 2.6
      vertex -20.492510665446268 7.865602157198083 4.75507383975446
      vertex -20.421026289403816 8.0231390372372 4.744779486104342
    endloop
  endfacet
  facet normal -0.7066217501846248 0.03703247672027134 -0.7066217501846233
    outer loop
      vertex -20.744685108787856 6.699583155658171 4.755144818758205
      vertex -18.59123503258924 6.667245541228247 2.6
      vertex -18.6 6.5 2.6
    endloop
  endfacet
  facet normal -0.6988798544194922 0.11069169459633556 -0.7066217501846238
    outer loop
      vertex -20.702256330205042 7.096488110071519 4.755132988893191
      vertex -18.56503616117409 6.832658705308415 2.6
      vertex -18.59123503258924 6.667245541228247 2.6
    endloop
  endfacet
  facet normal 0 0 -1
    outer loop
      vertex -18.6 6.5 2.6
      vertex -18.59123503258924 6.667245541228247 2.6
      vertex -18.56503616117409 6.832658705308415 2.6
    endloop
  endfacet
  facet normal 0 0 -1
    outer loop
      vertex -18.6 6.5 2.6
      vertex -18.56503616117409 6.832658705308415 2.6
      vertex -18.55510972651609 6.869704663790078 2.6
    endloop
  endfacet
  facet normal 0 0 -1
    outer loop
      vertex -18.546916190625772 6.900283356026382 2.6
      vertex -18.521690426072247 6.9944271909999145 2.6
      vertex -18.461672732228163 7.15077862892128 2.6
    endloop
  endfacet
  facet normal -0.6834808847193308 0.18313815110265436 -0.7066217501846247
    outer loop
      vertex -20.617879508054436 7.486634615853205 4.755109329200433
      vertex -18.55510972651609 6.869704663790078 2.6
      vertex -18.56503616117409 6.832658705308415 2.6
    endloop
  endfacet
  facet normal -0.6834808847193278 0.18313815110265733 -0.706621750184627
    outer loop
      vertex -20.617879508054436 7.486634615853205 4.755109329200433
      vertex -18.553506907881683 6.882905062860093 2.601870874737249
      vertex -18.55510972651609 6.869704663790078 2.6
    endloop
  endfacet
  facet normal -0.6834808847193361 0.18313815110264003 -0.7066217501846233
    outer loop
      vertex -20.617879508054436 7.486634615853205 4.755109329200433
      vertex -18.546916190625772 6.900283356026382 2.6
      vertex -18.553506907881683 6.882905062860093 2.601870874737249
    endloop
  endfacet
  facet normal -0.6834808847193351 0.1831381511026408 -0.7066217501846239
    outer loop
      vertex -20.617879508054436 7.486634615853205 4.755109329200433
      vertex -18.521690426072247 6.9944271909999145 2.6
      vertex -18.546916190625772 6.900283356026382 2.6
    endloop
  endfacet
  facet normal -0.6605935554186145 0.25357810770138023 -0.7066217501846241
    outer loop
      vertex -18.521690426072247 6.9944271909999145 2.6
      vertex -20.492510665446268 7.865602157198083 4.75507383975446
      vertex -18.461672732228163 7.15077862892128 2.6
    endloop
  endfacet
  facet normal -0.6304686248866409 0.3212398094875024 -0.7066217501846239
    outer loop
      vertex -18.461672732228163 7.15077862892128 2.6
      vertex -20.327570281462144 8.229096880434973 4.755026520667086
      vertex -18.423512269342176 7.225672754276257 2.6
    endloop
  endfacet
  facet normal -0.6304686248866475 0.32123980948748965 -0.7066217501846238
    outer loop
      vertex -18.423512269342176 7.225672754276257 2.6
      vertex -20.327570281462144 8.229096880434973 4.755026520667086
      vertex -18.416729641045137 7.243557075270029 2.602078794677517
    endloop
  endfacet
  facet normal -0.6304686248866075 0.3212398094875678 -0.706621750184624
    outer loop
      vertex -18.416729641045137 7.243557075270029 2.602078794677517
      vertex -20.327570281462144 8.229096880434973 4.755026520667086
      vertex -18.407830991708053 7.256448994500726 2.6
    endloop
  endfacet
  facet normal -0.6304686248866448 0.3212398094874943 -0.7066217501846241
    outer loop
      vertex -18.407830991708053 7.256448994500726 2.6
      vertex -20.327570281462144 8.229096880434973 4.755026520667086
      vertex -18.3856406460551 7.300000000000001 2.6
    endloop
  endfacet
  facet normal 0 0 -1
    outer loop
      vertex -18.546916190625772 6.900283356026382 2.6
      vertex -18.461672732228163 7.15077862892128 2.6
      vertex -18.423512269342176 7.225672754276257 2.6
    endloop
  endfacet
  facet normal 0 0 -1
    outer loop
      vertex -18.407830991708053 7.256448994500726 2.6
      vertex -18.3856406460551 7.300000000000001 2.6
      vertex -18.294427190999915 7.440456403667959 2.6
    endloop
  endfacet
  facet normal 0 0 -1
    outer loop
      vertex -18.407830991708053 7.256448994500726 2.6
      vertex -18.294427190999915 7.440456403667959 2.6
      vertex -18.202244036520362 7.554293119015188 2.6
    endloop
  endfacet
  facet normal 0 0 -1
    outer loop
      vertex -18.194781851227727 7.563508150414602 2.6
      vertex -18.18903172076383 7.570608970174174 2.6
      vertex -18.070608970174174 7.689031720763829 2.6
    endloop
  endfacet
  facet normal -0.6170821224129243 0.32386968187119125 -0.7171597335064303
    outer loop
      vertex -18.416729641045137 7.243557075270029 0.8
      vertex -17.59880859853688 7.0304981265926365 0
      vertex -17.77675345394084 6.691452531430045 0
    endloop
  endfacet
  facet normal 0 0 -1
    outer loop
      vertex -17.77675345394084 6.691452531430045 0
      vertex -17.59880859853688 7.0304981265926365 0
      vertex -17.28368390963403 7.248012994148333 0
    endloop
  endfacet
  facet normal -0.584062814816461 0.4031494525272665 -0.7045148311253907
    outer loop
      vertex -18.416729641045137 7.243557075270029 0.8
      vertex -18.19761719707376 7.560996253185273 0.8
      vertex -17.59880859853688 7.0304981265926365 0
    endloop
  endfacet
  facet normal -0.3958893377254099 0.5735447226784702 -0.7171597335064296
    outer loop
      vertex -17.59880859853688 7.0304981265926365 0
      vertex -17.90890359476985 7.81677418542985 0.8
      vertex -17.28368390963403 7.248012994148333 0
    endloop
  endfacet
  facet normal -0.47061103187014386 0.5312100426446029 -0.7045148311253905
    outer loop
      vertex -18.19761719707376 7.560996253185273 0.8
      vertex -17.90890359476985 7.81677418542985 0.8
      vertex -17.59880859853688 7.0304981265926365 0
    endloop
  endfacet
  facet normal -0.08400307674871756 0.6918275794833102 -0.7171597335064296
    outer loop
      vertex -17.28368390963403 7.248012994148333 0
      vertex -17.192858688408517 8.088334198556886 0.8
      vertex -16.90357065579574 7.294167099278443 0
    endloop
  endfacet
  facet normal -0.6631226582407953 0.7485107481711011 -1.3101941855097677e-16
    outer loop
      vertex -18.19761719707376 7.560996253185273 0.8
      vertex -18.194781851227727 7.563508150414602 2.6
      vertex -17.90890359476985 7.81677418542985 0.8
    endloop
  endfacet
  facet normal 0 0 -1
    outer loop
      vertex -18.194781851227727 7.563508150414602 2.6
      vertex -18.070608970174174 7.689031720763829 2.6
      vertex -17.94045640366796 7.794427190999915 2.6
    endloop
  endfacet
  facet normal -0.6304686248866401 0.32123980948750397 -0.7066217501846238
    outer loop
      vertex -18.461672732228163 7.15077862892128 2.6
      vertex -20.421026289403816 8.0231390372372 4.744779486104342
      vertex -20.327570281462144 8.229096880434973 4.755026520667086
    endloop
  endfacet
  facet normal -0.6304686248866412 0.32123980948750175 -0.706621750184624
    outer loop
      vertex -18.3856406460551 7.300000000000001 2.6
      vertex -20.327570281462144 8.229096880434973 4.755026520667086
      vertex -20.243120142944854 8.372416287543508 4.744832575087018
    endloop
  endfacet
  facet normal -0.5934361481663726 0.3853819406971194 -0.7066217501846239
    outer loop
      vertex -18.3856406460551 7.300000000000001 2.6
      vertex -20.243120142944854 8.372416287543508 4.744832575087018
      vertex -20.124927196559433 8.573000245104474 4.75496737208737
    endloop
  endfacet
  facet normal -0.5934361481663738 0.3853819406971165 -0.7066217501846245
    outer loop
      vertex -18.294427190999915 7.440456403667959 2.6
      vertex -20.124927196559433 8.573000245104474 4.75496737208737
      vertex -20.029685690021488 8.701195500289877 4.744897463324912
    endloop
  endfacet
  facet normal -0.5934361481663705 0.38538194069712195 -0.7066217501846243
    outer loop
      vertex -18.3856406460551 7.300000000000001 2.6
      vertex -20.124927196559433 8.573000245104474 4.75496737208737
      vertex -18.294427190999915 7.440456403667959 2.6
    endloop
  endfacet
  facet normal -0.5499018608222854 0.44530174671811745 -0.7066217501846241
    outer loop
      vertex -18.294427190999915 7.440456403667959 2.6
      vertex -19.886877437862147 8.893415688668078 4.754896394201655
      vertex -18.202244036520362 7.554293119015188 2.6
    endloop
  endfacet
  facet normal -0.5499018608223499 0.445301746718037 -0.7066217501846247
    outer loop
      vertex -18.202244036520362 7.554293119015188 2.6
      vertex -19.886877437862147 8.893415688668078 4.754896394201655
      vertex -18.19761719707376 7.560996253185273 2.6006235439722833
    endloop
  endfacet
  facet normal -0.5499018608222651 0.44530174671814327 -0.7066217501846238
    outer loop
      vertex -18.194781851227727 7.563508150414602 2.6
      vertex -18.19761719707376 7.560996253185273 2.6006235439722833
      vertex -19.886877437862147 8.893415688668078 4.754896394201655
    endloop
  endfacet
  facet normal -0.5499018608222318 0.4453017467181849 -0.7066217501846234
    outer loop
      vertex -18.194781851227727 7.563508150414602 2.6
      vertex -19.886877437862147 8.893415688668078 4.754896394201655
      vertex -18.18903172076383 7.570608970174174 2.6
    endloop
  endfacet
  facet normal -0.5003427336166771 0.5003427336166771 -0.7066217501846241
    outer loop
      vertex -18.18903172076383 7.570608970174174 2.6
      vertex -19.616118204256193 9.186712776118682 4.754813587233539
      vertex -18.070608970174174 7.689031720763829 2.6
    endloop
  endfacet
  facet normal -0.4453017467181178 0.5499018608222851 -0.7066217501846244
    outer loop
      vertex -19.31571730604822 9.449568334259908 4.75471895144389
      vertex -17.94045640366796 7.794427190999915 2.6
      vertex -18.070608970174174 7.689031720763829 2.6
    endloop
  endfacet
  facet normal -0.38538194069710524 0.5934361481663807 -0.7066217501846249
    outer loop
      vertex -18.989078405449035 9.679004104586266 4.754612487130844
      vertex -17.916752399101128 7.809820751554803 2.6
      vertex -17.94045640366796 7.794427190999915 2.6
    endloop
  endfacet
  facet normal -0.3853819406972066 0.5934361481663168 -0.706621750184623
    outer loop
      vertex -18.989078405449035 9.679004104586266 4.754612487130844
      vertex -17.90890359476985 7.81677418542985 2.601559011691487
      vertex -17.916752399101128 7.809820751554803 2.6
    endloop
  endfacet
  facet normal -0.385381940697054 0.593436148166412 -0.7066217501846264
    outer loop
      vertex -18.989078405449035 9.679004104586266 4.754612487130844
      vertex -17.89400109918419 7.824595618475975 2.6
      vertex -17.90890359476985 7.81677418542985 2.601559011691487
    endloop
  endfacet
  facet normal -0.3853819406971281 0.5934361481663665 -0.7066217501846243
    outer loop
      vertex -18.989078405449035 9.679004104586266 4.754612487130844
      vertex -17.8 7.885640646055101 2.6
      vertex -17.89400109918419 7.824595618475975 2.6
    endloop
  endfacet
  facet normal -0.5499018608222832 0.44530174671811995 -0.7066217501846243
    outer loop
      vertex -18.294427190999915 7.440456403667959 2.6
      vertex -20.029685690021488 8.701195500289877 4.744897463324912
      vertex -19.886877437862147 8.893415688668078 4.754896394201655
    endloop
  endfacet
  facet normal -0.5499018608222898 0.445301746718112 -0.7066217501846241
    outer loop
      vertex -18.18903172076383 7.570608970174174 2.6
      vertex -19.886877437862147 8.893415688668078 4.754896394201655
      vertex -19.783058162486668 9.005876825019111 4.744974151840241
    endloop
  endfacet
  facet normal -0.500342733616678 0.5003427336166764 -0.7066217501846244
    outer loop
      vertex -18.18903172076383 7.570608970174174 2.6
      vertex -19.783058162486668 9.005876825019111 4.744974151840241
      vertex -19.616118204256193 9.186712776118682 4.754813587233539
    endloop
  endfacet
  facet normal -0.5003427336166711 0.5003427336166834 -0.7066217501846241
    outer loop
      vertex -19.616118204256193 9.186712776118682 4.754813587233539
      vertex -19.505936036387084 9.283123923372955 4.74506264184116
      vertex -18.070608970174174 7.689031720763829 2.6
    endloop
  endfacet
  facet normal -0.4453017467181181 0.5499018608222848 -0.7066217501846241
    outer loop
      vertex -19.505936036387084 9.283123923372955 4.74506264184116
      vertex -19.31571730604822 9.449568334259908 4.75471895144389
      vertex -18.070608970174174 7.689031720763829 2.6
    endloop
  endfacet
  facet normal -0.44530174671810957 0.5499018608222919 -0.7066217501846241
    outer loop
      vertex -19.31571730604822 9.449568334259908 4.75471895144389
      vertex -19.20135154046189 9.52990046089311 4.745162934721828
      vertex -17.94045640366796 7.794427190999915 2.6
    endloop
  endfacet
  facet normal -0.3853819406971255 0.5934361481663685 -0.706621750184624
    outer loop
      vertex -19.20135154046189 9.52990046089311 4.745162934721828
      vertex -18.989078405449035 9.679004104586266 4.754612487130844
      vertex -17.94045640366796 7.794427190999915 2.6
    endloop
  endfacet
  facet normal -0.3853819406971252 0.5934361481663685 -0.7066217501846243
    outer loop
      vertex -18.989078405449035 9.679004104586266 4.754612487130844
      vertex -18.872637516031226 9.743503321925662 4.745275032062451
      vertex -17.8 7.885640646055101 2.6
    endloop
  endfacet
  facet normal -0.32123980948749736 0.6304686248866432 -0.7066217501846241
    outer loop
      vertex -18.872637516031226 9.743503321925662 4.745275032062451
      vertex -18.639902451720708 9.872420488142073 4.754494194629793
      vertex -17.8 7.885640646055101 2.6
    endloop
  endfacet
  facet normal -0.321239809487504 0.6304686248866403 -0.7066217501846239
    outer loop
      vertex -18.639902451720708 9.872420488142073 4.754494194629793
      vertex -18.523390990057557 9.921592184703623 4.745398935629348
      vertex -17.65077862892128 7.961672732228163 2.6
    endloop
  endfacet
  facet normal -0.3298090463530344 0.6283986359533765 -0.7045148311253906
    outer loop
      vertex -17.28368390963403 7.248012994148333 0
      vertex -17.90890359476985 7.81677418542985 0.8
      vertex -17.567367819268057 7.996025988296665 0.8
    endloop
  endfacet
  facet normal -0.16983975786898511 0.6890669846766472 -0.7045148311253906
    outer loop
      vertex -17.28368390963403 7.248012994148333 0
      vertex -17.567367819268057 7.996025988296665 0.8
      vertex -17.192858688408517 8.088334198556886 0.8
    endloop
  endfacet
  facet normal -0.464723172043772 0.8854560256532081 6.584725367654622e-16
    outer loop
      vertex -17.90890359476985 7.81677418542985 0.8
      vertex -17.89400109918419 7.824595618475975 2.6
      vertex -17.567367819268057 7.996025988296665 0.8
    endloop
  endfacet
  facet normal -0.663122658240793 0.7485107481711031 5.016059390458944e-16
    outer loop
      vertex -18.194781851227727 7.563508150414602 2.6
      vertex -17.916752399101128 7.809820751554803 2.6
      vertex -17.90890359476985 7.81677418542985 0.8
    endloop
  endfacet
  facet normal -0.6631226582408567 0.7485107481710465 0
    outer loop
      vertex -17.90890359476985 7.81677418542985 0.8
      vertex -17.916752399101128 7.809820751554803 2.6
      vertex -17.90890359476985 7.81677418542985 2.601559011691487
    endloop
  endfacet
  facet normal -0.4647231720437096 0.8854560256532408 0
    outer loop
      vertex -17.90890359476985 7.81677418542985 0.8
      vertex -17.90890359476985 7.81677418542985 2.601559011691487
      vertex -17.89400109918419 7.824595618475975 2.6
    endloop
  endfacet
  facet normal -0.4647231720437768 0.8854560256532056 -4.483005907476675e-16
    outer loop
      vertex -17.567367819268057 7.996025988296665 0.8
      vertex -17.89400109918419 7.824595618475975 2.6
      vertex -17.583929777459435 7.987333602087791 2.6
    endloop
  endfacet
  facet normal -0.46472317204373853 0.8854560256532256 0
    outer loop
      vertex -17.567367819268057 7.996025988296665 0.8
      vertex -17.583929777459435 7.987333602087791 2.6
      vertex -17.567367819268057 7.996025988296665 2.6021827580206676
    endloop
  endfacet
  facet normal -0.2393156642875718 0.9709418174260485 0
    outer loop
      vertex -17.567367819268057 7.996025988296665 0.8
      vertex -17.567367819268057 7.996025988296665 2.6021827580206676
      vertex -17.55037305134202 8.0002148223778 2.6
    endloop
  endfacet
  facet normal -0.23931566428755346 0.9709418174260531 -1.838690927302487e-16
    outer loop
      vertex -17.567367819268057 7.996025988296665 0.8
      vertex -17.55037305134202 8.0002148223778 2.6
      vertex -17.192858688408517 8.088334198556886 0.8
    endloop
  endfacet
  facet normal -0.23931566428754936 0.9709418174260541 6.843231029354682e-16
    outer loop
      vertex -17.192858688408517 8.088334198556886 0.8
      vertex -17.55037305134202 8.0002148223778 2.6
      vertex -17.205979871729816 8.0851001173314 2.6
    endloop
  endfacet
  facet normal -0.23931566428763784 0.9709418174260322 0
    outer loop
      vertex -17.192858688408517 8.088334198556886 0.8
      vertex -17.205979871729816 8.0851001173314 2.6
      vertex -17.192858688408517 8.088334198556886 2.601143225776581
    endloop
  endfacet
  facet normal 0 1 0
    outer loop
      vertex -17.192858688408517 8.088334198556886 0.8
      vertex -17.192858688408517 8.088334198556886 2.601143225776581
      vertex -17.185560686493833 8.088334198556886 2.6
    endloop
  endfacet
  facet normal 0 0 -1
    outer loop
      vertex -18.194781851227727 7.563508150414602 2.6
      vertex -17.94045640366796 7.794427190999915 2.6
      vertex -17.916752399101128 7.809820751554803 2.6
    endloop
  endfacet
  facet normal 0 0 -1
    outer loop
      vertex -17.89400109918419 7.824595618475975 2.6
      vertex -17.8 7.885640646055101 2.6
      vertex -17.65077862892128 7.961672732228163 2.6
    endloop
  endfacet
  facet normal 0 0 -1
    outer loop
      vertex -17.89400109918419 7.824595618475975 2.6
      vertex -17.65077862892128 7.961672732228163 2.6
      vertex -17.583929777459435 7.987333602087791 2.6
    endloop
  endfacet
  facet normal 0 0 -1
    outer loop
      vertex -17.55037305134202 8.0002148223778 2.6
      vertex -17.494427190999915 8.021690426072247 2.6
      vertex -17.332658705308415 8.065036161174088 2.6
    endloop
  endfacet
  facet normal 0 0 -1
    outer loop
      vertex -17.55037305134202 8.0002148223778 2.6
      vertex -17.332658705308415 8.065036161174088 2.6
      vertex -17.205979871729816 8.0851001173314 2.6
    endloop
  endfacet
  facet normal 0 0 -1
    outer loop
      vertex -17.185560686493833 8.088334198556886 2.6
      vertex -17.167245541228247 8.091235032589239 2.6
      vertex -17 8.100000000000001 2.6
    endloop
  endfacet
  facet normal -0.32123980948750497 0.6304686248866399 -0.706621750184624
    outer loop
      vertex -18.639902451720708 9.872420488142073 4.754494194629793
      vertex -17.65077862892128 7.961672732228163 2.6
      vertex -17.8 7.885640646055101 2.6
    endloop
  endfacet
  facet normal -0.25357810770139017 0.6605935554186106 -0.7066217501846239
    outer loop
      vertex -18.272145747942613 10.027626000016376 4.754364074313395
      vertex -17.583929777459435 7.987333602087791 2.6
      vertex -17.65077862892128 7.961672732228163 2.6
    endloop
  endfacet
  facet normal -0.25357810770135875 0.6605935554186223 -0.7066217501846244
    outer loop
      vertex -18.272145747942613 10.027626000016376 4.754364074313395
      vertex -17.567367819268057 7.996025988296665 2.6021827580206676
      vertex -17.583929777459435 7.987333602087791 2.6
    endloop
  endfacet
  facet normal -0.25357810770139333 0.6605935554186092 -0.7066217501846243
    outer loop
      vertex -18.272145747942613 10.027626000016376 4.754364074313395
      vertex -17.55037305134202 8.0002148223778 2.6
      vertex -17.567367819268057 7.996025988296665 2.6021827580206676
    endloop
  endfacet
  facet normal -0.25357810770137074 0.6605935554186176 -0.7066217501846244
    outer loop
      vertex -18.272145747942613 10.027626000016376 4.754364074313395
      vertex -17.494427190999915 8.021690426072247 2.6
      vertex -17.55037305134202 8.0002148223778 2.6
    endloop
  endfacet
  facet normal -0.18313815110264686 0.6834808847193337 -0.706621750184624
    outer loop
      vertex -17.494427190999915 8.021690426072247 2.6
      vertex -17.88997512451668 10.142862099742661 4.75422212659157
      vertex -17.332658705308415 8.065036161174088 2.6
    endloop
  endfacet
  facet normal -0.11069169459632806 0.6988798544194933 -0.7066217501846238
    outer loop
      vertex -17.332658705308415 8.065036161174088 2.6
      vertex -17.497720727313958 10.216823116265026 4.754068351911496
      vertex -17.205979871729816 8.0851001173314 2.6
    endloop
  endfacet
  facet normal -0.11069169459639452 0.6988798544194835 -0.706621750184623
    outer loop
      vertex -17.205979871729816 8.0851001173314 2.6
      vertex -17.497720727313958 10.216823116265026 4.754068351911496
      vertex -17.192858688408517 8.088334198556886 2.601143225776581
    endloop
  endfacet
  facet normal -0.11069169459634357 0.6988798544194914 -0.7066217501846235
    outer loop
      vertex -17.185560686493833 8.088334198556886 2.6
      vertex -17.497720727313958 10.216823116265026 4.754068351911496
      vertex -17.167245541228247 8.091235032589239 2.6
    endloop
  endfacet
  facet normal -0.11069169459634715 0.6988798544194907 -0.7066217501846235
    outer loop
      vertex -17.192858688408517 8.088334198556886 2.601143225776581
      vertex -17.497720727313958 10.216823116265026 4.754068351911496
      vertex -17.185560686493833 8.088334198556886 2.6
    endloop
  endfacet
  facet normal -0.03703247672027048 0.7066217501846244 -0.7066217501846238
    outer loop
      vertex -17.167245541228247 8.091235032589239 2.6
      vertex -17.099826955391656 10.248671041712946 4.75390275075761
      vertex -17 8.100000000000001 2.6
    endloop
  endfacet
  facet normal -0.2535781077013799 0.6605935554186145 -0.706621750184624
    outer loop
      vertex -18.523390990057557 9.921592184703623 4.745398935629348
      vertex -18.272145747942613 10.027626000016376 4.754364074313395
      vertex -17.65077862892128 7.961672732228163 2.6
    endloop
  endfacet
  facet normal -0.25357810770138145 0.660593555418614 -0.706621750184624
    outer loop
      vertex -18.272145747942613 10.027626000016376 4.754364074313395
      vertex -18.157433859059054 10.062215133395274 4.74553464737501
      vertex -17.494427190999915 8.021690426072247 2.6
    endloop
  endfacet
  facet normal -0.18313815110265005 0.6834808847193329 -0.7066217501846238
    outer loop
      vertex -18.157433859059054 10.062215133395274 4.74553464737501
      vertex -17.88997512451668 10.142862099742661 4.75422212659157
      vertex -17.494427190999915 8.021690426072247 2.6
    endloop
  endfacet
  facet normal -0.18313815110263415 0.6834808847193368 -0.706621750184624
    outer loop
      vertex -17.332658705308415 8.065036161174088 2.6
      vertex -17.88997512451668 10.142862099742661 4.75422212659157
      vertex -17.778771113113827 10.163830027147355 4.745682169438188
    endloop
  endfacet
  facet normal -0.11069169459633295 0.6988798544194927 -0.7066217501846237
    outer loop
      vertex -17.332658705308415 8.065036161174088 2.6
      vertex -17.778771113113827 10.163830027147355 4.745682169438188
      vertex -17.497720727313958 10.216823116265026 4.754068351911496
    endloop
  endfacet
  facet normal -0.11069169459634011 0.6988798544194917 -0.7066217501846236
    outer loop
      vertex -17.167245541228247 8.091235032589239 2.6
      vertex -17.497720727313958 10.216823116265026 4.754068351911496
      vertex -17.391547056072366 10.225321392450397 4.745841504143961
    endloop
  endfacet
  facet normal -0.03703247672026908 0.7066217501846244 -0.7066217501846238
    outer loop
      vertex -17.167245541228247 8.091235032589239 2.6
      vertex -17.391547056072366 10.225321392450397 4.745841504143961
      vertex -17.099826955391656 10.248671041712946 4.75390275075761
    endloop
  endfacet
  facet normal -0.03703247672027307 0.7066217501846244 -0.7066217501846238
    outer loop
      vertex -17 8.100000000000001 2.6
      vertex -17.099826955391656 10.248671041712946 4.75390275075761
      vertex -17 10.248671041712946 4.748671041712946
    endloop
  endfacet
  facet normal 0 0 -1
    outer loop
      vertex -17.28368390963403 7.248012994148333 0
      vertex -16.90357065579574 7.294167099278443 0
      vertex -3.9035706557957397 7.294167099278443 0
    endloop
  endfacet
  facet normal 0 0.7096892649070877 -0.7045148311253905
    outer loop
      vertex -16.90357065579574 7.294167099278443 0
      vertex -17.192858688408517 8.088334198556886 0.8
      vertex -3.9035706557957397 7.294167099278443 0
    endloop
  endfacet
  facet normal 0 1 0
    outer loop
      vertex -17.192858688408517 8.088334198556886 0.8
      vertex -17.185560686493833 8.088334198556886 2.6
      vertex -3.807141311591483 8.088334198556886 0.8
    endloop
  endfacet
  facet normal 0 0 -1
    outer loop
      vertex -17.185560686493833 8.088334198556886 2.6
      vertex -17 8.100000000000001 2.6
      vertex -4 8.100000000000001 2.6
    endloop
  endfacet
  facet normal 0 0.7071067811865477 -0.7071067811865472
    outer loop
      vertex -17 8.100000000000001 2.6
      vertex -17 10.248671041712946 4.748671041712946
      vertex -4 8.100000000000001 2.6
    endloop
  endfacet
  facet normal 0 0 -1
    outer loop
      vertex -3.1999999999999993 -6.5 0
      vertex -3.5455482026150733 7.158387092714925 0
      vertex -3.1999999999999993 6.5 0
    endloop
  endfacet
  facet normal 0.7071067811865471 0 -0.7071067811865478
    outer loop
      vertex -3.1999999999999993 -6.5 0
      vertex -3.1999999999999993 6.5 0
      vertex -2.3999999999999986 6.5 0.8
    endloop
  endfacet
  facet normal 1 0 0
    outer loop
      vertex -2.3999999999999986 -6.5 0.8
      vertex -2.3999999999999986 6.5 0.8
      vertex -2.3999999999999986 6.5 2.6
    endloop
  endfacet
  facet normal 0.7071067811865478 0 -0.7071067811865474
    outer loop
      vertex 0 -6.5 5
      vertex -2.3999999999999986 6.5 2.6
      vertex 0 6.5 5
    endloop
  endfacet
  facet normal 0 0 -1
    outer loop
      vertex -17.28368390963403 7.248012994148333 0
      vertex -3.9035706557957397 7.294167099278443 0
      vertex -3.5455482026150733 7.158387092714925 0
    endloop
  endfacet
  facet normal 0 0.7096892649070876 -0.7045148311253905
    outer loop
      vertex -17.192858688408517 8.088334198556886 0.8
      vertex -3.807141311591483 8.088334198556886 0.8
      vertex -3.9035706557957397 7.294167099278443 0
    endloop
  endfacet
  facet normal 0 1 0
    outer loop
      vertex -17.185560686493833 8.088334198556886 2.6
      vertex -3.814439313506167 8.088334198556886 2.6
      vertex -3.807141311591483 8.088334198556886 0.8
    endloop
  endfacet
  facet normal 0 0 -1
    outer loop
      vertex -17.185560686493833 8.088334198556886 2.6
      vertex -4 8.100000000000001 2.6
      vertex -3.8327544587717526 8.091235032589239 2.6
    endloop
  endfacet
  facet normal 0 0 -1
    outer loop
      vertex -17.185560686493833 8.088334198556886 2.6
      vertex -3.8327544587717526 8.091235032589239 2.6
      vertex -3.814439313506167 8.088334198556886 2.6
    endloop
  endfacet
  facet normal 0 0.7071067811865477 -0.7071067811865472
    outer loop
      vertex -17 10.248671041712946 4.748671041712946
      vertex -4 10.248671041712946 4.748671041712946
      vertex -4 8.100000000000001 2.6
    endloop
  endfacet
  facet normal 0 0 -1
    outer loop
      vertex -3.2916351794774314 6.8717785376350164 0
      vertex -3.1999999999999993 6.5 0
      vertex -3.5455482026150733 7.158387092714925 0
    endloop
  endfacet
  facet normal 0.7045148311253902 0.08554358800474339 -0.7045148311253907
    outer loop
      vertex -3.1999999999999993 6.5 0
      vertex -2.446493092118317 6.882905062860093 0.8
      vertex -2.3999999999999986 6.5 0.8
    endloop
  endfacet
  facet normal 0.6766579254963352 0.16678119947998715 -0.7171597335064294
    outer loop
      vertex -3.2916351794774314 6.8717785376350164 0
      vertex -2.446493092118317 6.882905062860093 0.8
      vertex -3.1999999999999993 6.5 0
    endloop
  endfacet
  facet normal 0.6635709899475998 0.2516592816176766 -0.7045148311253904
    outer loop
      vertex -3.2916351794774314 6.8717785376350164 0
      vertex -2.583270358954863 7.243557075270029 0.8
      vertex -2.446493092118317 6.882905062860093 0.8
    endloop
  endfacet
  facet normal 0.24712727676428328 0.6516210752546724 -0.7171597335064303
    outer loop
      vertex -3.9035706557957397 7.294167099278443 0
      vertex -3.432632180731943 7.996025988296665 0.8
      vertex -3.5455482026150733 7.158387092714925 0
    endloop
  endfacet
  facet normal 0.3298090463530347 0.6283986359533767 -0.7045148311253904
    outer loop
      vertex -3.5455482026150733 7.158387092714925 0
      vertex -3.432632180731943 7.996025988296665 0.8
      vertex -3.09109640523015 7.81677418542985 0.8
    endloop
  endfacet
  facet normal 0.5216437493771262 0.4621360355704383 -0.717159733506429
    outer loop
      vertex -3.2916351794774314 6.8717785376350164 0
      vertex -3.5455482026150733 7.158387092714925 0
      vertex -2.802382802926239 7.560996253185273 0.8
    endloop
  endfacet
  facet normal 0.5840628148164614 0.40314945252726675 -0.7045148311253902
    outer loop
      vertex -3.2916351794774314 6.8717785376350164 0
      vertex -2.802382802926239 7.560996253185273 0.8
      vertex -2.583270358954863 7.243557075270029 0.8
    endloop
  endfacet
  facet normal 0.47061103187014425 0.5312100426446033 -0.70451483112539
    outer loop
      vertex -3.5455482026150733 7.158387092714925 0
      vertex -3.09109640523015 7.81677418542985 0.8
      vertex -2.802382802926239 7.560996253185273 0.8
    endloop
  endfacet
  facet normal 0.8229838658936589 0.5680647467311524 6.812232883497586e-16
    outer loop
      vertex -2.592169008291947 7.256448994500726 2.6
      vertex -2.583270358954863 7.243557075270029 0.8
      vertex -2.79775596347962 7.554293119015167 2.6
    endloop
  endfacet
  facet normal 0.8229838658936548 0.568064746731158 -7.908944666095228e-16
    outer loop
      vertex -2.802382802926239 7.560996253185273 0.8
      vertex -2.79775596347962 7.554293119015167 2.6
      vertex -2.583270358954863 7.243557075270029 0.8
    endloop
  endfacet
  facet normal 0.8229838658935555 0.5680647467313018 0
    outer loop
      vertex -2.802382802926239 7.560996253185273 0.8
      vertex -2.802382802926239 7.560996253185273 2.6006235439722856
      vertex -2.79775596347962 7.554293119015167 2.6
    endloop
  endfacet
  facet normal 0.6631226582409617 0.7485107481709535 0
    outer loop
      vertex -2.802382802926239 7.560996253185273 0.8
      vertex -2.80521814877228 7.563508150414609 2.6
      vertex -2.802382802926239 7.560996253185273 2.6006235439722856
    endloop
  endfacet
  facet normal 0.663122658240792 0.7485107481711042 -4.77709878612057e-16
    outer loop
      vertex -2.802382802926239 7.560996253185273 0.8
      vertex -3.083247600898872 7.809820751554803 2.6
      vertex -2.80521814877228 7.563508150414609 2.6
    endloop
  endfacet
  facet normal 0 0 -1
    outer loop
      vertex -2.6143593539448986 7.300000000000001 2.6
      vertex -2.79775596347962 7.554293119015167 2.6
      vertex -2.705572809000085 7.440456403667959 2.6
    endloop
  endfacet
  facet normal 0 0 -1
    outer loop
      vertex -2.592169008291947 7.256448994500726 2.6
      vertex -2.79775596347962 7.554293119015167 2.6
      vertex -2.6143593539448986 7.300000000000001 2.6
    endloop
  endfacet
  facet normal 0 0 -1
    outer loop
      vertex -2.80521814877228 7.563508150414609 2.6
      vertex -3.083247600898872 7.809820751554803 2.6
      vertex -2.810968279236171 7.570608970174174 2.6
    endloop
  endfacet
  facet normal 0.9927088740980536 0.12053668025532543 0
    outer loop
      vertex -2.3999999999999986 6.5 0.8
      vertex -2.44489027348391 6.869704663790081 2.6
      vertex -2.3999999999999986 6.5 2.6
    endloop
  endfacet
  facet normal 0.9927088740980536 0.12053668025532652 -2.2160949225877884e-16
    outer loop
      vertex -2.3999999999999986 6.5 0.8
      vertex -2.446493092118317 6.882905062860093 0.8
      vertex -2.44489027348391 6.869704663790081 2.6
    endloop
  endfacet
  facet normal 0.9927088740980501 0.12053668025535605 0
    outer loop
      vertex -2.446493092118317 6.882905062860093 0.8
      vertex -2.446493092118317 6.882905062860093 2.6018708747372483
      vertex -2.44489027348391 6.869704663790081 2.6
    endloop
  endfacet
  facet normal 0.9350162426854336 0.3546048870424859 0
    outer loop
      vertex -2.446493092118317 6.882905062860093 0.8
      vertex -2.453083809374224 6.9002833560263745 2.6
      vertex -2.446493092118317 6.882905062860093 2.6018708747372483
    endloop
  endfacet
  facet normal 0.9350162426854144 0.35460488704253673 -5.607228825898857e-16
    outer loop
      vertex -2.446493092118317 6.882905062860093 0.8
      vertex -2.576487730657824 7.225672754276257 2.6
      vertex -2.453083809374224 6.9002833560263745 2.6
    endloop
  endfacet
  facet normal 0.9350162426854156 0.3546048870425336 1.153961697366163e-16
    outer loop
      vertex -2.446493092118317 6.882905062860093 0.8
      vertex -2.583270358954863 7.243557075270029 0.8
      vertex -2.576487730657824 7.225672754276257 2.6
    endloop
  endfacet
  facet normal 0.9350162426854195 0.3546048870425235 0
    outer loop
      vertex -2.583270358954863 7.243557075270029 0.8
      vertex -2.583270358954863 7.243557075270029 2.602078794677517
      vertex -2.576487730657824 7.225672754276257 2.6
    endloop
  endfacet
  facet normal 0.8229838658936143 0.5680647467312168 -1.0757022928141684e-19
    outer loop
      vertex -2.592169008291947 7.256448994500726 2.6
      vertex -2.583270358954863 7.243557075270029 2.602078794677517
      vertex -2.583270358954863 7.243557075270029 0.8
    endloop
  endfacet
  facet normal 0 0 -1
    outer loop
      vertex -2.3999999999999986 6.5 2.6
      vertex -2.4349638388259116 6.832658705308415 2.6
      vertex -2.408764967410761 6.667245541228247 2.6
    endloop
  endfacet
  facet normal 0 0 -1
    outer loop
      vertex -2.3999999999999986 6.5 2.6
      vertex -2.44489027348391 6.869704663790081 2.6
      vertex -2.4349638388259116 6.832658705308415 2.6
    endloop
  endfacet
  facet normal 0 0 -1
    outer loop
      vertex -2.453083809374224 6.9002833560263745 2.6
      vertex -2.576487730657824 7.225672754276257 2.6
      vertex -2.4783095739277528 6.9944271909999145 2.6
    endloop
  endfacet
  facet normal 0.7066217501846243 0.03703247672027047 -0.7066217501846239
    outer loop
      vertex -2.3999999999999986 6.5 2.6
      vertex -2.408764967410761 6.667245541228247 2.6
      vertex 0 6.5 5
    endloop
  endfacet
  facet normal 0.6988798544194924 0.11069169459633599 -0.7066217501846235
    outer loop
      vertex -2.408764967410761 6.667245541228247 2.6
      vertex -2.4349638388259116 6.832658705308415 2.6
      vertex -0.021912418526905952 6.918113853070611 5
    endloop
  endfacet
  facet normal 0.6834808847193283 0.18313815110266815 -0.7066217501846235
    outer loop
      vertex -2.44489027348391 6.869704663790081 2.6
      vertex -2.446493092118317 6.882905062860093 2.6018708747372483
      vertex -0.08740959706477724 7.331646763271035 5
    endloop
  endfacet
  facet normal 0.683480884719341 0.1831381511026128 -0.7066217501846256
    outer loop
      vertex -2.446493092118317 6.882905062860093 2.6018708747372483
      vertex -2.453083809374224 6.9002833560263745 2.6
      vertex -0.08740959706477724 7.331646763271035 5
    endloop
  endfacet
  facet normal 0.683480884719335 0.18313815110263945 -0.7066217501846246
    outer loop
      vertex -2.4349638388259116 6.832658705308415 2.6
      vertex -2.44489027348391 6.869704663790081 2.6
      vertex -0.08740959706477724 7.331646763271035 5
    endloop
  endfacet
  facet normal 0 0 -1
    outer loop
      vertex -2.4783095739277528 6.9944271909999145 2.6
      vertex -2.576487730657824 7.225672754276257 2.6
      vertex -2.5383272677718374 7.15077862892128 2.6
    endloop
  endfacet
  facet normal 0.683480884719332 0.18313815110265316 -0.7066217501846239
    outer loop
      vertex -2.453083809374224 6.9002833560263745 2.6
      vertex -2.4783095739277528 6.9944271909999145 2.6
      vertex -0.08740959706477724 7.331646763271035 5
    endloop
  endfacet
  facet normal 0.6605935554186145 0.2535781077013803 -0.706621750184624
    outer loop
      vertex -2.4783095739277528 6.9944271909999145 2.6
      vertex -2.5383272677718374 7.15077862892128 2.6
      vertex -0.19577393481938543 7.73606797749979 5
    endloop
  endfacet
  facet normal 0.6304686248866407 0.32123980948750236 -0.7066217501846243
    outer loop
      vertex -2.5383272677718374 7.15077862892128 2.6
      vertex -2.576487730657824 7.225672754276257 2.6
      vertex -0.3458181694295952 8.126946572303204 5
    endloop
  endfacet
  facet normal 0.6304686248866466 0.3212398094874894 -0.7066217501846249
    outer loop
      vertex -2.576487730657824 7.225672754276257 2.6
      vertex -2.583270358954863 7.243557075270029 2.602078794677517
      vertex -0.3458181694295952 8.126946572303204 5
    endloop
  endfacet
  facet normal 0.6304686248866102 0.32123980948757025 -0.7066217501846207
    outer loop
      vertex -2.592169008291947 7.256448994500726 2.6
      vertex -0.3458181694295952 8.126946572303204 5
      vertex -2.583270358954863 7.243557075270029 2.602078794677517
    endloop
  endfacet
  facet normal 0.6304686248866441 0.32123980948749403 -0.7066217501846248
    outer loop
      vertex -2.592169008291947 7.256448994500726 2.6
      vertex -2.6143593539448986 7.300000000000001 2.6
      vertex -0.3458181694295952 8.126946572303204 5
    endloop
  endfacet
  facet normal 0.7066217501846243 0.03703247672027083 -0.7066217501846238
    outer loop
      vertex -2.408764967410761 6.667245541228247 2.6
      vertex -0.021912418526905952 6.918113853070611 5
      vertex 0 6.5 5
    endloop
  endfacet
  facet normal 0.6988798544194935 0.11069169459632569 -0.706621750184624
    outer loop
      vertex -2.4349638388259116 6.832658705308415 2.6
      vertex -0.08740959706477724 7.331646763271035 5
      vertex -0.021912418526905952 6.918113853070611 5
    endloop
  endfacet
  facet normal 0.683480884719332 0.18313815110265289 -0.706621750184624
    outer loop
      vertex -2.4783095739277528 6.9944271909999145 2.6
      vertex -0.19577393481938543 7.73606797749979 5
      vertex -0.08740959706477724 7.331646763271035 5
    endloop
  endfacet
  facet normal 0.6605935554186153 0.2535781077013777 -0.7066217501846241
    outer loop
      vertex -2.5383272677718374 7.15077862892128 2.6
      vertex -0.3458181694295952 8.126946572303204 5
      vertex -0.19577393481938543 7.73606797749979 5
    endloop
  endfacet
  facet normal 0.16983975786898517 0.6890669846766474 -0.7045148311253905
    outer loop
      vertex -3.9035706557957397 7.294167099278443 0
      vertex -3.807141311591483 8.088334198556886 0.8
      vertex -3.432632180731943 7.996025988296665 0.8
    endloop
  endfacet
  facet normal 0.464723172043772 0.8854560256532081 -3.9200313632000464e-16
    outer loop
      vertex -3.432632180731943 7.996025988296665 0.8
      vertex -3.416070222540565 7.987333602087791 2.6
      vertex -3.09109640523015 7.81677418542985 0.8
    endloop
  endfacet
  facet normal 0.2393156642875718 0.9709418174260485 0
    outer loop
      vertex -3.432632180731943 7.996025988296665 0.8
      vertex -3.449626948657979 8.0002148223778 2.6
      vertex -3.432632180731943 7.996025988296665 2.6021827580206676
    endloop
  endfacet
  facet normal 0.46472317204373853 0.8854560256532256 0
    outer loop
      vertex -3.432632180731943 7.996025988296665 0.8
      vertex -3.432632180731943 7.996025988296665 2.6021827580206676
      vertex -3.416070222540565 7.987333602087791 2.6
    endloop
  endfacet
  facet normal 0.23931566428755346 0.9709418174260531 6.54084284710869e-16
    outer loop
      vertex -3.432632180731943 7.996025988296665 0.8
      vertex -3.807141311591483 8.088334198556886 0.8
      vertex -3.7940201282701835 8.0851001173314 2.6
    endloop
  endfacet
  facet normal 0 1 0
    outer loop
      vertex -3.807141311591483 8.088334198556886 0.8
      vertex -3.814439313506167 8.088334198556886 2.6
      vertex -3.807141311591483 8.088334198556886 2.601143225776581
    endloop
  endfacet
  facet normal 0.23931566428763784 0.9709418174260322 0
    outer loop
      vertex -3.807141311591483 8.088334198556886 0.8
      vertex -3.807141311591483 8.088334198556886 2.601143225776581
      vertex -3.7940201282701835 8.0851001173314 2.6
    endloop
  endfacet
  facet normal 0.23931566428754936 0.9709418174260541 -2.2511954637621225e-16
    outer loop
      vertex -3.432632180731943 7.996025988296665 0.8
      vertex -3.7940201282701835 8.0851001173314 2.6
      vertex -3.449626948657979 8.0002148223778 2.6
    endloop
  endfacet
  facet normal 0.6631226582407953 0.7485107481711011 4.698912027610497e-16
    outer loop
      vertex -2.802382802926239 7.560996253185273 0.8
      vertex -3.09109640523015 7.81677418542985 0.8
      vertex -3.083247600898872 7.809820751554803 2.6
    endloop
  endfacet
  facet normal 0.6631226582408567 0.7485107481710465 0
    outer loop
      vertex -3.09109640523015 7.81677418542985 0.8
      vertex -3.09109640523015 7.81677418542985 2.601559011691487
      vertex -3.083247600898872 7.809820751554803 2.6
    endloop
  endfacet
  facet normal 0.4647231720437965 0.8854560256531953 0
    outer loop
      vertex -3.09109640523015 7.81677418542985 0.8
      vertex -3.1059989008158055 7.824595618475975 2.6
      vertex -3.09109640523015 7.81677418542985 2.601559011691487
    endloop
  endfacet
  facet normal 0.4647231720437726 0.8854560256532077 -2.518930159969608e-16
    outer loop
      vertex -3.09109640523015 7.81677418542985 0.8
      vertex -3.416070222540565 7.987333602087791 2.6
      vertex -3.1059989008158055 7.824595618475975 2.6
    endloop
  endfacet
  facet normal 0.03703247672027048 0.7066217501846244 -0.7066217501846239
    outer loop
      vertex -4 8.100000000000001 2.6
      vertex -4 10.248671041712946 4.748671041712946
      vertex -3.8327544587717526 8.091235032589239 2.6
    endloop
  endfacet
  facet normal 0 0 -1
    outer loop
      vertex -3.416070222540565 7.987333602087791 2.6
      vertex -3.1999999999999993 7.885640646055101 2.6
      vertex -3.1059989008158055 7.824595618475975 2.6
    endloop
  endfacet
  facet normal 0 0 -1
    outer loop
      vertex -3.416070222540565 7.987333602087791 2.6
      vertex -3.3492213710787198 7.961672732228163 2.6
      vertex -3.1999999999999993 7.885640646055101 2.6
    endloop
  endfacet
  facet normal 0 0 -1
    outer loop
      vertex -3.7940201282701835 8.0851001173314 2.6
      vertex -3.6673412946915853 8.065036161174088 2.6
      vertex -3.5055728090000855 8.021690426072247 2.6
    endloop
  endfacet
  facet normal 0 0 -1
    outer loop
      vertex -3.449626948657979 8.0002148223778 2.6
      vertex -3.7940201282701835 8.0851001173314 2.6
      vertex -3.5055728090000855 8.021690426072247 2.6
    endloop
  endfacet
  facet normal 0 0 -1
    outer loop
      vertex -3.083247600898872 7.809820751554803 2.6
      vertex -3.059543596332041 7.794427190999915 2.6
      vertex -2.929391029825826 7.689031720763829 2.6
    endloop
  endfacet
  facet normal 0 0 -1
    outer loop
      vertex -2.810968279236171 7.570608970174174 2.6
      vertex -3.083247600898872 7.809820751554803 2.6
      vertex -2.929391029825826 7.689031720763829 2.6
    endloop
  endfacet
  facet normal 0.11069169459639502 0.698879854419485 -0.7066217501846216
    outer loop
      vertex -3.7940201282701835 8.0851001173314 2.6
      vertex -3.807141311591483 8.088334198556886 2.601143225776581
      vertex -3.6059987968981773 10.248671041712946 4.769319769802358
    endloop
  endfacet
  facet normal 0.11069169459632802 0.6988798544194932 -0.706621750184624
    outer loop
      vertex -3.7940201282701835 8.0851001173314 2.6
      vertex -3.6059987968981773 10.248671041712946 4.769319769802358
      vertex -3.6673412946915853 8.065036161174088 2.6
    endloop
  endfacet
  facet normal 0.1106916945963436 0.6988798544194914 -0.7066217501846234
    outer loop
      vertex -3.8327544587717526 8.091235032589239 2.6
      vertex -3.6059987968981773 10.248671041712946 4.769319769802358
      vertex -3.814439313506167 8.088334198556886 2.6
    endloop
  endfacet
  facet normal 0.11069169459634709 0.6988798544194911 -0.7066217501846231
    outer loop
      vertex -3.814439313506167 8.088334198556886 2.6
      vertex -3.6059987968981773 10.248671041712946 4.769319769802358
      vertex -3.807141311591483 8.088334198556886 2.601143225776581
    endloop
  endfacet
  facet normal 0.1831381511026469 0.6834808847193338 -0.7066217501846238
    outer loop
      vertex -3.6673412946915853 8.065036161174088 2.6
      vertex -3.2031953725415185 10.248671041712946 4.832418582738125
      vertex -3.5055728090000855 8.021690426072247 2.6
    endloop
  endfacet
  facet normal 0.38538194069710546 0.5934361481663821 -0.7066217501846236
    outer loop
      vertex -3.083247600898872 7.809820751554803 2.6
      vertex -1.6488589908301066 9.73606797749979 5
      vertex -3.059543596332041 7.794427190999915 2.6
    endloop
  endfacet
  facet normal 0.3853819406971184 0.5934361481663735 -0.7066217501846239
    outer loop
      vertex -3.1059989008158055 7.824595618475975 2.6
      vertex -3.1999999999999993 7.885640646055101 2.6
      vertex -1.6488589908301066 9.73606797749979 5
    endloop
  endfacet
  facet normal 0.3853819406971273 0.5934361481663671 -0.7066217501846241
    outer loop
      vertex -3.1059989008158055 7.824595618475975 2.6
      vertex -1.6488589908301066 9.73606797749979 5
      vertex -3.09109640523015 7.81677418542985 2.601559011691487
    endloop
  endfacet
  facet normal 0.385381940697199 0.593436148166317 -0.7066217501846271
    outer loop
      vertex -3.083247600898872 7.809820751554803 2.6
      vertex -3.09109640523015 7.81677418542985 2.601559011691487
      vertex -1.6488589908301066 9.73606797749979 5
    endloop
  endfacet
  facet normal 0.32123980948750447 0.6304686248866392 -0.7066217501846245
    outer loop
      vertex -3.3492213710787198 7.961672732228163 2.6
      vertex -2 9.964101615137757 5
      vertex -3.1999999999999993 7.885640646055101 2.6
    endloop
  endfacet
  facet normal 0.25357810770137174 0.6605935554186181 -0.7066217501846238
    outer loop
      vertex -3.449626948657979 8.0002148223778 2.6
      vertex -3.5055728090000855 8.021690426072247 2.6
      vertex -2.373053427696796 10.154181830570405 5
    endloop
  endfacet
  facet normal 0.2535781077013926 0.6605935554186089 -0.7066217501846248
    outer loop
      vertex -3.449626948657979 8.0002148223778 2.6
      vertex -2.373053427696796 10.154181830570405 5
      vertex -3.432632180731943 7.996025988296665 2.6021827580206676
    endloop
  endfacet
  facet normal 0.2535781077013896 0.6605935554186103 -0.7066217501846245
    outer loop
      vertex -3.416070222540565 7.987333602087791 2.6
      vertex -2.373053427696796 10.154181830570405 5
      vertex -3.3492213710787198 7.961672732228163 2.6
    endloop
  endfacet
  facet normal 0.2535781077013601 0.660593555418623 -0.7066217501846231
    outer loop
      vertex -3.416070222540565 7.987333602087791 2.6
      vertex -3.432632180731943 7.996025988296665 2.6021827580206676
      vertex -2.373053427696796 10.154181830570405 5
    endloop
  endfacet
  facet normal 0.03703247672027066 0.7066217501846243 -0.7066217501846238
    outer loop
      vertex -3.8327544587717526 8.091235032589239 2.6
      vertex -4 10.248671041712946 4.748671041712946
      vertex -3.6059987968981773 10.248671041712946 4.769319769802358
    endloop
  endfacet
  facet normal 0.1106916945963313 0.6988798544194929 -0.7066217501846237
    outer loop
      vertex -3.6673412946915853 8.065036161174088 2.6
      vertex -3.6059987968981773 10.248671041712946 4.769319769802358
      vertex -3.2031953725415185 10.248671041712946 4.832418582738125
    endloop
  endfacet
  facet normal 0.18313815110264858 0.6834808847193334 -0.7066217501846237
    outer loop
      vertex -3.5055728090000855 8.021690426072247 2.6
      vertex -3.2031953725415185 10.248671041712946 4.832418582738125
      vertex -2.7819829438495383 10.248671041712946 4.941585991457076
    endloop
  endfacet
  facet normal 0.25357810770137623 0.660593555418616 -0.706621750184624
    outer loop
      vertex -3.5055728090000855 8.021690426072247 2.6
      vertex -2.7819829438495383 10.248671041712946 4.941585991457076
      vertex -2.373053427696796 10.154181830570405 5
    endloop
  endfacet
  facet normal 0.5934361481663704 0.3853819406971219 -0.7066217501846245
    outer loop
      vertex -2.6143593539448986 7.300000000000001 2.6
      vertex -2.705572809000085 7.440456403667959 2.6
      vertex -0.535898384862243 8.5 5
    endloop
  endfacet
  facet normal 0.5499018608222829 0.4453017467181215 -0.7066217501846237
    outer loop
      vertex -2.80521814877228 7.563508150414609 2.6
      vertex -2.810968279236171 7.570608970174174 2.6
      vertex -0.7639320225002102 8.851141009169893 5
    endloop
  endfacet
  facet normal 0.5499018608223977 0.4453017467179612 -0.7066217501846352
    outer loop
      vertex -2.80521814877228 7.563508150414609 2.6
      vertex -0.7639320225002102 8.851141009169893 5
      vertex -2.802382802926239 7.560996253185273 2.6006235439722856
    endloop
  endfacet
  facet normal 0.5499018608222137 0.44530174671821754 -0.7066217501846168
    outer loop
      vertex -2.79775596347962 7.554293119015167 2.6
      vertex -2.802382802926239 7.560996253185273 2.6006235439722856
      vertex -0.7639320225002102 8.851141009169893 5
    endloop
  endfacet
  facet normal 0.5499018608222869 0.4453017467181161 -0.7066217501846239
    outer loop
      vertex -2.705572809000085 7.440456403667959 2.6
      vertex -2.79775596347962 7.554293119015167 2.6
      vertex -0.7639320225002102 8.851141009169893 5
    endloop
  endfacet
  facet normal 0.4453017467181176 0.549901860822285 -0.7066217501846243
    outer loop
      vertex -2.929391029825826 7.689031720763829 2.6
      vertex -3.059543596332041 7.794427190999915 2.6
      vertex -1.323477574564567 9.472579301909576 5
    endloop
  endfacet
  facet normal 0.5003427336166774 0.5003427336166774 -0.7066217501846241
    outer loop
      vertex -2.810968279236171 7.570608970174174 2.6
      vertex -2.929391029825826 7.689031720763829 2.6
      vertex -1.027420698090424 9.176522425435433 5
    endloop
  endfacet
  facet normal 0.5934361481663682 0.3853819406971255 -0.7066217501846241
    outer loop
      vertex -2.705572809000085 7.440456403667959 2.6
      vertex -0.7639320225002102 8.851141009169893 5
      vertex -0.535898384862243 8.5 5
    endloop
  endfacet
  facet normal 0.5499018608222876 0.4453017467181148 -0.7066217501846241
    outer loop
      vertex -2.810968279236171 7.570608970174174 2.6
      vertex -1.027420698090424 9.176522425435433 5
      vertex -0.7639320225002102 8.851141009169893 5
    endloop
  endfacet
  facet normal 0.5003427336166774 0.5003427336166774 -0.706621750184624
    outer loop
      vertex -2.929391029825826 7.689031720763829 2.6
      vertex -1.323477574564567 9.472579301909576 5
      vertex -1.027420698090424 9.176522425435433 5
    endloop
  endfacet
  facet normal 0.6304686248866412 0.3212398094875008 -0.7066217501846245
    outer loop
      vertex -2.6143593539448986 7.300000000000001 2.6
      vertex -0.535898384862243 8.5 5
      vertex -0.3458181694295952 8.126946572303204 5
    endloop
  endfacet
  facet normal 0.38538194069712534 0.5934361481663682 -0.7066217501846243
    outer loop
      vertex -3.1999999999999993 7.885640646055101 2.6
      vertex -2 9.964101615137757 5
      vertex -1.6488589908301066 9.73606797749979 5
    endloop
  endfacet
  facet normal 0.44530174671811446 0.549901860822288 -0.706621750184624
    outer loop
      vertex -3.059543596332041 7.794427190999915 2.6
      vertex -1.6488589908301066 9.73606797749979 5
      vertex -1.323477574564567 9.472579301909576 5
    endloop
  endfacet
  facet normal 0.32123980948750086 0.6304686248866413 -0.7066217501846244
    outer loop
      vertex -3.3492213710787198 7.961672732228163 2.6
      vertex -2.373053427696796 10.154181830570405 5
      vertex -2 9.964101615137757 5
    endloop
  endfacet
  facet normal 0.2535781077013762 0.6605935554186146 -0.7066217501846254
    outer loop
      vertex -2.7819829438495383 10.248671041712946 4.941585991457076
      vertex -2.619206238375778 10.248671041712946 5
      vertex -2.373053427696796 10.154181830570405 5
    endloop
  endfacet
  facet normal -0.32123980948750375 -0.6304686248866402 -0.7066217501846241
    outer loop
      vertex 3.3492213710787198 -7.961672732228162 2.6
      vertex 2.373053427696796 -10.154181830570403 5
      vertex 2 -9.964101615137753 5
    endloop
  endfacet
  facet normal -0.4453017467181166 -0.5499018608222865 -0.7066217501846239
    outer loop
      vertex 3.059543596332041 -7.794427190999916 2.6
      vertex 1.6488589908301066 -9.736067977499792 5
      vertex 1.323477574564567 -9.472579301909576 5
    endloop
  endfacet
  facet normal -0.385381940697119 -0.5934361481663726 -0.7066217501846241
    outer loop
      vertex 3.1999999999999993 -7.885640646055101 2.6
      vertex 2 -9.964101615137753 5
      vertex 1.6488589908301066 -9.736067977499792 5
    endloop
  endfacet
  facet normal -0.6304686248866425 -0.32123980948749864 -0.7066217501846245
    outer loop
      vertex 0.535898384862243 -8.5 5
      vertex 0.3458181694295952 -8.1269465723032 5
      vertex 2.6143593539448986 -7.3 2.6
    endloop
  endfacet
  facet normal -0.5003427336166774 -0.5003427336166775 -0.706621750184624
    outer loop
      vertex 2.929391029825826 -7.689031720763831 2.6
      vertex 1.323477574564567 -9.472579301909576 5
      vertex 1.027420698090424 -9.176522425435433 5
    endloop
  endfacet
  facet normal -0.5499018608222878 -0.4453017467181144 -0.7066217501846244
    outer loop
      vertex 1.027420698090424 -9.176522425435433 5
      vertex 0.7639320225002102 -8.851141009169893 5
      vertex 2.810968279236171 -7.570608970174173 2.6
    endloop
  endfacet
  facet normal -0.5003427336166828 -0.5003427336166716 -0.7066217501846245
    outer loop
      vertex 2.929391029825826 -7.689031720763831 2.6
      vertex 1.027420698090424 -9.176522425435433 5
      vertex 2.810968279236171 -7.570608970174173 2.6
    endloop
  endfacet
  facet normal -0.44530174671811557 -0.5499018608222871 -0.7066217501846239
    outer loop
      vertex 3.059543596332041 -7.794427190999916 2.6
      vertex 1.323477574564567 -9.472579301909576 5
      vertex 2.929391029825826 -7.689031720763831 2.6
    endloop
  endfacet
  facet normal -0.5499018608222935 -0.44530174671810724 -0.7066217501846243
    outer loop
      vertex 0.7639320225002102 -8.851141009169893 5
      vertex 2.705572809000085 -7.440456403667957 2.6
      vertex 2.797755963479627 -7.554293119015178 2.6
    endloop
  endfacet
  facet normal -0.5499018608222983 -0.445301746718089 -0.706621750184632
    outer loop
      vertex 0.7639320225002102 -8.851141009169893 5
      vertex 2.802382802926239 -7.560996253185273 2.6006235439722847
      vertex 2.8052181487722763 -7.563508150414605 2.6
    endloop
  endfacet
  facet normal -0.5499018608221987 -0.4453017467182356 -0.7066217501846173
    outer loop
      vertex 0.7639320225002102 -8.851141009169893 5
      vertex 2.797755963479627 -7.554293119015178 2.6
      vertex 2.802382802926239 -7.560996253185273 2.6006235439722847
    endloop
  endfacet
  facet normal -0.5499018608222634 -0.4453017467181484 -0.7066217501846218
    outer loop
      vertex 0.7639320225002102 -8.851141009169893 5
      vertex 2.8052181487722763 -7.563508150414605 2.6
      vertex 2.810968279236171 -7.570608970174173 2.6
    endloop
  endfacet
  facet normal -0.5934361481663691 -0.3853819406971231 -0.7066217501846248
    outer loop
      vertex 0.535898384862243 -8.5 5
      vertex 2.6143593539448986 -7.3 2.6
      vertex 2.705572809000085 -7.440456403667957 2.6
    endloop
  endfacet
  facet normal -0.5934361481663682 -0.3853819406971254 -0.7066217501846244
    outer loop
      vertex 0.535898384862243 -8.5 5
      vertex 2.705572809000085 -7.440456403667957 2.6
      vertex 0.7639320225002102 -8.851141009169893 5
    endloop
  endfacet
  facet normal -0.25357810770137956 -0.6605935554186145 -0.7066217501846241
    outer loop
      vertex 3.5055728090000855 -8.021690426072245 2.6
      vertex 2.7819829438495347 -10.248671041712948 4.941585991457079
      vertex 2.373053427696796 -10.154181830570403 5
    endloop
  endfacet
  facet normal -0.1831381511026533 -0.6834808847193318 -0.706621750184624
    outer loop
      vertex 3.2031953725415185 -10.248671041712948 4.832418582738124
      vertex 2.7819829438495347 -10.248671041712948 4.941585991457079
      vertex 3.5055728090000855 -8.021690426072245 2.6
    endloop
  endfacet
  facet normal -0.11069169459632357 -0.6988798544194939 -0.7066217501846239
    outer loop
      vertex 3.2031953725415185 -10.248671041712948 4.832418582738124
      vertex 3.6673412946915853 -8.065036161174088 2.6
      vertex 3.6059987968981773 -10.248671041712948 4.769319769802362
    endloop
  endfacet
  facet normal -0.037032476720272385 -0.7066217501846243 -0.7066217501846239
    outer loop
      vertex 3.6059987968981773 -10.248671041712948 4.769319769802362
      vertex 3.8327544587717526 -8.091235032589237 2.6
      vertex 4 -10.248671041712948 4.7486710417129485
    endloop
  endfacet
  facet normal -0.3298090463530307 -0.6283986359533786 -0.7045148311253906
    outer loop
      vertex 3.09109640523015 -7.816774185429851 0.8
      vertex 3.7163160903659715 -7.248012994148332 0
      vertex 3.432632180731943 -7.9960259882966636 0.8
    endloop
  endfacet
  facet normal -0.16983975786898828 -0.6890669846766466 -0.7045148311253905
    outer loop
      vertex 3.807141311591483 -8.088334198556886 0.8
      vertex 3.432632180731943 -7.9960259882966636 0.8
      vertex 3.7163160903659715 -7.248012994148332 0
    endloop
  endfacet
  facet normal -0.6631226582407964 -0.7485107481710999 -1.0070316113419074e-16
    outer loop
      vertex 3.09109640523015 -7.816774185429851 0.8
      vertex 3.0832476008988685 -7.809820751554802 2.6
      vertex 2.802382802926239 -7.560996253185273 0.8
    endloop
  endfacet
  facet normal -0.4647231720437688 -0.8854560256532097 2.3198531111769477e-16
    outer loop
      vertex 3.09109640523015 -7.816774185429851 0.8
      vertex 3.4160702225405686 -7.987333602087791 2.6
      vertex 3.1059989008158126 -7.824595618475978 2.6
    endloop
  endfacet
  facet normal -0.4647231720437469 -0.8854560256532213 0
    outer loop
      vertex 3.09109640523015 -7.816774185429851 0.8
      vertex 3.1059989008158126 -7.824595618475978 2.6
      vertex 3.09109640523015 -7.816774185429851 2.6015590116914877
    endloop
  endfacet
  facet normal -0.6631226582407835 -0.7485107481711113 0
    outer loop
      vertex 3.09109640523015 -7.816774185429851 0.8
      vertex 3.09109640523015 -7.816774185429851 2.6015590116914877
      vertex 3.0832476008988685 -7.809820751554802 2.6
    endloop
  endfacet
  facet normal -0.23931566428755785 -0.970941817426052 1.5977351152057546e-16
    outer loop
      vertex 3.807141311591483 -8.088334198556886 0.8
      vertex 3.794020128270173 -8.085100117331399 2.6
      vertex 3.432632180731943 -7.9960259882966636 0.8
    endloop
  endfacet
  facet normal -0.2393156642875587 -0.9709418174260517 3.544186810192355e-16
    outer loop
      vertex 3.432632180731943 -7.9960259882966636 0.8
      vertex 3.794020128270173 -8.085100117331399 2.6
      vertex 3.4496269486579756 -8.000214822377796 2.6
    endloop
  endfacet
  facet normal -0.23931566428757847 -0.9709418174260469 0
    outer loop
      vertex 3.807141311591483 -8.088334198556886 0.8
      vertex 3.807141311591483 -8.088334198556886 2.6011432257765823
      vertex 3.794020128270173 -8.085100117331399 2.6
    endloop
  endfacet
  facet normal 0 -1 0
    outer loop
      vertex 3.807141311591483 -8.088334198556886 0.8
      vertex 3.8144393135061776 -8.088334198556886 2.6
      vertex 3.807141311591483 -8.088334198556886 2.6011432257765823
    endloop
  endfacet
  facet normal -0.46472317204376656 -0.8854560256532108 -2.869193531869956e-16
    outer loop
      vertex 3.09109640523015 -7.816774185429851 0.8
      vertex 3.432632180731943 -7.9960259882966636 0.8
      vertex 3.4160702225405686 -7.987333602087791 2.6
    endloop
  endfacet
  facet normal -0.46472317204374236 -0.8854560256532237 0
    outer loop
      vertex 3.432632180731943 -7.9960259882966636 0.8
      vertex 3.432632180731943 -7.9960259882966636 2.602182758020667
      vertex 3.4160702225405686 -7.987333602087791 2.6
    endloop
  endfacet
  facet normal -0.23931566428752332 -0.9709418174260606 0
    outer loop
      vertex 3.432632180731943 -7.9960259882966636 0.8
      vertex 3.4496269486579756 -8.000214822377796 2.6
      vertex 3.432632180731943 -7.9960259882966636 2.602182758020667
    endloop
  endfacet
  facet normal -0.2535781077013621 -0.6605935554186222 -0.7066217501846233
    outer loop
      vertex 3.4160702225405686 -7.987333602087791 2.6
      vertex 3.432632180731943 -7.9960259882966636 2.602182758020667
      vertex 2.373053427696796 -10.154181830570403 5
    endloop
  endfacet
  facet normal -0.2535781077013856 -0.6605935554186121 -0.7066217501846244
    outer loop
      vertex 3.3492213710787198 -7.961672732228162 2.6
      vertex 3.4160702225405686 -7.987333602087791 2.6
      vertex 2.373053427696796 -10.154181830570403 5
    endloop
  endfacet
  facet normal -0.25357810770136124 -0.6605935554186225 -0.7066217501846231
    outer loop
      vertex 3.432632180731943 -7.9960259882966636 2.602182758020667
      vertex 3.4496269486579756 -8.000214822377796 2.6
      vertex 2.373053427696796 -10.154181830570403 5
    endloop
  endfacet
  facet normal -0.25357810770137584 -0.6605935554186161 -0.706621750184624
    outer loop
      vertex 3.5055728090000855 -8.021690426072245 2.6
      vertex 2.373053427696796 -10.154181830570403 5
      vertex 3.4496269486579756 -8.000214822377796 2.6
    endloop
  endfacet
  facet normal -0.32123980948750175 -0.6304686248866413 -0.706621750184624
    outer loop
      vertex 3.1999999999999993 -7.885640646055101 2.6
      vertex 3.3492213710787198 -7.961672732228162 2.6
      vertex 2 -9.964101615137753 5
    endloop
  endfacet
  facet normal -0.38538194069712506 -0.5934361481663684 -0.7066217501846244
    outer loop
      vertex 3.09109640523015 -7.816774185429851 2.6015590116914877
      vertex 1.6488589908301066 -9.736067977499792 5
      vertex 3.0832476008988685 -7.809820751554802 2.6
    endloop
  endfacet
  facet normal -0.38538194069710113 -0.5934361481663851 -0.7066217501846234
    outer loop
      vertex 3.09109640523015 -7.816774185429851 2.6015590116914877
      vertex 3.1059989008158126 -7.824595618475978 2.6
      vertex 1.6488589908301066 -9.736067977499792 5
    endloop
  endfacet
  facet normal -0.3853819406971227 -0.5934361481663698 -0.7066217501846243
    outer loop
      vertex 3.1999999999999993 -7.885640646055101 2.6
      vertex 1.6488589908301066 -9.736067977499792 5
      vertex 3.1059989008158126 -7.824595618475978 2.6
    endloop
  endfacet
  facet normal -0.38538194069711457 -0.5934361481663757 -0.706621750184624
    outer loop
      vertex 3.059543596332041 -7.794427190999916 2.6
      vertex 3.0832476008988685 -7.809820751554802 2.6
      vertex 1.6488589908301066 -9.736067977499792 5
    endloop
  endfacet
  facet normal -0.183138151102654 -0.6834808847193317 -0.7066217501846239
    outer loop
      vertex 3.2031953725415185 -10.248671041712948 4.832418582738124
      vertex 3.5055728090000855 -8.021690426072245 2.6
      vertex 3.6673412946915853 -8.065036161174088 2.6
    endloop
  endfacet
  facet normal -0.11069169459633077 -0.6988798544194946 -0.7066217501846221
    outer loop
      vertex 3.6059987968981773 -10.248671041712948 4.769319769802362
      vertex 3.807141311591483 -8.088334198556886 2.6011432257765823
      vertex 3.8144393135061776 -8.088334198556886 2.6
    endloop
  endfacet
  facet normal -0.11069169459634057 -0.6988798544194919 -0.7066217501846235
    outer loop
      vertex 3.6059987968981773 -10.248671041712948 4.769319769802362
      vertex 3.8144393135061776 -8.088334198556886 2.6
      vertex 3.8327544587717526 -8.091235032589237 2.6
    endloop
  endfacet
  facet normal -0.11069169459632751 -0.6988798544194935 -0.7066217501846238
    outer loop
      vertex 3.6059987968981773 -10.248671041712948 4.769319769802362
      vertex 3.6673412946915853 -8.065036161174088 2.6
      vertex 3.794020128270173 -8.085100117331399 2.6
    endloop
  endfacet
  facet normal -0.1106916945963339 -0.698879854419493 -0.7066217501846233
    outer loop
      vertex 3.6059987968981773 -10.248671041712948 4.769319769802362
      vertex 3.794020128270173 -8.085100117331399 2.6
      vertex 3.807141311591483 -8.088334198556886 2.6011432257765823
    endloop
  endfacet
  facet normal 0 0 -1
    outer loop
      vertex 3.1999999999999993 -7.885640646055101 2.6
      vertex 3.1059989008158126 -7.824595618475978 2.6
      vertex 3.4160702225405686 -7.987333602087791 2.6
    endloop
  endfacet
  facet normal 0 0 -1
    outer loop
      vertex 3.059543596332041 -7.794427190999916 2.6
      vertex 2.810968279236171 -7.570608970174173 2.6
      vertex 3.0832476008988685 -7.809820751554802 2.6
    endloop
  endfacet
  facet normal 0 0 -1
    outer loop
      vertex 3.5055728090000855 -8.021690426072245 2.6
      vertex 3.4496269486579756 -8.000214822377796 2.6
      vertex 3.794020128270173 -8.085100117331399 2.6
    endloop
  endfacet
  facet normal 0 0 -1
    outer loop
      vertex 3.5055728090000855 -8.021690426072245 2.6
      vertex 3.794020128270173 -8.085100117331399 2.6
      vertex 3.6673412946915853 -8.065036161174088 2.6
    endloop
  endfacet
  facet normal 0 0 -1
    outer loop
      vertex 3.1999999999999993 -7.885640646055101 2.6
      vertex 3.4160702225405686 -7.987333602087791 2.6
      vertex 3.3492213710787198 -7.961672732228162 2.6
    endloop
  endfacet
  facet normal -0.03703247672026984 -0.7066217501846243 -0.706621750184624
    outer loop
      vertex 4 -10.248671041712948 4.7486710417129485
      vertex 3.8327544587717526 -8.091235032589237 2.6
      vertex 4 -8.1 2.6
    endloop
  endfacet
  facet normal -0.2535781077013796 -0.6605935554186179 -0.706621750184621
    outer loop
      vertex 2.373053427696796 -10.154181830570403 5
      vertex 2.7819829438495347 -10.248671041712948 4.941585991457079
      vertex 2.619206238375785 -10.248671041712948 5
    endloop
  endfacet
  facet normal -0.9350162426854158 -0.3546048870425329 4.56356510059448e-16
    outer loop
      vertex 2.583270358954863 -7.243557075270029 0.8
      vertex 2.576487730657824 -7.225672754276255 2.6
      vertex 2.446493092118317 -6.882905062860092 0.8
    endloop
  endfacet
  facet normal -0.8229838658936326 -0.5680647467311902 0
    outer loop
      vertex 2.583270358954863 -7.243557075270029 0.8
      vertex 2.592169008291947 -7.256448994500727 2.6
      vertex 2.583270358954863 -7.243557075270029 2.6020787946775172
    endloop
  endfacet
  facet normal -0.935016242685431 -0.35460488704249266 0
    outer loop
      vertex 2.583270358954863 -7.243557075270029 0.8
      vertex 2.583270358954863 -7.243557075270029 2.6020787946775172
      vertex 2.576487730657824 -7.225672754276255 2.6
    endloop
  endfacet
  facet normal -0.9927088740980536 -0.1205366802553268 -1.5812164516169252e-16
    outer loop
      vertex 2.446493092118317 -6.882905062860092 0.8
      vertex 2.44489027348391 -6.869704663790079 2.6
      vertex 2.3999999999999986 -6.5 0.8
    endloop
  endfacet
  facet normal -0.9350162426854166 -0.3546048870425312 8.206932870328309e-16
    outer loop
      vertex 2.446493092118317 -6.882905062860092 0.8
      vertex 2.576487730657824 -7.225672754276255 2.6
      vertex 2.4530838093742275 -6.900283356026376 2.6
    endloop
  endfacet
  facet normal -0.9350162426853883 -0.3546048870426055 0
    outer loop
      vertex 2.446493092118317 -6.882905062860092 0.8
      vertex 2.4530838093742275 -6.900283356026376 2.6
      vertex 2.446493092118317 -6.882905062860092 2.6018708747372483
    endloop
  endfacet
  facet normal -0.992708874098051 -0.12053668025534803 0
    outer loop
      vertex 2.446493092118317 -6.882905062860092 0.8
      vertex 2.446493092118317 -6.882905062860092 2.6018708747372483
      vertex 2.44489027348391 -6.869704663790079 2.6
    endloop
  endfacet
  facet normal -0.9927088740980536 -0.12053668025532602 0
    outer loop
      vertex 2.3999999999999986 -6.5 0.8
      vertex 2.44489027348391 -6.869704663790079 2.6
      vertex 2.3999999999999986 -6.5 2.6
    endloop
  endfacet
  facet normal -0.6605935554186146 -0.2535781077013796 -0.7066217501846239
    outer loop
      vertex 0.3458181694295952 -8.1269465723032 5
      vertex 0.19577393481938543 -7.73606797749979 5
      vertex 2.5383272677718374 -7.15077862892128 2.6
    endloop
  endfacet
  facet normal -0.6834808847193318 -0.18313815110265375 -0.7066217501846237
    outer loop
      vertex 0.19577393481938543 -7.73606797749979 5
      vertex 0.08740959706477724 -7.331646763271037 5
      vertex 2.4783095739277528 -6.994427190999916 2.6
    endloop
  endfacet
  facet normal -0.6988798544194934 -0.11069169459632591 -0.7066217501846243
    outer loop
      vertex 2.4349638388259116 -6.832658705308415 2.6
      vertex 0.08740959706477724 -7.331646763271037 5
      vertex 0.021912418526905952 -6.918113853070614 5
    endloop
  endfacet
  facet normal -0.7066217501846244 -0.037032476720270865 -0.7066217501846238
    outer loop
      vertex 0 -6.5 5
      vertex 2.408764967410761 -6.667245541228246 2.6
      vertex 0.021912418526905952 -6.918113853070614 5
    endloop
  endfacet
  facet normal -0.6304686248866403 -0.3212398094875027 -0.7066217501846244
    outer loop
      vertex 0.3458181694295952 -8.1269465723032 5
      vertex 2.592169008291947 -7.256448994500727 2.6
      vertex 2.6143593539448986 -7.3 2.6
    endloop
  endfacet
  facet normal -0.6304686248866254 -0.3212398094875403 -0.7066217501846207
    outer loop
      vertex 0.3458181694295952 -8.1269465723032 5
      vertex 2.583270358954863 -7.243557075270029 2.6020787946775172
      vertex 2.592169008291947 -7.256448994500727 2.6
    endloop
  endfacet
  facet normal -0.6304686248866517 -0.32123980948747494 -0.7066217501846269
    outer loop
      vertex 0.3458181694295952 -8.1269465723032 5
      vertex 2.576487730657824 -7.225672754276255 2.6
      vertex 2.583270358954863 -7.243557075270029 2.6020787946775172
    endloop
  endfacet
  facet normal -0.6304686248866377 -0.321239809487509 -0.706621750184624
    outer loop
      vertex 0.3458181694295952 -8.1269465723032 5
      vertex 2.5383272677718374 -7.15077862892128 2.6
      vertex 2.576487730657824 -7.225672754276255 2.6
    endloop
  endfacet
  facet normal -0.6605935554186138 -0.2535781077013825 -0.7066217501846239
    outer loop
      vertex 0.19577393481938543 -7.73606797749979 5
      vertex 2.4783095739277528 -6.994427190999916 2.6
      vertex 2.5383272677718374 -7.15077862892128 2.6
    endloop
  endfacet
  facet normal -0.6834808847193369 -0.18313815110262868 -0.7066217501846255
    outer loop
      vertex 2.4783095739277528 -6.994427190999916 2.6
      vertex 0.08740959706477724 -7.331646763271037 5
      vertex 2.4530838093742275 -6.900283356026376 2.6
    endloop
  endfacet
  facet normal 0 0 -1
    outer loop
      vertex 2.576487730657824 -7.225672754276255 2.6
      vertex 2.5383272677718374 -7.15077862892128 2.6
      vertex 2.4783095739277528 -6.994427190999916 2.6
    endloop
  endfacet
  facet normal -0.6988798544194925 -0.11069169459633481 -0.7066217501846237
    outer loop
      vertex 2.4349638388259116 -6.832658705308415 2.6
      vertex 0.021912418526905952 -6.918113853070614 5
      vertex 2.408764967410761 -6.667245541228246 2.6
    endloop
  endfacet
  facet normal -0.6834808847193173 -0.18313815110271592 -0.7066217501846218
    outer loop
      vertex 2.4530838093742275 -6.900283356026376 2.6
      vertex 0.08740959706477724 -7.331646763271037 5
      vertex 2.446493092118317 -6.882905062860092 2.6018708747372483
    endloop
  endfacet
  facet normal -0.683480884719331 -0.18313815110265622 -0.7066217501846241
    outer loop
      vertex 2.446493092118317 -6.882905062860092 2.6018708747372483
      vertex 0.08740959706477724 -7.331646763271037 5
      vertex 2.44489027348391 -6.869704663790079 2.6
    endloop
  endfacet
  facet normal -0.6834808847193329 -0.18313815110264767 -0.7066217501846243
    outer loop
      vertex 2.44489027348391 -6.869704663790079 2.6
      vertex 0.08740959706477724 -7.331646763271037 5
      vertex 2.4349638388259116 -6.832658705308415 2.6
    endloop
  endfacet
  facet normal -0.7066217501846243 -0.037032476720271115 -0.7066217501846238
    outer loop
      vertex 0 -6.5 5
      vertex 2.3999999999999986 -6.5 2.6
      vertex 2.408764967410761 -6.667245541228246 2.6
    endloop
  endfacet
  facet normal 0 0 -1
    outer loop
      vertex 2.576487730657824 -7.225672754276255 2.6
      vertex 2.4783095739277528 -6.994427190999916 2.6
      vertex 2.4530838093742275 -6.900283356026376 2.6
    endloop
  endfacet
  facet normal 0 0 -1
    outer loop
      vertex 2.44489027348391 -6.869704663790079 2.6
      vertex 2.4349638388259116 -6.832658705308415 2.6
      vertex 2.3999999999999986 -6.5 2.6
    endloop
  endfacet
  facet normal 0 0 -1
    outer loop
      vertex 2.4349638388259116 -6.832658705308415 2.6
      vertex 2.408764967410761 -6.667245541228246 2.6
      vertex 2.3999999999999986 -6.5 2.6
    endloop
  endfacet
  facet normal -0.47061103187014475 -0.531210042644602 -0.7045148311253906
    outer loop
      vertex 3.09109640523015 -7.816774185429851 0.8
      vertex 2.802382802926239 -7.560996253185273 0.8
      vertex 3.4011914014631195 -7.0304981265926365 0
    endloop
  endfacet
  facet normal -0.584062814816461 -0.4031494525272665 -0.7045148311253907
    outer loop
      vertex 2.583270358954863 -7.243557075270029 0.8
      vertex 3.4011914014631195 -7.0304981265926365 0
      vertex 2.802382802926239 -7.560996253185273 0.8
    endloop
  endfacet
  facet normal -0.08400307674871904 -0.6918275794833098 -0.7171597335064297
    outer loop
      vertex 3.807141311591483 -8.088334198556886 0.8
      vertex 3.7163160903659715 -7.248012994148332 0
      vertex 4.09642934420426 -7.294167099278443 0
    endloop
  endfacet
  facet normal -0.3958893377254085 -0.5735447226784706 -0.7171597335064301
    outer loop
      vertex 3.09109640523015 -7.816774185429851 0.8
      vertex 3.4011914014631195 -7.0304981265926365 0
      vertex 3.7163160903659715 -7.248012994148332 0
    endloop
  endfacet
  facet normal -0.8229838658936548 -0.568064746731158 -9.045580076901798e-16
    outer loop
      vertex 2.583270358954863 -7.243557075270029 0.8
      vertex 2.802382802926239 -7.560996253185273 0.8
      vertex 2.797755963479627 -7.554293119015178 2.6
    endloop
  endfacet
  facet normal -0.6631226582407972 -0.7485107481710995 6.510087063252453e-17
    outer loop
      vertex 3.0832476008988685 -7.809820751554802 2.6
      vertex 2.8052181487722763 -7.563508150414605 2.6
      vertex 2.802382802926239 -7.560996253185273 0.8
    endloop
  endfacet
  facet normal -0.6631226582407704 -0.7485107481711231 0
    outer loop
      vertex 2.802382802926239 -7.560996253185273 0.8
      vertex 2.8052181487722763 -7.563508150414605 2.6
      vertex 2.802382802926239 -7.560996253185273 2.6006235439722847
    endloop
  endfacet
  facet normal -0.8229838658935411 -0.5680647467313229 0
    outer loop
      vertex 2.802382802926239 -7.560996253185273 0.8
      vertex 2.802382802926239 -7.560996253185273 2.6006235439722847
      vertex 2.797755963479627 -7.554293119015178 2.6
    endloop
  endfacet
  facet normal -0.8229838658936584 -0.568064746731153 3.9407105511491373e-16
    outer loop
      vertex 2.583270358954863 -7.243557075270029 0.8
      vertex 2.797755963479627 -7.554293119015178 2.6
      vertex 2.592169008291947 -7.256448994500727 2.6
    endloop
  endfacet
  facet normal -0.6635709899475997 -0.2516592816176759 -0.7045148311253906
    outer loop
      vertex 2.583270358954863 -7.243557075270029 0.8
      vertex 2.446493092118317 -6.882905062860092 0.8
      vertex 3.2232465460591584 -6.691452531430046 0
    endloop
  endfacet
  facet normal -0.617082122412924 -0.3238696818711918 -0.7171597335064303
    outer loop
      vertex 2.583270358954863 -7.243557075270029 0.8
      vertex 3.2232465460591584 -6.691452531430046 0
      vertex 3.4011914014631195 -7.0304981265926365 0
    endloop
  endfacet
  facet normal -0.7045148311253902 -0.08554358800474351 -0.7045148311253906
    outer loop
      vertex 2.446493092118317 -6.882905062860092 0.8
      vertex 2.3999999999999986 -6.5 0.8
      vertex 3.2232465460591584 -6.691452531430046 0
    endloop
  endfacet
  facet normal 0 0 -1
    outer loop
      vertex 3.0832476008988685 -7.809820751554802 2.6
      vertex 2.810968279236171 -7.570608970174173 2.6
      vertex 2.8052181487722763 -7.563508150414605 2.6
    endloop
  endfacet
  facet normal 0 0 -1
    outer loop
      vertex 2.592169008291947 -7.256448994500727 2.6
      vertex 2.797755963479627 -7.554293119015178 2.6
      vertex 2.6143593539448986 -7.3 2.6
    endloop
  endfacet
  facet normal 0 0 -1
    outer loop
      vertex 2.797755963479627 -7.554293119015178 2.6
      vertex 2.705572809000085 -7.440456403667957 2.6
      vertex 2.6143593539448986 -7.3 2.6
    endloop
  endfacet
  facet normal 0 0 -1
    outer loop
      vertex 3.059543596332041 -7.794427190999916 2.6
      vertex 2.929391029825826 -7.689031720763831 2.6
      vertex 2.810968279236171 -7.570608970174173 2.6
    endloop
  endfacet
  facet normal 0 -0.7071067811865476 -0.7071067811865476
    outer loop
      vertex 4 -10.248671041712948 4.7486710417129485
      vertex 4 -8.1 2.6
      vertex 16.900173044608344 -10.248671041712948 4.7486710417129485
    endloop
  endfacet
  facet normal 0 -0.7096892649070877 -0.7045148311253905
    outer loop
      vertex 3.807141311591483 -8.088334198556886 0.8
      vertex 4.09642934420426 -7.294167099278443 0
      vertex 17.19285868840852 -8.088334198556886 0.8
    endloop
  endfacet
  facet normal 0 -1 0
    outer loop
      vertex 3.807141311591483 -8.088334198556886 0.8
      vertex 17.18556068649383 -8.088334198556886 2.6
      vertex 3.8144393135061776 -8.088334198556886 2.6
    endloop
  endfacet
  facet normal 0 0 -1
    outer loop
      vertex 3.8327544587717526 -8.091235032589237 2.6
      vertex 3.8144393135061776 -8.088334198556886 2.6
      vertex 17.18556068649383 -8.088334198556886 2.6
    endloop
  endfacet
  facet normal 0 0 -1
    outer loop
      vertex 3.8327544587717526 -8.091235032589237 2.6
      vertex 17.18556068649383 -8.088334198556886 2.6
      vertex 4 -8.1 2.6
    endloop
  endfacet
  facet normal 0 0 -1
    outer loop
      vertex 3.7163160903659715 -7.248012994148332 0
      vertex 3.4011914014631195 -7.0304981265926365 0
      vertex 17.09642934420426 -7.294167099278443 0
    endloop
  endfacet
  facet normal 0 0 -1
    outer loop
      vertex 3.7163160903659715 -7.248012994148332 0
      vertex 17.09642934420426 -7.294167099278443 0
      vertex 4.09642934420426 -7.294167099278443 0
    endloop
  endfacet
  facet normal -1 0 0
    outer loop
      vertex 2.3999999999999986 -6.5 0.8
      vertex 2.3999999999999986 -6.5 2.6
      vertex 2.3999999999999986 6.5 0.8
    endloop
  endfacet
  facet normal -0.7071067811865478 -3.2207024793513375e-18 -0.7071067811865474
    outer loop
      vertex 0 -6.5 5
      vertex 2.3999999999999986 6.5 2.6
      vertex 2.3999999999999986 -6.5 2.6
    endloop
  endfacet
  facet normal -0.6969088295013816 -2.379774031820625e-18 -0.7171597335064304
    outer loop
      vertex 2.3999999999999986 -6.5 0.8
      vertex 3.2232465460591584 6.691452531430045 0
      vertex 3.2232465460591584 -6.691452531430046 0
    endloop
  endfacet
  facet normal 0 0 -1
    outer loop
      vertex 3.2232465460591584 -6.691452531430046 0
      vertex 3.2232465460591584 6.691452531430045 0
      vertex 3.4011914014631195 -7.0304981265926365 0
    endloop
  endfacet
  facet normal 0 0 -1
    outer loop
      vertex 3.4011914014631195 -7.0304981265926365 0
      vertex 3.2232465460591584 6.691452531430045 0
      vertex 3.4011914014631195 -5.9695018734073635 0
    endloop
  endfacet
  facet normal 0 0 -1
    outer loop
      vertex 3.4011914014631195 -7.0304981265926365 0
      vertex 3.4011914014631195 -5.9695018734073635 0
      vertex 17.454451797384927 7.158387092714925 0
    endloop
  endfacet
  facet normal 0 -1 0
    outer loop
      vertex 3.807141311591483 -8.088334198556886 0.8
      vertex 17.19285868840852 -8.088334198556886 0.8
      vertex 17.18556068649383 -8.088334198556886 2.6
    endloop
  endfacet
  facet normal 0 -0.7071067811865476 -0.7071067811865474
    outer loop
      vertex 4 -8.1 2.6
      vertex 17 -8.1 2.6
      vertex 16.900173044608344 -10.248671041712948 4.7486710417129485
    endloop
  endfacet
  facet normal 0 0 -1
    outer loop
      vertex 4 -8.1 2.6
      vertex 17.18556068649383 -8.088334198556886 2.6
      vertex 17 -8.1 2.6
    endloop
  endfacet
  facet normal 0 -0.7096892649070877 -0.7045148311253905
    outer loop
      vertex 4.09642934420426 -7.294167099278443 0
      vertex 17.09642934420426 -7.294167099278443 0
      vertex 17.19285868840852 -8.088334198556886 0.8
    endloop
  endfacet
  facet normal 0 0 -1
    outer loop
      vertex 3.4011914014631195 -7.0304981265926365 0
      vertex 17.454451797384927 -7.158387092714925 0
      vertex 17.09642934420426 -7.294167099278443 0
    endloop
  endfacet
  facet normal 6.3043169134707715e-15 -0.7071067811865477 -0.7071067811865472
    outer loop
      vertex 16.900173044608344 -10.248671041712948 4.7486710417129485
      vertex 17 -8.1 2.6
      vertex 17 -10.246012654003842 4.746012654003843
    endloop
  endfacet
  facet normal 0.037032476720268874 -0.7066217501846243 -0.7066217501846239
    outer loop
      vertex 17 -10.246012654003842 4.746012654003843
      vertex 17 -8.1 2.6
      vertex 17.299197895824065 -10.238045026365313 4.7537253236516115
    endloop
  endfacet
  facet normal 0.03703247672027102 -0.7066217501846243 -0.706621750184624
    outer loop
      vertex 17.299197895824065 -10.238045026365313 4.7537253236516115
      vertex 17.167245541228247 -8.091235032589237 2.6
      vertex 17.39158407143797 -10.225673570129183 4.746195621715859
    endloop
  endfacet
  facet normal 0.11069169459632375 -0.698879854419494 -0.7066217501846239
    outer loop
      vertex 17.39158407143797 -10.225673570129183 4.746195621715859
      vertex 17.167245541228247 -8.091235032589237 2.6
      vertex 17.694832715326676 -10.185065467221953 4.753536071152444
    endloop
  endfacet
  facet normal 0.1106916945963239 -0.6988798544194939 -0.706621750184624
    outer loop
      vertex 17.694832715326676 -10.185065467221953 4.753536071152444
      vertex 17.33265870530842 -8.065036161174088 2.6
      vertex 17.778918364640774 -10.164522791114706 4.746390410164666
    endloop
  endfacet
  facet normal 0.18313815110265552 -0.6834808847193312 -0.706621750184624
    outer loop
      vertex 17.778918364640774 -10.164522791114706 4.746390410164666
      vertex 17.33265870530842 -8.065036161174088 2.6
      vertex 18.08259480252358 -10.09033264385752 4.753334993856318
    endloop
  endfacet
  facet normal 0.18313815110266116 -0.6834808847193296 -0.7066217501846241
    outer loop
      vertex 18.08259480252358 -10.09033264385752 4.753334993856318
      vertex 17.494427190999915 -8.021690426072245 2.6
      vertex 18.157762151002864 -10.06322551210614 4.7465970224216605
    endloop
  endfacet
  facet normal 0.253578107701375 -0.6605935554186165 -0.706621750184624
    outer loop
      vertex 17.494427190999915 -8.021690426072245 2.6
      vertex 18.458090658024958 -9.954919917014049 4.753122092396684
      vertex 18.157762151002864 -10.06322551210614 4.7465970224216605
    endloop
  endfacet
  facet normal 0.16983975786898978 -0.6890669846766462 -0.7045148311253906
    outer loop
      vertex 17.19285868840852 -8.088334198556886 0.8
      vertex 17.09642934420426 -7.294167099278443 0
      vertex 17.567367819268057 -7.9960259882966636 0.8
    endloop
  endfacet
  facet normal 0.23931566428755993 -0.9709418174260515 -1.2269043696542357e-16
    outer loop
      vertex 17.19285868840852 -8.088334198556886 0.8
      vertex 17.567367819268057 -7.9960259882966636 0.8
      vertex 17.55037305134202 -8.000214822377798 2.6
    endloop
  endfacet
  facet normal 0 -1 0
    outer loop
      vertex 17.19285868840852 -8.088334198556886 0.8
      vertex 17.19285868840852 -8.088334198556886 2.6011432257765823
      vertex 17.18556068649383 -8.088334198556886 2.6
    endloop
  endfacet
  facet normal 0.23931566428770068 -0.9709418174260168 0
    outer loop
      vertex 17.19285868840852 -8.088334198556886 0.8
      vertex 17.205979871729824 -8.085100117331399 2.6
      vertex 17.19285868840852 -8.088334198556886 2.6011432257765823
    endloop
  endfacet
  facet normal 0.239315664287554 -0.9709418174260529 1.1339156652561412e-15
    outer loop
      vertex 17.19285868840852 -8.088334198556886 0.8
      vertex 17.55037305134202 -8.000214822377798 2.6
      vertex 17.205979871729824 -8.085100117331399 2.6
    endloop
  endfacet
  facet normal 0.4647231720437646 -0.885456025653212 1.896199260091373e-15
    outer loop
      vertex 17.567367819268057 -7.9960259882966636 0.8
      vertex 17.908903594769853 -7.81677418542985 0.8
      vertex 17.894001099184194 -7.824595618475972 2.6
    endloop
  endfacet
  facet normal 0.2393156642875718 -0.9709418174260485 0
    outer loop
      vertex 17.567367819268057 -7.9960259882966636 0.8
      vertex 17.567367819268057 -7.9960259882966636 2.6021827580206676
      vertex 17.55037305134202 -8.000214822377798 2.6
    endloop
  endfacet
  facet normal 0.46472317204381675 -0.8854560256531847 0
    outer loop
      vertex 17.567367819268057 -7.9960259882966636 0.8
      vertex 17.58392977745943 -7.987333602087789 2.6
      vertex 17.567367819268057 -7.9960259882966636 2.6021827580206676
    endloop
  endfacet
  facet normal 0.46472317204377045 -0.8854560256532089 5.432841369339564e-16
    outer loop
      vertex 17.567367819268057 -7.9960259882966636 0.8
      vertex 17.894001099184194 -7.824595618475972 2.6
      vertex 17.58392977745943 -7.987333602087789 2.6
    endloop
  endfacet
  facet normal 0.46472317204358554 -0.8854560256533061 0
    outer loop
      vertex 17.908903594769853 -7.81677418542985 0.8
      vertex 17.908903594769853 -7.81677418542985 2.601559011691487
      vertex 17.894001099184194 -7.824595618475972 2.6
    endloop
  endfacet
  facet normal 0.6631226582408353 -0.7485107481710657 0
    outer loop
      vertex 17.908903594769853 -7.81677418542985 0.8
      vertex 17.916752399101128 -7.809820751554806 2.6
      vertex 17.908903594769853 -7.81677418542985 2.601559011691487
    endloop
  endfacet
  facet normal 0.6631226582408032 -0.748510748171094 2.4839230370351027e-16
    outer loop
      vertex 17.908903594769853 -7.81677418542985 0.8
      vertex 18.194781851227717 -7.5635081504146084 2.6
      vertex 17.916752399101128 -7.809820751554806 2.6
    endloop
  endfacet
  facet normal 0.03703247672027123 -0.7066217501846243 -0.7066217501846239
    outer loop
      vertex 17.299197895824065 -10.238045026365313 4.7537253236516115
      vertex 17 -8.1 2.6
      vertex 17.167245541228247 -8.091235032589237 2.6
    endloop
  endfacet
  facet normal 0.11069169459630228 -0.6988798544194991 -0.7066217501846221
    outer loop
      vertex 17.694832715326676 -10.185065467221953 4.753536071152444
      vertex 17.167245541228247 -8.091235032589237 2.6
      vertex 17.18556068649383 -8.088334198556886 2.6
    endloop
  endfacet
  facet normal 0.11069169459637855 -0.6988798544194884 -0.7066217501846209
    outer loop
      vertex 17.694832715326676 -10.185065467221953 4.753536071152444
      vertex 17.18556068649383 -8.088334198556886 2.6
      vertex 17.19285868840852 -8.088334198556886 2.6011432257765823
    endloop
  endfacet
  facet normal 0.11069169459638066 -0.6988798544194815 -0.7066217501846274
    outer loop
      vertex 17.694832715326676 -10.185065467221953 4.753536071152444
      vertex 17.19285868840852 -8.088334198556886 2.6011432257765823
      vertex 17.205979871729824 -8.085100117331399 2.6
    endloop
  endfacet
  facet normal 0.1106916945963225 -0.6988798544194942 -0.7066217501846239
    outer loop
      vertex 17.694832715326676 -10.185065467221953 4.753536071152444
      vertex 17.205979871729824 -8.085100117331399 2.6
      vertex 17.33265870530842 -8.065036161174088 2.6
    endloop
  endfacet
  facet normal 0.18313815110265774 -0.6834808847193304 -0.7066217501846241
    outer loop
      vertex 18.08259480252358 -10.09033264385752 4.753334993856318
      vertex 17.33265870530842 -8.065036161174088 2.6
      vertex 17.494427190999915 -8.021690426072245 2.6
    endloop
  endfacet
  facet normal 0.2535781077013716 -0.6605935554186179 -0.7066217501846238
    outer loop
      vertex 17.494427190999915 -8.021690426072245 2.6
      vertex 17.55037305134202 -8.000214822377798 2.6
      vertex 18.458090658024958 -9.954919917014049 4.753122092396684
    endloop
  endfacet
  facet normal 0.2535781077013926 -0.660593555418609 -0.7066217501846246
    outer loop
      vertex 17.55037305134202 -8.000214822377798 2.6
      vertex 17.567367819268057 -7.9960259882966636 2.6021827580206676
      vertex 18.458090658024958 -9.954919917014049 4.753122092396684
    endloop
  endfacet
  facet normal 0.25357810770140427 -0.6605935554186042 -0.7066217501846249
    outer loop
      vertex 17.58392977745943 -7.987333602087789 2.6
      vertex 18.458090658024958 -9.954919917014049 4.753122092396684
      vertex 17.567367819268057 -7.9960259882966636 2.6021827580206676
    endloop
  endfacet
  facet normal 0.25357810770137035 -0.6605935554186181 -0.706621750184624
    outer loop
      vertex 17.58392977745943 -7.987333602087789 2.6
      vertex 17.65077862892128 -7.961672732228162 2.6
      vertex 18.458090658024958 -9.954919917014049 4.753122092396684
    endloop
  endfacet
  facet normal 0.32123980948750763 -0.6304686248866379 -0.7066217501846243
    outer loop
      vertex 17.65077862892128 -7.961672732228162 2.6
      vertex 17.799999999999997 -7.885640646055101 2.6
      vertex 18.817065763747436 -9.780361566994856 4.752897367444248
    endloop
  endfacet
  facet normal 0 0 -1
    outer loop
      vertex 17 -8.1 2.6
      vertex 17.18556068649383 -8.088334198556886 2.6
      vertex 17.167245541228247 -8.091235032589237 2.6
    endloop
  endfacet
  facet normal 0 0 -1
    outer loop
      vertex 17.205979871729824 -8.085100117331399 2.6
      vertex 17.55037305134202 -8.000214822377798 2.6
      vertex 17.33265870530842 -8.065036161174088 2.6
    endloop
  endfacet
  facet normal 0 0 -1
    outer loop
      vertex 17.33265870530842 -8.065036161174088 2.6
      vertex 17.55037305134202 -8.000214822377798 2.6
      vertex 17.494427190999915 -8.021690426072245 2.6
    endloop
  endfacet
  facet normal 0 0 -1
    outer loop
      vertex 17.58392977745943 -7.987333602087789 2.6
      vertex 17.894001099184194 -7.824595618475972 2.6
      vertex 17.65077862892128 -7.961672732228162 2.6
    endloop
  endfacet
  facet normal 0 0 -1
    outer loop
      vertex 17.65077862892128 -7.961672732228162 2.6
      vertex 17.894001099184194 -7.824595618475972 2.6
      vertex 17.799999999999997 -7.885640646055101 2.6
    endloop
  endfacet
  facet normal 0 0 -1
    outer loop
      vertex 17.916752399101128 -7.809820751554806 2.6
      vertex 18.194781851227717 -7.5635081504146084 2.6
      vertex 17.94045640366796 -7.794427190999916 2.6
    endloop
  endfacet
  facet normal 0.25357810770138495 -0.6605935554186125 -0.706621750184624
    outer loop
      vertex 17.65077862892128 -7.961672732228162 2.6
      vertex 18.523967143134698 -9.922886245702282 4.746815461745079
      vertex 18.458090658024958 -9.954919917014049 4.753122092396684
    endloop
  endfacet
  facet normal 0.3212398094875025 -0.6304686248866409 -0.7066217501846239
    outer loop
      vertex 17.65077862892128 -7.961672732228162 2.6
      vertex 18.817065763747436 -9.780361566994856 4.752897367444248
      vertex 18.523967143134698 -9.922886245702282 4.746815461745079
    endloop
  endfacet
  facet normal 0.3212398094874977 -0.630468624886643 -0.7066217501846243
    outer loop
      vertex 17.799999999999997 -7.885640646055101 2.6
      vertex 18.87352286579008 -9.745036792690462 4.747045731580156
      vertex 18.817065763747436 -9.780361566994856 4.752897367444248
    endloop
  endfacet
  facet normal 0.38538194069712123 -0.5934361481663708 -0.7066217501846245
    outer loop
      vertex 17.799999999999997 -7.885640646055101 2.6
      vertex 19.155452788304025 -9.568635409655634 4.752660819706963
      vertex 18.87352286579008 -9.745036792690462 4.747045731580156
    endloop
  endfacet
  facet normal 0.3853819406971197 -0.5934361481663719 -0.7066217501846244
    outer loop
      vertex 17.799999999999997 -7.885640646055101 2.6
      vertex 17.894001099184194 -7.824595618475972 2.6
      vertex 19.155452788304025 -9.568635409655634 4.752660819706963
    endloop
  endfacet
  facet normal 0.38538194069698123 -0.5934361481664668 -0.7066217501846201
    outer loop
      vertex 17.894001099184194 -7.824595618475972 2.6
      vertex 17.908903594769853 -7.81677418542985 2.601559011691487
      vertex 19.155452788304025 -9.568635409655634 4.752660819706963
    endloop
  endfacet
  facet normal 0.3853819406971416 -0.5934361481663578 -0.7066217501846243
    outer loop
      vertex 17.908903594769853 -7.81677418542985 2.601559011691487
      vertex 17.916752399101128 -7.809820751554806 2.6
      vertex 19.155452788304025 -9.568635409655634 4.752660819706963
    endloop
  endfacet
  facet normal 0.38538194069715187 -0.5934361481663508 -0.7066217501846245
    outer loop
      vertex 17.916752399101128 -7.809820751554806 2.6
      vertex 17.94045640366796 -7.794427190999916 2.6
      vertex 19.155452788304025 -9.568635409655634 4.752660819706963
    endloop
  endfacet
  facet normal 0.38538194069710136 -0.5934361481663841 -0.7066217501846243
    outer loop
      vertex 17.94045640366796 -7.794427190999916 2.6
      vertex 19.2026005258367 -9.531619541781929 4.747287835559227
      vertex 19.155452788304025 -9.568635409655634 4.752660819706963
    endloop
  endfacet
  facet normal 0.44530174671812034 -0.549901860822283 -0.7066217501846241
    outer loop
      vertex 17.94045640366796 -7.794427190999916 2.6
      vertex 19.469417671493893 -9.32214038696052 4.7524124499300315
      vertex 19.2026005258367 -9.531619541781929 4.747287835559227
    endloop
  endfacet
  facet normal 0.44530174671810707 -0.5499018608222946 -0.7066217501846237
    outer loop
      vertex 18.070608970174177 -7.689031720763831 2.6
      vertex 19.507594901934993 -9.284966280210886 4.747541777501891
      vertex 19.469417671493893 -9.32214038696052 4.7524124499300315
    endloop
  endfacet
  facet normal 0.5003427336166727 -0.5003427336166829 -0.7066217501846236
    outer loop
      vertex 18.070608970174177 -7.689031720763831 2.6
      vertex 19.755403065736502 -9.04366938601106 4.752152258895887
      vertex 19.507594901934993 -9.284966280210886 4.747541777501891
    endloop
  endfacet
  facet normal 0.5003427336166846 -0.5003427336166689 -0.7066217501846249
    outer loop
      vertex 19.755403065736502 -9.04366938601106 4.752152258895887
      vertex 18.18903172076383 -7.570608970174173 2.6
      vertex 19.785163796150705 -9.007772746086017 4.747807561415126
    endloop
  endfacet
  facet normal 0.5499018608222884 -0.4453017467181128 -0.7066217501846247
    outer loop
      vertex 19.785163796150705 -9.007772746086017 4.747807561415126
      vertex 18.18903172076383 -7.570608970174173 2.6
      vertex 20.010168642241112 -8.73637759451938 4.751880247424218
    endloop
  endfacet
  facet normal 0.4453017467181086 -0.5499018608222935 -0.7066217501846233
    outer loop
      vertex 17.94045640366796 -7.794427190999916 2.6
      vertex 18.070608970174177 -7.689031720763831 2.6
      vertex 19.469417671493893 -9.32214038696052 4.7524124499300315
    endloop
  endfacet
  facet normal 0.5003427336166898 -0.5003427336166635 -0.706621750184625
    outer loop
      vertex 18.070608970174177 -7.689031720763831 2.6
      vertex 18.18903172076383 -7.570608970174173 2.6
      vertex 19.755403065736502 -9.04366938601106 4.752152258895887
    endloop
  endfacet
  facet normal 0.5499018608224098 -0.44530174671794087 -0.7066217501846386
    outer loop
      vertex 20.010168642241112 -8.73637759451938 4.751880247424218
      vertex 18.18903172076383 -7.570608970174173 2.6
      vertex 18.194781851227717 -7.5635081504146084 2.6
    endloop
  endfacet
  facet normal 0.5499018608220437 -0.4453017467184698 -0.7066217501845902
    outer loop
      vertex 20.010168642241112 -8.73637759451938 4.751880247424218
      vertex 18.194781851227717 -7.5635081504146084 2.6
      vertex 18.19761719707376 -7.560996253185273 2.6006235439722856
    endloop
  endfacet
  facet normal 0.5499018608222981 -0.4453017467181001 -0.7066217501846253
    outer loop
      vertex 20.010168642241112 -8.73637759451938 4.751880247424218
      vertex 18.19761719707376 -7.560996253185273 2.6006235439722856
      vertex 18.202244036520376 -7.554293119015169 2.6
    endloop
  endfacet
  facet normal 0.5499018608222929 -0.44530174671810707 -0.7066217501846249
    outer loop
      vertex 20.010168642241112 -8.73637759451938 4.751880247424218
      vertex 18.202244036520376 -7.554293119015169 2.6
      vertex 18.29442719099991 -7.440456403667957 2.6
    endloop
  endfacet
  facet normal 0.5934361481663625 -0.38538194069713383 -0.7066217501846244
    outer loop
      vertex 20.230827805226774 -8.40374675127065 4.751596416371947
      vertex 18.29442719099991 -7.440456403667957 2.6
      vertex 18.3856406460551 -7.3 2.6
    endloop
  endfacet
  facet normal 0.5499018608223264 -0.4453017467180638 -0.7066217501846261
    outer loop
      vertex 20.010168642241112 -8.73637759451938 4.751880247424218
      vertex 18.29442719099991 -7.440456403667957 2.6
      vertex 20.032264616283314 -8.703069199895685 4.748085191493493
    endloop
  endfacet
  facet normal 0.5934361481663668 -0.3853819406971269 -0.7066217501846246
    outer loop
      vertex 20.032264616283314 -8.703069199895685 4.748085191493493
      vertex 18.29442719099991 -7.440456403667957 2.6
      vertex 20.230827805226774 -8.40374675127065 4.751596416371947
    endloop
  endfacet
  facet normal 0.5934361481663855 -0.3853819406970976 -0.7066217501846249
    outer loop
      vertex 20.230827805226774 -8.40374675127065 4.751596416371947
      vertex 18.3856406460551 -7.3 2.6
      vertex 20.246187688957434 -8.374187336059624 4.7483746721192475
    endloop
  endfacet
  facet normal 0.6304686248866428 -0.3212398094874984 -0.706621750184624
    outer loop
      vertex 20.246187688957434 -8.374187336059624 4.7483746721192475
      vertex 18.3856406460551 -7.3 2.6
      vertex 20.414880398205923 -8.04954569663142 4.751300766633224
    endloop
  endfacet
  facet normal 0.6304686248866015 -0.3212398094875858 -0.7066217501846214
    outer loop
      vertex 20.414880398205923 -8.04954569663142 4.751300766633224
      vertex 18.461672732228166 -7.15077862892128 2.6
      vertex 20.42458593915662 -8.024723895416802 4.748676007862537
    endloop
  endfacet
  facet normal 0.24712727676428364 -0.651621075254673 -0.7171597335064295
    outer loop
      vertex 17.567367819268057 -7.9960259882966636 0.8
      vertex 17.09642934420426 -7.294167099278443 0
      vertex 17.454451797384927 -7.158387092714925 0
    endloop
  endfacet
  facet normal 0.32980904635302927 -0.6283986359533792 -0.7045148311253907
    outer loop
      vertex 17.567367819268057 -7.9960259882966636 0.8
      vertex 17.454451797384927 -7.158387092714925 0
      vertex 17.908903594769853 -7.81677418542985 0.8
    endloop
  endfacet
  facet normal 0.47061103187014697 -0.5312100426445999 -0.7045148311253908
    outer loop
      vertex 17.908903594769853 -7.81677418542985 0.8
      vertex 17.454451797384927 -7.158387092714925 0
      vertex 18.19761719707376 -7.560996253185273 0.8
    endloop
  endfacet
  facet normal 0.5216437493771275 -0.4621360355704366 -0.7171597335064294
    outer loop
      vertex 17.454451797384927 -7.158387092714925 0
      vertex 17.70836482052257 -6.871778537635015 0
      vertex 18.19761719707376 -7.560996253185273 0.8
    endloop
  endfacet
  facet normal 0.584062814816461 -0.40314945252726647 -0.7045148311253907
    outer loop
      vertex 17.70836482052257 -6.871778537635015 0
      vertex 18.416729641045137 -7.243557075270029 0.8
      vertex 18.19761719707376 -7.560996253185273 0.8
    endloop
  endfacet
  facet normal 0.6631226582407999 -0.748510748171097 1.224595246243761e-15
    outer loop
      vertex 17.908903594769853 -7.81677418542985 0.8
      vertex 18.19761719707376 -7.560996253185273 0.8
      vertex 18.194781851227717 -7.5635081504146084 2.6
    endloop
  endfacet
  facet normal 0 0 -1
    outer loop
      vertex 17.454451797384927 -7.158387092714925 0
      vertex 17.799999999999997 -6.5 0
      vertex 17.70836482052257 -6.871778537635015 0
    endloop
  endfacet
  facet normal 0.6766579254963356 -0.1667811994799816 -0.7171597335064303
    outer loop
      vertex 17.70836482052257 -6.871778537635015 0
      vertex 17.799999999999997 -6.5 0
      vertex 18.553506907881683 -6.882905062860093 0.8
    endloop
  endfacet
  facet normal 0 0 -1
    outer loop
      vertex 17.94045640366796 -7.794427190999916 2.6
      vertex 18.18903172076383 -7.570608970174173 2.6
      vertex 18.070608970174177 -7.689031720763831 2.6
    endloop
  endfacet
  facet normal 0 0 -1
    outer loop
      vertex 17.94045640366796 -7.794427190999916 2.6
      vertex 18.194781851227717 -7.5635081504146084 2.6
      vertex 18.18903172076383 -7.570608970174173 2.6
    endloop
  endfacet
  facet normal 0.6631226582403648 -0.7485107481714823 0
    outer loop
      vertex 18.19761719707376 -7.560996253185273 0.8
      vertex 18.19761719707376 -7.560996253185273 2.6006235439722856
      vertex 18.194781851227717 -7.5635081504146084 2.6
    endloop
  endfacet
  facet normal 0.8229838658936891 -0.5680647467311085 0
    outer loop
      vertex 18.19761719707376 -7.560996253185273 0.8
      vertex 18.202244036520376 -7.554293119015169 2.6
      vertex 18.19761719707376 -7.560996253185273 2.6006235439722856
    endloop
  endfacet
  facet normal 0.8229838658936519 -0.5680647467311624 2.966020431826776e-16
    outer loop
      vertex 18.19761719707376 -7.560996253185273 0.8
      vertex 18.407830991708053 -7.25644899450073 2.6
      vertex 18.202244036520376 -7.554293119015169 2.6
    endloop
  endfacet
  facet normal 0.8229838658936548 -0.568064746731158 -7.885767937767868e-16
    outer loop
      vertex 18.19761719707376 -7.560996253185273 0.8
      vertex 18.416729641045137 -7.243557075270029 0.8
      vertex 18.407830991708053 -7.25644899450073 2.6
    endloop
  endfacet
  facet normal 0.8229838658937058 -0.5680647467310842 0
    outer loop
      vertex 18.416729641045137 -7.243557075270029 0.8
      vertex 18.416729641045137 -7.243557075270029 2.6020787946775177
      vertex 18.407830991708053 -7.25644899450073 2.6
    endloop
  endfacet
  facet normal 0.935016242685343 -0.3546048870427251 0
    outer loop
      vertex 18.416729641045137 -7.243557075270029 0.8
      vertex 18.423512269342183 -7.22567275427625 2.6
      vertex 18.416729641045137 -7.243557075270029 2.6020787946775177
    endloop
  endfacet
  facet normal 0.9350162426854159 -0.3546048870425329 -2.1844015483423057e-15
    outer loop
      vertex 18.416729641045137 -7.243557075270029 0.8
      vertex 18.54691619062578 -6.900283356026373 2.6
      vertex 18.423512269342183 -7.22567275427625 2.6
    endloop
  endfacet
  facet normal 0.6635709899475996 -0.2516592816176766 -0.7045148311253907
    outer loop
      vertex 17.70836482052257 -6.871778537635015 0
      vertex 18.553506907881683 -6.882905062860093 0.8
      vertex 18.416729641045137 -7.243557075270029 0.8
    endloop
  endfacet
  facet normal 0.7045148311253885 -0.08554358800474315 -0.7045148311253923
    outer loop
      vertex 17.799999999999997 -6.5 0
      vertex 18.6 -6.5 0.8
      vertex 18.553506907881683 -6.882905062860093 0.8
    endloop
  endfacet
  facet normal 0.9350162426854156 -0.3546048870425336 -2.0194238423542825e-15
    outer loop
      vertex 18.416729641045137 -7.243557075270029 0.8
      vertex 18.553506907881683 -6.882905062860093 0.8
      vertex 18.54691619062578 -6.900283356026373 2.6
    endloop
  endfacet
  facet normal 0.9350162426854849 -0.3546048870423505 0
    outer loop
      vertex 18.553506907881683 -6.882905062860093 0.8
      vertex 18.553506907881683 -6.882905062860093 2.6018708747372483
      vertex 18.54691619062578 -6.900283356026373 2.6
    endloop
  endfacet
  facet normal 0.992708874098018 -0.12053668025561932 0
    outer loop
      vertex 18.553506907881683 -6.882905062860093 0.8
      vertex 18.555109726516093 -6.869704663790081 2.6
      vertex 18.553506907881683 -6.882905062860093 2.6018708747372483
    endloop
  endfacet
  facet normal 0.9927088740980549 -0.12053668025531604 -2.2568596314015615e-15
    outer loop
      vertex 18.553506907881683 -6.882905062860093 0.8
      vertex 18.6 -6.5 2.6
      vertex 18.555109726516093 -6.869704663790081 2.6
    endloop
  endfacet
  facet normal 0.9927088740980536 -0.12053668025532652 -1.079485848889396e-18
    outer loop
      vertex 18.553506907881683 -6.882905062860093 0.8
      vertex 18.6 -6.5 0.8
      vertex 18.6 -6.5 2.6
    endloop
  endfacet
  facet normal 0 0 -1
    outer loop
      vertex 18.202244036520376 -7.554293119015169 2.6
      vertex 18.407830991708053 -7.25644899450073 2.6
      vertex 18.29442719099991 -7.440456403667957 2.6
    endloop
  endfacet
  facet normal 0 0 -1
    outer loop
      vertex 18.29442719099991 -7.440456403667957 2.6
      vertex 18.407830991708053 -7.25644899450073 2.6
      vertex 18.3856406460551 -7.3 2.6
    endloop
  endfacet
  facet normal 0 0 -1
    outer loop
      vertex 18.423512269342183 -7.22567275427625 2.6
      vertex 18.54691619062578 -6.900283356026373 2.6
      vertex 18.461672732228166 -7.15077862892128 2.6
    endloop
  endfacet
  facet normal 0.6304686248866299 -0.3212398094875268 -0.7066217501846228
    outer loop
      vertex 20.414880398205923 -8.04954569663142 4.751300766633224
      vertex 18.3856406460551 -7.3 2.6
      vertex 18.407830991708053 -7.25644899450073 2.6
    endloop
  endfacet
  facet normal 0.6304686248866656 -0.3212398094874494 -0.7066217501846263
    outer loop
      vertex 20.414880398205923 -8.04954569663142 4.751300766633224
      vertex 18.407830991708053 -7.25644899450073 2.6
      vertex 18.416729641045137 -7.243557075270029 2.6020787946775177
    endloop
  endfacet
  facet normal 0.6304686248865856 -0.32123980948761915 -0.7066217501846203
    outer loop
      vertex 20.414880398205923 -8.04954569663142 4.751300766633224
      vertex 18.416729641045137 -7.243557075270029 2.6020787946775177
      vertex 18.423512269342183 -7.22567275427625 2.6
    endloop
  endfacet
  facet normal 0.6304686248866417 -0.3212398094875022 -0.7066217501846236
    outer loop
      vertex 20.414880398205923 -8.04954569663142 4.751300766633224
      vertex 18.423512269342183 -7.22567275427625 2.6
      vertex 18.461672732228166 -7.15077862892128 2.6
    endloop
  endfacet
  facet normal 0.6605935554186185 -0.2535781077013696 -0.7066217501846243
    outer loop
      vertex 18.461672732228166 -7.15077862892128 2.6
      vertex 18.521690426072247 -6.994427190999916 2.6
      vertex 20.560241031756433 -7.677787670082308 4.750993299139439
    endloop
  endfacet
  facet normal 0.6834808847193282 -0.18313815110267104 -0.7066217501846229
    outer loop
      vertex 18.521690426072247 -6.994427190999916 2.6
      vertex 18.54691619062578 -6.900283356026373 2.6
      vertex 20.665262711817 -7.29268483861109 4.750674014859202
    endloop
  endfacet
  facet normal 0 0 -1
    outer loop
      vertex 18.461672732228166 -7.15077862892128 2.6
      vertex 18.54691619062578 -6.900283356026373 2.6
      vertex 18.521690426072247 -6.994427190999916 2.6
    endloop
  endfacet
  facet normal 0 0 -1
    outer loop
      vertex 18.555109726516093 -6.869704663790081 2.6
      vertex 18.6 -6.5 2.6
      vertex 18.565036161174092 -6.832658705308415 2.6
    endloop
  endfacet
  facet normal 0 0 -1
    outer loop
      vertex 18.565036161174092 -6.832658705308415 2.6
      vertex 18.6 -6.5 2.6
      vertex 18.59123503258924 -6.667245541228246 2.6
    endloop
  endfacet
  facet normal 0.6834808847193667 -0.1831381511025011 -0.7066217501846298
    outer loop
      vertex 18.54691619062578 -6.900283356026373 2.6
      vertex 18.553506907881683 -6.882905062860093 2.6018708747372483
      vertex 20.665262711817 -7.29268483861109 4.750674014859202
    endloop
  endfacet
  facet normal 0.683480884719287 -0.1831381511028462 -0.7066217501846173
    outer loop
      vertex 18.553506907881683 -6.882905062860093 2.6018708747372483
      vertex 18.555109726516093 -6.869704663790081 2.6
      vertex 20.665262711817 -7.29268483861109 4.750674014859202
    endloop
  endfacet
  facet normal 0.6834808847193354 -0.18313815110263956 -0.7066217501846241
    outer loop
      vertex 18.555109726516093 -6.869704663790081 2.6
      vertex 18.565036161174092 -6.832658705308415 2.6
      vertex 20.665262711817 -7.29268483861109 4.750674014859202
    endloop
  endfacet
  facet normal 0.6988798544194949 -0.11069169459632017 -0.7066217501846236
    outer loop
      vertex 18.565036161174092 -6.832658705308415 2.6
      vertex 18.59123503258924 -6.667245541228246 2.6
      vertex 20.72875550078801 -6.898600571177622 4.750342914798368
    endloop
  endfacet
  facet normal 0.7066217501846243 -0.037032476720270865 -0.7066217501846238
    outer loop
      vertex 18.59123503258924 -6.667245541228246 2.6
      vertex 18.6 -6.5 2.6
      vertex 20.75 -6.5 4.75
    endloop
  endfacet
  facet normal 0.660593555418616 -0.2535781077013773 -0.7066217501846236
    outer loop
      vertex 20.42458593915662 -8.024723895416802 4.748676007862537
      vertex 18.461672732228166 -7.15077862892128 2.6
      vertex 20.560241031756433 -7.677787670082308 4.750993299139439
    endloop
  endfacet
  facet normal 0.6605935554186018 -0.25357810770141526 -0.7066217501846233
    outer loop
      vertex 18.521690426072247 -6.994427190999916 2.6
      vertex 20.565500611491323 -7.658501375604002 4.7489892034815675
      vertex 20.560241031756433 -7.677787670082308 4.750993299139439
    endloop
  endfacet
  facet normal 0.6834808847193319 -0.1831381511026531 -0.7066217501846241
    outer loop
      vertex 18.521690426072247 -6.994427190999916 2.6
      vertex 20.665262711817 -7.29268483861109 4.750674014859202
      vertex 20.565500611491323 -7.658501375604002 4.7489892034815675
    endloop
  endfacet
  facet normal 0.6834808847193511 -0.18313815110257858 -0.7066217501846246
    outer loop
      vertex 18.565036161174092 -6.832658705308415 2.6
      vertex 20.667382751653108 -7.279526268019329 4.749314263922787
      vertex 20.665262711817 -7.29268483861109 4.750674014859202
    endloop
  endfacet
  facet normal 0.6988798544194944 -0.11069169459632318 -0.7066217501846234
    outer loop
      vertex 18.565036161174092 -6.832658705308415 2.6
      vertex 20.72875550078801 -6.898600571177622 4.750342914798368
      vertex 20.667382751653108 -7.279526268019329 4.749314263922787
    endloop
  endfacet
  facet normal 0.6988798544194745 -0.11069169459648065 -0.7066217501846186
    outer loop
      vertex 18.59123503258924 -6.667245541228246 2.6
      vertex 20.72911021274612 -6.8919452771321055 4.749651194321092
      vertex 20.72875550078801 -6.898600571177622 4.750342914798368
    endloop
  endfacet
  facet normal 0.7066217501846244 -0.03703247672027285 -0.7066217501846238
    outer loop
      vertex 18.59123503258924 -6.667245541228246 2.6
      vertex 20.75 -6.5 4.75
      vertex 20.72911021274612 -6.8919452771321055 4.749651194321092
    endloop
  endfacet
  facet normal 0 0 -1
    outer loop
      vertex 3.4011914014631195 -7.0304981265926365 0
      vertex 17.454451797384927 7.158387092714925 0
      vertex 17.454451797384927 -7.158387092714925 0
    endloop
  endfacet
  facet normal 0 0 -1
    outer loop
      vertex 17.454451797384927 -7.158387092714925 0
      vertex 17.454451797384927 7.158387092714925 0
      vertex 17.799999999999997 -6.5 0
    endloop
  endfacet
  facet normal 0.7071067811865456 -6.038817148783605e-19 -0.7071067811865493
    outer loop
      vertex 17.799999999999997 -6.5 0
      vertex 18.6 6.5 0.8
      vertex 18.6 -6.5 0.8
    endloop
  endfacet
  facet normal 1 0 0
    outer loop
      vertex 18.6 -6.5 0.8
      vertex 18.6 6.5 2.6
      vertex 18.6 -6.5 2.6
    endloop
  endfacet
  facet normal 0.7071067811865477 -1.497626652898364e-16 -0.7071067811865472
    outer loop
      vertex 18.6 -6.5 2.6
      vertex 20.75 6.500000000000046 4.749999999999997
      vertex 20.75 -6.5 4.75
    endloop
  endfacet
  facet normal -1 0 0
    outer loop
      vertex 2.3999999999999986 -6.5 2.6
      vertex 2.3999999999999986 6.5 2.6
      vertex 2.3999999999999986 6.5 0.8
    endloop
  endfacet
  facet normal -0.7071067811865478 0 -0.7071067811865474
    outer loop
      vertex 0 -6.5 5
      vertex 0 6.5 5
      vertex 2.3999999999999986 6.5 2.6
    endloop
  endfacet
  facet normal -0.6969088295013817 0 -0.7171597335064304
    outer loop
      vertex 2.3999999999999986 -6.5 0.8
      vertex 2.3999999999999986 6.5 0.8
      vertex 3.2232465460591584 6.691452531430045 0
    endloop
  endfacet
  facet normal 0 0 -1
    outer loop
      vertex 3.4011914014631195 -5.9695018734073635 0
      vertex 3.2232465460591584 6.691452531430045 0
      vertex 3.7163160903659715 7.248012994148333 0
    endloop
  endfacet
  facet normal 0 0 -1
    outer loop
      vertex 3.4011914014631195 -5.9695018734073635 0
      vertex 3.7163160903659715 7.248012994148333 0
      vertex 17.454451797384927 7.158387092714925 0
    endloop
  endfacet
  facet normal -0.9927088740980536 0.12053668025532652 0
    outer loop
      vertex 2.3999999999999986 6.5 0.8
      vertex 2.3999999999999986 6.5 2.6
      vertex 2.446493092118317 6.882905062860093 0.8
    endloop
  endfacet
  facet normal -0.9350162426854156 0.3546048870425336 -8.064784034714036e-17
    outer loop
      vertex 2.446493092118317 6.882905062860093 0.8
      vertex 2.4530838093742275 6.900283356026382 2.6
      vertex 2.583270358954863 7.243557075270029 0.8
    endloop
  endfacet
  facet normal -0.9927088740980536 0.1205366802553266 1.883419011502283e-17
    outer loop
      vertex 2.446493092118317 6.882905062860093 0.8
      vertex 2.3999999999999986 6.5 2.6
      vertex 2.44489027348391 6.869704663790078 2.6
    endloop
  endfacet
  facet normal -0.9927088740980539 0.12053668025532407 0
    outer loop
      vertex 2.446493092118317 6.882905062860093 0.8
      vertex 2.44489027348391 6.869704663790078 2.6
      vertex 2.446493092118317 6.882905062860093 2.601870874737249
    endloop
  endfacet
  facet normal -0.9350162426854184 0.3546048870425263 0
    outer loop
      vertex 2.446493092118317 6.882905062860093 0.8
      vertex 2.446493092118317 6.882905062860093 2.601870874737249
      vertex 2.4530838093742275 6.900283356026382 2.6
    endloop
  endfacet
  facet normal -0.9350162426854153 0.35460488704253457 1.2591035082487888e-16
    outer loop
      vertex 2.583270358954863 7.243557075270029 0.8
      vertex 2.4530838093742275 6.900283356026382 2.6
      vertex 2.576487730657824 7.225672754276257 2.6
    endloop
  endfacet
  facet normal -0.9350162426854195 0.3546048870425235 0
    outer loop
      vertex 2.583270358954863 7.243557075270029 0.8
      vertex 2.576487730657824 7.225672754276257 2.6
      vertex 2.583270358954863 7.243557075270029 2.602078794677517
    endloop
  endfacet
  facet normal -0.8229838658936143 0.5680647467312168 0
    outer loop
      vertex 2.583270358954863 7.243557075270029 0.8
      vertex 2.583270358954863 7.243557075270029 2.602078794677517
      vertex 2.592169008291947 7.256448994500726 2.6
    endloop
  endfacet
  facet normal -0.7066217501846243 0.03703247672027111 -0.7066217501846238
    outer loop
      vertex 0 6.5 5
      vertex 0.021912418526905952 6.918113853070611 5
      vertex 2.408764967410761 6.667245541228247 2.6
    endloop
  endfacet
  facet normal -0.6988798544194939 0.11069169459632604 -0.7066217501846237
    outer loop
      vertex 2.408764967410761 6.667245541228247 2.6
      vertex 0.021912418526905952 6.918113853070611 5
      vertex 0.08740959706477724 7.331646763271035 5
    endloop
  endfacet
  facet normal -0.6834808847193317 0.183138151102653 -0.7066217501846243
    outer loop
      vertex 2.4349638388259116 6.832658705308415 2.6
      vertex 0.08740959706477724 7.331646763271035 5
      vertex 0.19577393481938543 7.73606797749979 5
    endloop
  endfacet
  facet normal -0.6605935554186154 0.25357810770137773 -0.7066217501846239
    outer loop
      vertex 2.4783095739277528 6.9944271909999145 2.6
      vertex 0.19577393481938543 7.73606797749979 5
      vertex 0.3458181694295952 8.126946572303204 5
    endloop
  endfacet
  facet normal -0.7066217501846243 0.037032476720271164 -0.7066217501846239
    outer loop
      vertex 0 6.5 5
      vertex 2.408764967410761 6.667245541228247 2.6
      vertex 2.3999999999999986 6.5 2.6
    endloop
  endfacet
  facet normal -0.6988798544194916 0.11069169459633585 -0.7066217501846245
    outer loop
      vertex 2.408764967410761 6.667245541228247 2.6
      vertex 0.08740959706477724 7.331646763271035 5
      vertex 2.4349638388259116 6.832658705308415 2.6
    endloop
  endfacet
  facet normal 0 0 -1
    outer loop
      vertex 2.3999999999999986 6.5 2.6
      vertex 2.408764967410761 6.667245541228247 2.6
      vertex 2.4349638388259116 6.832658705308415 2.6
    endloop
  endfacet
  facet normal 0 0 -1
    outer loop
      vertex 2.3999999999999986 6.5 2.6
      vertex 2.4349638388259116 6.832658705308415 2.6
      vertex 2.44489027348391 6.869704663790078 2.6
    endloop
  endfacet
  facet normal 0 0 -1
    outer loop
      vertex 2.4530838093742275 6.900283356026382 2.6
      vertex 2.4783095739277528 6.9944271909999145 2.6
      vertex 2.5383272677718374 7.15077862892128 2.6
    endloop
  endfacet
  facet normal -0.6834808847193309 0.1831381511026559 -0.7066217501846245
    outer loop
      vertex 2.4349638388259116 6.832658705308415 2.6
      vertex 0.19577393481938543 7.73606797749979 5
      vertex 2.44489027348391 6.869704663790078 2.6
    endloop
  endfacet
  facet normal -0.6834808847193273 0.18313815110266649 -0.7066217501846249
    outer loop
      vertex 2.44489027348391 6.869704663790078 2.6
      vertex 0.19577393481938543 7.73606797749979 5
      vertex 2.446493092118317 6.882905062860093 2.601870874737249
    endloop
  endfacet
  facet normal -0.6834808847193359 0.18313815110263984 -0.7066217501846235
    outer loop
      vertex 2.446493092118317 6.882905062860093 2.601870874737249
      vertex 0.19577393481938543 7.73606797749979 5
      vertex 2.4530838093742275 6.900283356026382 2.6
    endloop
  endfacet
  facet normal -0.6834808847193351 0.18313815110264203 -0.7066217501846236
    outer loop
      vertex 2.4530838093742275 6.900283356026382 2.6
      vertex 0.19577393481938543 7.73606797749979 5
      vertex 2.4783095739277528 6.9944271909999145 2.6
    endloop
  endfacet
  facet normal -0.6605935554186142 0.2535781077013802 -0.7066217501846243
    outer loop
      vertex 2.4783095739277528 6.9944271909999145 2.6
      vertex 0.3458181694295952 8.126946572303204 5
      vertex 2.5383272677718374 7.15077862892128 2.6
    endloop
  endfacet
  facet normal -0.6304686248866406 0.3212398094875023 -0.7066217501846244
    outer loop
      vertex 2.5383272677718374 7.15077862892128 2.6
      vertex 0.535898384862243 8.5 5
      vertex 2.576487730657824 7.225672754276257 2.6
    endloop
  endfacet
  facet normal -0.6304686248866477 0.3212398094874897 -0.7066217501846237
    outer loop
      vertex 2.576487730657824 7.225672754276257 2.6
      vertex 0.535898384862243 8.5 5
      vertex 2.583270358954863 7.243557075270029 2.602078794677517
    endloop
  endfacet
  facet normal -0.6304686248866052 0.3212398094875657 -0.7066217501846273
    outer loop
      vertex 2.583270358954863 7.243557075270029 2.602078794677517
      vertex 0.535898384862243 8.5 5
      vertex 2.592169008291947 7.256448994500726 2.6
    endloop
  endfacet
  facet normal -0.6304686248866448 0.32123980948749437 -0.7066217501846243
    outer loop
      vertex 2.592169008291947 7.256448994500726 2.6
      vertex 0.535898384862243 8.5 5
      vertex 2.6143593539448986 7.300000000000001 2.6
    endloop
  endfacet
  facet normal 0 0 -1
    outer loop
      vertex 2.4530838093742275 6.900283356026382 2.6
      vertex 2.5383272677718374 7.15077862892128 2.6
      vertex 2.576487730657824 7.225672754276257 2.6
    endloop
  endfacet
  facet normal -0.70451483112539 0.0855435880047433 -0.7045148311253908
    outer loop
      vertex 2.3999999999999986 6.5 0.8
      vertex 2.446493092118317 6.882905062860093 0.8
      vertex 3.2232465460591584 6.691452531430045 0
    endloop
  endfacet
  facet normal -0.6635709899475993 0.2516592816176764 -0.7045148311253909
    outer loop
      vertex 2.446493092118317 6.882905062860093 0.8
      vertex 2.583270358954863 7.243557075270029 0.8
      vertex 3.2232465460591584 6.691452531430045 0
    endloop
  endfacet
  facet normal -0.6170821224129243 0.32386968187119125 -0.7171597335064303
    outer loop
      vertex 2.583270358954863 7.243557075270029 0.8
      vertex 3.4011914014631195 7.0304981265926365 0
      vertex 3.2232465460591584 6.691452531430045 0
    endloop
  endfacet
  facet normal 0 0 -1
    outer loop
      vertex 3.2232465460591584 6.691452531430045 0
      vertex 3.4011914014631195 7.0304981265926365 0
      vertex 3.7163160903659715 7.248012994148333 0
    endloop
  endfacet
  facet normal -0.584062814816461 0.4031494525272665 -0.7045148311253907
    outer loop
      vertex 2.583270358954863 7.243557075270029 0.8
      vertex 2.802382802926239 7.560996253185273 0.8
      vertex 3.4011914014631195 7.0304981265926365 0
    endloop
  endfacet
  facet normal -0.4706110318701439 0.5312100426446029 -0.7045148311253905
    outer loop
      vertex 3.4011914014631195 7.0304981265926365 0
      vertex 2.802382802926239 7.560996253185273 0.8
      vertex 3.09109640523015 7.81677418542985 0.8
    endloop
  endfacet
  facet normal -0.3958893377254099 0.5735447226784702 -0.7171597335064296
    outer loop
      vertex 3.4011914014631195 7.0304981265926365 0
      vertex 3.09109640523015 7.81677418542985 0.8
      vertex 3.7163160903659715 7.248012994148333 0
    endloop
  endfacet
  facet normal -0.08400307674871756 0.6918275794833102 -0.7171597335064296
    outer loop
      vertex 3.7163160903659715 7.248012994148333 0
      vertex 3.807141311591483 8.088334198556886 0.8
      vertex 4.09642934420426 7.294167099278443 0
    endloop
  endfacet
  facet normal -0.8229838658936548 0.568064746731158 6.203199302350754e-16
    outer loop
      vertex 2.583270358954863 7.243557075270029 0.8
      vertex 2.592169008291947 7.256448994500726 2.6
      vertex 2.802382802926239 7.560996253185273 0.8
    endloop
  endfacet
  facet normal -0.6631226582407953 0.7485107481711011 -1.3101941855097677e-16
    outer loop
      vertex 2.802382802926239 7.560996253185273 0.8
      vertex 2.8052181487722727 7.563508150414602 2.6
      vertex 3.09109640523015 7.81677418542985 0.8
    endloop
  endfacet
  facet normal -0.8229838658936549 0.5680647467311579 6.0683774695503e-16
    outer loop
      vertex 2.592169008291947 7.256448994500726 2.6
      vertex 2.797755963479638 7.554293119015188 2.6
      vertex 2.802382802926239 7.560996253185273 0.8
    endloop
  endfacet
  facet normal -0.8229838658937306 0.5680647467310483 0
    outer loop
      vertex 2.802382802926239 7.560996253185273 0.8
      vertex 2.797755963479638 7.554293119015188 2.6
      vertex 2.802382802926239 7.560996253185273 2.6006235439722833
    endloop
  endfacet
  facet normal -0.6631226582408418 0.7485107481710598 0
    outer loop
      vertex 2.802382802926239 7.560996253185273 0.8
      vertex 2.802382802926239 7.560996253185273 2.6006235439722833
      vertex 2.8052181487722727 7.563508150414602 2.6
    endloop
  endfacet
  facet normal 0 0 -1
    outer loop
      vertex 2.592169008291947 7.256448994500726 2.6
      vertex 2.6143593539448986 7.300000000000001 2.6
      vertex 2.705572809000085 7.440456403667959 2.6
    endloop
  endfacet
  facet normal 0 0 -1
    outer loop
      vertex 2.592169008291947 7.256448994500726 2.6
      vertex 2.705572809000085 7.440456403667959 2.6
      vertex 2.797755963479638 7.554293119015188 2.6
    endloop
  endfacet
  facet normal 0 0 -1
    outer loop
      vertex 2.8052181487722727 7.563508150414602 2.6
      vertex 2.810968279236171 7.570608970174174 2.6
      vertex 2.929391029825826 7.689031720763829 2.6
    endloop
  endfacet
  facet normal 0 0 -1
    outer loop
      vertex 2.8052181487722727 7.563508150414602 2.6
      vertex 2.929391029825826 7.689031720763829 2.6
      vertex 3.059543596332041 7.794427190999915 2.6
    endloop
  endfacet
  facet normal -0.6304686248866413 0.321239809487501 -0.7066217501846244
    outer loop
      vertex 2.5383272677718374 7.15077862892128 2.6
      vertex 0.3458181694295952 8.126946572303204 5
      vertex 0.535898384862243 8.5 5
    endloop
  endfacet
  facet normal -0.5934361481663706 0.38538194069712206 -0.706621750184624
    outer loop
      vertex 2.6143593539448986 7.300000000000001 2.6
      vertex 0.7639320225002102 8.851141009169893 5
      vertex 2.705572809000085 7.440456403667959 2.6
    endloop
  endfacet
  facet normal -0.5499018608222853 0.4453017467181174 -0.7066217501846243
    outer loop
      vertex 2.705572809000085 7.440456403667959 2.6
      vertex 1.027420698090424 9.176522425435433 5
      vertex 2.797755963479638 7.554293119015188 2.6
    endloop
  endfacet
  facet normal -0.549901860822353 0.44530174671803885 -0.706621750184621
    outer loop
      vertex 2.797755963479638 7.554293119015188 2.6
      vertex 1.027420698090424 9.176522425435433 5
      vertex 2.802382802926239 7.560996253185273 2.6006235439722833
    endloop
  endfacet
  facet normal -0.5499018608222294 0.44530174671818296 -0.7066217501846266
    outer loop
      vertex 2.8052181487722727 7.563508150414602 2.6
      vertex 1.027420698090424 9.176522425435433 5
      vertex 2.810968279236171 7.570608970174174 2.6
    endloop
  endfacet
  facet normal -0.5499018608222643 0.44530174671814204 -0.706621750184625
    outer loop
      vertex 2.8052181487722727 7.563508150414602 2.6
      vertex 2.802382802926239 7.560996253185273 2.6006235439722833
      vertex 1.027420698090424 9.176522425435433 5
    endloop
  endfacet
  facet normal -0.5003427336166774 0.5003427336166774 -0.7066217501846241
    outer loop
      vertex 2.810968279236171 7.570608970174174 2.6
      vertex 1.323477574564567 9.472579301909576 5
      vertex 2.929391029825826 7.689031720763829 2.6
    endloop
  endfacet
  facet normal -0.593436148166368 0.38538194069712567 -0.7066217501846244
    outer loop
      vertex 2.6143593539448986 7.300000000000001 2.6
      vertex 0.535898384862243 8.5 5
      vertex 0.7639320225002102 8.851141009169893 5
    endloop
  endfacet
  facet normal -0.44530174671811784 0.5499018608222853 -0.7066217501846239
    outer loop
      vertex 2.929391029825826 7.689031720763829 2.6
      vertex 1.6488589908301066 9.73606797749979 5
      vertex 3.059543596332041 7.794427190999915 2.6
    endloop
  endfacet
  facet normal -0.5499018608222879 0.4453017467181147 -0.7066217501846241
    outer loop
      vertex 2.705572809000085 7.440456403667959 2.6
      vertex 0.7639320225002102 8.851141009169893 5
      vertex 1.027420698090424 9.176522425435433 5
    endloop
  endfacet
  facet normal -0.5003427336166772 0.5003427336166772 -0.7066217501846241
    outer loop
      vertex 2.810968279236171 7.570608970174174 2.6
      vertex 1.027420698090424 9.176522425435433 5
      vertex 1.323477574564567 9.472579301909576 5
    endloop
  endfacet
  facet normal -0.4453017467181146 0.5499018608222876 -0.706621750184624
    outer loop
      vertex 2.929391029825826 7.689031720763829 2.6
      vertex 1.323477574564567 9.472579301909576 5
      vertex 1.6488589908301066 9.73606797749979 5
    endloop
  endfacet
  facet normal -0.38538194069712556 0.5934361481663681 -0.7066217501846243
    outer loop
      vertex 3.059543596332041 7.794427190999915 2.6
      vertex 1.6488589908301066 9.73606797749979 5
      vertex 2 9.964101615137757 5
    endloop
  endfacet
  facet normal -0.32123980948750097 0.6304686248866411 -0.7066217501846245
    outer loop
      vertex 3.1999999999999993 7.885640646055101 2.6
      vertex 2 9.964101615137757 5
      vertex 2.373053427696796 10.154181830570405 5
    endloop
  endfacet
  facet normal -0.3298090463530344 0.6283986359533765 -0.7045148311253906
    outer loop
      vertex 3.7163160903659715 7.248012994148333 0
      vertex 3.09109640523015 7.81677418542985 0.8
      vertex 3.432632180731943 7.996025988296665 0.8
    endloop
  endfacet
  facet normal -0.16983975786898511 0.6890669846766472 -0.7045148311253906
    outer loop
      vertex 3.7163160903659715 7.248012994148333 0
      vertex 3.432632180731943 7.996025988296665 0.8
      vertex 3.807141311591483 8.088334198556886 0.8
    endloop
  endfacet
  facet normal -0.464723172043772 0.8854560256532081 6.584725367654622e-16
    outer loop
      vertex 3.09109640523015 7.81677418542985 0.8
      vertex 3.105998900815809 7.824595618475975 2.6
      vertex 3.432632180731943 7.996025988296665 0.8
    endloop
  endfacet
  facet normal -0.663122658240793 0.7485107481711031 5.016059390458944e-16
    outer loop
      vertex 2.8052181487722727 7.563508150414602 2.6
      vertex 3.083247600898872 7.809820751554803 2.6
      vertex 3.09109640523015 7.81677418542985 0.8
    endloop
  endfacet
  facet normal -0.6631226582408567 0.7485107481710465 0
    outer loop
      vertex 3.09109640523015 7.81677418542985 0.8
      vertex 3.083247600898872 7.809820751554803 2.6
      vertex 3.09109640523015 7.81677418542985 2.601559011691487
    endloop
  endfacet
  facet normal -0.4647231720437096 0.8854560256532408 0
    outer loop
      vertex 3.09109640523015 7.81677418542985 0.8
      vertex 3.09109640523015 7.81677418542985 2.601559011691487
      vertex 3.105998900815809 7.824595618475975 2.6
    endloop
  endfacet
  facet normal -0.4647231720437768 0.8854560256532056 -4.483005907476675e-16
    outer loop
      vertex 3.432632180731943 7.996025988296665 0.8
      vertex 3.105998900815809 7.824595618475975 2.6
      vertex 3.416070222540565 7.987333602087791 2.6
    endloop
  endfacet
  facet normal -0.46472317204373853 0.8854560256532256 0
    outer loop
      vertex 3.432632180731943 7.996025988296665 0.8
      vertex 3.416070222540565 7.987333602087791 2.6
      vertex 3.432632180731943 7.996025988296665 2.6021827580206676
    endloop
  endfacet
  facet normal -0.2393156642875718 0.9709418174260485 0
    outer loop
      vertex 3.432632180731943 7.996025988296665 0.8
      vertex 3.432632180731943 7.996025988296665 2.6021827580206676
      vertex 3.449626948657979 8.0002148223778 2.6
    endloop
  endfacet
  facet normal -0.23931566428755346 0.9709418174260531 -1.838690927302487e-16
    outer loop
      vertex 3.432632180731943 7.996025988296665 0.8
      vertex 3.449626948657979 8.0002148223778 2.6
      vertex 3.807141311591483 8.088334198556886 0.8
    endloop
  endfacet
  facet normal -0.23931566428754936 0.9709418174260541 6.843231029354682e-16
    outer loop
      vertex 3.807141311591483 8.088334198556886 0.8
      vertex 3.449626948657979 8.0002148223778 2.6
      vertex 3.7940201282701835 8.0851001173314 2.6
    endloop
  endfacet
  facet normal -0.23931566428763784 0.9709418174260322 0
    outer loop
      vertex 3.807141311591483 8.088334198556886 0.8
      vertex 3.7940201282701835 8.0851001173314 2.6
      vertex 3.807141311591483 8.088334198556886 2.601143225776581
    endloop
  endfacet
  facet normal 0 1 0
    outer loop
      vertex 3.807141311591483 8.088334198556886 0.8
      vertex 3.807141311591483 8.088334198556886 2.601143225776581
      vertex 3.814439313506167 8.088334198556886 2.6
    endloop
  endfacet
  facet normal 0 0 -1
    outer loop
      vertex 2.8052181487722727 7.563508150414602 2.6
      vertex 3.059543596332041 7.794427190999915 2.6
      vertex 3.083247600898872 7.809820751554803 2.6
    endloop
  endfacet
  facet normal 0 0 -1
    outer loop
      vertex 3.105998900815809 7.824595618475975 2.6
      vertex 3.1999999999999993 7.885640646055101 2.6
      vertex 3.3492213710787198 7.961672732228163 2.6
    endloop
  endfacet
  facet normal 0 0 -1
    outer loop
      vertex 3.105998900815809 7.824595618475975 2.6
      vertex 3.3492213710787198 7.961672732228163 2.6
      vertex 3.416070222540565 7.987333602087791 2.6
    endloop
  endfacet
  facet normal 0 0 -1
    outer loop
      vertex 3.449626948657979 8.0002148223778 2.6
      vertex 3.5055728090000855 8.021690426072247 2.6
      vertex 3.6673412946915853 8.065036161174088 2.6
    endloop
  endfacet
  facet normal 0 0 -1
    outer loop
      vertex 3.449626948657979 8.0002148223778 2.6
      vertex 3.6673412946915853 8.065036161174088 2.6
      vertex 3.7940201282701835 8.0851001173314 2.6
    endloop
  endfacet
  facet normal 0 0 -1
    outer loop
      vertex 3.8327544587717526 8.091235032589239 2.6
      vertex 4 8.100000000000001 2.6
      vertex 3.814439313506167 8.088334198556886 2.6
    endloop
  endfacet
  facet normal -0.3853819406971043 0.5934361481663804 -0.7066217501846256
    outer loop
      vertex 3.059543596332041 7.794427190999915 2.6
      vertex 2 9.964101615137757 5
      vertex 3.083247600898872 7.809820751554803 2.6
    endloop
  endfacet
  facet normal -0.3853819406972054 0.5934361481663224 -0.7066217501846193
    outer loop
      vertex 3.083247600898872 7.809820751554803 2.6
      vertex 2 9.964101615137757 5
      vertex 3.09109640523015 7.81677418542985 2.601559011691487
    endloop
  endfacet
  facet normal -0.3853819406970572 0.5934361481664078 -0.7066217501846284
    outer loop
      vertex 3.09109640523015 7.81677418542985 2.601559011691487
      vertex 2 9.964101615137757 5
      vertex 3.105998900815809 7.824595618475975 2.6
    endloop
  endfacet
  facet normal -0.3853819406971284 0.5934361481663665 -0.7066217501846243
    outer loop
      vertex 3.105998900815809 7.824595618475975 2.6
      vertex 2 9.964101615137757 5
      vertex 3.1999999999999993 7.885640646055101 2.6
    endloop
  endfacet
  facet normal -0.32123980948750464 0.6304686248866396 -0.7066217501846243
    outer loop
      vertex 3.1999999999999993 7.885640646055101 2.6
      vertex 2.373053427696796 10.154181830570405 5
      vertex 3.3492213710787198 7.961672732228163 2.6
    endloop
  endfacet
  facet normal -0.2535781077013899 0.660593555418611 -0.7066217501846237
    outer loop
      vertex 3.3492213710787198 7.961672732228163 2.6
      vertex 2.619206238375778 10.248671041712946 5
      vertex 3.416070222540565 7.987333602087791 2.6
    endloop
  endfacet
  facet normal -0.2535781077013595 0.6605935554186223 -0.7066217501846243
    outer loop
      vertex 3.416070222540565 7.987333602087791 2.6
      vertex 2.619206238375778 10.248671041712946 5
      vertex 3.432632180731943 7.996025988296665 2.6021827580206676
    endloop
  endfacet
  facet normal -0.2535781077013927 0.6605935554186099 -0.7066217501846238
    outer loop
      vertex 3.432632180731943 7.996025988296665 2.6021827580206676
      vertex 2.619206238375778 10.248671041712946 5
      vertex 3.449626948657979 8.0002148223778 2.6
    endloop
  endfacet
  facet normal -0.2535781077013716 0.6605935554186178 -0.706621750184624
    outer loop
      vertex 3.449626948657979 8.0002148223778 2.6
      vertex 2.619206238375778 10.248671041712946 5
      vertex 3.5055728090000855 8.021690426072247 2.6
    endloop
  endfacet
  facet normal -0.18313815110264692 0.6834808847193339 -0.7066217501846236
    outer loop
      vertex 3.5055728090000855 8.021690426072247 2.6
      vertex 2.7819829438495383 10.248671041712946 4.941585991457076
      vertex 3.6673412946915853 8.065036161174088 2.6
    endloop
  endfacet
  facet normal -0.11069169459632809 0.6988798544194934 -0.7066217501846238
    outer loop
      vertex 3.6673412946915853 8.065036161174088 2.6
      vertex 3.2031953725415185 10.248671041712946 4.832418582738125
      vertex 3.7940201282701835 8.0851001173314 2.6
    endloop
  endfacet
  facet normal -0.11069169459639319 0.6988798544194795 -0.7066217501846274
    outer loop
      vertex 3.7940201282701835 8.0851001173314 2.6
      vertex 3.2031953725415185 10.248671041712946 4.832418582738125
      vertex 3.807141311591483 8.088334198556886 2.601143225776581
    endloop
  endfacet
  facet normal -0.03703247672027048 0.7066217501846244 -0.7066217501846239
    outer loop
      vertex 3.8327544587717526 8.091235032589239 2.6
      vertex 3.6059987968981773 10.248671041712946 4.769319769802358
      vertex 4 8.100000000000001 2.6
    endloop
  endfacet
  facet normal -0.11069169459634733 0.6988798544194895 -0.7066217501846247
    outer loop
      vertex 3.807141311591483 8.088334198556886 2.601143225776581
      vertex 3.2031953725415185 10.248671041712946 4.832418582738125
      vertex 3.814439313506167 8.088334198556886 2.6
    endloop
  endfacet
  facet normal -0.11069169459634343 0.6988798544194904 -0.7066217501846244
    outer loop
      vertex 3.8327544587717526 8.091235032589239 2.6
      vertex 3.814439313506167 8.088334198556886 2.6
      vertex 3.2031953725415185 10.248671041712946 4.832418582738125
    endloop
  endfacet
  facet normal -0.2535781077013764 0.6605935554186158 -0.7066217501846241
    outer loop
      vertex 3.3492213710787198 7.961672732228163 2.6
      vertex 2.373053427696796 10.154181830570405 5
      vertex 2.619206238375778 10.248671041712946 5
    endloop
  endfacet
  facet normal -0.25357810770137623 0.6605935554186161 -0.7066217501846239
    outer loop
      vertex 3.5055728090000855 8.021690426072247 2.6
      vertex 2.619206238375778 10.248671041712946 5
      vertex 2.7819829438495383 10.248671041712946 4.941585991457076
    endloop
  endfacet
  facet normal -0.1831381511026485 0.6834808847193332 -0.7066217501846239
    outer loop
      vertex 3.6673412946915853 8.065036161174088 2.6
      vertex 2.7819829438495383 10.248671041712946 4.941585991457076
      vertex 3.2031953725415185 10.248671041712946 4.832418582738125
    endloop
  endfacet
  facet normal -0.1106916945963314 0.6988798544194931 -0.7066217501846237
    outer loop
      vertex 3.8327544587717526 8.091235032589239 2.6
      vertex 3.2031953725415185 10.248671041712946 4.832418582738125
      vertex 3.6059987968981773 10.248671041712946 4.769319769802358
    endloop
  endfacet
  facet normal -0.037032476720270685 0.7066217501846244 -0.7066217501846239
    outer loop
      vertex 4 8.100000000000001 2.6
      vertex 3.6059987968981773 10.248671041712946 4.769319769802358
      vertex 4 10.248671041712946 4.748671041712946
    endloop
  endfacet
  facet normal 0 0 -1
    outer loop
      vertex 3.7163160903659715 7.248012994148333 0
      vertex 4.09642934420426 7.294167099278443 0
      vertex 17.09642934420426 7.294167099278443 0
    endloop
  endfacet
  facet normal 0 0.7096892649070877 -0.7045148311253905
    outer loop
      vertex 4.09642934420426 7.294167099278443 0
      vertex 3.807141311591483 8.088334198556886 0.8
      vertex 17.09642934420426 7.294167099278443 0
    endloop
  endfacet
  facet normal 0 1 0
    outer loop
      vertex 3.807141311591483 8.088334198556886 0.8
      vertex 3.814439313506167 8.088334198556886 2.6
      vertex 17.19285868840852 8.088334198556886 0.8
    endloop
  endfacet
  facet normal 0 0 -1
    outer loop
      vertex 3.814439313506167 8.088334198556886 2.6
      vertex 4 8.100000000000001 2.6
      vertex 17 8.100000000000001 2.6
    endloop
  endfacet
  facet normal 0 0.7071067811865477 -0.7071067811865472
    outer loop
      vertex 4 8.100000000000001 2.6
      vertex 4 10.248671041712946 4.748671041712946
      vertex 17 8.100000000000001 2.6
    endloop
  endfacet
  facet normal 0.7071067811865456 0 -0.7071067811865493
    outer loop
      vertex 17.799999999999997 -6.5 0
      vertex 17.799999999999997 6.5 0
      vertex 18.6 6.5 0.8
    endloop
  endfacet
  facet normal 0 0 -1
    outer loop
      vertex 17.799999999999997 -6.5 0
      vertex 17.454451797384927 7.158387092714925 0
      vertex 17.799999999999997 6.5 0
    endloop
  endfacet
  facet normal 1 0 0
    outer loop
      vertex 18.6 -6.5 0.8
      vertex 18.6 6.5 0.8
      vertex 18.6 6.5 2.6
    endloop
  endfacet
  facet normal 0.7071067811865474 0 -0.7071067811865478
    outer loop
      vertex 18.6 -6.5 2.6
      vertex 18.6 6.5 2.6
      vertex 20.75 6.500000000000046 4.749999999999997
    endloop
  endfacet
  facet normal 0 0 -1
    outer loop
      vertex 3.7163160903659715 7.248012994148333 0
      vertex 17.09642934420426 7.294167099278443 0
      vertex 17.454451797384927 7.158387092714925 0
    endloop
  endfacet
  facet normal 0 0.7096892649070877 -0.7045148311253905
    outer loop
      vertex 3.807141311591483 8.088334198556886 0.8
      vertex 17.19285868840852 8.088334198556886 0.8
      vertex 17.09642934420426 7.294167099278443 0
    endloop
  endfacet
  facet normal 0 1 0
    outer loop
      vertex 3.814439313506167 8.088334198556886 2.6
      vertex 17.18556068649383 8.088334198556886 2.6
      vertex 17.19285868840852 8.088334198556886 0.8
    endloop
  endfacet
  facet normal 0 0 -1
    outer loop
      vertex 3.814439313506167 8.088334198556886 2.6
      vertex 17 8.100000000000001 2.6
      vertex 17.167245541228247 8.091235032589239 2.6
    endloop
  endfacet
  facet normal 0 0 -1
    outer loop
      vertex 3.814439313506167 8.088334198556886 2.6
      vertex 17.167245541228247 8.091235032589239 2.6
      vertex 17.18556068649383 8.088334198556886 2.6
    endloop
  endfacet
  facet normal -4.868438441110675e-17 0.7071067811865477 -0.7071067811865475
    outer loop
      vertex 4 10.248671041712946 4.748671041712946
      vertex 16.900173044608344 10.248671041712946 4.748671041712945
      vertex 17 8.100000000000001 2.6
    endloop
  endfacet
  facet normal 0 0 -1
    outer loop
      vertex 17.799999999999997 6.5 0
      vertex 17.454451797384927 7.158387092714925 0
      vertex 17.70836482052257 6.8717785376350164 0
    endloop
  endfacet
  facet normal 0.6766579254963359 0.16678119947998085 -0.7171597335064301
    outer loop
      vertex 17.799999999999997 6.5 0
      vertex 17.70836482052257 6.8717785376350164 0
      vertex 18.553506907881683 6.882905062860093 0.8
    endloop
  endfacet
  facet normal 0.24712727676428328 0.6516210752546724 -0.7171597335064303
    outer loop
      vertex 17.09642934420426 7.294167099278443 0
      vertex 17.567367819268057 7.996025988296665 0.8
      vertex 17.454451797384927 7.158387092714925 0
    endloop
  endfacet
  facet normal 0.5216437493771262 0.4621360355704383 -0.717159733506429
    outer loop
      vertex 17.70836482052257 6.8717785376350164 0
      vertex 17.454451797384927 7.158387092714925 0
      vertex 18.19761719707376 7.560996253185273 0.8
    endloop
  endfacet
  facet normal 0.5840628148164614 0.40314945252726675 -0.7045148311253902
    outer loop
      vertex 17.70836482052257 6.8717785376350164 0
      vertex 18.19761719707376 7.560996253185273 0.8
      vertex 18.416729641045137 7.243557075270029 0.8
    endloop
  endfacet
  facet normal 0.32980904635303177 0.6283986359533777 -0.7045148311253909
    outer loop
      vertex 17.454451797384927 7.158387092714925 0
      vertex 17.567367819268057 7.996025988296665 0.8
      vertex 17.908903594769853 7.81677418542985 0.8
    endloop
  endfacet
  facet normal 0.47061103187014697 0.5312100426445999 -0.7045148311253908
    outer loop
      vertex 17.454451797384927 7.158387092714925 0
      vertex 17.908903594769853 7.81677418542985 0.8
      vertex 18.19761719707376 7.560996253185273 0.8
    endloop
  endfacet
  facet normal 0.6631226582407965 0.7485107481710999 8.44384465788267e-16
    outer loop
      vertex 18.19761719707376 7.560996253185273 0.8
      vertex 17.916752399101128 7.809820751554803 2.6
      vertex 18.194781851227717 7.563508150414609 2.6
    endloop
  endfacet
  facet normal 0 0 -1
    outer loop
      vertex 18.194781851227717 7.563508150414609 2.6
      vertex 17.916752399101128 7.809820751554803 2.6
      vertex 18.18903172076383 7.570608970174174 2.6
    endloop
  endfacet
  facet normal 0.7045148311253885 0.0855435880047431 -0.7045148311253923
    outer loop
      vertex 17.799999999999997 6.5 0
      vertex 18.553506907881683 6.882905062860093 0.8
      vertex 18.6 6.5 0.8
    endloop
  endfacet
  facet normal 0.6635709899475998 0.2516592816176766 -0.7045148311253904
    outer loop
      vertex 17.70836482052257 6.8717785376350164 0
      vertex 18.416729641045137 7.243557075270029 0.8
      vertex 18.553506907881683 6.882905062860093 0.8
    endloop
  endfacet
  facet normal 0.9927088740980549 0.12053668025531605 0
    outer loop
      vertex 18.6 6.5 0.8
      vertex 18.555109726516093 6.869704663790081 2.6
      vertex 18.6 6.5 2.6
    endloop
  endfacet
  facet normal 0.9927088740980536 0.12053668025532652 -2.1804749536734125e-15
    outer loop
      vertex 18.6 6.5 0.8
      vertex 18.553506907881683 6.882905062860093 0.8
      vertex 18.555109726516093 6.869704663790081 2.6
    endloop
  endfacet
  facet normal 0.992708874098018 0.12053668025561932 0
    outer loop
      vertex 18.553506907881683 6.882905062860093 0.8
      vertex 18.553506907881683 6.882905062860093 2.6018708747372483
      vertex 18.555109726516093 6.869704663790081 2.6
    endloop
  endfacet
  facet normal 0.9350162426854972 0.35460488704231885 0
    outer loop
      vertex 18.553506907881683 6.882905062860093 0.8
      vertex 18.54691619062578 6.9002833560263745 2.6
      vertex 18.553506907881683 6.882905062860093 2.6018708747372483
    endloop
  endfacet
  facet normal 0.9350162426854111 0.35460488704254567 -2.504787156898405e-15
    outer loop
      vertex 18.553506907881683 6.882905062860093 0.8
      vertex 18.423512269342176 7.225672754276257 2.6
      vertex 18.54691619062578 6.9002833560263745 2.6
    endloop
  endfacet
  facet normal 0.9350162426854156 0.3546048870425336 1.153961697366163e-16
    outer loop
      vertex 18.553506907881683 6.882905062860093 0.8
      vertex 18.416729641045137 7.243557075270029 0.8
      vertex 18.423512269342176 7.225672754276257 2.6
    endloop
  endfacet
  facet normal 0.9350162426854195 0.3546048870425235 0
    outer loop
      vertex 18.416729641045137 7.243557075270029 0.8
      vertex 18.416729641045137 7.243557075270029 2.602078794677517
      vertex 18.423512269342176 7.225672754276257 2.6
    endloop
  endfacet
  facet normal 0.8229838658936143 0.5680647467312168 0
    outer loop
      vertex 18.416729641045137 7.243557075270029 0.8
      vertex 18.407830991708053 7.256448994500726 2.6
      vertex 18.416729641045137 7.243557075270029 2.602078794677517
    endloop
  endfacet
  facet normal 0.8229838658936633 0.5680647467311456 7.516350998500187e-16
    outer loop
      vertex 18.416729641045137 7.243557075270029 0.8
      vertex 18.202244036520383 7.554293119015167 2.6
      vertex 18.407830991708053 7.256448994500726 2.6
    endloop
  endfacet
  facet normal 0.8229838658936548 0.568064746731158 -2.4181142445575443e-15
    outer loop
      vertex 18.416729641045137 7.243557075270029 0.8
      vertex 18.19761719707376 7.560996253185273 0.8
      vertex 18.202244036520383 7.554293119015167 2.6
    endloop
  endfacet
  facet normal 0.6631226582404962 0.748510748171366 0
    outer loop
      vertex 18.19761719707376 7.560996253185273 0.8
      vertex 18.194781851227717 7.563508150414609 2.6
      vertex 18.19761719707376 7.560996253185273 2.6006235439722856
    endloop
  endfacet
  facet normal 0.8229838658933517 0.5680647467315973 0
    outer loop
      vertex 18.19761719707376 7.560996253185273 0.8
      vertex 18.19761719707376 7.560996253185273 2.6006235439722856
      vertex 18.202244036520383 7.554293119015167 2.6
    endloop
  endfacet
  facet normal 0 0 -1
    outer loop
      vertex 18.6 6.5 2.6
      vertex 18.565036161174092 6.832658705308415 2.6
      vertex 18.59123503258924 6.667245541228247 2.6
    endloop
  endfacet
  facet normal 0 0 -1
    outer loop
      vertex 18.6 6.5 2.6
      vertex 18.555109726516093 6.869704663790081 2.6
      vertex 18.565036161174092 6.832658705308415 2.6
    endloop
  endfacet
  facet normal 0 0 -1
    outer loop
      vertex 18.54691619062578 6.9002833560263745 2.6
      vertex 18.423512269342176 7.225672754276257 2.6
      vertex 18.521690426072247 6.9944271909999145 2.6
    endloop
  endfacet
  facet normal 0.7066217501846246 0.037032476720270484 -0.7066217501846236
    outer loop
      vertex 18.6 6.5 2.6
      vertex 18.59123503258924 6.667245541228247 2.6
      vertex 20.72911021274612 6.891945277132102 4.749651194321092
    endloop
  endfacet
  facet normal 0.6988798544194952 0.1106916945963214 -0.7066217501846233
    outer loop
      vertex 18.59123503258924 6.667245541228247 2.6
      vertex 18.565036161174092 6.832658705308415 2.6
      vertex 20.667382751653108 7.279526268019328 4.749314263922788
    endloop
  endfacet
  facet normal 0.6834808847193355 0.18313815110263956 -0.7066217501846239
    outer loop
      vertex 18.555109726516093 6.869704663790081 2.6
      vertex 20.665262711817 7.292684838611091 4.750674014859203
      vertex 18.565036161174092 6.832658705308415 2.6
    endloop
  endfacet
  facet normal 0.6834808847192873 0.1831381511028462 -0.7066217501846173
    outer loop
      vertex 18.555109726516093 6.869704663790081 2.6
      vertex 18.553506907881683 6.882905062860093 2.6018708747372483
      vertex 20.665262711817 7.292684838611091 4.750674014859203
    endloop
  endfacet
  facet normal 0.6834808847193709 0.18313815110248388 -0.7066217501846302
    outer loop
      vertex 18.553506907881683 6.882905062860093 2.6018708747372483
      vertex 18.54691619062578 6.9002833560263745 2.6
      vertex 20.665262711817 7.292684838611091 4.750674014859203
    endloop
  endfacet
  facet normal 0 0 -1
    outer loop
      vertex 18.521690426072247 6.9944271909999145 2.6
      vertex 18.423512269342176 7.225672754276257 2.6
      vertex 18.461672732228166 7.15077862892128 2.6
    endloop
  endfacet
  facet normal 0 0 -1
    outer loop
      vertex 18.3856406460551 7.300000000000001 2.6
      vertex 18.202244036520383 7.554293119015167 2.6
      vertex 18.29442719099991 7.440456403667959 2.6
    endloop
  endfacet
  facet normal 0 0 -1
    outer loop
      vertex 18.407830991708053 7.256448994500726 2.6
      vertex 18.202244036520383 7.554293119015167 2.6
      vertex 18.3856406460551 7.300000000000001 2.6
    endloop
  endfacet
  facet normal 0.6834808847193248 0.18313815110267703 -0.7066217501846246
    outer loop
      vertex 18.54691619062578 6.9002833560263745 2.6
      vertex 18.521690426072247 6.9944271909999145 2.6
      vertex 20.565500611491323 7.658501375604004 4.748989203481568
    endloop
  endfacet
  facet normal 0.6605935554186191 0.25357810770136696 -0.7066217501846244
    outer loop
      vertex 18.521690426072247 6.9944271909999145 2.6
      vertex 18.461672732228166 7.15077862892128 2.6
      vertex 20.560241031756433 7.67778767008231 4.750993299139439
    endloop
  endfacet
  facet normal 0.63046862488663 0.3212398094875268 -0.7066217501846227
    outer loop
      vertex 18.461672732228166 7.15077862892128 2.6
      vertex 18.423512269342176 7.225672754276257 2.6
      vertex 20.414880398205923 8.04954569663142 4.751300766633223
    endloop
  endfacet
  facet normal 0.6304686248866469 0.32123980948748954 -0.7066217501846244
    outer loop
      vertex 18.423512269342176 7.225672754276257 2.6
      vertex 18.416729641045137 7.243557075270029 2.602078794677517
      vertex 20.414880398205923 8.04954569663142 4.751300766633223
    endloop
  endfacet
  facet normal 0.6304686248866104 0.32123980948757036 -0.7066217501846205
    outer loop
      vertex 18.416729641045137 7.243557075270029 2.602078794677517
      vertex 18.407830991708053 7.256448994500726 2.6
      vertex 20.414880398205923 8.04954569663142 4.751300766633223
    endloop
  endfacet
  facet normal 0.6304686248866447 0.32123980948749425 -0.7066217501846245
    outer loop
      vertex 18.407830991708053 7.256448994500726 2.6
      vertex 18.3856406460551 7.300000000000001 2.6
      vertex 20.414880398205923 8.04954569663142 4.751300766633223
    endloop
  endfacet
  facet normal 0.7066217501846233 0.03703247672028208 -0.7066217501846244
    outer loop
      vertex 18.6 6.5 2.6
      vertex 20.72911021274612 6.891945277132102 4.749651194321092
      vertex 20.75 6.500000000000046 4.749999999999997
    endloop
  endfacet
  facet normal 0.6988798544194686 0.11069169459651408 -0.7066217501846191
    outer loop
      vertex 18.59123503258924 6.667245541228247 2.6
      vertex 20.72875550078801 6.898600571177621 4.7503429147983685
      vertex 20.72911021274612 6.891945277132102 4.749651194321092
    endloop
  endfacet
  facet normal 0.6988798544194946 0.11069169459632301 -0.7066217501846233
    outer loop
      vertex 18.59123503258924 6.667245541228247 2.6
      vertex 20.667382751653108 7.279526268019328 4.749314263922788
      vertex 20.72875550078801 6.898600571177621 4.7503429147983685
    endloop
  endfacet
  facet normal 0.6834808847193565 0.18313815110255174 -0.7066217501846264
    outer loop
      vertex 18.565036161174092 6.832658705308415 2.6
      vertex 20.665262711817 7.292684838611091 4.750674014859203
      vertex 20.667382751653108 7.279526268019328 4.749314263922788
    endloop
  endfacet
  facet normal 0.6834808847193325 0.18313815110265308 -0.7066217501846234
    outer loop
      vertex 18.54691619062578 6.9002833560263745 2.6
      vertex 20.565500611491323 7.658501375604004 4.748989203481568
      vertex 20.665262711817 7.292684838611091 4.750674014859203
    endloop
  endfacet
  facet normal 0.6605935554186138 0.2535781077013771 -0.7066217501846258
    outer loop
      vertex 18.521690426072247 6.9944271909999145 2.6
      vertex 20.560241031756433 7.67778767008231 4.750993299139439
      vertex 20.565500611491323 7.658501375604004 4.748989203481568
    endloop
  endfacet
  facet normal 0.6605935554186122 0.2535781077013892 -0.7066217501846229
    outer loop
      vertex 18.461672732228166 7.15077862892128 2.6
      vertex 20.424585939156614 8.024723895416802 4.748676007862536
      vertex 20.560241031756433 7.67778767008231 4.750993299139439
    endloop
  endfacet
  facet normal 0.16983975786898664 0.6890669846766467 -0.7045148311253908
    outer loop
      vertex 17.09642934420426 7.294167099278443 0
      vertex 17.19285868840852 8.088334198556886 0.8
      vertex 17.567367819268057 7.996025988296665 0.8
    endloop
  endfacet
  facet normal 0.23931566428755557 0.9709418174260526 1.1079742066761706e-15
    outer loop
      vertex 17.19285868840852 8.088334198556886 0.8
      vertex 17.205979871729816 8.0851001173314 2.6
      vertex 17.567367819268057 7.996025988296665 0.8
    endloop
  endfacet
  facet normal 0.23931566428769893 0.9709418174260173 0
    outer loop
      vertex 17.19285868840852 8.088334198556886 0.8
      vertex 17.19285868840852 8.088334198556886 2.601143225776581
      vertex 17.205979871729816 8.0851001173314 2.6
    endloop
  endfacet
  facet normal 0 1 0
    outer loop
      vertex 17.19285868840852 8.088334198556886 0.8
      vertex 17.18556068649383 8.088334198556886 2.6
      vertex 17.19285868840852 8.088334198556886 2.601143225776581
    endloop
  endfacet
  facet normal 0.23931566428754936 0.9709418174260541 -2.2511954637621225e-16
    outer loop
      vertex 17.567367819268057 7.996025988296665 0.8
      vertex 17.205979871729816 8.0851001173314 2.6
      vertex 17.55037305134202 8.0002148223778 2.6
    endloop
  endfacet
  facet normal 0.4647231720437682 0.88545602565321 5.695841608099253e-16
    outer loop
      vertex 17.567367819268057 7.996025988296665 0.8
      vertex 17.58392977745943 7.987333602087791 2.6
      vertex 17.908903594769853 7.81677418542985 0.8
    endloop
  endfacet
  facet normal 0.6631226582407999 0.748510748171097 1.7431351950807914e-15
    outer loop
      vertex 18.19761719707376 7.560996253185273 0.8
      vertex 17.908903594769853 7.81677418542985 0.8
      vertex 17.916752399101128 7.809820751554803 2.6
    endloop
  endfacet
  facet normal 0.2393156642875718 0.9709418174260485 0
    outer loop
      vertex 17.567367819268057 7.996025988296665 0.8
      vertex 17.55037305134202 8.0002148223778 2.6
      vertex 17.567367819268057 7.996025988296665 2.6021827580206676
    endloop
  endfacet
  facet normal 0.46472317204381675 0.8854560256531847 0
    outer loop
      vertex 17.567367819268057 7.996025988296665 0.8
      vertex 17.567367819268057 7.996025988296665 2.6021827580206676
      vertex 17.58392977745943 7.987333602087791 2.6
    endloop
  endfacet
  facet normal 0.46472317204376834 0.88545602565321 6.211078747570072e-16
    outer loop
      vertex 17.908903594769853 7.81677418542985 0.8
      vertex 17.58392977745943 7.987333602087791 2.6
      vertex 17.894001099184194 7.824595618475975 2.6
    endloop
  endfacet
  facet normal 0.663122658241025 0.7485107481708976 0
    outer loop
      vertex 17.908903594769853 7.81677418542985 0.8
      vertex 17.908903594769853 7.81677418542985 2.601559011691487
      vertex 17.916752399101128 7.809820751554803 2.6
    endloop
  endfacet
  facet normal 0.4647231720437096 0.8854560256532408 0
    outer loop
      vertex 17.908903594769853 7.81677418542985 0.8
      vertex 17.894001099184194 7.824595618475975 2.6
      vertex 17.908903594769853 7.81677418542985 2.601559011691487
    endloop
  endfacet
  facet normal 0 0 -1
    outer loop
      vertex 17.205979871729816 8.0851001173314 2.6
      vertex 17.33265870530842 8.065036161174088 2.6
      vertex 17.494427190999915 8.021690426072247 2.6
    endloop
  endfacet
  facet normal 0 0 -1
    outer loop
      vertex 17.205979871729816 8.0851001173314 2.6
      vertex 17.494427190999915 8.021690426072247 2.6
      vertex 17.55037305134202 8.0002148223778 2.6
    endloop
  endfacet
  facet normal 0 0 -1
    outer loop
      vertex 17.58392977745943 7.987333602087791 2.6
      vertex 17.799999999999997 7.885640646055101 2.6
      vertex 17.894001099184194 7.824595618475975 2.6
    endloop
  endfacet
  facet normal 0 0 -1
    outer loop
      vertex 17.58392977745943 7.987333602087791 2.6
      vertex 17.65077862892128 7.961672732228163 2.6
      vertex 17.799999999999997 7.885640646055101 2.6
    endloop
  endfacet
  facet normal 0 0 -1
    outer loop
      vertex 17.94045640366796 7.794427190999915 2.6
      vertex 18.070608970174177 7.689031720763829 2.6
      vertex 17.916752399101128 7.809820751554803 2.6
    endloop
  endfacet
  facet normal 0 0 -1
    outer loop
      vertex 18.18903172076383 7.570608970174174 2.6
      vertex 17.916752399101128 7.809820751554803 2.6
      vertex 18.070608970174177 7.689031720763829 2.6
    endloop
  endfacet
  facet normal 0.03703247672027048 0.7066217501846244 -0.7066217501846239
    outer loop
      vertex 17 8.100000000000001 2.6
      vertex 17.299197895824065 10.238045026365313 4.753725323651611
      vertex 17.167245541228247 8.091235032589239 2.6
    endloop
  endfacet
  facet normal 0.11069169459623879 0.6988798544195114 -0.7066217501846199
    outer loop
      vertex 17.18556068649383 8.088334198556886 2.6
      vertex 17.694832715326683 10.185065467221953 4.753536071152448
      vertex 17.19285868840852 8.088334198556886 2.601143225776581
    endloop
  endfacet
  facet normal 0.11069169459642206 0.6988798544194751 -0.7066217501846273
    outer loop
      vertex 17.205979871729816 8.0851001173314 2.6
      vertex 17.19285868840852 8.088334198556886 2.601143225776581
      vertex 17.694832715326683 10.185065467221953 4.753536071152448
    endloop
  endfacet
  facet normal 0.11069169459636427 0.6988798544194864 -0.7066217501846251
    outer loop
      vertex 17.167245541228247 8.091235032589239 2.6
      vertex 17.694832715326683 10.185065467221953 4.753536071152448
      vertex 17.18556068649383 8.088334198556886 2.6
    endloop
  endfacet
  facet normal 0.11069169459632508 0.6988798544194941 -0.7066217501846238
    outer loop
      vertex 17.205979871729816 8.0851001173314 2.6
      vertex 17.694832715326683 10.185065467221953 4.753536071152448
      vertex 17.33265870530842 8.065036161174088 2.6
    endloop
  endfacet
  facet normal 0.2535781077014044 0.6605935554186043 -0.7066217501846248
    outer loop
      vertex 17.58392977745943 7.987333602087791 2.6
      vertex 17.567367819268057 7.996025988296665 2.6021827580206676
      vertex 18.458090658024958 9.954919917014049 4.7531220923966835
    endloop
  endfacet
  facet normal 0.253578107701378 0.6605935554186152 -0.7066217501846241
    outer loop
      vertex 17.58392977745943 7.987333602087791 2.6
      vertex 18.458090658024958 9.954919917014049 4.7531220923966835
      vertex 17.65077862892128 7.961672732228163 2.6
    endloop
  endfacet
  facet normal 0.32123980948751035 0.6304686248866358 -0.7066217501846249
    outer loop
      vertex 17.65077862892128 7.961672732228163 2.6
      vertex 18.817065763747436 9.780361566994856 4.752897367444245
      vertex 17.799999999999997 7.885640646055101 2.6
    endloop
  endfacet
  facet normal 0.18313815110265064 0.6834808847193328 -0.7066217501846237
    outer loop
      vertex 17.33265870530842 8.065036161174088 2.6
      vertex 18.08259480252358 10.090332643857522 4.75333499385632
      vertex 17.494427190999915 8.021690426072247 2.6
    endloop
  endfacet
  facet normal 0.2535781077013717 0.660593555418618 -0.7066217501846236
    outer loop
      vertex 17.494427190999915 8.021690426072247 2.6
      vertex 18.458090658024958 9.954919917014049 4.7531220923966835
      vertex 17.55037305134202 8.0002148223778 2.6
    endloop
  endfacet
  facet normal 0.2535781077013926 0.6605935554186092 -0.7066217501846245
    outer loop
      vertex 17.55037305134202 8.0002148223778 2.6
      vertex 18.458090658024958 9.954919917014049 4.7531220923966835
      vertex 17.567367819268057 7.996025988296665 2.6021827580206676
    endloop
  endfacet
  facet normal 1.1190932221590718e-14 0.7071067811865478 -0.7071067811865471
    outer loop
      vertex 17 8.100000000000001 2.6
      vertex 16.900173044608344 10.248671041712946 4.748671041712945
      vertex 17 10.246012654003842 4.7460126540038425
    endloop
  endfacet
  facet normal 0.03703247672026866 0.7066217501846245 -0.7066217501846238
    outer loop
      vertex 17 8.100000000000001 2.6
      vertex 17 10.246012654003842 4.7460126540038425
      vertex 17.299197895824065 10.238045026365313 4.753725323651611
    endloop
  endfacet
  facet normal 0.037032476720256835 0.7066217501846251 -0.7066217501846237
    outer loop
      vertex 17.167245541228247 8.091235032589239 2.6
      vertex 17.299197895824065 10.238045026365313 4.753725323651611
      vertex 17.39158407143797 10.225673570129185 4.7461956217158585
    endloop
  endfacet
  facet normal 0.11069169459633493 0.6988798544194923 -0.7066217501846239
    outer loop
      vertex 17.167245541228247 8.091235032589239 2.6
      vertex 17.39158407143797 10.225673570129185 4.7461956217158585
      vertex 17.694832715326683 10.185065467221953 4.753536071152448
    endloop
  endfacet
  facet normal 0.18313815110264842 0.6834808847193335 -0.7066217501846235
    outer loop
      vertex 17.33265870530842 8.065036161174088 2.6
      vertex 17.778918364640774 10.164522791114706 4.746390410164669
      vertex 18.08259480252358 10.090332643857522 4.75333499385632
    endloop
  endfacet
  facet normal 0.11069169459633253 0.6988798544194927 -0.7066217501846238
    outer loop
      vertex 17.33265870530842 8.065036161174088 2.6
      vertex 17.694832715326683 10.185065467221953 4.753536071152448
      vertex 17.778918364640774 10.164522791114706 4.746390410164669
    endloop
  endfacet
  facet normal 0.1831381511026601 0.68348088471933 -0.706621750184624
    outer loop
      vertex 17.494427190999915 8.021690426072247 2.6
      vertex 18.08259480252358 10.090332643857522 4.75333499385632
      vertex 18.157762151002864 10.06322551210614 4.7465970224216605
    endloop
  endfacet
  facet normal 0.25357810770137396 0.6605935554186172 -0.7066217501846238
    outer loop
      vertex 17.494427190999915 8.021690426072247 2.6
      vertex 18.157762151002864 10.06322551210614 4.7465970224216605
      vertex 18.458090658024958 9.954919917014049 4.7531220923966835
    endloop
  endfacet
  facet normal 0.5499018608224078 0.4453017467179476 -0.7066217501846361
    outer loop
      vertex 18.194781851227717 7.563508150414609 2.6
      vertex 18.18903172076383 7.570608970174174 2.6
      vertex 20.010168642241112 8.736377594519382 4.751880247424219
    endloop
  endfacet
  facet normal 0.5499018608220849 0.44530174671839307 -0.7066217501846065
    outer loop
      vertex 18.194781851227717 7.563508150414609 2.6
      vertex 20.010168642241112 8.736377594519382 4.751880247424219
      vertex 18.19761719707376 7.560996253185273 2.6006235439722856
    endloop
  endfacet
  facet normal 0.5499018608220723 0.44530174671841033 -0.7066217501846054
    outer loop
      vertex 18.202244036520383 7.554293119015167 2.6
      vertex 18.19761719707376 7.560996253185273 2.6006235439722856
      vertex 20.010168642241112 8.736377594519382 4.751880247424219
    endloop
  endfacet
  facet normal 0.5003427336166844 0.5003427336166694 -0.7066217501846249
    outer loop
      vertex 18.18903172076383 7.570608970174174 2.6
      vertex 18.070608970174177 7.689031720763829 2.6
      vertex 19.755403065736502 9.04366938601106 4.752152258895887
    endloop
  endfacet
  facet normal 0.4453017467181109 0.5499018608222916 -0.7066217501846235
    outer loop
      vertex 17.94045640366796 7.794427190999915 2.6
      vertex 19.469417671493893 9.32214038696052 4.752412449930032
      vertex 18.070608970174177 7.689031720763829 2.6
    endloop
  endfacet
  facet normal 0.5934361481663638 0.3853819406971326 -0.7066217501846241
    outer loop
      vertex 18.3856406460551 7.300000000000001 2.6
      vertex 18.29442719099991 7.440456403667959 2.6
      vertex 20.230827805226774 8.40374675127065 4.751596416371947
    endloop
  endfacet
  facet normal 0.5499018608223025 0.4453017467180946 -0.7066217501846254
    outer loop
      vertex 18.29442719099991 7.440456403667959 2.6
      vertex 18.202244036520383 7.554293119015167 2.6
      vertex 20.010168642241112 8.736377594519382 4.751880247424219
    endloop
  endfacet
  facet normal 0.5499018608223176 0.4453017467180775 -0.7066217501846244
    outer loop
      vertex 18.29442719099991 7.440456403667959 2.6
      vertex 20.010168642241112 8.736377594519382 4.751880247424219
      vertex 20.032264616283314 8.703069199895687 4.748085191493493
    endloop
  endfacet
  facet normal 0.38538194069710835 0.5934361481663805 -0.7066217501846233
    outer loop
      vertex 17.799999999999997 7.885640646055101 2.6
      vertex 19.155452788304025 9.568635409655634 4.752660819706965
      vertex 17.894001099184194 7.824595618475975 2.6
    endloop
  endfacet
  facet normal 0.38538194069705967 0.5934361481664139 -0.7066217501846218
    outer loop
      vertex 17.894001099184194 7.824595618475975 2.6
      vertex 19.155452788304025 9.568635409655634 4.752660819706965
      vertex 17.908903594769853 7.81677418542985 2.601559011691487
    endloop
  endfacet
  facet normal 0.3853819406973089 0.5934361481662443 -0.7066217501846283
    outer loop
      vertex 17.908903594769853 7.81677418542985 2.601559011691487
      vertex 19.155452788304025 9.568635409655634 4.752660819706965
      vertex 17.916752399101128 7.809820751554803 2.6
    endloop
  endfacet
  facet normal 0.38538194069710535 0.593436148166382 -0.7066217501846236
    outer loop
      vertex 17.94045640366796 7.794427190999915 2.6
      vertex 17.916752399101128 7.809820751554803 2.6
      vertex 19.155452788304025 9.568635409655634 4.752660819706965
    endloop
  endfacet
  facet normal 0.38538194069712256 0.5934361481663712 -0.7066217501846233
    outer loop
      vertex 17.94045640366796 7.794427190999915 2.6
      vertex 19.155452788304025 9.568635409655634 4.752660819706965
      vertex 19.202600525836694 9.531619541781929 4.747287835559227
    endloop
  endfacet
  facet normal 0.5499018608222906 0.44530174671810996 -0.7066217501846249
    outer loop
      vertex 18.18903172076383 7.570608970174174 2.6
      vertex 19.785163796150705 9.007772746086019 4.747807561415125
      vertex 20.010168642241112 8.736377594519382 4.751880247424219
    endloop
  endfacet
  facet normal 0.5003427336166625 0.5003427336166916 -0.7066217501846246
    outer loop
      vertex 18.18903172076383 7.570608970174174 2.6
      vertex 19.755403065736502 9.04366938601106 4.752152258895887
      vertex 19.785163796150705 9.007772746086019 4.747807561415125
    endloop
  endfacet
  facet normal 0.5003427336166691 0.5003427336166861 -0.7066217501846237
    outer loop
      vertex 18.070608970174177 7.689031720763829 2.6
      vertex 19.507594901934993 9.284966280210885 4.747541777501892
      vertex 19.755403065736502 9.04366938601106 4.752152258895887
    endloop
  endfacet
  facet normal 0.4453017467181219 0.5499018608222829 -0.7066217501846234
    outer loop
      vertex 18.070608970174177 7.689031720763829 2.6
      vertex 19.469417671493893 9.32214038696052 4.752412449930032
      vertex 19.507594901934993 9.284966280210885 4.747541777501892
    endloop
  endfacet
  facet normal 0.4453017467181147 0.5499018608222883 -0.7066217501846237
    outer loop
      vertex 17.94045640366796 7.794427190999915 2.6
      vertex 19.202600525836694 9.531619541781929 4.747287835559227
      vertex 19.469417671493893 9.32214038696052 4.752412449930032
    endloop
  endfacet
  facet normal 0.630468624886674 0.32123980948743786 -0.7066217501846238
    outer loop
      vertex 18.461672732228166 7.15077862892128 2.6
      vertex 20.414880398205923 8.04954569663142 4.751300766633223
      vertex 20.424585939156614 8.024723895416802 4.748676007862536
    endloop
  endfacet
  facet normal 0.6304686248866427 0.3212398094874987 -0.7066217501846239
    outer loop
      vertex 18.3856406460551 7.300000000000001 2.6
      vertex 20.246187688957434 8.374187336059624 4.748374672119247
      vertex 20.414880398205923 8.04954569663142 4.751300766633223
    endloop
  endfacet
  facet normal 0.5934361481663757 0.3853819406971134 -0.7066217501846246
    outer loop
      vertex 18.3856406460551 7.300000000000001 2.6
      vertex 20.230827805226774 8.40374675127065 4.751596416371947
      vertex 20.246187688957434 8.374187336059624 4.748374672119247
    endloop
  endfacet
  facet normal 0.593436148166368 0.38538194069712545 -0.7066217501846246
    outer loop
      vertex 18.29442719099991 7.440456403667959 2.6
      vertex 20.032264616283314 8.703069199895687 4.748085191493493
      vertex 20.230827805226774 8.40374675127065 4.751596416371947
    endloop
  endfacet
  facet normal 0.2535781077013918 0.6605935554186099 -0.7066217501846241
    outer loop
      vertex 17.65077862892128 7.961672732228163 2.6
      vertex 18.458090658024958 9.954919917014049 4.7531220923966835
      vertex 18.523967143134698 9.92288624570228 4.7468154617450775
    endloop
  endfacet
  facet normal 0.32123980948749575 0.6304686248866442 -0.7066217501846241
    outer loop
      vertex 17.65077862892128 7.961672732228163 2.6
      vertex 18.523967143134698 9.92288624570228 4.7468154617450775
      vertex 18.817065763747436 9.780361566994856 4.752897367444245
    endloop
  endfacet
  facet normal 0.3853819406971302 0.5934361481663647 -0.7066217501846248
    outer loop
      vertex 17.799999999999997 7.885640646055101 2.6
      vertex 18.87352286579008 9.745036792690463 4.747045731580155
      vertex 19.155452788304025 9.568635409655634 4.752660819706965
    endloop
  endfacet
  facet normal 0.321239809487496 0.6304686248866426 -0.7066217501846256
    outer loop
      vertex 17.799999999999997 7.885640646055101 2.6
      vertex 18.817065763747436 9.780361566994856 4.752897367444245
      vertex 18.87352286579008 9.745036792690463 4.747045731580155
    endloop
  endfacet
  facet normal 0 0 -1
    outer loop
      vertex -2.619206238375785 -10.248671041712948 5
      vertex -2.373053427696796 -10.154181830570403 5
      vertex 2.619206238375785 -10.248671041712948 5
    endloop
  endfacet
  facet normal 0 0 -1
    outer loop
      vertex -2.373053427696796 -10.154181830570403 5
      vertex -2 -9.964101615137753 5
      vertex 2 -9.964101615137753 5
    endloop
  endfacet
  facet normal 0 0 -1
    outer loop
      vertex -2 -9.964101615137753 5
      vertex -1.6488589908301066 -9.736067977499792 5
      vertex 1.6488589908301066 -9.736067977499792 5
    endloop
  endfacet
  facet normal 0 0 -1
    outer loop
      vertex -1.6488589908301066 -9.736067977499792 5
      vertex -1.323477574564567 -9.472579301909576 5
      vertex 1.323477574564567 -9.472579301909576 5
    endloop
  endfacet
  facet normal 0 0 -1
    outer loop
      vertex -1.323477574564567 -9.472579301909576 5
      vertex -1.027420698090424 -9.176522425435433 5
      vertex 1.027420698090424 -9.176522425435433 5
    endloop
  endfacet
  facet normal 0 0 -1
    outer loop
      vertex -1.027420698090424 -9.176522425435433 5
      vertex -0.7639320225002102 -8.851141009169893 5
      vertex 0.7639320225002102 -8.851141009169893 5
    endloop
  endfacet
  facet normal 0 0 -1
    outer loop
      vertex -0.7639320225002102 -8.851141009169893 5
      vertex -0.535898384862243 -8.5 5
      vertex 0.535898384862243 -8.5 5
    endloop
  endfacet
  facet normal 0 0 -1
    outer loop
      vertex -0.535898384862243 -8.5 5
      vertex -0.3458181694295952 -8.1269465723032 5
      vertex 0.3458181694295952 -8.1269465723032 5
    endloop
  endfacet
  facet normal 0 0 -1
    outer loop
      vertex -0.3458181694295952 -8.1269465723032 5
      vertex -0.19577393481938543 -7.73606797749979 5
      vertex 0.19577393481938543 -7.73606797749979 5
    endloop
  endfacet
  facet normal 0 0 -1
    outer loop
      vertex -0.19577393481938543 -7.73606797749979 5
      vertex -0.08740959706477724 -7.331646763271037 5
      vertex 0.08740959706477724 -7.331646763271037 5
    endloop
  endfacet
  facet normal 0 0 -1
    outer loop
      vertex -0.08740959706477724 -7.331646763271037 5
      vertex -0.021912418526905952 -6.918113853070614 5
      vertex 0.021912418526905952 -6.918113853070614 5
    endloop
  endfacet
  facet normal 0 0 -1
    outer loop
      vertex -0.021912418526905952 -6.918113853070614 5
      vertex 0 -6.5 5
      vertex 0.021912418526905952 -6.918113853070614 5
    endloop
  endfacet
  facet normal 0 0 -1
    outer loop
      vertex 0 6.5 5
      vertex -0.021912418526905952 6.918113853070611 5
      vertex 0.021912418526905952 6.918113853070611 5
    endloop
  endfacet
  facet normal 0 0 -1
    outer loop
      vertex -0.021912418526905952 6.918113853070611 5
      vertex -0.08740959706477724 7.331646763271035 5
      vertex 0.08740959706477724 7.331646763271035 5
    endloop
  endfacet
  facet normal 0 0 -1
    outer loop
      vertex -0.08740959706477724 7.331646763271035 5
      vertex -0.19577393481938543 7.73606797749979 5
      vertex 0.19577393481938543 7.73606797749979 5
    endloop
  endfacet
  facet normal 0 0 -1
    outer loop
      vertex -0.19577393481938543 7.73606797749979 5
      vertex -0.3458181694295952 8.126946572303204 5
      vertex 0.3458181694295952 8.126946572303204 5
    endloop
  endfacet
  facet normal 0 0 -1
    outer loop
      vertex -0.3458181694295952 8.126946572303204 5
      vertex -0.535898384862243 8.5 5
      vertex 0.535898384862243 8.5 5
    endloop
  endfacet
  facet normal 0 0 -1
    outer loop
      vertex -0.7639320225002102 8.851141009169893 5
      vertex 0.7639320225002102 8.851141009169893 5
      vertex -0.535898384862243 8.5 5
    endloop
  endfacet
  facet normal 0 0 -1
    outer loop
      vertex -0.7639320225002102 8.851141009169893 5
      vertex -1.027420698090424 9.176522425435433 5
      vertex 1.027420698090424 9.176522425435433 5
    endloop
  endfacet
  facet normal 0 0 -1
    outer loop
      vertex -1.323477574564567 9.472579301909576 5
      vertex 1.323477574564567 9.472579301909576 5
      vertex -1.027420698090424 9.176522425435433 5
    endloop
  endfacet
  facet normal 0 0 -1
    outer loop
      vertex -2.619206238375778 10.248671041712946 5
      vertex 2.373053427696796 10.154181830570405 5
      vertex -2.373053427696796 10.154181830570405 5
    endloop
  endfacet
  facet normal 0 0 -1
    outer loop
      vertex -2.373053427696796 10.154181830570405 5
      vertex 2.373053427696796 10.154181830570405 5
      vertex -2 9.964101615137757 5
    endloop
  endfacet
  facet normal 0 0 -1
    outer loop
      vertex -1.323477574564567 9.472579301909576 5
      vertex -1.6488589908301066 9.73606797749979 5
      vertex 1.6488589908301066 9.73606797749979 5
    endloop
  endfacet
  facet normal 0 0 -1
    outer loop
      vertex -2 9.964101615137757 5
      vertex 2 9.964101615137757 5
      vertex -1.6488589908301066 9.73606797749979 5
    endloop
  endfacet
  facet normal 0 0 -1
    outer loop
      vertex -2 -9.964101615137753 5
      vertex 1.6488589908301066 -9.736067977499792 5
      vertex 2 -9.964101615137753 5
    endloop
  endfacet
  facet normal 0 0 -1
    outer loop
      vertex -1.6488589908301066 -9.736067977499792 5
      vertex 1.323477574564567 -9.472579301909576 5
      vertex 1.6488589908301066 -9.736067977499792 5
    endloop
  endfacet
  facet normal 0 0 -1
    outer loop
      vertex -2.373053427696796 -10.154181830570403 5
      vertex 2 -9.964101615137753 5
      vertex 2.373053427696796 -10.154181830570403 5
    endloop
  endfacet
  facet normal 0 0 -1
    outer loop
      vertex -2.373053427696796 -10.154181830570403 5
      vertex 2.373053427696796 -10.154181830570403 5
      vertex 2.619206238375785 -10.248671041712948 5
    endloop
  endfacet
  facet normal 0 0 -1
    outer loop
      vertex -1.323477574564567 -9.472579301909576 5
      vertex 1.027420698090424 -9.176522425435433 5
      vertex 1.323477574564567 -9.472579301909576 5
    endloop
  endfacet
  facet normal 0 0 -1
    outer loop
      vertex -1.027420698090424 -9.176522425435433 5
      vertex 0.7639320225002102 -8.851141009169893 5
      vertex 1.027420698090424 -9.176522425435433 5
    endloop
  endfacet
  facet normal 0 0 -1
    outer loop
      vertex -0.7639320225002102 -8.851141009169893 5
      vertex 0.535898384862243 -8.5 5
      vertex 0.7639320225002102 -8.851141009169893 5
    endloop
  endfacet
  facet normal 0 0 -1
    outer loop
      vertex -0.535898384862243 -8.5 5
      vertex 0.3458181694295952 -8.1269465723032 5
      vertex 0.535898384862243 -8.5 5
    endloop
  endfacet
  facet normal 0 0 -1
    outer loop
      vertex -0.3458181694295952 -8.1269465723032 5
      vertex 0.19577393481938543 -7.73606797749979 5
      vertex 0.3458181694295952 -8.1269465723032 5
    endloop
  endfacet
  facet normal 0 0 -1
    outer loop
      vertex -0.19577393481938543 -7.73606797749979 5
      vertex 0.08740959706477724 -7.331646763271037 5
      vertex 0.19577393481938543 -7.73606797749979 5
    endloop
  endfacet
  facet normal 0 0 -1
    outer loop
      vertex -0.08740959706477724 -7.331646763271037 5
      vertex 0.021912418526905952 -6.918113853070614 5
      vertex 0.08740959706477724 -7.331646763271037 5
    endloop
  endfacet
  facet normal 0 0 -1
    outer loop
      vertex -0.021912418526905952 6.918113853070611 5
      vertex 0.08740959706477724 7.331646763271035 5
      vertex 0.021912418526905952 6.918113853070611 5
    endloop
  endfacet
  facet normal 0 0 -1
    outer loop
      vertex -0.08740959706477724 7.331646763271035 5
      vertex 0.19577393481938543 7.73606797749979 5
      vertex 0.08740959706477724 7.331646763271035 5
    endloop
  endfacet
  facet normal 0 0 -1
    outer loop
      vertex -0.19577393481938543 7.73606797749979 5
      vertex 0.3458181694295952 8.126946572303204 5
      vertex 0.19577393481938543 7.73606797749979 5
    endloop
  endfacet
  facet normal 0 0 -1
    outer loop
      vertex -0.3458181694295952 8.126946572303204 5
      vertex 0.535898384862243 8.5 5
      vertex 0.3458181694295952 8.126946572303204 5
    endloop
  endfacet
  facet normal 0 0 -1
    outer loop
      vertex -0.535898384862243 8.5 5
      vertex 0.7639320225002102 8.851141009169893 5
      vertex 0.535898384862243 8.5 5
    endloop
  endfacet
  facet normal 0 0 -1
    outer loop
      vertex -0.7639320225002102 8.851141009169893 5
      vertex 1.027420698090424 9.176522425435433 5
      vertex 0.7639320225002102 8.851141009169893 5
    endloop
  endfacet
  facet normal 0 0 -1
    outer loop
      vertex -1.027420698090424 9.176522425435433 5
      vertex 1.323477574564567 9.472579301909576 5
      vertex 1.027420698090424 9.176522425435433 5
    endloop
  endfacet
  facet normal 0 0 -1
    outer loop
      vertex -1.323477574564567 9.472579301909576 5
      vertex 1.6488589908301066 9.73606797749979 5
      vertex 1.323477574564567 9.472579301909576 5
    endloop
  endfacet
  facet normal 0 0 -1
    outer loop
      vertex -1.6488589908301066 9.73606797749979 5
      vertex 2 9.964101615137757 5
      vertex 1.6488589908301066 9.73606797749979 5
    endloop
  endfacet
  facet normal 0 0 -1
    outer loop
      vertex -2 9.964101615137757 5
      vertex 2.373053427696796 10.154181830570405 5
      vertex 2 9.964101615137757 5
    endloop
  endfacet
  facet normal 0 0 -1
    outer loop
      vertex -2.619206238375778 10.248671041712946 5
      vertex 2.619206238375778 10.248671041712946 5
      vertex 2.373053427696796 10.154181830570405 5
    endloop
  endfacet
  facet normal 0.5043667767076067 0.7788324274637587 0.3728729066109369
    outer loop
      vertex -18.473831455202358 -8.433484853285835 7.480612471699715
      vertex -18.09169592162018 -8.507595674802882 7.118514411151409
      vertex -18.385359750817635 -8.317420903253804 7.118514411151409
    endloop
  endfacet
  facet normal 0.4675920402877427 0.7220456632320088 0.5099095449855733
    outer loop
      vertex -18.385359750817635 -8.317420903253804 7.118514411151409
      vertex -18.09169592162018 -8.507595674802882 7.118514411151409
      vertex -17.996389717066712 -8.332330456481422 6.782937414944172
    endloop
  endfacet
  facet normal 0.7158512514051183 0.5903581805795839 0.3728729066109385
    outer loop
      vertex -18.646551921632405 -8.084647326106982 7.118514411151409
      vertex -18.869150310956805 -7.814730958721006 7.118514411151409
      vertex -18.988517799195137 -7.898692174323493 7.480612471699715
    endloop
  endfacet
  facet normal 0.797579531800574 0.47416525175120927 0.3728729066109387
    outer loop
      vertex -18.988517799195137 -7.898692174323493 7.480612471699715
      vertex -18.869150310956805 -7.814730958721006 7.118514411151409
      vertex -19.047937401210717 -7.513998411976897 7.118514411151409
    endloop
  endfacet
  facet normal 0.6173440244041147 0.6927136140195622 0.37287290661093725
    outer loop
      vertex -18.473831455202358 -8.433484853285835 7.480612471699715
      vertex -18.385359750817635 -8.317420903253804 7.118514411151409
      vertex -18.646551921632405 -8.084647326106982 7.118514411151409
    endloop
  endfacet
  facet normal 0.5723318133975988 0.6422060037913244 0.5099095449855724
    outer loop
      vertex -18.385359750817635 -8.317420903253804 7.118514411151409
      vertex -18.502806203485815 -7.946305944394288 6.782937414944172
      vertex -18.646551921632405 -8.084647326106982 7.118514411151409
    endloop
  endfacet
  facet normal 0.4675920402877434 0.7220456632320077 0.5099095449855742
    outer loop
      vertex -18.385359750817635 -8.317420903253804 7.118514411151409
      vertex -17.996389717066712 -8.332330456481422 6.782937414944172
      vertex -18.264416384467406 -8.158758142923817 6.782937414944172
    endloop
  endfacet
  facet normal 0.5723318133975963 0.6422060037913253 0.5099095449855742
    outer loop
      vertex -18.385359750817635 -8.317420903253804 7.118514411151409
      vertex -18.264416384467406 -8.158758142923817 6.782937414944172
      vertex -18.502806203485815 -7.946305944394288 6.782937414944172
    endloop
  endfacet
  facet normal 0.513901448700153 0.5766420597050181 0.6351293065219383
    outer loop
      vertex -18.502806203485815 -7.946305944394288 6.782937414944172
      vertex -18.264416384467406 -8.158758142923817 6.782937414944172
      vertex -18.11383617414072 -7.961215503401802 6.48174712061882
    endloop
  endfacet
  facet normal 0.5139014487001549 0.5766420597050135 0.635129306521941
    outer loop
      vertex -18.502806203485815 -7.946305944394288 6.782937414944172
      vertex -18.11383617414072 -7.961215503401802 6.48174712061882
      vertex -18.323835986885477 -7.774064382216678 6.48174712061882
    endloop
  endfacet
  facet normal 0.6636566138873623 0.5473135799303417 0.5099095449855728
    outer loop
      vertex -18.502806203485815 -7.946305944394288 6.782937414944172
      vertex -18.70597151881399 -7.69995356036023 6.782937414944172
      vertex -18.646551921632405 -8.084647326106982 7.118514411151409
    endloop
  endfacet
  facet normal 0.663656613887362 0.5473135799303418 0.5099095449855731
    outer loop
      vertex -18.646551921632405 -8.084647326106982 7.118514411151409
      vertex -18.70597151881399 -7.69995356036023 6.782937414944172
      vertex -18.869150310956805 -7.814730958721006 7.118514411151409
    endloop
  endfacet
  facet normal 0.5959027391671893 0.49143737083172556 0.6351293065219411
    outer loop
      vertex -18.502806203485815 -7.946305944394288 6.782937414944172
      vertex -18.323835986885477 -7.774064382216678 6.48174712061882
      vertex -18.70597151881399 -7.69995356036023 6.782937414944172
    endloop
  endfacet
  facet normal 0.4424197909581586 0.8935398630813864 0.07649340921305936
    outer loop
      vertex -18.043125024786917 -8.826884222015202 8.25
      vertex -18.2039089174512 -8.713951969285242 7.860744327306747
      vertex -18.218185535782553 -8.740206237204733 8.25
    endloop
  endfacet
  facet normal 0.5095214260980179 0.8570511505703762 0.07649340921305942
    outer loop
      vertex -18.386097252503113 -8.640381836636472 8.25
      vertex -18.218185535782553 -8.740206237204733 8.25
      vertex -18.2039089174512 -8.713951969285242 7.860744327306747
    endloop
  endfacet
  facet normal 0.6479231556838246 0.7270260552273513 0.22721949597090213
    outer loop
      vertex -18.473831455202358 -8.433484853285835 7.480612471699715
      vertex -18.815797331694483 -8.24752970047199 7.860744327306747
      vertex -18.527757798537976 -8.50422955592091 7.860744327306747
    endloop
  endfacet
  facet normal 0.5043667767076034 0.7788324274637626 0.3728729066109328
    outer loop
      vertex -18.473831455202358 -8.433484853285835 7.480612471699715
      vertex -18.161413696226074 -8.63580454687411 7.480612471699715
      vertex -18.09169592162018 -8.507595674802882 7.118514411151409
    endloop
  endfacet
  facet normal 0.5293497639373792 0.817410623903415 0.22721949597090224
    outer loop
      vertex -18.473831455202358 -8.433484853285835 7.480612471699715
      vertex -18.527757798537976 -8.50422955592091 7.860744327306747
      vertex -18.2039089174512 -8.713951969285242 7.860744327306747
    endloop
  endfacet
  facet normal 0.5293497639373769 0.8174106239034158 0.22721949597090454
    outer loop
      vertex -18.473831455202358 -8.433484853285835 7.480612471699715
      vertex -18.2039089174512 -8.713951969285242 7.860744327306747
      vertex -18.161413696226074 -8.63580454687411 7.480612471699715
    endloop
  endfacet
  facet normal 0.5736330390173414 0.8155328901366843 0.07649340921305678
    outer loop
      vertex -18.527757798537976 -8.50422955592091 7.860744327306747
      vertex -18.545874796158234 -8.52799681937708 8.25
      vertex -18.386097252503113 -8.640381836636472 8.25
    endloop
  endfacet
  facet normal 0.6622953129016431 0.7431528639013676 0.09533488020504484
    outer loop
      vertex -18.527757798537976 -8.50422955592091 7.860744327306747
      vertex -18.815797331694483 -8.24752970047199 7.860744327306747
      vertex -18.696580535422193 -8.403710715110504 8.25
    endloop
  endfacet
  facet normal 0.6343782955828428 0.769228793299088 0.07649340921305667
    outer loop
      vertex -18.527757798537976 -8.50422955592091 7.860744327306747
      vertex -18.696580535422193 -8.403710715110504 8.25
      vertex -18.545874796158234 -8.52799681937708 8.25
    endloop
  endfacet
  facet normal 0.5410917397624193 0.8355423327259777 0.0953348802050419
    outer loop
      vertex -18.527757798537976 -8.50422955592091 7.860744327306747
      vertex -18.386097252503113 -8.640381836636472 8.25
      vertex -18.2039089174512 -8.713951969285242 7.860744327306747
    endloop
  endfacet
  facet normal 0.7513097778152321 0.6196006120154776 0.2272194959709054
    outer loop
      vertex -18.75170385403031 -8.185845913482307 7.480612471699715
      vertex -18.988517799195137 -7.898692174323493 7.480612471699715
      vertex -18.815797331694483 -8.24752970047199 7.860744327306747
    endloop
  endfacet
  facet normal 0.7513097778152366 0.6196006120154741 0.22721949597090016
    outer loop
      vertex -19.061276114394524 -7.949869229981499 7.860744327306747
      vertex -18.815797331694483 -8.24752970047199 7.860744327306747
      vertex -18.988517799195137 -7.898692174323493 7.480612471699715
    endloop
  endfacet
  facet normal 0.7443658754933327 0.6633763650809453 0.07649340921306122
    outer loop
      vertex -18.967297408545953 -8.122418227932727 8.25
      vertex -18.837330061534686 -8.268252874953626 8.25
      vertex -18.815797331694483 -8.24752970047199 7.860744327306747
    endloop
  endfacet
  facet normal 0.7929627415487406 0.6044492111521601 0.07649340921305986
    outer loop
      vertex -19.061276114394524 -7.949869229981499 7.860744327306747
      vertex -19.08571986751751 -7.9670625818428995 8.25
      vertex -18.967297408545953 -8.122418227932727 8.25
    endloop
  endfacet
  facet normal 0.7679752452419233 0.6333445218140743 0.09533488020503929
    outer loop
      vertex -19.061276114394524 -7.949869229981499 7.860744327306747
      vertex -18.967297408545953 -8.122418227932727 8.25
      vertex -18.815797331694483 -8.24752970047199 7.860744327306747
    endloop
  endfacet
  facet normal 0.8370863355353021 0.4976522556070703 0.2272194959709108
    outer loop
      vertex -18.988517799195137 -7.898692174323493 7.480612471699715
      vertex -19.178722572536355 -7.57875427607505 7.480612471699715
      vertex -19.258440332029778 -7.618225053592417 7.860744327306747
    endloop
  endfacet
  facet normal 0.8370863355352985 0.49765225560708143 0.22721949597090008
    outer loop
      vertex -19.061276114394524 -7.949869229981499 7.860744327306747
      vertex -18.988517799195137 -7.898692174323493 7.480612471699715
      vertex -19.258440332029778 -7.618225053592417 7.860744327306747
    endloop
  endfacet
  facet normal 0.855654488739367 0.5086911209333843 0.0953348802050405
    outer loop
      vertex -19.061276114394524 -7.949869229981499 7.860744327306747
      vertex -19.258440332029778 -7.618225053592417 7.860744327306747
      vertex -19.191902497817363 -7.803097632590131 8.25
    endloop
  endfacet
  facet normal 0.8369061501775016 0.5419749571170578 0.07649340921305982
    outer loop
      vertex -19.061276114394524 -7.949869229981499 7.860744327306747
      vertex -19.191902497817363 -7.803097632590131 8.25
      vertex -19.08571986751751 -7.9670625818428995 8.25
    endloop
  endfacet
  facet normal 0.6173440244041178 0.692713614019561 0.37287290661093453
    outer loop
      vertex -18.473831455202358 -8.433484853285835 7.480612471699715
      vertex -18.646551921632405 -8.084647326106982 7.118514411151409
      vertex -18.75170385403031 -8.185845913482307 7.480612471699715
    endloop
  endfacet
  facet normal 0.6479231556838263 0.7270260552273489 0.2272194959709048
    outer loop
      vertex -18.473831455202358 -8.433484853285835 7.480612471699715
      vertex -18.75170385403031 -8.185845913482307 7.480612471699715
      vertex -18.815797331694483 -8.24752970047199 7.860744327306747
    endloop
  endfacet
  facet normal 0.7158512514051164 0.590358180579589 0.37287290661093414
    outer loop
      vertex -18.646551921632405 -8.084647326106982 7.118514411151409
      vertex -18.988517799195137 -7.898692174323493 7.480612471699715
      vertex -18.75170385403031 -8.185845913482307 7.480612471699715
    endloop
  endfacet
  facet normal 0.691400814830784 0.7184105174607978 0.07649340921306129
    outer loop
      vertex -18.815797331694483 -8.24752970047199 7.860744327306747
      vertex -18.837330061534686 -8.268252874953626 8.25
      vertex -18.696580535422193 -8.403710715110504 8.25
    endloop
  endfacet
  facet normal 0.22718590313973788 0.9708425844396941 0.07649340921306343
    outer loop
      vertex -17.479807504826987 -8.974017938926924 7.860744327306747
      vertex -17.675702830601487 -8.95884641340551 8.25
      vertex -17.485497327802495 -9.003356213066262 8.25
    endloop
  endfacet
  facet normal 0.15220205011561844 0.9853848457773062 0.07649340921306338
    outer loop
      vertex -17.479807504826987 -8.974017938926924 7.860744327306747
      vertex -17.485497327802495 -9.003356213066262 8.25
      vertex -17.29244273476592 -9.033175328887172 8.25
    endloop
  endfacet
  facet normal 0.11416107192306946 0.9888773990104461 0.09533488020504638
    outer loop
      vertex -17.479807504826987 -8.974017938926924 7.860744327306747
      vertex -17.29244273476592 -9.033175328887172 8.25
      vertex -17.096527296681558 -9.01826576929757 7.860744327306747
    endloop
  endfacet
  facet normal 0.0763249550279362 0.9941444862729698 0.0764934092130577
    outer loop
      vertex -17.29244273476592 -9.033175328887172 8.25
      vertex -17.09767197079544 -9.04812875870152 8.25
      vertex -17.096527296681558 -9.01826576929757 7.860744327306747
    endloop
  endfacet
  facet normal 0.24587167896569848 0.8947138721390767 0.37287290661093636
    outer loop
      vertex -17.772443665298496 -8.650714105293773 7.118514411151409
      vertex -17.46287140129993 -8.88669078476628 7.480612471699715
      vertex -17.435085984155116 -8.743421620017322 7.118514411151409
    endloop
  endfacet
  facet normal 0.20467325675788922 0.7447950200995425 0.6351293065219406
    outer loop
      vertex -17.621048573403062 -8.229184906156723 6.48174712061882
      vertex -17.705008519198742 -8.46295449715038 6.782937414944172
      vertex -17.349811309104055 -8.30372221204628 6.48174712061882
    endloop
  endfacet
  facet normal 0.37956759924652994 0.8466960689159598 0.3728729066109336
    outer loop
      vertex -18.161413696226074 -8.63580454687411 7.480612471699715
      vertex -17.772443665298496 -8.650714105293773 7.118514411151409
      vertex -18.09169592162018 -8.507595674802882 7.118514411151409
    endloop
  endfacet
  facet normal 0.3518923060661788 0.7849611843040608 0.5099095449855718
    outer loop
      vertex -18.09169592162018 -8.507595674802882 7.118514411151409
      vertex -17.772443665298496 -8.650714105293773 7.118514411151409
      vertex -17.996389717066712 -8.332330456481422 6.782937414944172
    endloop
  endfacet
  facet normal 0.2279445144405097 0.8294778805182712 0.5099095449855757
    outer loop
      vertex -17.39710251917826 -8.547568548129213 6.782937414944172
      vertex -17.705008519198742 -8.46295449715038 6.782937414944172
      vertex -17.435085984155116 -8.743421620017322 7.118514411151409
    endloop
  endfacet
  facet normal 0.22794451444051697 0.8294778805182722 0.5099095449855706
    outer loop
      vertex -17.772443665298496 -8.650714105293773 7.118514411151409
      vertex -17.435085984155116 -8.743421620017322 7.118514411151409
      vertex -17.705008519198742 -8.46295449715038 6.782937414944172
    endloop
  endfacet
  facet normal 0.35189230606618155 0.7849611843040608 0.50990954498557
    outer loop
      vertex -17.772443665298496 -8.650714105293773 7.118514411151409
      vertex -17.705008519198742 -8.46295449715038 6.782937414944172
      vertex -17.996389717066712 -8.332330456481422 6.782937414944172
    endloop
  endfacet
  facet normal 0.10641273492107284 0.92176034052357 0.37287290661093864
    outer loop
      vertex -17.435085984155116 -8.743421620017322 7.118514411151409
      vertex -17.093120104686143 -8.929376768295294 7.480612471699715
      vertex -17.087530256304913 -8.783545233403657 7.118514411151409
    endloop
  endfacet
  facet normal 0.09865389659317121 0.8545523182459877 0.509909544985571
    outer loop
      vertex -17.435085984155116 -8.743421620017322 7.118514411151409
      vertex -17.087530256304913 -8.783545233403657 7.118514411151409
      vertex -17.079888772676732 -8.584189327778526 6.782937414944172
    endloop
  endfacet
  facet normal 0.08858214621720756 0.7673095642363078 0.6351293065219401
    outer loop
      vertex -17.349811309104055 -8.30372221204628 6.48174712061882
      vertex -17.079888772676732 -8.584189327778526 6.782937414944172
      vertex -17.070374764205962 -8.335981798049525 6.48174712061882
    endloop
  endfacet
  facet normal 0.0986538965931764 0.8545523182459847 0.5099095449855751
    outer loop
      vertex -17.39710251917826 -8.547568548129213 6.782937414944172
      vertex -17.435085984155116 -8.743421620017322 7.118514411151409
      vertex -17.079888772676732 -8.584189327778526 6.782937414944172
    endloop
  endfacet
  facet normal 0.2046732567578834 0.7447950200995477 0.6351293065219364
    outer loop
      vertex -17.39710251917826 -8.547568548129213 6.782937414944172
      vertex -17.349811309104055 -8.30372221204628 6.48174712061882
      vertex -17.705008519198742 -8.46295449715038 6.782937414944172
    endloop
  endfacet
  facet normal 0.08858214621721298 0.7673095642363098 0.635129306521937
    outer loop
      vertex -17.39710251917826 -8.547568548129213 6.782937414944172
      vertex -17.079888772676732 -8.584189327778526 6.782937414944172
      vertex -17.349811309104055 -8.30372221204628 6.48174712061882
    endloop
  endfacet
  facet normal 0.4198547438382516 0.6483307474379689 0.6351293065219401
    outer loop
      vertex -18.11383617414072 -7.961215503401802 6.48174712061882
      vertex -17.996389717066712 -8.332330456481422 6.782937414944172
      vertex -17.877728985517862 -8.114116971656019 6.48174712061882
    endloop
  endfacet
  facet normal 0.3159669996331656 0.7048231119506329 0.6351293065219404
    outer loop
      vertex -17.877728985517862 -8.114116971656019 6.48174712061882
      vertex -17.705008519198742 -8.46295449715038 6.782937414944172
      vertex -17.621048573403062 -8.229184906156723 6.48174712061882
    endloop
  endfacet
  facet normal 0.2726093974394672 0.6081059226860601 0.7455811848630747
    outer loop
      vertex -17.877728985517862 -8.114116971656019 6.48174712061882
      vertex -17.621048573403062 -8.229184906156723 6.48174712061882
      vertex -17.52253177322734 -7.954884680438056 6.222003176808357
    endloop
  endfacet
  facet normal 0.3159669996331658 0.7048231119506327 0.6351293065219403
    outer loop
      vertex -17.877728985517862 -8.114116971656019 6.48174712061882
      vertex -17.996389717066712 -8.332330456481422 6.782937414944172
      vertex -17.705008519198742 -8.46295449715038 6.782937414944172
    endloop
  endfacet
  facet normal 0.41985474383825483 0.6483307474379686 0.6351293065219384
    outer loop
      vertex -18.11383617414072 -7.961215503401802 6.48174712061882
      vertex -18.264416384467406 -8.158758142923817 6.782937414944172
      vertex -17.996389717066712 -8.332330456481422 6.782937414944172
    endloop
  endfacet
  facet normal 0.3622414646552711 0.5593655495850445 0.7455811848630738
    outer loop
      vertex -17.877728985517862 -8.114116971656019 6.48174712061882
      vertex -17.738495027373688 -7.858069947370086 6.222003176808357
      vertex -17.937148583997754 -7.7294232057824726 6.222003176808357
    endloop
  endfacet
  facet normal 0.3622414646552642 0.5593655495850453 0.7455811848630766
    outer loop
      vertex -18.11383617414072 -7.961215503401802 6.48174712061882
      vertex -17.877728985517862 -8.114116971656019 6.48174712061882
      vertex -17.937148583997754 -7.7294232057824726 6.222003176808357
    endloop
  endfacet
  facet normal 0.44338289896117483 0.4975141220980148 0.7455811848630746
    outer loop
      vertex -18.323835986885477 -7.774064382216678 6.48174712061882
      vertex -17.937148583997754 -7.7294232057824726 6.222003176808357
      vertex -18.113836172103223 -7.571959826262107 6.222003176808357
    endloop
  endfacet
  facet normal 0.44338289896117683 0.4975141220980096 0.7455811848630769
    outer loop
      vertex -18.11383617414072 -7.961215503401802 6.48174712061882
      vertex -17.937148583997754 -7.7294232057824726 6.222003176808357
      vertex -18.323835986885477 -7.774064382216678 6.48174712061882
    endloop
  endfacet
  facet normal 0.27260939743946677 0.6081059226860605 0.7455811848630743
    outer loop
      vertex -17.877728985517862 -8.114116971656019 6.48174712061882
      vertex -17.52253177322734 -7.954884680438056 6.222003176808357
      vertex -17.738495027373688 -7.858069947370086 6.222003176808357
    endloop
  endfacet
  facet normal 0.22281685405726379 0.4970344012318384 0.8386354711912273
    outer loop
      vertex -17.52253177322734 -7.954884680438056 6.222003176808357
      vertex -17.581951373441328 -7.570190917753464 6.009793758392334
      vertex -17.738495027373688 -7.858069947370086 6.222003176808357
    endloop
  endfacet
  facet normal 0.2228168540572677 0.4970344012318385 0.8386354711912263
    outer loop
      vertex -17.52253177322734 -7.954884680438056 6.222003176808357
      vertex -17.411767272391547 -7.646483194329283 6.009793758392334
      vertex -17.581951373441328 -7.570190917753464 6.009793758392334
    endloop
  endfacet
  facet normal 0.17658759700069868 0.6425928083659919 0.7455811848630747
    outer loop
      vertex -17.349811309104055 -8.30372221204628 6.48174712061882
      vertex -17.294320817193938 -8.017598149699632 6.222003176808357
      vertex -17.52253177322734 -7.954884680438056 6.222003176808357
    endloop
  endfacet
  facet normal 0.0764267329569368 0.6620178632542348 0.7455811848630747
    outer loop
      vertex -17.349811309104055 -8.30372221204628 6.48174712061882
      vertex -17.059211230660267 -8.044740404588794 6.222003176808357
      vertex -17.294320817193938 -8.017598149699632 6.222003176808357
    endloop
  endfacet
  facet normal 0.17658759700069934 0.642592808365992 0.7455811848630746
    outer loop
      vertex -17.621048573403062 -8.229184906156723 6.48174712061882
      vertex -17.349811309104055 -8.30372221204628 6.48174712061882
      vertex -17.52253177322734 -7.954884680438056 6.222003176808357
    endloop
  endfacet
  facet normal 0.0764267329569345 0.6620178632542363 0.7455811848630737
    outer loop
      vertex -17.349811309104055 -8.30372221204628 6.48174712061882
      vertex -17.070374764205962 -8.335981798049525 6.48174712061882
      vertex -17.059211230660267 -8.044740404588794 6.222003176808357
    endloop
  endfacet
  facet normal 0.14433358937292198 0.5252222019665562 0.8386354711912265
    outer loop
      vertex -17.52253177322734 -7.954884680438056 6.222003176808357
      vertex -17.294320817193938 -8.017598149699632 6.222003176808357
      vertex -17.411767272391547 -7.646483194329283 6.009793758392334
    endloop
  endfacet
  facet normal 0.06246726768515238 0.541099239444873 0.8386354711912272
    outer loop
      vertex -17.294320817193938 -8.017598149699632 6.222003176808357
      vertex -17.059211230660267 -8.044740404588794 6.222003176808357
      vertex -17.231931695474664 -7.695902876544119 6.009793758392334
    endloop
  endfacet
  facet normal 0.14433358937292048 0.5252222019665561 0.8386354711912269
    outer loop
      vertex -17.294320817193938 -8.017598149699632 6.222003176808357
      vertex -17.231931695474664 -7.695902876544119 6.009793758392334
      vertex -17.411767272391547 -7.646483194329283 6.009793758392334
    endloop
  endfacet
  facet normal 0.06246726768515086 0.5410992394448725 0.8386354711912276
    outer loop
      vertex -17.231931695474664 -7.695902876544119 6.009793758392334
      vertex -17.059211230660267 -8.044740404588794 6.222003176808357
      vertex -17.046659836192042 -7.717291608933037 6.009793758392334
    endloop
  endfacet
  facet normal 0.3795675992465313 0.8466960689159585 0.372872906610935
    outer loop
      vertex -17.821773384578854 -8.788062792107649 7.480612471699715
      vertex -17.772443665298496 -8.650714105293773 7.118514411151409
      vertex -18.161413696226074 -8.63580454687411 7.480612471699715
    endloop
  endfacet
  facet normal 0.3983688623803031 0.8886357803602953 0.22721949597090493
    outer loop
      vertex -17.821773384578854 -8.788062792107649 7.480612471699715
      vertex -18.161413696226074 -8.63580454687411 7.480612471699715
      vertex -18.2039089174512 -8.713951969285242 7.860744327306747
    endloop
  endfacet
  facet normal 0.39836886238030444 0.8886357803602943 0.2272194959709064
    outer loop
      vertex -17.821773384578854 -8.788062792107649 7.480612471699715
      vertex -18.2039089174512 -8.713951969285242 7.860744327306747
      vertex -17.851841431725255 -8.871781224948203 7.860744327306747
    endloop
  endfacet
  facet normal 0.2580505323308264 0.9390320672982921 0.22721949597090682
    outer loop
      vertex -17.821773384578854 -8.788062792107649 7.480612471699715
      vertex -17.851841431725255 -8.871781224948203 7.860744327306747
      vertex -17.46287140129993 -8.88669078476628 7.480612471699715
    endloop
  endfacet
  facet normal 0.25805053233081865 0.9390320672982964 0.22721949597089874
    outer loop
      vertex -17.46287140129993 -8.88669078476628 7.480612471699715
      vertex -17.851841431725255 -8.871781224948203 7.860744327306747
      vertex -17.479807504826987 -8.974017938926924 7.860744327306747
    endloop
  endfacet
  facet normal 0.2458716789657005 0.894713872139077 0.37287290661093475
    outer loop
      vertex -17.821773384578854 -8.788062792107649 7.480612471699715
      vertex -17.46287140129993 -8.88669078476628 7.480612471699715
      vertex -17.772443665298496 -8.650714105293773 7.118514411151409
    endloop
  endfacet
  facet normal 0.3727218062357836 0.9247849552751704 0.07649340921305907
    outer loop
      vertex -17.851841431725255 -8.871781224948203 7.860744327306747
      vertex -18.043125024786917 -8.826884222015202 8.25
      vertex -17.861943038934314 -8.899907119543066 8.25
    endloop
  endfacet
  facet normal 0.4072054348512648 0.9083473974443268 0.09533488020504516
    outer loop
      vertex -17.851841431725255 -8.871781224948203 7.860744327306747
      vertex -18.2039089174512 -8.713951969285242 7.860744327306747
      vertex -18.043125024786917 -8.826884222015202 8.25
    endloop
  endfacet
  facet normal 0.26377457967851037 0.9598615690461382 0.09533488020504721
    outer loop
      vertex -17.851841431725255 -8.871781224948203 7.860744327306747
      vertex -17.675702830601487 -8.95884641340551 8.25
      vertex -17.479807504826987 -8.974017938926924 7.860744327306747
    endloop
  endfacet
  facet normal 0.30083659797653783 0.9506030189647341 0.07649340921305868
    outer loop
      vertex -17.851841431725255 -8.871781224948203 7.860744327306747
      vertex -17.861943038934314 -8.899907119543066 8.25
      vertex -17.675702830601487 -8.95884641340551 8.25
    endloop
  endfacet
  facet normal 0.10641273492107524 0.9217603405235706 0.37287290661093664
    outer loop
      vertex -17.46287140129993 -8.88669078476628 7.480612471699715
      vertex -17.093120104686143 -8.929376768295294 7.480612471699715
      vertex -17.435085984155116 -8.743421620017322 7.118514411151409
    endloop
  endfacet
  facet normal 0.11168371651699753 0.967418238465495 0.2272194959708991
    outer loop
      vertex -17.46287140129993 -8.88669078476628 7.480612471699715
      vertex -17.479807504826987 -8.974017938926924 7.860744327306747
      vertex -17.096527296681558 -9.01826576929757 7.860744327306747
    endloop
  endfacet
  facet normal 0.1116837165169939 0.9674182384654948 0.22721949597090252
    outer loop
      vertex -17.46287140129993 -8.88669078476628 7.480612471699715
      vertex -17.096527296681558 -9.01826576929757 7.860744327306747
      vertex -17.093120104686143 -8.929376768295294 7.480612471699715
    endloop
  endfacet
  facet normal 0.8606132239676904 0.3468582913056184 0.37287290661093186
    outer loop
      vertex -19.047937401210717 -7.513998411976897 7.118514411151409
      vertex -19.178722574531502 -7.18949860188125 7.118514411151409
      vertex -19.178722572536355 -7.57875427607505 7.480612471699715
    endloop
  endfacet
  facet normal 0.7394258658368699 0.43959258963726927 0.5099095449855736
    outer loop
      vertex -19.047937401210717 -7.513998411976897 7.118514411151409
      vertex -18.70597151881399 -7.69995356036023 6.782937414944172
      vertex -18.869150307655573 -7.425475281904804 6.782937414944172
    endloop
  endfacet
  facet normal 0.7394258658368699 0.43959258963726944 0.5099095449855735
    outer loop
      vertex -19.047937401210717 -7.513998411976897 7.118514411151409
      vertex -18.869150310956805 -7.814730958721006 7.118514411151409
      vertex -18.70597151881399 -7.69995356036023 6.782937414944172
    endloop
  endfacet
  facet normal 0.7978636021994635 0.3215679216245012 0.5099095449855737
    outer loop
      vertex -19.047937401210717 -7.513998411976897 7.118514411151409
      vertex -18.869150307655573 -7.425475281904804 6.782937414944172
      vertex -19.178722574531502 -7.18949860188125 7.118514411151409
    endloop
  endfacet
  facet normal 0.837600091964334 0.19600597407718193 0.5099095449855731
    outer loop
      vertex -18.98851779750405 -7.129304647238005 6.782937414944172
      vertex -19.25844033730489 -6.8488375289494225 7.118514411151409
      vertex -19.178722574531502 -7.18949860188125 7.118514411151409
    endloop
  endfacet
  facet normal 0.903474871586946 0.21142126649527251 0.3728729066109345
    outer loop
      vertex -19.317859935376948 -7.233531291905133 7.480612471699715
      vertex -19.178722574531502 -7.18949860188125 7.118514411151409
      vertex -19.25844033730489 -6.8488375289494225 7.118514411151409
    endloop
  endfacet
  facet normal 0.7978636021994636 0.32156792162450193 0.5099095449855732
    outer loop
      vertex -18.869150307655573 -7.425475281904804 6.782937414944172
      vertex -18.98851779750405 -7.129304647238005 6.782937414944172
      vertex -19.178722574531502 -7.18949860188125 7.118514411151409
    endloop
  endfacet
  facet normal 0.7164082992370435 0.28873848510588845 0.6351293065219423
    outer loop
      vertex -18.869150307655573 -7.425475281904804 6.782937414944172
      vertex -18.646551921620322 -7.315259798846131 6.48174712061882
      vertex -18.98851779750405 -7.129304647238005 6.782937414944172
    endloop
  endfacet
  facet normal 0.595902739167189 0.4914373708317269 0.6351293065219404
    outer loop
      vertex -18.502806206128994 -7.557050271759291 6.48174712061882
      vertex -18.70597151881399 -7.69995356036023 6.782937414944172
      vertex -18.323835986885477 -7.774064382216678 6.48174712061882
    endloop
  endfacet
  facet normal 0.6639365744918909 0.3947138065091375 0.6351293065219404
    outer loop
      vertex -18.502806206128994 -7.557050271759291 6.48174712061882
      vertex -18.646551921620322 -7.315259798846131 6.48174712061882
      vertex -18.70597151881399 -7.69995356036023 6.782937414944172
    endloop
  endfacet
  facet normal 0.5141318139093496 0.424001385262425 0.7455811848630748
    outer loop
      vertex -18.323835986885477 -7.774064382216678 6.48174712061882
      vertex -18.113836172103223 -7.571959826262107 6.222003176808357
      vertex -18.264416384378357 -7.389370616965176 6.222003176808357
    endloop
  endfacet
  facet normal 0.5141318139093551 0.4240013852624225 0.7455811848630725
    outer loop
      vertex -18.502806206128994 -7.557050271759291 6.48174712061882
      vertex -18.323835986885477 -7.774064382216678 6.48174712061882
      vertex -18.264416384378357 -7.389370616965176 6.222003176808357
    endloop
  endfacet
  facet normal 0.5728299148974233 0.34055041532317754 0.7455811848630719
    outer loop
      vertex -18.502806206128994 -7.557050271759291 6.48174712061882
      vertex -18.264416384378357 -7.389370616965176 6.222003176808357
      vertex -18.385359748273288 -7.185935314202161 6.222003176808357
    endloop
  endfacet
  facet normal 0.6639365744918883 0.39471380650913923 0.6351293065219421
    outer loop
      vertex -18.70597151881399 -7.69995356036023 6.782937414944172
      vertex -18.646551921620322 -7.315259798846131 6.48174712061882
      vertex -18.869150307655573 -7.425475281904804 6.782937414944172
    endloop
  endfacet
  facet normal 0.5728299148974161 0.3405504153231822 0.7455811848630753
    outer loop
      vertex -18.502806206128994 -7.557050271759291 6.48174712061882
      vertex -18.385359748273288 -7.185935314202161 6.222003176808357
      vertex -18.646551921620322 -7.315259798846131 6.48174712061882
    endloop
  endfacet
  facet normal 0.6181013681884014 0.24911723228592414 0.7455811848630753
    outer loop
      vertex -18.646551921620322 -7.315259798846131 6.48174712061882
      vertex -18.385359748273288 -7.185935314202161 6.222003176808357
      vertex -18.473831453845172 -6.966422269046061 6.222003176808357
    endloop
  endfacet
  facet normal 0.7164082992370434 0.28873848510588707 0.6351293065219431
    outer loop
      vertex -18.646551921620322 -7.315259798846131 6.48174712061882
      vertex -18.751703855621564 -7.054360327230182 6.48174712061882
      vertex -18.98851779750405 -7.129304647238005 6.782937414944172
    endloop
  endfacet
  facet normal 0.6181013681884048 0.24911723228592098 0.7455811848630735
    outer loop
      vertex -18.646551921620322 -7.315259798846131 6.48174712061882
      vertex -18.473831453845172 -6.966422269046061 6.222003176808357
      vertex -18.751703855621564 -7.054360327230182 6.48174712061882
    endloop
  endfacet
  facet normal 0.4682016128063772 0.2783483361282647 0.8386354711912284
    outer loop
      vertex -18.385359748273288 -7.185935314202161 6.222003176808357
      vertex -18.264416384378357 -7.389370616965176 6.222003176808357
      vertex -17.99638971721656 -7.200844870793355 6.009793758392334
    endloop
  endfacet
  facet normal 0.505204162592424 0.20361557052239235 0.8386354711912252
    outer loop
      vertex -18.385359748273288 -7.185935314202161 6.222003176808357
      vertex -18.09169591985624 -7.040533088775786 6.009793758392334
      vertex -18.473831453845172 -6.966422269046061 6.222003176808357
    endloop
  endfacet
  facet normal 0.4682016128063757 0.2783483361282774 0.838635471191225
    outer loop
      vertex -18.385359748273288 -7.185935314202161 6.222003176808357
      vertex -17.99638971721656 -7.200844870793355 6.009793758392334
      vertex -18.09169591985624 -7.040533088775786 6.009793758392334
    endloop
  endfacet
  facet normal 0.7520880206475989 0.17599537833515144 0.6351293065219427
    outer loop
      vertex -18.751703855621564 -7.054360327230182 6.48174712061882
      vertex -18.81579733592238 -6.780467119397981 6.48174712061882
      vertex -19.06127611556856 -6.818383645013832 6.782937414944172
    endloop
  endfacet
  facet normal 0.8376000919643358 0.19600597407719167 0.5099095449855665
    outer loop
      vertex -18.98851779750405 -7.129304647238005 6.782937414944172
      vertex -19.06127611556856 -6.818383645013832 6.782937414944172
      vertex -19.25844033730489 -6.8488375289494225 7.118514411151409
    endloop
  endfacet
  facet normal 0.7520880206475986 0.17599537833514986 0.6351293065219435
    outer loop
      vertex -18.751703855621564 -7.054360327230182 6.48174712061882
      vertex -19.06127611556856 -6.818383645013832 6.782937414944172
      vertex -18.98851779750405 -7.129304647238005 6.782937414944172
    endloop
  endfacet
  facet normal 0.7701394362944234 0.059127089062997386 0.635129306521943
    outer loop
      vertex -19.06127611556856 -6.818383645013832 6.782937414944172
      vertex -18.81579733592238 -6.780467119397981 6.48174712061882
      vertex -18.83733006566763 -6.5 6.48174712061882
    endloop
  endfacet
  facet normal 0.85770394549048 0.06584981262446034 0.5099095449855663
    outer loop
      vertex -19.06127611556856 -6.818383645013832 6.782937414944172
      vertex -19.085719868540764 -6.5 6.782937414944172
      vertex -19.25844033730489 -6.8488375289494225 7.118514411151409
    endloop
  endfacet
  facet normal 0.9251598339659929 0.07102870639064854 0.3728729066109353
    outer loop
      vertex -19.25844033730489 -6.8488375289494225 7.118514411151409
      vertex -19.28522217273712 -6.5 7.118514411151409
      vertex -19.431160800158978 -6.5 7.480612471699715
    endloop
  endfacet
  facet normal 0.8577039454904761 0.06584981262446724 0.5099095449855716
    outer loop
      vertex -19.25844033730489 -6.8488375289494225 7.118514411151409
      vertex -19.085719868540764 -6.5 6.782937414944172
      vertex -19.28522217273712 -6.5 7.118514411151409
    endloop
  endfacet
  facet normal 0.7701394362944264 0.059127089062992286 0.6351293065219398
    outer loop
      vertex -19.06127611556856 -6.818383645013832 6.782937414944172
      vertex -18.83733006566763 -6.5 6.48174712061882
      vertex -19.085719868540764 -6.5 6.782937414944172
    endloop
  endfacet
  facet normal 0.6488850492874829 0.15184495246585122 0.7455811848630732
    outer loop
      vertex -18.751703855621564 -7.054360327230182 6.48174712061882
      vertex -18.473831453845172 -6.966422269046061 6.222003176808357
      vertex -18.527757799300538 -6.735976681224703 6.222003176808357
    endloop
  endfacet
  facet normal 0.6488850492874799 0.15184495246585472 0.7455811848630751
    outer loop
      vertex -18.751703855621564 -7.054360327230182 6.48174712061882
      vertex -18.527757799300538 -6.735976681224703 6.222003176808357
      vertex -18.81579733592238 -6.780467119397981 6.48174712061882
    endloop
  endfacet
  facet normal 0.5052041625924238 0.20361557052238927 0.838635471191226
    outer loop
      vertex -18.473831453845172 -6.966422269046061 6.222003176808357
      vertex -18.09169591985624 -7.040533088775786 6.009793758392334
      vertex -18.161413695413042 -6.867551669291913 6.009793758392334
    endloop
  endfacet
  facet normal 0.5303651549984966 0.1241102285200147 0.8386354711912265
    outer loop
      vertex -18.473831453845172 -6.966422269046061 6.222003176808357
      vertex -18.203908918317964 -6.685955150202188 6.009793758392334
      vertex -18.527757799300538 -6.735976681224703 6.222003176808357
    endloop
  endfacet
  facet normal 0.5303651549984981 0.12411022852001265 0.8386354711912257
    outer loop
      vertex -18.473831453845172 -6.966422269046061 6.222003176808357
      vertex -18.161413695413042 -6.867551669291913 6.009793758392334
      vertex -18.203908918317964 -6.685955150202188 6.009793758392334
    endloop
  endfacet
  facet normal 0.6644594148007255 0.051013555657798124 0.7455811848630746
    outer loop
      vertex -18.527757799300538 -6.735976681224703 6.222003176808357
      vertex -18.545874796807766 -6.5 6.222003176808357
      vertex -18.83733006566763 -6.5 6.48174712061882
    endloop
  endfacet
  facet normal 0.6644594148007248 0.05101355565779646 0.7455811848630753
    outer loop
      vertex -18.81579733592238 -6.780467119397981 6.48174712061882
      vertex -18.527757799300538 -6.735976681224703 6.222003176808357
      vertex -18.83733006566763 -6.5 6.48174712061882
    endloop
  endfacet
  facet normal 0.5430948376880648 0.04169584795208576 0.8386354711912268
    outer loop
      vertex -18.527757799300538 -6.735976681224703 6.222003176808357
      vertex -18.218185536563396 -6.5 6.009793758392334
      vertex -18.545874796807766 -6.5 6.222003176808357
    endloop
  endfacet
  facet normal 0.5430948376880653 0.041695847952084836 0.8386354711912266
    outer loop
      vertex -18.527757799300538 -6.735976681224703 6.222003176808357
      vertex -18.203908918317964 -6.685955150202188 6.009793758392334
      vertex -18.218185536563396 -6.5 6.009793758392334
    endloop
  endfacet
  facet normal 0.9692604919177995 0.2268156948351585 0.0953348802050411
    outer loop
      vertex -19.402668622447514 -7.260370629710734 7.860744327306747
      vertex -19.490580396762574 -6.884693762728893 7.860744327306747
      vertex -19.482923330888337 -7.0810264477030005 8.25
    endloop
  endfacet
  facet normal 0.9788320029006435 0.18983326485228727 0.07649340921305571
    outer loop
      vertex -19.482923330888337 -7.0810264477030005 8.25
      vertex -19.490580396762574 -6.884693762728893 7.860744327306747
      vertex -19.520115077694584 -6.889255674303199 8.25
    endloop
  endfacet
  facet normal 0.9904915062978856 0.11434742803714214 0.07649340921305571
    outer loop
      vertex -19.490580396762574 -6.884693762728893 7.860744327306747
      vertex -19.54251779301854 -6.6952005947330635 8.25
      vertex -19.520115077694584 -6.889255674303199 8.25
    endloop
  endfacet
  facet normal 0.9709861202815805 0.0745469977346672 0.22721949597090407
    outer loop
      vertex -19.490580396762574 -6.884693762728893 7.860744327306747
      vertex -19.431160800158978 -6.5 7.480612471699715
      vertex -19.520115077495575 -6.5 7.860744327306747
    endloop
  endfacet
  facet normal 0.9925244231722654 0.07620059069883321 0.0953348802050467
    outer loop
      vertex -19.490580396762574 -6.884693762728893 7.860744327306747
      vertex -19.520115077495575 -6.5 7.860744327306747
      vertex -19.54251779301854 -6.6952005947330635 8.25
    endloop
  endfacet
  facet normal 0.996338418637049 0.03819049482250626 0.07649340921305954
    outer loop
      vertex -19.54251779301854 -6.6952005947330635 8.25
      vertex -19.520115077495575 -6.5 7.860744327306747
      vertex -19.549999997019768 -6.5 8.25
    endloop
  endfacet
  facet normal 0.9032422990318945 0.3640393521177418 0.2272194959709059
    outer loop
      vertex -19.317859935376948 -7.233531291905133 7.480612471699715
      vertex -19.402668622447514 -7.260370629710734 7.860744327306747
      vertex -19.258440332029778 -7.618225053592417 7.860744327306747
    endloop
  endfacet
  facet normal 0.9032422990318911 0.3640393521177466 0.22721949597091126
    outer loop
      vertex -19.178722572536355 -7.57875427607505 7.480612471699715
      vertex -19.317859935376948 -7.233531291905133 7.480612471699715
      vertex -19.258440332029778 -7.618225053592417 7.860744327306747
    endloop
  endfacet
  facet normal 0.7975795318005796 0.4741652517512042 0.3728729066109325
    outer loop
      vertex -18.988517799195137 -7.898692174323493 7.480612471699715
      vertex -19.047937401210717 -7.513998411976897 7.118514411151409
      vertex -19.178722572536355 -7.57875427607505 7.480612471699715
    endloop
  endfacet
  facet normal 0.9098300540302736 0.4078701155150176 0.07649340921305267
    outer loop
      vertex -19.258440332029778 -7.618225053592417 7.860744327306747
      vertex -19.36513125031034 -7.45323353319396 8.25
      vertex -19.28522216757991 -7.631485585238359 8.25
    endloop
  endfacet
  facet normal 0.8759382936888638 0.476320127641491 0.07649340921305275
    outer loop
      vertex -19.191902497817363 -7.803097632590131 8.25
      vertex -19.258440332029778 -7.618225053592417 7.860744327306747
      vertex -19.28522216757991 -7.631485585238359 8.25
    endloop
  endfacet
  facet normal 0.9232779162398799 0.3721144313246076 0.0953348802050394
    outer loop
      vertex -19.258440332029778 -7.618225053592417 7.860744327306747
      vertex -19.402668622447514 -7.260370629710734 7.860744327306747
      vertex -19.36513125031034 -7.45323353319396 8.25
    endloop
  endfacet
  facet normal 0.8606132239676884 0.3468582913056209 0.37287290661093453
    outer loop
      vertex -19.178722572536355 -7.57875427607505 7.480612471699715
      vertex -19.178722574531502 -7.18949860188125 7.118514411151409
      vertex -19.317859935376948 -7.233531291905133 7.480612471699715
    endloop
  endfacet
  facet normal 0.9482270285918523 0.2218936747602197 0.22721949597090593
    outer loop
      vertex -19.317859935376948 -7.233531291905133 7.480612471699715
      vertex -19.490580396762574 -6.884693762728893 7.860744327306747
      vertex -19.402668622447514 -7.260370629710734 7.860744327306747
    endloop
  endfacet
  facet normal 0.9383825946357809 0.33702650404913825 0.07649340921305696
    outer loop
      vertex -19.36513125031034 -7.45323353319396 8.25
      vertex -19.402668622447514 -7.260370629710734 7.860744327306747
      vertex -19.43116079689873 -7.269387525518543 8.25
    endloop
  endfacet
  facet normal 0.9614283125527733 0.2642051440999789 0.07649340921305678
    outer loop
      vertex -19.402668622447514 -7.260370629710734 7.860744327306747
      vertex -19.482923330888337 -7.0810264477030005 8.25
      vertex -19.43116079689873 -7.269387525518543 8.25
    endloop
  endfacet
  facet normal 0.9034748715869444 0.2114212664952748 0.37287290661093664
    outer loop
      vertex -19.317859935376948 -7.233531291905133 7.480612471699715
      vertex -19.25844033730489 -6.8488375289494225 7.118514411151409
      vertex -19.402668625859285 -6.871114955965254 7.480612471699715
    endloop
  endfacet
  facet normal 0.9482270285918522 0.22189367476021507 0.2272194959709101
    outer loop
      vertex -19.317859935376948 -7.233531291905133 7.480612471699715
      vertex -19.402668625859285 -6.871114955965254 7.480612471699715
      vertex -19.490580396762574 -6.884693762728893 7.860744327306747
    endloop
  endfacet
  facet normal 0.9251598339659927 0.07102870639064711 0.3728729066109366
    outer loop
      vertex -19.25844033730489 -6.8488375289494225 7.118514411151409
      vertex -19.431160800158978 -6.5 7.480612471699715
      vertex -19.402668625859285 -6.871114955965254 7.480612471699715
    endloop
  endfacet
  facet normal 0.9709861202815786 0.07454699773467358 0.2272194959709102
    outer loop
      vertex -19.402668625859285 -6.871114955965254 7.480612471699715
      vertex -19.431160800158978 -6.5 7.480612471699715
      vertex -19.490580396762574 -6.884693762728893 7.860744327306747
    endloop
  endfacet
  facet normal 0.22290088711460912 0.3441987993906592 0.9120539353687089
    outer loop
      vertex -17.738495027536757 -7.468814273117263 6.009793758392334
      vertex -17.581951373441328 -7.570190917753464 6.009793758392334
      vertex -17.41176727087766 -7.257227516992585 5.850092880427837
    endloop
  endfacet
  facet normal 0.3163647693488074 0.2609041044010717 0.9120539353687096
    outer loop
      vertex -17.87772898410609 -7.344729443048095 6.009793758392334
      vertex -17.62104857012082 -7.097699315214328 5.850092880427837
      vertex -17.99638971721656 -7.200844870793355 6.009793758392334
    endloop
  endfacet
  facet normal 0.3524839331078003 0.2095535632703639 0.9120539353687092
    outer loop
      vertex -17.99638971721656 -7.200844870793355 6.009793758392334
      vertex -17.705008516712763 -6.9958919128391415 5.850092880427837
      vertex -18.09169591985624 -7.040533088775786 6.009793758392334
    endloop
  endfacet
  facet normal 0.2728302835346173 0.306139274456694 0.912053935368709
    outer loop
      vertex -17.738495027536757 -7.468814273117263 6.009793758392334
      vertex -17.522531771421605 -7.185497152227339 5.850092880427837
      vertex -17.87772898410609 -7.344729443048095 6.009793758392334
    endloop
  endfacet
  facet normal 0.2728302835346194 0.30613927445669004 0.9120539353687097
    outer loop
      vertex -17.87772898410609 -7.344729443048095 6.009793758392334
      vertex -17.522531771421605 -7.185497152227339 5.850092880427837
      vertex -17.62104857012082 -7.097699315214328 5.850092880427837
    endloop
  endfacet
  facet normal 0.22290088711460948 0.34419879939065856 0.912053935368709
    outer loop
      vertex -17.738495027536757 -7.468814273117263 6.009793758392334
      vertex -17.41176727087766 -7.257227516992585 5.850092880427837
      vertex -17.522531771421605 -7.185497152227339 5.850092880427837
    endloop
  endfacet
  facet normal 0.3163647693488058 0.2609041044010762 0.9120539353687089
    outer loop
      vertex -17.99638971721656 -7.200844870793355 6.009793758392334
      vertex -17.62104857012082 -7.097699315214328 5.850092880427837
      vertex -17.705008516712763 -6.9958919128391415 5.850092880427837
    endloop
  endfacet
  facet normal 0.10866103377301431 0.3954116825763112 0.9120539353687097
    outer loop
      vertex -17.411767272391547 -7.646483194329283 6.009793758392334
      vertex -17.231931695474664 -7.695902876544119 6.009793758392334
      vertex -17.164106290721314 -7.34617665011656 5.850092880427837
    endloop
  endfacet
  facet normal 0.1677468828226624 0.374190596196284 0.9120539353687092
    outer loop
      vertex -17.411767272391547 -7.646483194329283 6.009793758392334
      vertex -17.41176727087766 -7.257227516992585 5.850092880427837
      vertex -17.581951373441328 -7.570190917753464 6.009793758392334
    endloop
  endfacet
  facet normal 0.16774688282266056 0.3741905961962842 0.9120539353687095
    outer loop
      vertex -17.411767272391547 -7.646483194329283 6.009793758392334
      vertex -17.2913512945021 -7.311209110555807 5.850092880427837
      vertex -17.41176727087766 -7.257227516992585 5.850092880427837
    endloop
  endfacet
  facet normal 0.10866103377301384 0.39541168257631154 0.9120539353687096
    outer loop
      vertex -17.411767272391547 -7.646483194329283 6.009793758392334
      vertex -17.164106290721314 -7.34617665011656 5.850092880427837
      vertex -17.2913512945021 -7.311209110555807 5.850092880427837
    endloop
  endfacet
  facet normal 0.04702826218854925 0.4073646542521512 0.9120539353687098
    outer loop
      vertex -17.231931695474664 -7.695902876544119 6.009793758392334
      vertex -17.046659836192042 -7.717291608933037 6.009793758392334
      vertex -17.03301477457606 -7.361310526184653 5.850092880427837
    endloop
  endfacet
  facet normal 0.0470282621885485 0.4073646542521515 0.9120539353687096
    outer loop
      vertex -17.231931695474664 -7.695902876544119 6.009793758392334
      vertex -17.03301477457606 -7.361310526184653 5.850092880427837
      vertex -17.164106290721314 -7.34617665011656 5.850092880427837
    endloop
  endfacet
  facet normal 0.14442934049102152 0.22302470948997832 0.9640540153758188
    outer loop
      vertex -17.41176727087766 -7.257227516992585 5.850092880427837
      vertex -17.29432081577071 -6.886112562118756 5.746643781661987
      vertex -17.522531771421605 -7.185497152227339 5.850092880427837
    endloop
  endfacet
  facet normal 0.10869212756001431 0.2424579898544029 0.9640540153758189
    outer loop
      vertex -17.41176727087766 -7.257227516992585 5.850092880427837
      vertex -17.2913512945021 -7.311209110555807 5.850092880427837
      vertex -17.164106290494864 -6.95692097636447 5.746643781661987
    endloop
  endfacet
  facet normal 0.07040726328217642 0.25620826043450373 0.9640540153758189
    outer loop
      vertex -17.2913512945021 -7.311209110555807 5.850092880427837
      vertex -17.164106290721314 -7.34617665011656 5.850092880427837
      vertex -17.164106290494864 -6.95692097636447 5.746643781661987
    endloop
  endfacet
  facet normal 0.10869212756001671 0.242457989854401 0.9640540153758191
    outer loop
      vertex -17.41176727087766 -7.257227516992585 5.850092880427837
      vertex -17.164106290494864 -6.95692097636447 5.746643781661987
      vertex -17.23193169430191 -6.926515348375753 5.746643781661987
    endloop
  endfacet
  facet normal 0.030472112427432873 0.26395322654207154 0.9640540153758189
    outer loop
      vertex -17.164106290721314 -7.34617665011656 5.850092880427837
      vertex -17.03301477457606 -7.361310526184653 5.850092880427837
      vertex -17.018595874771933 -6.985141058521449 5.746643781661987
    endloop
  endfacet
  facet normal 0.07040726328217511 0.25620826043450384 0.9640540153758191
    outer loop
      vertex -17.164106290721314 -7.34617665011656 5.850092880427837
      vertex -17.092434374328658 -6.976616763935465 5.746643781661987
      vertex -17.164106290494864 -6.95692097636447 5.746643781661987
    endloop
  endfacet
  facet normal 0.030472112427432727 0.26395322654207154 0.964054015375819
    outer loop
      vertex -17.164106290721314 -7.34617665011656 5.850092880427837
      vertex -17.018595874771933 -6.985141058521449 5.746643781661987
      vertex -17.092434374328658 -6.976616763935465 5.746643781661987
    endloop
  endfacet
  facet normal 0.3623983018092992 0.40664237027836486 0.8386354711912258
    outer loop
      vertex -17.937148583997754 -7.7294232057824726 6.222003176808357
      vertex -17.87772898410609 -7.344729443048095 6.009793758392334
      vertex -18.113836172103223 -7.571959826262107 6.222003176808357
    endloop
  endfacet
  facet normal 0.4202248140454289 0.3465568526524256 0.838635471191226
    outer loop
      vertex -18.113836172103223 -7.571959826262107 6.222003176808357
      vertex -17.87772898410609 -7.344729443048095 6.009793758392334
      vertex -18.264416384378357 -7.389370616965176 6.222003176808357
    endloop
  endfacet
  facet normal 0.36239830180929467 0.40664237027836625 0.838635471191227
    outer loop
      vertex -17.937148583997754 -7.7294232057824726 6.222003176808357
      vertex -17.738495027536757 -7.468814273117263 6.009793758392334
      vertex -17.87772898410609 -7.344729443048095 6.009793758392334
    endloop
  endfacet
  facet normal 0.296077480533317 0.45719653539906885 0.8386354711912269
    outer loop
      vertex -17.738495027373688 -7.858069947370086 6.222003176808357
      vertex -17.738495027536757 -7.468814273117263 6.009793758392334
      vertex -17.937148583997754 -7.7294232057824726 6.222003176808357
    endloop
  endfacet
  facet normal 0.29607748053331506 0.4571965353990691 0.8386354711912275
    outer loop
      vertex -17.738495027373688 -7.858069947370086 6.222003176808357
      vertex -17.581951373441328 -7.570190917753464 6.009793758392334
      vertex -17.738495027536757 -7.468814273117263 6.009793758392334
    endloop
  endfacet
  facet normal 0.42022481404543144 0.346556852652416 0.8386354711912286
    outer loop
      vertex -18.264416384378357 -7.389370616965176 6.222003176808357
      vertex -17.87772898410609 -7.344729443048095 6.009793758392334
      vertex -17.99638971721656 -7.200844870793355 6.009793758392334
    endloop
  endfacet
  facet normal 0.3803411722262761 0.15329126422595488 0.9120539353687098
    outer loop
      vertex -18.09169591985624 -7.040533088775786 6.009793758392334
      vertex -17.821773380982286 -6.760065968872772 5.850092880427837
      vertex -18.161413695413042 -6.867551669291913 6.009793758392334
    endloop
  endfacet
  facet normal 0.3524839331078011 0.20955356327035915 0.9120539353687098
    outer loop
      vertex -18.09169591985624 -7.040533088775786 6.009793758392334
      vertex -17.705008516712763 -6.9958919128391415 5.850092880427837
      vertex -17.772443661210467 -6.882461224325501 5.850092880427837
    endloop
  endfacet
  facet normal 0.380341172226276 0.15329126422595482 0.9120539353687098
    outer loop
      vertex -18.09169591985624 -7.040533088775786 6.009793758392334
      vertex -17.772443661210467 -6.882461224325501 5.850092880427837
      vertex -17.821773380982286 -6.760065968872772 5.850092880427837
    endloop
  endfacet
  facet normal 0.39928353662999755 0.09343594787174157 0.9120539353687099
    outer loop
      vertex -18.161413695413042 -6.867551669291913 6.009793758392334
      vertex -17.821773380982286 -6.760065968872772 5.850092880427837
      vertex -18.203908918317964 -6.685955150202188 6.009793758392334
    endloop
  endfacet
  facet normal 0.20498956097984636 0.169053646299186 0.9640540153758189
    outer loop
      vertex -17.62104857012082 -7.097699315214328 5.850092880427837
      vertex -17.397102517230053 -6.779315670937743 5.746643781661987
      vertex -17.705008516712763 -6.9958919128391415 5.850092880427837
    endloop
  endfacet
  facet normal 0.24644327520319956 0.09932556340076794 0.9640540153758191
    outer loop
      vertex -17.772443661210467 -6.882461224325501 5.850092880427837
      vertex -17.43508598125212 -6.7154247946261645 5.746643781661987
      vertex -17.821773380982286 -6.760065968872772 5.850092880427837
    endloop
  endfacet
  facet normal 0.22839308829787203 0.1357808994502553 0.9640540153758191
    outer loop
      vertex -17.772443661210467 -6.882461224325501 5.850092880427837
      vertex -17.705008516712763 -6.9958919128391415 5.850092880427837
      vertex -17.43508598125212 -6.7154247946261645 5.746643781661987
    endloop
  endfacet
  facet normal 0.22839308829787638 0.13578089945025093 0.9640540153758187
    outer loop
      vertex -17.705008516712763 -6.9958919128391415 5.850092880427837
      vertex -17.397102517230053 -6.779315670937743 5.746643781661987
      vertex -17.43508598125212 -6.7154247946261645 5.746643781661987
    endloop
  endfacet
  facet normal 0.39928353662999794 0.0934359478717451 0.9120539353687093
    outer loop
      vertex -18.203908918317964 -6.685955150202188 6.009793758392334
      vertex -17.821773380982286 -6.760065968872772 5.850092880427837
      vertex -17.8518414292067 -6.631574987531359 5.850092880427837
    endloop
  endfacet
  facet normal 0.40886703335214464 0.031390572092055535 0.9120539353687093
    outer loop
      vertex -18.203908918317964 -6.685955150202188 6.009793758392334
      vertex -17.8518414292067 -6.631574987531359 5.850092880427837
      vertex -17.861943036317825 -6.5 5.850092880427837
    endloop
  endfacet
  facet normal 0.4088670333521441 0.03139057209205668 0.9120539353687094
    outer loop
      vertex -18.203908918317964 -6.685955150202188 6.009793758392334
      vertex -17.861943036317825 -6.5 5.850092880427837
      vertex -18.218185536563396 -6.5 6.009793758392334
    endloop
  endfacet
  facet normal 0.25871704061339995 0.06054212032961055 0.9640540153758187
    outer loop
      vertex -17.821773380982286 -6.760065968872772 5.850092880427837
      vertex -17.479807502746304 -6.5741108192519935 5.746643781661987
      vertex -17.8518414292067 -6.631574987531359 5.850092880427837
    endloop
  endfacet
  facet normal 0.2587170406133956 0.06054212032961874 0.9640540153758195
    outer loop
      vertex -17.821773380982286 -6.760065968872772 5.850092880427837
      vertex -17.462871398635414 -6.646484543714138 5.746643781661987
      vertex -17.479807502746304 -6.5741108192519935 5.746643781661987
    endloop
  endfacet
  facet normal 0.24644327520319967 0.09932556340076697 0.9640540153758191
    outer loop
      vertex -17.821773380982286 -6.760065968872772 5.850092880427837
      vertex -17.43508598125212 -6.7154247946261645 5.746643781661987
      vertex -17.462871398635414 -6.646484543714138 5.746643781661987
    endloop
  endfacet
  facet normal 0.2649266978700173 0.020339621271042056 0.9640540153758187
    outer loop
      vertex -17.8518414292067 -6.631574987531359 5.850092880427837
      vertex -17.479807502746304 -6.5741108192519935 5.746643781661987
      vertex -17.485497325658798 -6.5 5.746643781661987
    endloop
  endfacet
  facet normal 0.26492669787001577 0.020339621271046493 0.9640540153758189
    outer loop
      vertex -17.8518414292067 -6.631574987531359 5.850092880427837
      vertex -17.485497325658798 -6.5 5.746643781661987
      vertex -17.861943036317825 -6.5 5.850092880427837
    endloop
  endfacet
  facet normal 0.17678125209354917 0.19836391896208663 0.964054015375819
    outer loop
      vertex -17.62104857012082 -7.097699315214328 5.850092880427837
      vertex -17.522531771421605 -7.185497152227339 5.850092880427837
      vertex -17.349811306772597 -6.836659624659526 5.746643781661987
    endloop
  endfacet
  facet normal 0.17678125209355403 0.19836391896208402 0.9640540153758185
    outer loop
      vertex -17.522531771421605 -7.185497152227339 5.850092880427837
      vertex -17.29432081577071 -6.886112562118756 5.746643781661987
      vertex -17.349811306772597 -6.836659624659526 5.746643781661987
    endloop
  endfacet
  facet normal 0.20498956097984464 0.16905364629918715 0.964054015375819
    outer loop
      vertex -17.62104857012082 -7.097699315214328 5.850092880427837
      vertex -17.349811306772597 -6.836659624659526 5.746643781661987
      vertex -17.397102517230053 -6.779315670937743 5.746643781661987
    endloop
  endfacet
  facet normal 0.1444293404910141 0.2230247094899808 0.9640540153758194
    outer loop
      vertex -17.41176727087766 -7.257227516992585 5.850092880427837
      vertex -17.23193169430191 -6.926515348375753 5.746643781661987
      vertex -17.29432081577071 -6.886112562118756 5.746643781661987
    endloop
  endfacet
  facet normal 0.08873395086479409 0.07317835050976712 0.9933635864982137
    outer loop
      vertex -17.349811306772597 -6.836659624659526 5.746643781661987
      vertex -17.07037476399695 -6.567728918917185 5.7018712386488914
      vertex -17.397102517230053 -6.779315670937743 5.746643781661987
    endloop
  endfacet
  facet normal 0.06251921288725751 0.09654083612318635 0.9933635864982137
    outer loop
      vertex -17.29432081577071 -6.886112562118756 5.746643781661987
      vertex -17.23193169430191 -6.926515348375753 5.746643781661987
      vertex -17.046659836128512 -6.58580602285258 5.7018712386488914
    endloop
  endfacet
  facet normal 0.07652340373873215 0.08586590533876064 0.9933635864982137
    outer loop
      vertex -17.29432081577071 -6.886112562118756 5.746643781661987
      vertex -17.07037476399695 -6.567728918917185 5.7018712386488914
      vertex -17.349811306772597 -6.836659624659526 5.746643781661987
    endloop
  endfacet
  facet normal 0.04704962467454045 0.10495293153309716 0.9933635864982137
    outer loop
      vertex -17.164106290494864 -6.95692097636447 5.746643781661987
      vertex -17.033014774652493 -6.591923003214441 5.7018712386488914
      vertex -17.23193169430191 -6.926515348375753 5.746643781661987
    endloop
  endfacet
  facet normal 0.013190481085757164 0.11425758717972442 0.9933635864982135
    outer loop
      vertex -17.092434374328658 -6.976616763935465 5.746643781661987
      vertex -17.018595874771933 -6.985141058521449 5.746643781661987
      vertex -17.018595874840642 -6.59588538629128 5.7018712386488914
    endloop
  endfacet
  facet normal 0.030477233136859284 0.11090501918185491 0.9933635864982137
    outer loop
      vertex -17.164106290494864 -6.95692097636447 5.746643781661987
      vertex -17.092434374328658 -6.976616763935465 5.746643781661987
      vertex -17.033014774652493 -6.591923003214441 5.7018712386488914
    endloop
  endfacet
  facet normal 0.01319048108575938 0.11425758717972442 0.9933635864982137
    outer loop
      vertex -17.018595874771933 -6.985141058521449 5.746643781661987
      vertex -17.003741103483662 -6.597600297182137 5.7018712386488914
      vertex -17.018595874840642 -6.59588538629128 5.7018712386488914
    endloop
  endfacet
  facet normal 0.11199099632166791 0.026206902951058493 0.9933635864982137
    outer loop
      vertex -17.462871398635414 -6.646484543714138 5.746643781661987
      vertex -17.096527296619623 -6.514909556419427 5.7018712386488914
      vertex -17.479807502746304 -6.5741108192519935 5.746643781661987
    endloop
  endfacet
  facet normal 0.09886464938999974 0.05877555716791226 0.9933635864982137
    outer loop
      vertex -17.43508598125212 -6.7154247946261645 5.746643781661987
      vertex -17.397102517230053 -6.779315670937743 5.746643781661987
      vertex -17.087530256044307 -6.54333899101427 5.7018712386488914
    endloop
  endfacet
  facet normal 0.1066780443272911 0.04299511458189962 0.9933635864982135
    outer loop
      vertex -17.43508598125212 -6.7154247946261645 5.746643781661987
      vertex -17.087530256044307 -6.54333899101427 5.7018712386488914
      vertex -17.462871398635414 -6.646484543714138 5.746643781661987
    endloop
  endfacet
  facet normal 0.09886464938999807 0.058775557167914466 0.9933635864982137
    outer loop
      vertex -17.397102517230053 -6.779315670937743 5.746643781661987
      vertex -17.079888772579974 -6.556192507338453 5.7018712386488914
      vertex -17.087530256044307 -6.54333899101427 5.7018712386488914
    endloop
  endfacet
  facet normal 0.0887339508647926 0.07317835050976897 0.9933635864982137
    outer loop
      vertex -17.397102517230053 -6.779315670937743 5.746643781661987
      vertex -17.07037476399695 -6.567728918917185 5.7018712386488914
      vertex -17.079888772579974 -6.556192507338453 5.7018712386488914
    endloop
  endfacet
  facet normal 0.10667804432728686 0.042995114581914795 0.9933635864982133
    outer loop
      vertex -17.462871398635414 -6.646484543714138 5.746643781661987
      vertex -17.087530256044307 -6.54333899101427 5.7018712386488914
      vertex -17.09312010449417 -6.529469645473137 5.7018712386488914
    endloop
  endfacet
  facet normal 0.1146789742814343 0.008804423726975078 0.9933635864982137
    outer loop
      vertex -17.479807502746304 -6.5741108192519935 5.746643781661987
      vertex -17.096527296619623 -6.514909556419427 5.7018712386488914
      vertex -17.485497325658798 -6.5 5.746643781661987
    endloop
  endfacet
  facet normal 0.11199099632167621 0.026206902951035636 0.9933635864982133
    outer loop
      vertex -17.462871398635414 -6.646484543714138 5.746643781661987
      vertex -17.09312010449417 -6.529469645473137 5.7018712386488914
      vertex -17.096527296619623 -6.514909556419427 5.7018712386488914
    endloop
  endfacet
  facet normal 0.1146789742814345 0.008804423726980795 0.9933635864982135
    outer loop
      vertex -17.485497325658798 -6.5 5.746643781661987
      vertex -17.096527296619623 -6.514909556419427 5.7018712386488914
      vertex -17.09767197072506 -6.5 5.7018712386488914
    endloop
  endfacet
  facet normal 0.04704962467453565 0.10495293153310015 0.9933635864982135
    outer loop
      vertex -17.23193169430191 -6.926515348375753 5.746643781661987
      vertex -17.033014774652493 -6.591923003214441 5.7018712386488914
      vertex -17.046659836128512 -6.58580602285258 5.7018712386488914
    endloop
  endfacet
  facet normal 0.07652340373872937 0.08586590533876254 0.9933635864982137
    outer loop
      vertex -17.29432081577071 -6.886112562118756 5.746643781661987
      vertex -17.05921123059272 -6.577677822040867 5.7018712386488914
      vertex -17.07037476399695 -6.567728918917185 5.7018712386488914
    endloop
  endfacet
  facet normal 0.06251921288726951 0.09654083612317635 0.9933635864982139
    outer loop
      vertex -17.29432081577071 -6.886112562118756 5.746643781661987
      vertex -17.046659836128512 -6.58580602285258 5.7018712386488914
      vertex -17.05921123059272 -6.577677822040867 5.7018712386488914
    endloop
  endfacet
  facet normal 0.030477233136853167 0.11090501918185583 0.9933635864982138
    outer loop
      vertex -17.092434374328658 -6.976616763935465 5.746643781661987
      vertex -17.018595874840642 -6.59588538629128 5.7018712386488914
      vertex -17.033014774652493 -6.591923003214441 5.7018712386488914
    endloop
  endfacet
  facet normal 0 0 1
    outer loop
      vertex -17.046659836128512 -6.58580602285258 5.7018712386488914
      vertex -17.07037476399695 -6.567728918917185 5.7018712386488914
      vertex -17.05921123059272 -6.577677822040867 5.7018712386488914
    endloop
  endfacet
  facet normal 0 0 1
    outer loop
      vertex -17.033014774652493 -6.591923003214441 5.7018712386488914
      vertex -17.003741103483662 -6.597600297182137 5.7018712386488914
      vertex -17.07037476399695 -6.567728918917185 5.7018712386488914
    endloop
  endfacet
  facet normal 0 0 1
    outer loop
      vertex -17.033014774652493 -6.591923003214441 5.7018712386488914
      vertex -17.018595874840642 -6.59588538629128 5.7018712386488914
      vertex -17.003741103483662 -6.597600297182137 5.7018712386488914
    endloop
  endfacet
  facet normal 0 0 1
    outer loop
      vertex -17.033014774652493 -6.591923003214441 5.7018712386488914
      vertex -17.07037476399695 -6.567728918917185 5.7018712386488914
      vertex -17.046659836128512 -6.58580602285258 5.7018712386488914
    endloop
  endfacet
  facet normal 0 0 1
    outer loop
      vertex -17.07037476399695 -6.567728918917185 5.7018712386488914
      vertex -17.087530256044307 -6.54333899101427 5.7018712386488914
      vertex -17.079888772579974 -6.556192507338453 5.7018712386488914
    endloop
  endfacet
  facet normal 0 0 1
    outer loop
      vertex -17.07037476399695 -6.567728918917185 5.7018712386488914
      vertex -17.09767197072506 -6.5 5.7018712386488914
      vertex -17.087530256044307 -6.54333899101427 5.7018712386488914
    endloop
  endfacet
  facet normal 0 0 1
    outer loop
      vertex -17.087530256044307 -6.54333899101427 5.7018712386488914
      vertex -17.096527296619623 -6.514909556419427 5.7018712386488914
      vertex -17.09312010449417 -6.529469645473137 5.7018712386488914
    endloop
  endfacet
  facet normal 0 0 1
    outer loop
      vertex -17.087530256044307 -6.54333899101427 5.7018712386488914
      vertex -17.09767197072506 -6.5 5.7018712386488914
      vertex -17.096527296619623 -6.514909556419427 5.7018712386488914
    endloop
  endfacet
  facet normal 0.5110186663428551 0.8595696147777501 0
    outer loop
      vertex -18.386097252503113 -8.640381836636472 8.25
      vertex -18.386097252503113 -8.640381836636472 35.03
      vertex -18.218185535782553 -8.740206237204733 8.25
    endloop
  endfacet
  facet normal 0.636242430565098 0.771489189521549 -2.4790133230566856e-19
    outer loop
      vertex -18.545874796158234 -8.52799681937708 8.25
      vertex -18.696580535422193 -8.403710715110504 8.25
      vertex -18.696580535422193 -8.403710715110504 35.03
    endloop
  endfacet
  facet normal 0.6934325117766917 0.7205215830293137 0
    outer loop
      vertex -18.696580535422193 -8.403710715110504 8.25
      vertex -18.837330061534686 -8.268252874953626 8.25
      vertex -18.696580535422193 -8.403710715110504 35.03
    endloop
  endfacet
  facet normal 0.5753186726880631 0.8179293519959074 0
    outer loop
      vertex -18.386097252503113 -8.640381836636472 8.25
      vertex -18.545874796158234 -8.52799681937708 8.25
      vertex -18.386097252503113 -8.640381836636472 35.03
    endloop
  endfacet
  facet normal 0.7465532114689895 0.665325711546862 0
    outer loop
      vertex -18.967297408545953 -8.122418227932727 8.25
      vertex -18.967297408545953 -8.122418227932727 35.03
      vertex -18.837330061534686 -8.268252874953626 8.25
    endloop
  endfacet
  facet normal 0.7952928805154087 0.6062253988422985 0
    outer loop
      vertex -18.967297408545953 -8.122418227932727 8.25
      vertex -19.08571986751751 -7.9670625818428995 8.25
      vertex -18.967297408545953 -8.122418227932727 35.03
    endloop
  endfacet
  facet normal 0.8393654178451904 0.5435675627974585 7.543651122988638e-20
    outer loop
      vertex -19.08571986751751 -7.9670625818428995 8.25
      vertex -19.191902497817363 -7.803097632590131 8.25
      vertex -19.191902497817363 -7.803097632590131 35.03
    endloop
  endfacet
  facet normal 0.8785122581938472 0.47771980511922185 0
    outer loop
      vertex -19.191902497817363 -7.803097632590131 8.25
      vertex -19.28522216757991 -7.631485585238359 8.25
      vertex -19.191902497817363 -7.803097632590131 35.03
    endloop
  endfacet
  facet normal 0.22785349405901575 0.9736954273514373 0
    outer loop
      vertex -17.675702830601487 -8.95884641340551 8.25
      vertex -17.675702830601487 -8.95884641340551 35.03
      vertex -17.485497327802495 -9.003356213066262 8.25
    endloop
  endfacet
  facet normal 0.15264929928534426 0.9882804214531893 -1.7378531989232558e-20
    outer loop
      vertex -17.485497327802495 -9.003356213066262 8.25
      vertex -17.29244273476592 -9.033175328887172 35.03
      vertex -17.29244273476592 -9.033175328887172 8.25
    endloop
  endfacet
  facet normal 0.07654923763608551 0.9970658023507447 8.053364134802425e-21
    outer loop
      vertex -17.09767197079544 -9.04812875870152 8.25
      vertex -17.29244273476592 -9.033175328887172 8.25
      vertex -17.29244273476592 -9.033175328887172 35.03
    endloop
  endfacet
  facet normal 0.37381705770086576 0.9275024568009875 0
    outer loop
      vertex -18.043125024786917 -8.826884222015202 8.25
      vertex -18.043125024786917 -8.826884222015202 35.03
      vertex -17.861943038934314 -8.899907119543066 8.25
    endloop
  endfacet
  facet normal 0.44371985152912974 0.8961655501964841 0
    outer loop
      vertex -18.043125024786917 -8.826884222015202 8.25
      vertex -18.218185535782553 -8.740206237204733 8.25
      vertex -18.043125024786917 -8.826884222015202 35.03
    endloop
  endfacet
  facet normal 0.3017206131298549 0.9533963874551573 -8.15483215010742e-20
    outer loop
      vertex -17.861943038934314 -8.899907119543066 8.25
      vertex -17.675702830601487 -8.95884641340551 35.03
      vertex -17.675702830601487 -8.95884641340551 8.25
    endloop
  endfacet
  facet normal 0.9642534914134616 0.2649815168968383 1.3282623138082976e-19
    outer loop
      vertex -19.43116079689873 -7.269387525518543 8.25
      vertex -19.482923330888337 -7.0810264477030005 8.25
      vertex -19.482923330888337 -7.0810264477030005 35.03
    endloop
  endfacet
  facet normal 0.9817083228993934 0.1903910941983901 0
    outer loop
      vertex -19.482923330888337 -7.0810264477030005 8.25
      vertex -19.520115077694584 -6.889255674303199 8.25
      vertex -19.482923330888337 -7.0810264477030005 35.03
    endloop
  endfacet
  facet normal 0.9934020880113095 0.1146834405429595 7.533836135942503e-20
    outer loop
      vertex -19.520115077694584 -6.889255674303199 8.25
      vertex -19.54251779301854 -6.6952005947330635 8.25
      vertex -19.54251779301854 -6.6952005947330635 35.03
    endloop
  endfacet
  facet normal 0.9992661816347407 0.0383027184560763 0
    outer loop
      vertex -19.54251779301854 -6.6952005947330635 8.25
      vertex -19.549999997019768 -6.5 8.25
      vertex -19.54251779301854 -6.6952005947330635 35.03
    endloop
  endfacet
  facet normal 0.912503610240242 0.40906865108258356 8.500734893827461e-20
    outer loop
      vertex -19.28522216757991 -7.631485585238359 8.25
      vertex -19.36513125031034 -7.45323353319396 8.25
      vertex -19.36513125031034 -7.45323353319396 35.03
    endloop
  endfacet
  facet normal 0.9411400531326745 0.33801686406069564 0
    outer loop
      vertex -19.36513125031034 -7.45323353319396 8.25
      vertex -19.43116079689873 -7.269387525518543 8.25
      vertex -19.36513125031034 -7.45323353319396 35.03
    endloop
  endfacet
  facet normal 0.7714891849912152 0 0.6362424360584497
    outer loop
      vertex -18.83733006566763 -6.5 6.48174712061882
      vertex -18.83733006566763 6.5 6.48174712061882
      vertex -19.085719868540764 -6.5 6.782937414944172
    endloop
  endfacet
  facet normal 0.9275024530833402 0 0.3738170669249679
    outer loop
      vertex -19.28522217273712 -6.5 7.118514411151409
      vertex -19.28522217273712 6.5 7.118514411151409
      vertex -19.431160800158978 -6.5 7.480612471699715
    endloop
  endfacet
  facet normal 0.8595696020701614 0 0.5110186877179191
    outer loop
      vertex -19.085719868540764 -6.5 6.782937414944172
      vertex -19.28522217273712 6.5 7.118514411151409
      vertex -19.28522217273712 -6.5 7.118514411151409
    endloop
  endfacet
  facet normal 0.6653256948585635 0 0.7465532263415446
    outer loop
      vertex -18.83733006566763 -6.5 6.48174712061882
      vertex -18.545874796807766 -6.5 6.222003176808357
      vertex -18.545874796807766 6.5 6.222003176808357
    endloop
  endfacet
  facet normal 0.5435675512164787 0 0.8393654253449571
    outer loop
      vertex -18.545874796807766 -6.5 6.222003176808357
      vertex -18.218185536563396 -6.5 6.009793758392334
      vertex -18.545874796807766 6.5 6.222003176808357
    endloop
  endfacet
  facet normal 0.9736954264276548 0 0.2278534980066524
    outer loop
      vertex -19.431160800158978 -6.5 7.480612471699715
      vertex -19.520115077495575 6.5 7.860744327306747
      vertex -19.520115077495575 -6.5 7.860744327306747
    endloop
  endfacet
  facet normal 0.9970658011206689 0 0.07654925365801235
    outer loop
      vertex -19.520115077495575 -6.5 7.860744327306747
      vertex -19.520115077495575 6.5 7.860744327306747
      vertex -19.549999997019768 -6.5 8.25
    endloop
  endfacet
  facet normal 0.4090686245943409 0 0.9125036221147257
    outer loop
      vertex -18.218185536563396 -6.5 6.009793758392334
      vertex -17.861943036317825 -6.5 5.850092880427837
      vertex -17.861943036317825 6.5 5.850092880427837
    endloop
  endfacet
  facet normal 0.2649815149920721 0 0.9642534919369006
    outer loop
      vertex -17.861943036317825 -6.5 5.850092880427837
      vertex -17.485497325658798 -6.5 5.746643781661987
      vertex -17.861943036317825 6.5 5.850092880427837
    endloop
  endfacet
  facet normal 0.1146834193751877 0 0.9934020904550256
    outer loop
      vertex -17.485497325658798 -6.5 5.746643781661987
      vertex -17.09767197072506 -6.5 5.7018712386488914
      vertex -17.485497325658798 6.5 5.746643781661987
    endloop
  endfacet
  facet normal 0 0 1
    outer loop
      vertex -17.07037476399695 -6.567728918917185 5.7018712386488914
      vertex -17.09312010449417 6.529469645473135 5.7018712386488914
      vertex -17.09767197072506 -6.5 5.7018712386488914
    endloop
  endfacet
  facet normal -8.176372512746691e-22 0.9737325106253049 0.2276949664602635
    outer loop
      vertex -17.093120104686143 -8.929376768295294 7.480612471699715
      vertex -17.096527296681558 -9.01826576929757 7.860744327306747
      vertex 16.903472703318442 -9.01826576929757 7.860744327306747
    endloop
  endfacet
  facet normal 8.683406842898614e-11 0.9970700869817142 0.07649340916887386
    outer loop
      vertex -17.096527296681558 -9.01826576929757 7.860744327306747
      vertex -17.09767197079544 -9.04812875870152 8.25
      vertex 17.097671970909587 -9.048128761679566 8.25
    endloop
  endfacet
  facet normal 1.2708198024186302e-19 0.9275975419447064 0.37358104900829575
    outer loop
      vertex -17.093120104686143 -8.929376768295294 7.480612471699715
      vertex 16.912469743695084 -8.783545233403657 7.118514411151409
      vertex -17.087530256304913 -8.783545233403657 7.118514411151409
    endloop
  endfacet
  facet normal 0 0.859734307899895 0.510741539156439
    outer loop
      vertex -17.087530256304913 -8.783545233403657 7.118514411151409
      vertex 16.912469743695084 -8.783545233403657 7.118514411151409
      vertex -17.079888772676732 -8.584189327778526 6.782937414944172
    endloop
  endfacet
  facet normal 0 0.7717183763015877 0.6359644232804545
    outer loop
      vertex -17.079888772676732 -8.584189327778526 6.782937414944172
      vertex 16.920111227323268 -8.584189327778526 6.782937414944172
      vertex -17.070374764205962 -8.335981798049525 6.48174712061882
    endloop
  endfacet
  facet normal 2.5582588124789104e-19 0.6655978721135164 0.7463105738484208
    outer loop
      vertex -17.070374764205962 -8.335981798049525 6.48174712061882
      vertex 16.940788769339733 -8.044740404588794 6.222003176808357
      vertex -17.059211230660267 -8.044740404588794 6.222003176808357
    endloop
  endfacet
  facet normal -2.907594276928033e-20 0.5438486908363683 0.8391832943258393
    outer loop
      vertex -17.059211230660267 -8.044740404588794 6.222003176808357
      vertex 16.953340163807958 -7.717291608933037 6.009793758392334
      vertex -17.046659836192042 -7.717291608933037 6.009793758392334
    endloop
  endfacet
  facet normal 0 0.40931871269840225 0.9123914683045447
    outer loop
      vertex -17.046659836192042 -7.717291608933037 6.009793758392334
      vertex 16.953340163807958 -7.717291608933037 6.009793758392334
      vertex -17.03301477457606 -7.361310526184653 5.850092880427837
    endloop
  endfacet
  facet normal -1.7638774884140402e-19 0.2651624289833847 0.9642037576444262
    outer loop
      vertex -17.03301477457606 -7.361310526184653 5.850092880427837
      vertex 16.981404125228067 -6.985141058521449 5.746643781661987
      vertex -17.018595874771933 -6.985141058521449 5.746643781661987
    endloop
  endfacet
  facet normal 0 0.11476652917031299 0.9933924923121775
    outer loop
      vertex -17.018595874771933 -6.985141058521449 5.746643781661987
      vertex 16.981404125228067 -6.985141058521449 5.746643781661987
      vertex -17.003741103483662 -6.597600297182137 5.7018712386488914
    endloop
  endfacet
  facet normal 0 0 1
    outer loop
      vertex -17.003741103483662 -6.597600297182137 5.7018712386488914
      vertex 16.996258896516338 -6.597600297182137 5.7018712386488914
      vertex -17.07037476399695 -6.567728918917185 5.7018712386488914
    endloop
  endfacet
  facet normal 8.708923235630645e-11 1 1.105688536263786e-10
    outer loop
      vertex -17.09767197079544 -9.04812875870152 8.25
      vertex -16.85154386180139 -9.048128761679566 34.99
      vertex 17.097671970909587 -9.048128761679566 8.25
    endloop
  endfacet
  facet normal 0.47771979986645857 0.8785122166218678 -0.0002793952094545459
    outer loop
      vertex -18.218185535782553 -8.740206237204733 8.25
      vertex -18.386097252503113 -8.640381836636472 35.03
      vertex -18.043125024786917 -8.826884222015202 35.03
    endloop
  endfacet
  facet normal 0.6062253873051466 0.795292840232478 -0.0002793952094545503
    outer loop
      vertex -18.545874796158234 -8.52799681937708 8.25
      vertex -18.696580535422193 -8.403710715110504 35.03
      vertex -18.386097252503113 -8.640381836636472 35.03
    endloop
  endfacet
  facet normal 0.7205215654782263 0.6934324737269828 -0.00027939520945460166
    outer loop
      vertex -18.837330061534686 -8.268252874953626 8.25
      vertex -18.967297408545953 -8.122418227932727 35.03
      vertex -18.696580535422193 -8.403710715110504 35.03
    endloop
  endfacet
  facet normal 0.8179293288422436 0.5753186377634518 -0.00027939520945461407
    outer loop
      vertex -19.08571986751751 -7.9670625818428995 8.25
      vertex -19.191902497817363 -7.803097632590131 35.03
      vertex -18.967297408545953 -8.122418227932727 35.03
    endloop
  endfacet
  facet normal 0.1903911017335417 0.9817082816799526 -0.00027939520945455205
    outer loop
      vertex -17.485497327802495 -9.003356213066262 8.25
      vertex -17.675702830601487 -8.95884641340551 35.03
      vertex -17.29244273476592 -9.033175328887172 35.03
    endloop
  endfacet
  facet normal 0.03830273219504741 0.9992661420486093 -0.00027939520945451514
    outer loop
      vertex -17.09767197079544 -9.04812875870152 8.25
      vertex -17.29244273476592 -9.033175328887172 35.03
      vertex -16.90232802909041 -9.048128761679566 35.03
    endloop
  endfacet
  facet normal 8.580614079317111e-11 1 1.1057821300514645e-10
    outer loop
      vertex -17.09767197079544 -9.04812875870152 8.25
      vertex -16.90232802909041 -9.048128761679566 35.03
      vertex -16.902328029205794 -9.048128761675143 34.99
    endloop
  endfacet
  facet normal 8.709660445267757e-11 1 1.1056878576997845e-10
    outer loop
      vertex -17.09767197079544 -9.04812875870152 8.25
      vertex -16.9023280290821 -9.048128761675143 34.99
      vertex -16.85154386180139 -9.048128761679566 34.99
    endloop
  endfacet
  facet normal -6.682527211449045e-16 1 1.1120505282183905e-10
    outer loop
      vertex -17.09767197079544 -9.04812875870152 8.25
      vertex -16.902328029205794 -9.048128761675143 34.99
      vertex -16.9023280290821 -9.048128761675143 34.99
    endloop
  endfacet
  facet normal 0.3380168652154207 0.9411400112460723 -0.0002793952094545364
    outer loop
      vertex -17.861943038934314 -8.899907119543066 8.25
      vertex -18.043125024786917 -8.826884222015202 35.03
      vertex -17.675702830601487 -8.95884641340551 35.03
    endloop
  endfacet
  facet normal 0.9882803852069305 0.15264927826084815 -0.0002793952094545243
    outer loop
      vertex -19.520115077694584 -6.889255674303199 8.25
      vertex -19.54251779301854 -6.6952005947330635 35.03
      vertex -19.482923330888337 -7.0810264477030005 35.03
    endloop
  endfacet
  facet normal 0.8961655219829593 0.4437198205482004 -0.0002793952094545451
    outer loop
      vertex -19.28522216757991 -7.631485585238359 8.25
      vertex -19.36513125031034 -7.45323353319396 35.03
      vertex -19.191902497817363 -7.803097632590131 35.03
    endloop
  endfacet
  facet normal 0.953396354843066 0.301720586818784 -0.0002793952094545627
    outer loop
      vertex -19.43116079689873 -7.269387525518543 8.25
      vertex -19.482923330888337 -7.0810264477030005 35.03
      vertex -19.36513125031034 -7.45323353319396 35.03
    endloop
  endfacet
  facet normal 0.9999999609691577 -7.239223721768066e-21 -0.00027939520945448744
    outer loop
      vertex -19.549999997019768 -6.5 8.25
      vertex -19.54251779301854 6.695200594733063 35.03
      vertex -19.54251779301854 -6.6952005947330635 35.03
    endloop
  endfacet
  facet normal 0 1 0
    outer loop
      vertex -16.85154386180139 -9.048128761679566 34.99
      vertex -16.90232802909041 -9.048128761679566 35.03
      vertex 17.097671970909587 -9.048128761679566 35.03
    endloop
  endfacet
  facet normal 0.8595696020701614 0 0.5110186877179191
    outer loop
      vertex -19.085719868540764 -6.5 6.782937414944172
      vertex -19.085719868540764 6.5 6.782937414944172
      vertex -19.28522217273712 6.5 7.118514411151409
    endloop
  endfacet
  facet normal 0.7714891849912152 0 0.6362424360584497
    outer loop
      vertex -19.085719868540764 -6.5 6.782937414944172
      vertex -18.83733006566763 6.5 6.48174712061882
      vertex -19.085719868540764 6.5 6.782937414944172
    endloop
  endfacet
  facet normal 0.6653256948585635 0 0.7465532263415446
    outer loop
      vertex -18.83733006566763 -6.5 6.48174712061882
      vertex -18.545874796807766 6.5 6.222003176808357
      vertex -18.83733006566763 6.5 6.48174712061882
    endloop
  endfacet
  facet normal 0.5435675512164787 0 0.8393654253449571
    outer loop
      vertex -18.218185536563396 -6.5 6.009793758392334
      vertex -18.218185536563396 6.5 6.009793758392334
      vertex -18.545874796807766 6.5 6.222003176808357
    endloop
  endfacet
  facet normal 0.9736954264276548 0 0.2278534980066524
    outer loop
      vertex -19.431160800158978 -6.5 7.480612471699715
      vertex -19.431160800158978 6.5 7.480612471699715
      vertex -19.520115077495575 6.5 7.860744327306747
    endloop
  endfacet
  facet normal 0.9970658011206689 0 0.07654925365801235
    outer loop
      vertex -19.549999997019768 -6.5 8.25
      vertex -19.520115077495575 6.5 7.860744327306747
      vertex -19.549999997019768 6.5 8.25
    endloop
  endfacet
  facet normal 0.9275024530833402 0 0.3738170669249679
    outer loop
      vertex -19.431160800158978 -6.5 7.480612471699715
      vertex -19.28522217273712 6.5 7.118514411151409
      vertex -19.431160800158978 6.5 7.480612471699715
    endloop
  endfacet
  facet normal 0.4090686245943409 0 0.9125036221147257
    outer loop
      vertex -18.218185536563396 -6.5 6.009793758392334
      vertex -17.861943036317825 6.5 5.850092880427837
      vertex -18.218185536563396 6.5 6.009793758392334
    endloop
  endfacet
  facet normal 0.2649815149920721 0 0.9642534919369006
    outer loop
      vertex -17.485497325658798 -6.5 5.746643781661987
      vertex -17.485497325658798 6.5 5.746643781661987
      vertex -17.861943036317825 6.5 5.850092880427837
    endloop
  endfacet
  facet normal 0.1146834193751877 0 0.9934020904550256
    outer loop
      vertex -17.09767197072506 -6.5 5.7018712386488914
      vertex -17.09767197072506 6.5 5.7018712386488914
      vertex -17.485497325658798 6.5 5.746643781661987
    endloop
  endfacet
  facet normal 0 0 1
    outer loop
      vertex -17.07037476399695 -6.567728918917185 5.7018712386488914
      vertex -17.07037476399695 6.432271081082817 5.7018712386488914
      vertex -17.09312010449417 6.529469645473135 5.7018712386488914
    endloop
  endfacet
  facet normal 0 0 1
    outer loop
      vertex -17.07037476399695 -6.567728918917185 5.7018712386488914
      vertex -16.909409007748536 6.536511450097358 5.7018712386488914
      vertex -17.07037476399695 6.432271081082817 5.7018712386488914
    endloop
  endfacet
  facet normal 0 0 1
    outer loop
      vertex -17.09767197072506 -6.5 5.7018712386488914
      vertex -17.09312010449417 6.529469645473135 5.7018712386488914
      vertex -17.09767197072506 6.5 5.7018712386488914
    endloop
  endfacet
  facet normal 0.9999999609691577 0 -0.0002793952094544875
    outer loop
      vertex -19.549999997019768 -6.5 8.25
      vertex -19.549999997019768 6.5 8.25
      vertex -19.54251779301854 6.695200594733063 35.03
    endloop
  endfacet
  facet normal 0.7701394362944233 -0.059127089062997726 0.635129306521943
    outer loop
      vertex -18.83733006566763 6.5 6.48174712061882
      vertex -18.81579733592238 6.780467119397979 6.48174712061882
      vertex -19.06127611556856 6.8183836450138315 6.782937414944172
    endloop
  endfacet
  facet normal 0.85770394549048 -0.06584981262446053 0.5099095449855662
    outer loop
      vertex -19.085719868540764 6.5 6.782937414944172
      vertex -19.06127611556856 6.8183836450138315 6.782937414944172
      vertex -19.25844033730489 6.848837528949421 7.118514411151409
    endloop
  endfacet
  facet normal 0.8577039454904763 -0.06584981262446758 0.5099095449855716
    outer loop
      vertex -19.085719868540764 6.5 6.782937414944172
      vertex -19.25844033730489 6.848837528949421 7.118514411151409
      vertex -19.28522217273712 6.5 7.118514411151409
    endloop
  endfacet
  facet normal 0.7701394362944264 -0.059127089062992466 0.6351293065219398
    outer loop
      vertex -18.83733006566763 6.5 6.48174712061882
      vertex -19.06127611556856 6.8183836450138315 6.782937414944172
      vertex -19.085719868540764 6.5 6.782937414944172
    endloop
  endfacet
  facet normal 0.7520880206476003 -0.17599537833514312 0.6351293065219432
    outer loop
      vertex -18.81579733592238 6.780467119397979 6.48174712061882
      vertex -18.751703855621567 7.054360327230178 6.48174712061882
      vertex -19.06127611556856 6.8183836450138315 6.782937414944172
    endloop
  endfacet
  facet normal 0.9251598339659923 -0.07102870639064886 0.37287290661093686
    outer loop
      vertex -19.28522217273712 6.5 7.118514411151409
      vertex -19.25844033730489 6.848837528949421 7.118514411151409
      vertex -19.402668625859285 6.871114955965254 7.480612471699715
    endloop
  endfacet
  facet normal 0.8376000919643378 -0.19600597407718337 0.5099095449855663
    outer loop
      vertex -19.06127611556856 6.8183836450138315 6.782937414944172
      vertex -19.178722574531502 7.1894986018812475 7.118514411151409
      vertex -19.25844033730489 6.848837528949421 7.118514411151409
    endloop
  endfacet
  facet normal 0.9034748715869446 -0.21142126649527274 0.3728729066109375
    outer loop
      vertex -19.25844033730489 6.848837528949421 7.118514411151409
      vertex -19.178722574531502 7.1894986018812475 7.118514411151409
      vertex -19.402668625859285 6.871114955965254 7.480612471699715
    endloop
  endfacet
  facet normal 0.8376000919643312 -0.19600597407719228 0.5099095449855738
    outer loop
      vertex -19.06127611556856 6.8183836450138315 6.782937414944172
      vertex -18.98851779750405 7.129304647238001 6.782937414944172
      vertex -19.178722574531502 7.1894986018812475 7.118514411151409
    endloop
  endfacet
  facet normal 0.7520880206476024 -0.17599537833515225 0.6351293065219382
    outer loop
      vertex -18.751703855621567 7.054360327230178 6.48174712061882
      vertex -18.98851779750405 7.129304647238001 6.782937414944172
      vertex -19.06127611556856 6.8183836450138315 6.782937414944172
    endloop
  endfacet
  facet normal 0.6644594148007255 -0.05101355565779831 0.7455811848630746
    outer loop
      vertex -18.83733006566763 6.5 6.48174712061882
      vertex -18.545874796807766 6.5 6.222003176808357
      vertex -18.527757799300538 6.735976681224702 6.222003176808357
    endloop
  endfacet
  facet normal 0.6644594148007248 -0.051013555657796784 0.7455811848630752
    outer loop
      vertex -18.83733006566763 6.5 6.48174712061882
      vertex -18.527757799300538 6.735976681224702 6.222003176808357
      vertex -18.81579733592238 6.780467119397979 6.48174712061882
    endloop
  endfacet
  facet normal 0.5430948376880648 -0.04169584795208591 0.8386354711912268
    outer loop
      vertex -18.545874796807766 6.5 6.222003176808357
      vertex -18.218185536563396 6.5 6.009793758392334
      vertex -18.527757799300538 6.735976681224702 6.222003176808357
    endloop
  endfacet
  facet normal 0.5430948376880652 -0.04169584795208532 0.8386354711912266
    outer loop
      vertex -18.527757799300538 6.735976681224702 6.222003176808357
      vertex -18.218185536563396 6.5 6.009793758392334
      vertex -18.203908918317964 6.685955150202187 6.009793758392334
    endloop
  endfacet
  facet normal 0.6488850492874815 -0.15184495246584764 0.7455811848630751
    outer loop
      vertex -18.81579733592238 6.780467119397979 6.48174712061882
      vertex -18.527757799300538 6.735976681224702 6.222003176808357
      vertex -18.751703855621567 7.054360327230178 6.48174712061882
    endloop
  endfacet
  facet normal 0.6488850492874794 -0.15184495246585036 0.7455811848630766
    outer loop
      vertex -18.527757799300538 6.735976681224702 6.222003176808357
      vertex -18.473831453845172 6.96642226904606 6.222003176808357
      vertex -18.751703855621567 7.054360327230178 6.48174712061882
    endloop
  endfacet
  facet normal 0.5303651549984977 -0.12411022852001496 0.8386354711912257
    outer loop
      vertex -18.527757799300538 6.735976681224702 6.222003176808357
      vertex -18.161413695413042 6.867551669291913 6.009793758392334
      vertex -18.473831453845172 6.96642226904606 6.222003176808357
    endloop
  endfacet
  facet normal 0.5303651549984969 -0.12411022852001118 0.8386354711912268
    outer loop
      vertex -18.527757799300538 6.735976681224702 6.222003176808357
      vertex -18.203908918317964 6.685955150202187 6.009793758392334
      vertex -18.161413695413042 6.867551669291913 6.009793758392334
    endloop
  endfacet
  facet normal 0.505204162592424 -0.20361557052239027 0.8386354711912257
    outer loop
      vertex -18.473831453845172 6.96642226904606 6.222003176808357
      vertex -18.161413695413042 6.867551669291913 6.009793758392334
      vertex -18.09169591985624 7.040533088775785 6.009793758392334
    endloop
  endfacet
  facet normal 0.7164082992370474 -0.2887384851058883 0.635129306521938
    outer loop
      vertex -18.751703855621567 7.054360327230178 6.48174712061882
      vertex -18.869150307655573 7.425475281904802 6.782937414944172
      vertex -18.98851779750405 7.129304647238001 6.782937414944172
    endloop
  endfacet
  facet normal 0.7978636021994638 -0.3215679216245001 0.5099095449855738
    outer loop
      vertex -18.98851779750405 7.129304647238001 6.782937414944172
      vertex -18.869150307655573 7.425475281904802 6.782937414944172
      vertex -19.178722574531502 7.1894986018812475 7.118514411151409
    endloop
  endfacet
  facet normal 0.8606132239676869 -0.3468582913056189 0.3728729066109392
    outer loop
      vertex -19.178722574531502 7.1894986018812475 7.118514411151409
      vertex -19.047937401210717 7.5139984119768926 7.118514411151409
      vertex -19.17872257253636 7.5787542760750455 7.480612471699715
    endloop
  endfacet
  facet normal 0.7978636021994641 -0.3215679216245032 0.509909544985572
    outer loop
      vertex -19.178722574531502 7.1894986018812475 7.118514411151409
      vertex -18.869150307655573 7.425475281904802 6.782937414944172
      vertex -19.047937401210717 7.5139984119768926 7.118514411151409
    endloop
  endfacet
  facet normal 0.7394258658368681 -0.4395925896372683 0.509909544985577
    outer loop
      vertex -18.869150307655573 7.425475281904802 6.782937414944172
      vertex -18.70597151881399 7.699953560360228 6.782937414944172
      vertex -18.869150310956805 7.814730958721007 7.118514411151409
    endloop
  endfacet
  facet normal 0.7975795318005781 -0.47416525175120183 0.3728729066109393
    outer loop
      vertex -19.047937401210717 7.5139984119768926 7.118514411151409
      vertex -18.869150310956805 7.814730958721007 7.118514411151409
      vertex -19.17872257253636 7.5787542760750455 7.480612471699715
    endloop
  endfacet
  facet normal 0.7394258658368749 -0.43959258963726333 0.5099095449855713
    outer loop
      vertex -19.047937401210717 7.5139984119768926 7.118514411151409
      vertex -18.869150307655573 7.425475281904802 6.782937414944172
      vertex -18.869150310956805 7.814730958721007 7.118514411151409
    endloop
  endfacet
  facet normal 0.6181013681884044 -0.24911723228591734 0.745581184863075
    outer loop
      vertex -18.473831453845172 6.96642226904606 6.222003176808357
      vertex -18.38535974827329 7.185935314202158 6.222003176808357
      vertex -18.646551921620325 7.315259798846128 6.48174712061882
    endloop
  endfacet
  facet normal 0.6181013681884023 -0.24911723228591912 0.7455811848630761
    outer loop
      vertex -18.751703855621567 7.054360327230178 6.48174712061882
      vertex -18.473831453845172 6.96642226904606 6.222003176808357
      vertex -18.646551921620325 7.315259798846128 6.48174712061882
    endloop
  endfacet
  facet normal 0.7164082992370479 -0.28873848510588784 0.6351293065219377
    outer loop
      vertex -18.751703855621567 7.054360327230178 6.48174712061882
      vertex -18.646551921620325 7.315259798846128 6.48174712061882
      vertex -18.869150307655573 7.425475281904802 6.782937414944172
    endloop
  endfacet
  facet normal 0.5052041625924237 -0.2036155705223857 0.8386354711912269
    outer loop
      vertex -18.473831453845172 6.96642226904606 6.222003176808357
      vertex -18.09169591985624 7.040533088775785 6.009793758392334
      vertex -18.38535974827329 7.185935314202158 6.222003176808357
    endloop
  endfacet
  facet normal 0.46820161280637773 -0.27834833612826837 0.8386354711912269
    outer loop
      vertex -18.38535974827329 7.185935314202158 6.222003176808357
      vertex -18.09169591985624 7.040533088775785 6.009793758392334
      vertex -18.264416384378357 7.389370616965177 6.222003176808357
    endloop
  endfacet
  facet normal 0.5728299148974181 -0.3405504153231783 0.7455811848630753
    outer loop
      vertex -18.646551921620325 7.315259798846128 6.48174712061882
      vertex -18.38535974827329 7.185935314202158 6.222003176808357
      vertex -18.264416384378357 7.389370616965177 6.222003176808357
    endloop
  endfacet
  facet normal 0.6639365744918894 -0.394713806509142 0.6351293065219393
    outer loop
      vertex -18.646551921620325 7.315259798846128 6.48174712061882
      vertex -18.502806206128994 7.557050271759291 6.48174712061882
      vertex -18.70597151881399 7.699953560360228 6.782937414944172
    endloop
  endfacet
  facet normal 0.595902739167191 -0.4914373708317265 0.6351293065219387
    outer loop
      vertex -18.502806206128994 7.557050271759291 6.48174712061882
      vertex -18.323835986885477 7.774064382216679 6.48174712061882
      vertex -18.70597151881399 7.699953560360228 6.782937414944172
    endloop
  endfacet
  facet normal 0.5728299148974174 -0.34055041532318764 0.7455811848630717
    outer loop
      vertex -18.646551921620325 7.315259798846128 6.48174712061882
      vertex -18.264416384378357 7.389370616965177 6.222003176808357
      vertex -18.502806206128994 7.557050271759291 6.48174712061882
    endloop
  endfacet
  facet normal 0.5141318139093591 -0.42400138526242076 0.7455811848630707
    outer loop
      vertex -18.264416384378357 7.389370616965177 6.222003176808357
      vertex -18.113836172103227 7.571959826262109 6.222003176808357
      vertex -18.323835986885477 7.774064382216679 6.48174712061882
    endloop
  endfacet
  facet normal 0.5141318139093565 -0.4240013852624218 0.7455811848630718
    outer loop
      vertex -18.502806206128994 7.557050271759291 6.48174712061882
      vertex -18.264416384378357 7.389370616965177 6.222003176808357
      vertex -18.323835986885477 7.774064382216679 6.48174712061882
    endloop
  endfacet
  facet normal 0.6639365744918911 -0.39471380650914084 0.6351293065219382
    outer loop
      vertex -18.646551921620325 7.315259798846128 6.48174712061882
      vertex -18.70597151881399 7.699953560360228 6.782937414944172
      vertex -18.869150307655573 7.425475281904802 6.782937414944172
    endloop
  endfacet
  facet normal 0.9709861202815799 -0.07454699773467367 0.22721949597090393
    outer loop
      vertex -19.431160800158978 6.5 7.480612471699715
      vertex -19.402668625859285 6.871114955965254 7.480612471699715
      vertex -19.520115077495575 6.5 7.860744327306747
    endloop
  endfacet
  facet normal 0.9963384186370491 -0.03819049482250645 0.07649340921305955
    outer loop
      vertex -19.520115077495575 6.5 7.860744327306747
      vertex -19.54251779301854 6.695200594733063 8.25
      vertex -19.549999997019768 6.5 8.25
    endloop
  endfacet
  facet normal 0.9925244231722654 -0.07620059069883303 0.09533488020504642
    outer loop
      vertex -19.520115077495575 6.5 7.860744327306747
      vertex -19.490580396762574 6.884693762728894 7.860744327306747
      vertex -19.54251779301854 6.695200594733063 8.25
    endloop
  endfacet
  facet normal 0.970986120281579 -0.07454699773466693 0.2272194959709103
    outer loop
      vertex -19.520115077495575 6.5 7.860744327306747
      vertex -19.402668625859285 6.871114955965254 7.480612471699715
      vertex -19.490580396762574 6.884693762728894 7.860744327306747
    endloop
  endfacet
  facet normal 0.990491506297886 -0.11434742803714111 0.07649340921305572
    outer loop
      vertex -19.54251779301854 6.695200594733063 8.25
      vertex -19.490580396762574 6.884693762728894 7.860744327306747
      vertex -19.520115077694584 6.8892556743032 8.25
    endloop
  endfacet
  facet normal 0.9788320029006433 -0.18983326485228896 0.07649340921305571
    outer loop
      vertex -19.490580396762574 6.884693762728894 7.860744327306747
      vertex -19.482923330888337 7.081026447703 8.25
      vertex -19.520115077694584 6.8892556743032 8.25
    endloop
  endfacet
  facet normal 0.9692604919177991 -0.22681569483516056 0.09533488020504113
    outer loop
      vertex -19.490580396762574 6.884693762728894 7.860744327306747
      vertex -19.402668622447514 7.2603706297107315 7.860744327306747
      vertex -19.482923330888337 7.081026447703 8.25
    endloop
  endfacet
  facet normal 0.925159833965993 -0.07102870639064716 0.3728729066109354
    outer loop
      vertex -19.28522217273712 6.5 7.118514411151409
      vertex -19.402668625859285 6.871114955965254 7.480612471699715
      vertex -19.431160800158978 6.5 7.480612471699715
    endloop
  endfacet
  facet normal 0.9482270285918506 -0.22189367476022134 0.22721949597091043
    outer loop
      vertex -19.402668625859285 6.871114955965254 7.480612471699715
      vertex -19.402668622447514 7.2603706297107315 7.860744327306747
      vertex -19.490580396762574 6.884693762728894 7.860744327306747
    endloop
  endfacet
  facet normal 0.903474871586945 -0.21142126649527643 0.37287290661093453
    outer loop
      vertex -19.402668625859285 6.871114955965254 7.480612471699715
      vertex -19.178722574531502 7.1894986018812475 7.118514411151409
      vertex -19.317859935376948 7.2335312919051304 7.480612471699715
    endloop
  endfacet
  facet normal 0.9482270285918529 -0.22189367476021687 0.22721949597090585
    outer loop
      vertex -19.402668625859285 6.871114955965254 7.480612471699715
      vertex -19.317859935376948 7.2335312919051304 7.480612471699715
      vertex -19.402668622447514 7.2603706297107315 7.860744327306747
    endloop
  endfacet
  facet normal 0.8606132239676907 -0.34685829130561474 0.3728729066109347
    outer loop
      vertex -19.317859935376948 7.2335312919051304 7.480612471699715
      vertex -19.178722574531502 7.1894986018812475 7.118514411151409
      vertex -19.17872257253636 7.5787542760750455 7.480612471699715
    endloop
  endfacet
  facet normal 0.903242299031895 -0.36403935211774074 0.22721949597090593
    outer loop
      vertex -19.317859935376948 7.2335312919051304 7.480612471699715
      vertex -19.17872257253636 7.5787542760750455 7.480612471699715
      vertex -19.402668622447514 7.2603706297107315 7.860744327306747
    endloop
  endfacet
  facet normal 0.9614283125527722 -0.2642051440999836 0.07649340921305559
    outer loop
      vertex -19.402668622447514 7.2603706297107315 7.860744327306747
      vertex -19.43116079689873 7.269387525518539 8.25
      vertex -19.482923330888337 7.081026447703 8.25
    endloop
  endfacet
  facet normal 0.938382594635783 -0.3370265040491326 0.07649340921305545
    outer loop
      vertex -19.402668622447514 7.2603706297107315 7.860744327306747
      vertex -19.36513125031034 7.453233533193959 8.25
      vertex -19.43116079689873 7.269387525518539 8.25
    endloop
  endfacet
  facet normal 0.9032422990318947 -0.3640393521177419 0.2272194959709048
    outer loop
      vertex -19.17872257253636 7.5787542760750455 7.480612471699715
      vertex -19.258440332029778 7.618225053592415 7.860744327306747
      vertex -19.402668622447514 7.2603706297107315 7.860744327306747
    endloop
  endfacet
  facet normal 0.9232779162398796 -0.37211443132460753 0.09533488020504109
    outer loop
      vertex -19.402668622447514 7.2603706297107315 7.860744327306747
      vertex -19.258440332029778 7.618225053592415 7.860744327306747
      vertex -19.36513125031034 7.453233533193959 8.25
    endloop
  endfacet
  facet normal 0.9098300540302714 -0.4078701155150227 0.07649340921305176
    outer loop
      vertex -19.258440332029778 7.618225053592415 7.860744327306747
      vertex -19.28522216757991 7.631485585238355 8.25
      vertex -19.36513125031034 7.453233533193959 8.25
    endloop
  endfacet
  facet normal 0.875938293688868 -0.47632012764148335 0.07649340921305171
    outer loop
      vertex -19.258440332029778 7.618225053592415 7.860744327306747
      vertex -19.191902497817363 7.803097632590131 8.25
      vertex -19.28522216757991 7.631485585238355 8.25
    endloop
  endfacet
  facet normal 0.4088670333521442 -0.03139057209205575 0.9120539353687095
    outer loop
      vertex -18.218185536563396 6.5 6.009793758392334
      vertex -17.861943036317825 6.5 5.850092880427837
      vertex -17.8518414292067 6.6315749875313585 5.850092880427837
    endloop
  endfacet
  facet normal 0.40886703335214447 -0.03139057209205701 0.9120539353687093
    outer loop
      vertex -18.218185536563396 6.5 6.009793758392334
      vertex -17.8518414292067 6.6315749875313585 5.850092880427837
      vertex -18.203908918317964 6.685955150202187 6.009793758392334
    endloop
  endfacet
  facet normal 0.3992835366299983 -0.09343594787174395 0.9120539353687093
    outer loop
      vertex -18.203908918317964 6.685955150202187 6.009793758392334
      vertex -17.8518414292067 6.6315749875313585 5.850092880427837
      vertex -17.821773380982286 6.760065968872773 5.850092880427837
    endloop
  endfacet
  facet normal 0.26492669787001577 -0.02033962127104663 0.964054015375819
    outer loop
      vertex -17.861943036317825 6.5 5.850092880427837
      vertex -17.485497325658798 6.5 5.746643781661987
      vertex -17.8518414292067 6.6315749875313585 5.850092880427837
    endloop
  endfacet
  facet normal 0.25871704061339845 -0.06054212032960937 0.9640540153758193
    outer loop
      vertex -17.8518414292067 6.6315749875313585 5.850092880427837
      vertex -17.462871398635414 6.646484543714138 5.746643781661987
      vertex -17.821773380982286 6.760065968872773 5.850092880427837
    endloop
  endfacet
  facet normal 0.26492669787001716 -0.020339621271042538 0.9640540153758188
    outer loop
      vertex -17.8518414292067 6.6315749875313585 5.850092880427837
      vertex -17.485497325658798 6.5 5.746643781661987
      vertex -17.479807502746304 6.574110819251992 5.746643781661987
    endloop
  endfacet
  facet normal 0.2587170406133986 -0.06054212032961797 0.9640540153758186
    outer loop
      vertex -17.8518414292067 6.6315749875313585 5.850092880427837
      vertex -17.479807502746304 6.574110819251992 5.746643781661987
      vertex -17.462871398635414 6.646484543714138 5.746643781661987
    endloop
  endfacet
  facet normal 0.24644327520320236 -0.09932556340075811 0.9640540153758194
    outer loop
      vertex -17.821773380982286 6.760065968872773 5.850092880427837
      vertex -17.462871398635414 6.646484543714138 5.746643781661987
      vertex -17.435085981252122 6.715424794626163 5.746643781661987
    endloop
  endfacet
  facet normal 0.3992835366299979 -0.09343594787174075 0.9120539353687097
    outer loop
      vertex -18.203908918317964 6.685955150202187 6.009793758392334
      vertex -17.821773380982286 6.760065968872773 5.850092880427837
      vertex -18.161413695413042 6.867551669291913 6.009793758392334
    endloop
  endfacet
  facet normal 0.3803411722262758 -0.153291264225957 0.9120539353687096
    outer loop
      vertex -17.821773380982286 6.760065968872773 5.850092880427837
      vertex -17.772443661210467 6.8824612243255 5.850092880427837
      vertex -18.161413695413042 6.867551669291913 6.009793758392334
    endloop
  endfacet
  facet normal 0.38034117222627584 -0.15329126422595554 0.9120539353687098
    outer loop
      vertex -18.161413695413042 6.867551669291913 6.009793758392334
      vertex -17.772443661210467 6.8824612243255 5.850092880427837
      vertex -18.09169591985624 7.040533088775785 6.009793758392334
    endloop
  endfacet
  facet normal 0.35248393310779913 -0.20955356327036323 0.9120539353687098
    outer loop
      vertex -18.09169591985624 7.040533088775785 6.009793758392334
      vertex -17.772443661210467 6.8824612243255 5.850092880427837
      vertex -17.99638971721656 7.200844870793354 6.009793758392334
    endloop
  endfacet
  facet normal 0.2464432752032008 -0.09932556340076988 0.9640540153758187
    outer loop
      vertex -17.821773380982286 6.760065968872773 5.850092880427837
      vertex -17.435085981252122 6.715424794626163 5.746643781661987
      vertex -17.772443661210467 6.8824612243255 5.850092880427837
    endloop
  endfacet
  facet normal 0.2283930882978738 -0.13578089945025532 0.9640540153758186
    outer loop
      vertex -17.435085981252122 6.715424794626163 5.746643781661987
      vertex -17.705008516712763 6.9958919128391415 5.850092880427837
      vertex -17.772443661210467 6.8824612243255 5.850092880427837
    endloop
  endfacet
  facet normal 0.22839308829786964 -0.1357808994502596 0.9640540153758191
    outer loop
      vertex -17.435085981252122 6.715424794626163 5.746643781661987
      vertex -17.397102517230053 6.779315670937741 5.746643781661987
      vertex -17.705008516712763 6.9958919128391415 5.850092880427837
    endloop
  endfacet
  facet normal 0.35248393310780396 -0.20955356327035923 0.9120539353687087
    outer loop
      vertex -17.772443661210467 6.8824612243255 5.850092880427837
      vertex -17.705008516712763 6.9958919128391415 5.850092880427837
      vertex -17.99638971721656 7.200844870793354 6.009793758392334
    endloop
  endfacet
  facet normal 0.2049895609798458 -0.16905364629918554 0.9640540153758191
    outer loop
      vertex -17.705008516712763 6.9958919128391415 5.850092880427837
      vertex -17.349811306772597 6.836659624659525 5.746643781661987
      vertex -17.62104857012082 7.097699315214328 5.850092880427837
    endloop
  endfacet
  facet normal 0.11467897428143427 -0.008804423726975286 0.9933635864982135
    outer loop
      vertex -17.485497325658798 6.5 5.746643781661987
      vertex -17.096527296619623 6.5149095564194255 5.7018712386488914
      vertex -17.479807502746304 6.574110819251992 5.746643781661987
    endloop
  endfacet
  facet normal 0.11467897428143452 -0.00880442372698185 0.9933635864982137
    outer loop
      vertex -17.485497325658798 6.5 5.746643781661987
      vertex -17.09767197072506 6.5 5.7018712386488914
      vertex -17.096527296619623 6.5149095564194255 5.7018712386488914
    endloop
  endfacet
  facet normal 0.11199099632167603 -0.0262069029510357 0.9933635864982133
    outer loop
      vertex -17.462871398635414 6.646484543714138 5.746643781661987
      vertex -17.096527296619623 6.5149095564194255 5.7018712386488914
      vertex -17.09312010449417 6.529469645473135 5.7018712386488914
    endloop
  endfacet
  facet normal 0.11199099632166802 -0.026206902951057875 0.9933635864982138
    outer loop
      vertex -17.479807502746304 6.574110819251992 5.746643781661987
      vertex -17.096527296619623 6.5149095564194255 5.7018712386488914
      vertex -17.462871398635414 6.646484543714138 5.746643781661987
    endloop
  endfacet
  facet normal 0.10667804432729272 -0.04299511458189588 0.9933635864982135
    outer loop
      vertex -17.462871398635414 6.646484543714138 5.746643781661987
      vertex -17.09312010449417 6.529469645473135 5.7018712386488914
      vertex -17.435085981252122 6.715424794626163 5.746643781661987
    endloop
  endfacet
  facet normal 0.09886464938999479 -0.05877555716792084 0.9933635864982135
    outer loop
      vertex -17.435085981252122 6.715424794626163 5.746643781661987
      vertex -17.087530256044307 6.54333899101427 5.7018712386488914
      vertex -17.079888772579974 6.5561925073384515 5.7018712386488914
    endloop
  endfacet
  facet normal 0.10667804432728561 -0.04299511458190914 0.9933635864982137
    outer loop
      vertex -17.435085981252122 6.715424794626163 5.746643781661987
      vertex -17.09312010449417 6.529469645473135 5.7018712386488914
      vertex -17.087530256044307 6.54333899101427 5.7018712386488914
    endloop
  endfacet
  facet normal 0.09886464938999692 -0.058775557167916076 0.9933635864982137
    outer loop
      vertex -17.435085981252122 6.715424794626163 5.746643781661987
      vertex -17.079888772579974 6.5561925073384515 5.7018712386488914
      vertex -17.397102517230053 6.779315670937741 5.746643781661987
    endloop
  endfacet
  facet normal 0.08873395086479464 -0.07317835050976645 0.9933635864982137
    outer loop
      vertex -17.397102517230053 6.779315670937741 5.746643781661987
      vertex -17.079888772579974 6.5561925073384515 5.7018712386488914
      vertex -17.349811306772597 6.836659624659525 5.746643781661987
    endloop
  endfacet
  facet normal 0 0 1
    outer loop
      vertex -17.09767197072506 6.5 5.7018712386488914
      vertex -17.09312010449417 6.529469645473135 5.7018712386488914
      vertex -17.096527296619623 6.5149095564194255 5.7018712386488914
    endloop
  endfacet
  facet normal 0 0 1
    outer loop
      vertex -17.07037476399695 6.432271081082817 5.7018712386488914
      vertex -16.909409007748536 6.536511450097358 5.7018712386488914
      vertex -17.09312010449417 6.529469645473135 5.7018712386488914
    endloop
  endfacet
  facet normal 0 0 1
    outer loop
      vertex -17.09312010449417 6.529469645473135 5.7018712386488914
      vertex -17.079888772579974 6.5561925073384515 5.7018712386488914
      vertex -17.087530256044307 6.54333899101427 5.7018712386488914
    endloop
  endfacet
  facet normal 0 0 1
    outer loop
      vertex -17.09312010449417 6.529469645473135 5.7018712386488914
      vertex -17.05921123059272 6.577677822040869 5.7018712386488914
      vertex -17.079888772579974 6.5561925073384515 5.7018712386488914
    endloop
  endfacet
  facet normal 0 0 1
    outer loop
      vertex -17.09312010449417 6.529469645473135 5.7018712386488914
      vertex -16.909409007748536 6.536511450097358 5.7018712386488914
      vertex -17.003741103483662 6.597600297182137 5.7018712386488914
    endloop
  endfacet
  facet normal 0 0 1
    outer loop
      vertex -17.079888772579974 6.5561925073384515 5.7018712386488914
      vertex -17.05921123059272 6.577677822040869 5.7018712386488914
      vertex -17.07037476399695 6.567728918917183 5.7018712386488914
    endloop
  endfacet
  facet normal 0 0 1
    outer loop
      vertex -17.09312010449417 6.529469645473135 5.7018712386488914
      vertex -17.003741103483662 6.597600297182137 5.7018712386488914
      vertex -17.05921123059272 6.577677822040869 5.7018712386488914
    endloop
  endfacet
  facet normal 0 0 1
    outer loop
      vertex -17.05921123059272 6.577677822040869 5.7018712386488914
      vertex -17.003741103483662 6.597600297182137 5.7018712386488914
      vertex -17.046659836128512 6.58580602285258 5.7018712386488914
    endloop
  endfacet
  facet normal 0 0 1
    outer loop
      vertex -17.046659836128512 6.58580602285258 5.7018712386488914
      vertex -17.003741103483662 6.597600297182137 5.7018712386488914
      vertex -17.033014774652493 6.59192300321444 5.7018712386488914
    endloop
  endfacet
  facet normal 0 0 1
    outer loop
      vertex -17.033014774652493 6.59192300321444 5.7018712386488914
      vertex -17.003741103483662 6.597600297182137 5.7018712386488914
      vertex -17.018595874840642 6.595885386291279 5.7018712386488914
    endloop
  endfacet
  facet normal 0.07652340373874379 -0.0858659053387483 0.9933635864982138
    outer loop
      vertex -17.07037476399695 6.567728918917183 5.7018712386488914
      vertex -17.05921123059272 6.577677822040869 5.7018712386488914
      vertex -17.349811306772597 6.836659624659525 5.746643781661987
    endloop
  endfacet
  facet normal 0.08873395086479229 -0.07317835050976873 0.9933635864982137
    outer loop
      vertex -17.079888772579974 6.5561925073384515 5.7018712386488914
      vertex -17.07037476399695 6.567728918917183 5.7018712386488914
      vertex -17.349811306772597 6.836659624659525 5.746643781661987
    endloop
  endfacet
  facet normal 0.06251921288726127 -0.09654083612318479 0.9933635864982134
    outer loop
      vertex -17.05921123059272 6.577677822040869 5.7018712386488914
      vertex -17.046659836128512 6.58580602285258 5.7018712386488914
      vertex -17.23193169430191 6.926515348375752 5.746643781661987
    endloop
  endfacet
  facet normal 0.04704962467452897 -0.10495293153310056 0.9933635864982138
    outer loop
      vertex -17.046659836128512 6.58580602285258 5.7018712386488914
      vertex -17.033014774652493 6.59192300321444 5.7018712386488914
      vertex -17.164106290494864 6.956920976364472 5.746643781661987
    endloop
  endfacet
  facet normal 0.01319048108576605 -0.1142575871797227 0.9933635864982137
    outer loop
      vertex -17.018595874840642 6.595885386291279 5.7018712386488914
      vertex -17.003741103483662 6.597600297182137 5.7018712386488914
      vertex -17.092434374328658 6.976616763935464 5.746643781661987
    endloop
  endfacet
  facet normal 0.03047723313685327 -0.11090501918185586 0.9933635864982138
    outer loop
      vertex -17.033014774652493 6.59192300321444 5.7018712386488914
      vertex -17.018595874840642 6.595885386291279 5.7018712386488914
      vertex -17.092434374328658 6.976616763935464 5.746643781661987
    endloop
  endfacet
  facet normal 0.07652340373873179 -0.08586590533876179 0.9933635864982135
    outer loop
      vertex -17.05921123059272 6.577677822040869 5.7018712386488914
      vertex -17.29432081577071 6.886112562118754 5.746643781661987
      vertex -17.349811306772597 6.836659624659525 5.746643781661987
    endloop
  endfacet
  facet normal 0.06251921288725769 -0.09654083612318658 0.9933635864982135
    outer loop
      vertex -17.05921123059272 6.577677822040869 5.7018712386488914
      vertex -17.23193169430191 6.926515348375752 5.746643781661987
      vertex -17.29432081577071 6.886112562118754 5.746643781661987
    endloop
  endfacet
  facet normal 0.2049895609798458 -0.1690536462991855 0.9640540153758191
    outer loop
      vertex -17.397102517230053 6.779315670937741 5.746643781661987
      vertex -17.349811306772597 6.836659624659525 5.746643781661987
      vertex -17.705008516712763 6.9958919128391415 5.850092880427837
    endloop
  endfacet
  facet normal 0.176781252093548 -0.1983639189620873 0.964054015375819
    outer loop
      vertex -17.349811306772597 6.836659624659525 5.746643781661987
      vertex -17.522531771421605 7.185497152227338 5.850092880427837
      vertex -17.62104857012082 7.097699315214328 5.850092880427837
    endloop
  endfacet
  facet normal 0.17678125209355203 -0.1983639189620852 0.9640540153758187
    outer loop
      vertex -17.349811306772597 6.836659624659525 5.746643781661987
      vertex -17.29432081577071 6.886112562118754 5.746643781661987
      vertex -17.522531771421605 7.185497152227338 5.850092880427837
    endloop
  endfacet
  facet normal 0.14442934049101327 -0.22302470948997957 0.9640540153758197
    outer loop
      vertex -17.29432081577071 6.886112562118754 5.746643781661987
      vertex -17.23193169430191 6.926515348375752 5.746643781661987
      vertex -17.41176727087766 7.257227516992586 5.850092880427837
    endloop
  endfacet
  facet normal 0.04704962467454515 -0.10495293153309537 0.9933635864982137
    outer loop
      vertex -17.046659836128512 6.58580602285258 5.7018712386488914
      vertex -17.164106290494864 6.956920976364472 5.746643781661987
      vertex -17.23193169430191 6.926515348375752 5.746643781661987
    endloop
  endfacet
  facet normal 0.030477233136855315 -0.11090501918185555 0.9933635864982137
    outer loop
      vertex -17.033014774652493 6.59192300321444 5.7018712386488914
      vertex -17.092434374328658 6.976616763935464 5.746643781661987
      vertex -17.164106290494864 6.956920976364472 5.746643781661987
    endloop
  endfacet
  facet normal 0.013190481085759861 -0.11425758717972416 0.9933635864982137
    outer loop
      vertex -17.003741103483662 6.597600297182137 5.7018712386488914
      vertex -17.018595874771933 6.9851410585214495 5.746643781661987
      vertex -17.092434374328658 6.976616763935464 5.746643781661987
    endloop
  endfacet
  facet normal 0.31636476934880964 -0.260904104401072 0.9120539353687089
    outer loop
      vertex -17.99638971721656 7.200844870793354 6.009793758392334
      vertex -17.705008516712763 6.9958919128391415 5.850092880427837
      vertex -17.87772898410609 7.344729443048095 6.009793758392334
    endloop
  endfacet
  facet normal 0.3163647693488045 -0.260904104401075 0.9120539353687098
    outer loop
      vertex -17.87772898410609 7.344729443048095 6.009793758392334
      vertex -17.705008516712763 6.9958919128391415 5.850092880427837
      vertex -17.62104857012082 7.097699315214328 5.850092880427837
    endloop
  endfacet
  facet normal 0.2728302835346175 -0.30613927445669203 0.9120539353687096
    outer loop
      vertex -17.87772898410609 7.344729443048095 6.009793758392334
      vertex -17.62104857012082 7.097699315214328 5.850092880427837
      vertex -17.738495027536757 7.468814273117264 6.009793758392334
    endloop
  endfacet
  facet normal 0.2728302835346182 -0.30613927445669176 0.9120539353687096
    outer loop
      vertex -17.62104857012082 7.097699315214328 5.850092880427837
      vertex -17.522531771421605 7.185497152227338 5.850092880427837
      vertex -17.738495027536757 7.468814273117264 6.009793758392334
    endloop
  endfacet
  facet normal 0.22290088711461248 -0.3441987993906547 0.9120539353687099
    outer loop
      vertex -17.522531771421605 7.185497152227338 5.850092880427837
      vertex -17.41176727087766 7.257227516992586 5.850092880427837
      vertex -17.738495027536757 7.468814273117264 6.009793758392334
    endloop
  endfacet
  facet normal 0.22290088711460912 -0.3441987993906592 0.9120539353687089
    outer loop
      vertex -17.41176727087766 7.257227516992586 5.850092880427837
      vertex -17.581951373441328 7.5701909177534645 6.009793758392334
      vertex -17.738495027536757 7.468814273117264 6.009793758392334
    endloop
  endfacet
  facet normal 0.14442934049102366 -0.22302470948997613 0.964054015375819
    outer loop
      vertex -17.29432081577071 6.886112562118754 5.746643781661987
      vertex -17.41176727087766 7.257227516992586 5.850092880427837
      vertex -17.522531771421605 7.185497152227338 5.850092880427837
    endloop
  endfacet
  facet normal 0.10869212756002634 -0.242457989854394 0.9640540153758199
    outer loop
      vertex -17.23193169430191 6.926515348375752 5.746643781661987
      vertex -17.164106290494864 6.956920976364472 5.746643781661987
      vertex -17.41176727087766 7.257227516992586 5.850092880427837
    endloop
  endfacet
  facet normal 0.10869212756001455 -0.24245798985440345 0.9640540153758188
    outer loop
      vertex -17.164106290494864 6.956920976364472 5.746643781661987
      vertex -17.2913512945021 7.311209110555808 5.850092880427837
      vertex -17.41176727087766 7.257227516992586 5.850092880427837
    endloop
  endfacet
  facet normal 0.07040726328217656 -0.2562082604345043 0.9640540153758187
    outer loop
      vertex -17.164106290494864 6.956920976364472 5.746643781661987
      vertex -17.164106290721314 7.346176650116561 5.850092880427837
      vertex -17.2913512945021 7.311209110555808 5.850092880427837
    endloop
  endfacet
  facet normal 0.0704072632821657 -0.25620826043450445 0.9640540153758195
    outer loop
      vertex -17.164106290494864 6.956920976364472 5.746643781661987
      vertex -17.092434374328658 6.976616763935464 5.746643781661987
      vertex -17.164106290721314 7.346176650116561 5.850092880427837
    endloop
  endfacet
  facet normal 0.03047211242743885 -0.26395322654206926 0.9640540153758194
    outer loop
      vertex -17.164106290721314 7.346176650116561 5.850092880427837
      vertex -17.092434374328658 6.976616763935464 5.746643781661987
      vertex -17.018595874771933 6.9851410585214495 5.746643781661987
    endloop
  endfacet
  facet normal 0.030472112427431156 -0.26395322654207215 0.9640540153758187
    outer loop
      vertex -17.164106290721314 7.346176650116561 5.850092880427837
      vertex -17.018595874771933 6.9851410585214495 5.746643781661987
      vertex -17.03301477457606 7.361310526184653 5.850092880427837
    endloop
  endfacet
  facet normal 0.16774688282266018 -0.3741905961962834 0.9120539353687099
    outer loop
      vertex -17.41176727087766 7.257227516992586 5.850092880427837
      vertex -17.2913512945021 7.311209110555808 5.850092880427837
      vertex -17.411767272391547 7.646483194329285 6.009793758392334
    endloop
  endfacet
  facet normal 0.16774688282266403 -0.3741905961962832 0.9120539353687092
    outer loop
      vertex -17.41176727087766 7.257227516992586 5.850092880427837
      vertex -17.411767272391547 7.646483194329285 6.009793758392334
      vertex -17.581951373441328 7.5701909177534645 6.009793758392334
    endloop
  endfacet
  facet normal 0.10866103377301362 -0.39541168257631076 0.9120539353687099
    outer loop
      vertex -17.2913512945021 7.311209110555808 5.850092880427837
      vertex -17.164106290721314 7.346176650116561 5.850092880427837
      vertex -17.411767272391547 7.646483194329285 6.009793758392334
    endloop
  endfacet
  facet normal 0.10866103377300758 -0.39541168257631515 0.9120539353687088
    outer loop
      vertex -17.164106290721314 7.346176650116561 5.850092880427837
      vertex -17.231931695474664 7.6959028765441175 6.009793758392334
      vertex -17.411767272391547 7.646483194329285 6.009793758392334
    endloop
  endfacet
  facet normal 0.047028262188545535 -0.4073646542521497 0.9120539353687105
    outer loop
      vertex -17.164106290721314 7.346176650116561 5.850092880427837
      vertex -17.03301477457606 7.361310526184653 5.850092880427837
      vertex -17.046659836192042 7.717291608933039 6.009793758392334
    endloop
  endfacet
  facet normal 0.04702826218855719 -0.4073646542521525 0.9120539353687085
    outer loop
      vertex -17.164106290721314 7.346176650116561 5.850092880427837
      vertex -17.046659836192042 7.717291608933039 6.009793758392334
      vertex -17.231931695474664 7.6959028765441175 6.009793758392334
    endloop
  endfacet
  facet normal 0.4682016128063697 -0.2783483361282739 0.8386354711912295
    outer loop
      vertex -18.09169591985624 7.040533088775785 6.009793758392334
      vertex -17.99638971721656 7.200844870793354 6.009793758392334
      vertex -18.264416384378357 7.389370616965177 6.222003176808357
    endloop
  endfacet
  facet normal 0.42022481404543144 -0.3465568526524138 0.8386354711912297
    outer loop
      vertex -17.99638971721656 7.200844870793354 6.009793758392334
      vertex -17.87772898410609 7.344729443048095 6.009793758392334
      vertex -18.264416384378357 7.389370616965177 6.222003176808357
    endloop
  endfacet
  facet normal 0.42022481404543044 -0.3465568526524171 0.8386354711912287
    outer loop
      vertex -17.87772898410609 7.344729443048095 6.009793758392334
      vertex -18.113836172103227 7.571959826262109 6.222003176808357
      vertex -18.264416384378357 7.389370616965177 6.222003176808357
    endloop
  endfacet
  facet normal 0.3623983018092957 -0.4066423702783644 0.8386354711912275
    outer loop
      vertex -17.87772898410609 7.344729443048095 6.009793758392334
      vertex -17.738495027536757 7.468814273117264 6.009793758392334
      vertex -17.937148583997754 7.729423205782474 6.222003176808357
    endloop
  endfacet
  facet normal 0.36239830180929244 -0.40664237027836553 0.8386354711912284
    outer loop
      vertex -17.87772898410609 7.344729443048095 6.009793758392334
      vertex -17.937148583997754 7.729423205782474 6.222003176808357
      vertex -18.113836172103227 7.571959826262109 6.222003176808357
    endloop
  endfacet
  facet normal 0.296077480533315 -0.4571965353990691 0.8386354711912274
    outer loop
      vertex -17.738495027536757 7.468814273117264 6.009793758392334
      vertex -17.581951373441328 7.5701909177534645 6.009793758392334
      vertex -17.937148583997754 7.729423205782474 6.222003176808357
    endloop
  endfacet
  facet normal 0.443382898961181 -0.4975141220980142 0.7455811848630713
    outer loop
      vertex -18.113836172103227 7.571959826262109 6.222003176808357
      vertex -18.11383617414072 7.961215503401803 6.48174712061882
      vertex -18.323835986885477 7.774064382216679 6.48174712061882
    endloop
  endfacet
  facet normal 0.5139014487001546 -0.5766420597050131 0.6351293065219417
    outer loop
      vertex -18.323835986885477 7.774064382216679 6.48174712061882
      vertex -18.11383617414072 7.961215503401803 6.48174712061882
      vertex -18.502806203485818 7.946305944394286 6.782937414944172
    endloop
  endfacet
  facet normal 0.6636566138873649 -0.5473135799303341 0.5099095449855776
    outer loop
      vertex -18.70597151881399 7.699953560360228 6.782937414944172
      vertex -18.502806203485818 7.946305944394286 6.782937414944172
      vertex -18.869150310956805 7.814730958721007 7.118514411151409
    endloop
  endfacet
  facet normal 0.5959027391671927 -0.4914373708317198 0.6351293065219424
    outer loop
      vertex -18.70597151881399 7.699953560360228 6.782937414944172
      vertex -18.323835986885477 7.774064382216679 6.48174712061882
      vertex -18.502806203485818 7.946305944394286 6.782937414944172
    endloop
  endfacet
  facet normal 0.6636566138873617 -0.5473135799303452 0.50990954498557
    outer loop
      vertex -18.869150310956805 7.814730958721007 7.118514411151409
      vertex -18.502806203485818 7.946305944394286 6.782937414944172
      vertex -18.646551921632405 8.084647326106982 7.118514411151409
    endloop
  endfacet
  facet normal 0.7158512514051177 -0.5903581805795873 0.37287290661093414
    outer loop
      vertex -18.869150310956805 7.814730958721007 7.118514411151409
      vertex -18.646551921632405 8.084647326106982 7.118514411151409
      vertex -18.75170385403031 8.185845913482307 7.480612471699715
    endloop
  endfacet
  facet normal 0.5723318133975996 -0.6422060037913253 0.5099095449855704
    outer loop
      vertex -18.502806203485818 7.946305944394286 6.782937414944172
      vertex -18.385359750817635 8.317420903253804 7.118514411151409
      vertex -18.646551921632405 8.084647326106982 7.118514411151409
    endloop
  endfacet
  facet normal 0.6173440244041155 -0.6927136140195631 0.3728729066109345
    outer loop
      vertex -18.646551921632405 8.084647326106982 7.118514411151409
      vertex -18.385359750817635 8.317420903253804 7.118514411151409
      vertex -18.75170385403031 8.185845913482307 7.480612471699715
    endloop
  endfacet
  facet normal 0.5723318133975904 -0.6422060037913283 0.509909544985577
    outer loop
      vertex -18.502806203485818 7.946305944394286 6.782937414944172
      vertex -18.264416384467406 8.158758142923816 6.782937414944172
      vertex -18.385359750817635 8.317420903253804 7.118514411151409
    endloop
  endfacet
  facet normal 0.5139014487001503 -0.5766420597050237 0.6351293065219356
    outer loop
      vertex -18.502806203485818 7.946305944394286 6.782937414944172
      vertex -18.11383617414072 7.961215503401803 6.48174712061882
      vertex -18.264416384467406 8.158758142923816 6.782937414944172
    endloop
  endfacet
  facet normal 0.46759204028775014 -0.7220456632320011 0.5099095449855773
    outer loop
      vertex -18.385359750817635 8.317420903253804 7.118514411151409
      vertex -18.264416384467406 8.158758142923816 6.782937414944172
      vertex -17.996389717066716 8.332330456481422 6.782937414944172
    endloop
  endfacet
  facet normal 0.4675920402877439 -0.7220456632320107 0.5099095449855696
    outer loop
      vertex -18.385359750817635 8.317420903253804 7.118514411151409
      vertex -17.996389717066716 8.332330456481422 6.782937414944172
      vertex -18.09169592162018 8.507595674802882 7.118514411151409
    endloop
  endfacet
  facet normal 0.5043667767076058 -0.7788324274637575 0.3728729066109402
    outer loop
      vertex -18.385359750817635 8.317420903253804 7.118514411151409
      vertex -18.09169592162018 8.507595674802882 7.118514411151409
      vertex -18.161413696226077 8.635804546874112 7.480612471699715
    endloop
  endfacet
  facet normal 0.8370863355353022 -0.4976522556070728 0.22721949597090557
    outer loop
      vertex -19.17872257253636 7.5787542760750455 7.480612471699715
      vertex -18.988517799195137 7.898692174323493 7.480612471699715
      vertex -19.258440332029778 7.618225053592415 7.860744327306747
    endloop
  endfacet
  facet normal 0.7975795318005773 -0.47416525175120516 0.37287290661093647
    outer loop
      vertex -19.17872257253636 7.5787542760750455 7.480612471699715
      vertex -18.869150310956805 7.814730958721007 7.118514411151409
      vertex -18.988517799195137 7.898692174323493 7.480612471699715
    endloop
  endfacet
  facet normal 0.8370863355352999 -0.4976522556070795 0.2272194959708989
    outer loop
      vertex -18.988517799195137 7.898692174323493 7.480612471699715
      vertex -19.061276114394524 7.949869229981498 7.860744327306747
      vertex -19.258440332029778 7.618225053592415 7.860744327306747
    endloop
  endfacet
  facet normal 0.7158512514051157 -0.5903581805795884 0.3728729066109359
    outer loop
      vertex -18.988517799195137 7.898692174323493 7.480612471699715
      vertex -18.869150310956805 7.814730958721007 7.118514411151409
      vertex -18.75170385403031 8.185845913482307 7.480612471699715
    endloop
  endfacet
  facet normal 0.855654488739368 -0.5086911209333822 0.09533488020504279
    outer loop
      vertex -19.258440332029778 7.618225053592415 7.860744327306747
      vertex -19.061276114394524 7.949869229981498 7.860744327306747
      vertex -19.191902497817363 7.803097632590131 8.25
    endloop
  endfacet
  facet normal 0.8369061501775014 -0.5419749571170577 0.07649340921306103
    outer loop
      vertex -19.191902497817363 7.803097632590131 8.25
      vertex -19.061276114394524 7.949869229981498 7.860744327306747
      vertex -19.08571986751751 7.9670625818428995 8.25
    endloop
  endfacet
  facet normal 0.7513097778152332 -0.6196006120154786 0.22721949597089863
    outer loop
      vertex -18.988517799195137 7.898692174323493 7.480612471699715
      vertex -18.75170385403031 8.185845913482307 7.480612471699715
      vertex -19.061276114394524 7.949869229981498 7.860744327306747
    endloop
  endfacet
  facet normal 0.7513097778152364 -0.6196006120154721 0.22721949597090527
    outer loop
      vertex -18.75170385403031 8.185845913482307 7.480612471699715
      vertex -18.815797331694483 8.24752970047199 7.860744327306747
      vertex -19.061276114394524 7.949869229981498 7.860744327306747
    endloop
  endfacet
  facet normal 0.7929627415487404 -0.60444921115216 0.07649340921306122
    outer loop
      vertex -19.061276114394524 7.949869229981498 7.860744327306747
      vertex -18.967297408545953 8.122418227932727 8.25
      vertex -19.08571986751751 7.9670625818428995 8.25
    endloop
  endfacet
  facet normal 0.7679752452419243 -0.6333445218140733 0.09533488020504002
    outer loop
      vertex -19.061276114394524 7.949869229981498 7.860744327306747
      vertex -18.815797331694483 8.24752970047199 7.860744327306747
      vertex -18.967297408545953 8.122418227932727 8.25
    endloop
  endfacet
  facet normal 0.7443658754933287 -0.6633763650809499 0.0764934092130582
    outer loop
      vertex -18.967297408545953 8.122418227932727 8.25
      vertex -18.815797331694483 8.24752970047199 7.860744327306747
      vertex -18.837330061534686 8.268252874953625 8.25
    endloop
  endfacet
  facet normal 0.6173440244041153 -0.6927136140195632 0.37287290661093436
    outer loop
      vertex -18.75170385403031 8.185845913482307 7.480612471699715
      vertex -18.385359750817635 8.317420903253804 7.118514411151409
      vertex -18.473831455202358 8.433484853285833 7.480612471699715
    endloop
  endfacet
  facet normal 0.6479231556838216 -0.7270260552273531 0.2272194959709047
    outer loop
      vertex -18.75170385403031 8.185845913482307 7.480612471699715
      vertex -18.527757798537976 8.504229555920908 7.860744327306747
      vertex -18.815797331694483 8.24752970047199 7.860744327306747
    endloop
  endfacet
  facet normal 0.6914008148307935 -0.718410517460789 0.07649340921305807
    outer loop
      vertex -18.815797331694483 8.24752970047199 7.860744327306747
      vertex -18.696580535422193 8.403710715110506 8.25
      vertex -18.837330061534686 8.268252874953625 8.25
    endloop
  endfacet
  facet normal 0.6479231556838242 -0.7270260552273518 0.22721949597090216
    outer loop
      vertex -18.75170385403031 8.185845913482307 7.480612471699715
      vertex -18.473831455202358 8.433484853285833 7.480612471699715
      vertex -18.527757798537976 8.504229555920908 7.860744327306747
    endloop
  endfacet
  facet normal 0.5043667767076135 -0.7788324274637556 0.37287290661093375
    outer loop
      vertex -18.385359750817635 8.317420903253804 7.118514411151409
      vertex -18.161413696226077 8.635804546874112 7.480612471699715
      vertex -18.473831455202358 8.433484853285833 7.480612471699715
    endloop
  endfacet
  facet normal 0.529349763937388 -0.8174106239034092 0.2272194959709024
    outer loop
      vertex -18.473831455202358 8.433484853285833 7.480612471699715
      vertex -18.161413696226077 8.635804546874112 7.480612471699715
      vertex -18.527757798537976 8.504229555920908 7.860744327306747
    endloop
  endfacet
  facet normal 0.5293497639373839 -0.8174106239034133 0.22721949597089713
    outer loop
      vertex -18.161413696226077 8.635804546874112 7.480612471699715
      vertex -18.203908917451205 8.71395196928524 7.860744327306747
      vertex -18.527757798537976 8.504229555920908 7.860744327306747
    endloop
  endfacet
  facet normal 0.6622953129016402 -0.7431528639013695 0.09533488020504989
    outer loop
      vertex -18.815797331694483 8.24752970047199 7.860744327306747
      vertex -18.527757798537976 8.504229555920908 7.860744327306747
      vertex -18.696580535422193 8.403710715110506 8.25
    endloop
  endfacet
  facet normal 0.6343782955828373 -0.7692287932990923 0.07649340921306019
    outer loop
      vertex -18.696580535422193 8.403710715110506 8.25
      vertex -18.527757798537976 8.504229555920908 7.860744327306747
      vertex -18.545874796158234 8.52799681937708 8.25
    endloop
  endfacet
  facet normal 0.5736330390173413 -0.8155328901366841 0.07649340921306048
    outer loop
      vertex -18.527757798537976 8.504229555920908 7.860744327306747
      vertex -18.386097252503113 8.640381836636472 8.25
      vertex -18.545874796158234 8.52799681937708 8.25
    endloop
  endfacet
  facet normal 0.5410917397624235 -0.8355423327259749 0.09533488020504324
    outer loop
      vertex -18.527757798537976 8.504229555920908 7.860744327306747
      vertex -18.203908917451205 8.71395196928524 7.860744327306747
      vertex -18.386097252503113 8.640381836636472 8.25
    endloop
  endfacet
  facet normal 0.5095214260980192 -0.8570511505703754 0.0764934092130594
    outer loop
      vertex -18.386097252503113 8.640381836636472 8.25
      vertex -18.203908917451205 8.71395196928524 7.860744327306747
      vertex -18.218185535782556 8.740206237204731 8.25
    endloop
  endfacet
  facet normal 0.44241979095815864 -0.8935398630813864 0.07649340921305936
    outer loop
      vertex -18.203908917451205 8.71395196928524 7.860744327306747
      vertex -18.043125024786917 8.826884222015202 8.25
      vertex -18.218185535782556 8.740206237204731 8.25
    endloop
  endfacet
  facet normal 0.4433828989611685 -0.4975141220980177 0.7455811848630767
    outer loop
      vertex -18.113836172103227 7.571959826262109 6.222003176808357
      vertex -17.937148583997754 7.729423205782474 6.222003176808357
      vertex -18.11383617414072 7.961215503401803 6.48174712061882
    endloop
  endfacet
  facet normal 0.3622414646552681 -0.5593655495850438 0.745581184863076
    outer loop
      vertex -17.937148583997754 7.729423205782474 6.222003176808357
      vertex -17.738495027373688 7.858069947370087 6.222003176808357
      vertex -18.11383617414072 7.961215503401803 6.48174712061882
    endloop
  endfacet
  facet normal 0.36224146465526535 -0.5593655495850484 0.7455811848630738
    outer loop
      vertex -17.738495027373688 7.858069947370087 6.222003176808357
      vertex -17.877728985517866 8.114116971656017 6.48174712061882
      vertex -18.11383617414072 7.961215503401803 6.48174712061882
    endloop
  endfacet
  facet normal 0.2960774805333151 -0.45719653539906907 0.8386354711912275
    outer loop
      vertex -17.937148583997754 7.729423205782474 6.222003176808357
      vertex -17.581951373441328 7.5701909177534645 6.009793758392334
      vertex -17.738495027373688 7.858069947370087 6.222003176808357
    endloop
  endfacet
  facet normal 0.22281685405726895 -0.49703440123183573 0.8386354711912276
    outer loop
      vertex -17.738495027373688 7.858069947370087 6.222003176808357
      vertex -17.581951373441328 7.5701909177534645 6.009793758392334
      vertex -17.411767272391547 7.646483194329285 6.009793758392334
    endloop
  endfacet
  facet normal 0.22281685405726345 -0.4970344012318421 0.8386354711912254
    outer loop
      vertex -17.738495027373688 7.858069947370087 6.222003176808357
      vertex -17.411767272391547 7.646483194329285 6.009793758392334
      vertex -17.52253177322734 7.954884680438056 6.222003176808357
    endloop
  endfacet
  facet normal 0.41985474383824994 -0.6483307474379678 0.6351293065219425
    outer loop
      vertex -18.11383617414072 7.961215503401803 6.48174712061882
      vertex -17.877728985517866 8.114116971656017 6.48174712061882
      vertex -17.996389717066716 8.332330456481422 6.782937414944172
    endloop
  endfacet
  facet normal 0.3159669996331692 -0.7048231119506289 0.6351293065219429
    outer loop
      vertex -17.877728985517866 8.114116971656017 6.48174712061882
      vertex -17.621048573403062 8.229184906156725 6.48174712061882
      vertex -17.996389717066716 8.332330456481422 6.782937414944172
    endloop
  endfacet
  facet normal 0.27260939743946383 -0.6081059226860591 0.7455811848630765
    outer loop
      vertex -17.738495027373688 7.858069947370087 6.222003176808357
      vertex -17.52253177322734 7.954884680438056 6.222003176808357
      vertex -17.621048573403062 8.229184906156725 6.48174712061882
    endloop
  endfacet
  facet normal 0.2726093974394716 -0.6081059226860595 0.7455811848630735
    outer loop
      vertex -17.738495027373688 7.858069947370087 6.222003176808357
      vertex -17.621048573403062 8.229184906156725 6.48174712061882
      vertex -17.877728985517866 8.114116971656017 6.48174712061882
    endloop
  endfacet
  facet normal 0.41985474383826316 -0.6483307474379663 0.6351293065219353
    outer loop
      vertex -18.11383617414072 7.961215503401803 6.48174712061882
      vertex -17.996389717066716 8.332330456481422 6.782937414944172
      vertex -18.264416384467406 8.158758142923816 6.782937414944172
    endloop
  endfacet
  facet normal 0.14433358937291077 -0.5252222019665583 0.8386354711912274
    outer loop
      vertex -17.411767272391547 7.646483194329285 6.009793758392334
      vertex -17.231931695474664 7.6959028765441175 6.009793758392334
      vertex -17.294320817193938 8.01759814969963 6.222003176808357
    endloop
  endfacet
  facet normal 0.06246726768516111 -0.5410992394448715 0.8386354711912274
    outer loop
      vertex -17.231931695474664 7.6959028765441175 6.009793758392334
      vertex -17.046659836192042 7.717291608933039 6.009793758392334
      vertex -17.294320817193938 8.01759814969963 6.222003176808357
    endloop
  endfacet
  facet normal 0.14433358937291876 -0.5252222019665594 0.8386354711912252
    outer loop
      vertex -17.411767272391547 7.646483194329285 6.009793758392334
      vertex -17.294320817193938 8.01759814969963 6.222003176808357
      vertex -17.52253177322734 7.954884680438056 6.222003176808357
    endloop
  endfacet
  facet normal 0.06246726768515661 -0.5410992394448743 0.8386354711912261
    outer loop
      vertex -17.294320817193938 8.01759814969963 6.222003176808357
      vertex -17.046659836192042 7.717291608933039 6.009793758392334
      vertex -17.059211230660267 8.044740404588794 6.222003176808357
    endloop
  endfacet
  facet normal 0.1765875970006936 -0.6425928083659916 0.7455811848630762
    outer loop
      vertex -17.52253177322734 7.954884680438056 6.222003176808357
      vertex -17.294320817193938 8.01759814969963 6.222003176808357
      vertex -17.621048573403062 8.229184906156725 6.48174712061882
    endloop
  endfacet
  facet normal 0.07642673295694115 -0.6620178632542295 0.7455811848630788
    outer loop
      vertex -17.294320817193938 8.01759814969963 6.222003176808357
      vertex -17.059211230660267 8.044740404588794 6.222003176808357
      vertex -17.349811309104055 8.303722212046281 6.48174712061882
    endloop
  endfacet
  facet normal 0.17658759700069812 -0.6425928083659875 0.7455811848630787
    outer loop
      vertex -17.294320817193938 8.01759814969963 6.222003176808357
      vertex -17.349811309104055 8.303722212046281 6.48174712061882
      vertex -17.621048573403062 8.229184906156725 6.48174712061882
    endloop
  endfacet
  facet normal 0.07642673295692641 -0.6620178632542392 0.7455811848630719
    outer loop
      vertex -17.349811309104055 8.303722212046281 6.48174712061882
      vertex -17.059211230660267 8.044740404588794 6.222003176808357
      vertex -17.070374764205962 8.335981798049524 6.48174712061882
    endloop
  endfacet
  facet normal 0.2046732567578904 -0.7447950200995467 0.6351293065219353
    outer loop
      vertex -17.621048573403062 8.229184906156725 6.48174712061882
      vertex -17.349811309104055 8.303722212046281 6.48174712061882
      vertex -17.705008519198742 8.462954497150378 6.782937414944172
    endloop
  endfacet
  facet normal 0.3795675992465288 -0.8466960689159572 0.3728729066109403
    outer loop
      vertex -18.09169592162018 8.507595674802882 7.118514411151409
      vertex -17.772443665298496 8.650714105293773 7.118514411151409
      vertex -18.161413696226077 8.635804546874112 7.480612471699715
    endloop
  endfacet
  facet normal 0.3518923060661794 -0.7849611843040623 0.5099095449855691
    outer loop
      vertex -17.996389717066716 8.332330456481422 6.782937414944172
      vertex -17.772443665298496 8.650714105293773 7.118514411151409
      vertex -18.09169592162018 8.507595674802882 7.118514411151409
    endloop
  endfacet
  facet normal 0.31596699963316055 -0.7048231119506393 0.6351293065219357
    outer loop
      vertex -17.621048573403062 8.229184906156725 6.48174712061882
      vertex -17.705008519198742 8.462954497150378 6.782937414944172
      vertex -17.996389717066716 8.332330456481422 6.782937414944172
    endloop
  endfacet
  facet normal 0.35189230606617317 -0.7849611843040624 0.5099095449855733
    outer loop
      vertex -17.996389717066716 8.332330456481422 6.782937414944172
      vertex -17.705008519198742 8.462954497150378 6.782937414944172
      vertex -17.772443665298496 8.650714105293773 7.118514411151409
    endloop
  endfacet
  facet normal 0.2279445144405142 -0.8294778805182701 0.5099095449855756
    outer loop
      vertex -17.705008519198742 8.462954497150378 6.782937414944172
      vertex -17.39710251917826 8.547568548129213 6.782937414944172
      vertex -17.435085984155116 8.743421620017322 7.118514411151409
    endloop
  endfacet
  facet normal 0.22794451444051647 -0.8294778805182705 0.509909544985574
    outer loop
      vertex -17.705008519198742 8.462954497150378 6.782937414944172
      vertex -17.435085984155116 8.743421620017322 7.118514411151409
      vertex -17.772443665298496 8.650714105293773 7.118514411151409
    endloop
  endfacet
  facet normal 0.2458716789656987 -0.8947138721390775 0.37287290661093475
    outer loop
      vertex -17.772443665298496 8.650714105293773 7.118514411151409
      vertex -17.435085984155116 8.743421620017322 7.118514411151409
      vertex -17.821773384578854 8.788062792107649 7.480612471699715
    endloop
  endfacet
  facet normal 0.0885821462171979 -0.7673095642363086 0.6351293065219406
    outer loop
      vertex -17.349811309104055 8.303722212046281 6.48174712061882
      vertex -17.070374764205962 8.335981798049524 6.48174712061882
      vertex -17.079888772676732 8.584189327778525 6.782937414944172
    endloop
  endfacet
  facet normal 0.20467325675788803 -0.7447950200995488 0.6351293065219336
    outer loop
      vertex -17.349811309104055 8.303722212046281 6.48174712061882
      vertex -17.39710251917826 8.547568548129213 6.782937414944172
      vertex -17.705008519198742 8.462954497150378 6.782937414944172
    endloop
  endfacet
  facet normal 0.08858214621720907 -0.7673095642363126 0.6351293065219341
    outer loop
      vertex -17.349811309104055 8.303722212046281 6.48174712061882
      vertex -17.079888772676732 8.584189327778525 6.782937414944172
      vertex -17.39710251917826 8.547568548129213 6.782937414944172
    endloop
  endfacet
  facet normal 0.09865389659317168 -0.8545523182459853 0.5099095449855748
    outer loop
      vertex -17.39710251917826 8.547568548129213 6.782937414944172
      vertex -17.079888772676732 8.584189327778525 6.782937414944172
      vertex -17.435085984155116 8.743421620017322 7.118514411151409
    endloop
  endfacet
  facet normal 0.09865389659317099 -0.8545523182459858 0.5099095449855743
    outer loop
      vertex -17.435085984155116 8.743421620017322 7.118514411151409
      vertex -17.079888772676732 8.584189327778525 6.782937414944172
      vertex -17.087530256304913 8.783545233403657 7.118514411151409
    endloop
  endfacet
  facet normal 0.10641273492107303 -0.9217603405235717 0.37287290661093475
    outer loop
      vertex -17.435085984155116 8.743421620017322 7.118514411151409
      vertex -17.087530256304913 8.783545233403657 7.118514411151409
      vertex -17.093120104686143 8.929376768295292 7.480612471699715
    endloop
  endfacet
  facet normal 0.3795675992465243 -0.8466960689159616 0.37287290661093525
    outer loop
      vertex -18.161413696226077 8.635804546874112 7.480612471699715
      vertex -17.772443665298496 8.650714105293773 7.118514411151409
      vertex -17.821773384578854 8.788062792107649 7.480612471699715
    endloop
  endfacet
  facet normal 0.398368862380302 -0.8886357803602978 0.22721949597089702
    outer loop
      vertex -18.161413696226077 8.635804546874112 7.480612471699715
      vertex -17.851841431725255 8.8717812249482 7.860744327306747
      vertex -18.203908917451205 8.71395196928524 7.860744327306747
    endloop
  endfacet
  facet normal 0.39836886238029606 -0.888635780360299 0.22721949597090263
    outer loop
      vertex -18.161413696226077 8.635804546874112 7.480612471699715
      vertex -17.821773384578854 8.788062792107649 7.480612471699715
      vertex -17.851841431725255 8.8717812249482 7.860744327306747
    endloop
  endfacet
  facet normal 0.24587167896570036 -0.8947138721390765 0.37287290661093636
    outer loop
      vertex -17.821773384578854 8.788062792107649 7.480612471699715
      vertex -17.435085984155116 8.743421620017322 7.118514411151409
      vertex -17.46287140129993 8.88669078476628 7.480612471699715
    endloop
  endfacet
  facet normal 0.25805053233082664 -0.939032067298293 0.22721949597090266
    outer loop
      vertex -17.821773384578854 8.788062792107649 7.480612471699715
      vertex -17.46287140129993 8.88669078476628 7.480612471699715
      vertex -17.851841431725255 8.8717812249482 7.860744327306747
    endloop
  endfacet
  facet normal 0.25805053233082276 -0.9390320672982949 0.22721949597089863
    outer loop
      vertex -17.46287140129993 8.88669078476628 7.480612471699715
      vertex -17.479807504826987 8.974017938926924 7.860744327306747
      vertex -17.851841431725255 8.8717812249482 7.860744327306747
    endloop
  endfacet
  facet normal 0.4072054348512613 -0.9083473974443281 0.09533488020504742
    outer loop
      vertex -18.203908917451205 8.71395196928524 7.860744327306747
      vertex -17.851841431725255 8.8717812249482 7.860744327306747
      vertex -18.043125024786917 8.826884222015202 8.25
    endloop
  endfacet
  facet normal 0.3727218062357834 -0.9247849552751698 0.07649340921306325
    outer loop
      vertex -17.851841431725255 8.8717812249482 7.860744327306747
      vertex -17.861943038934314 8.899907119543066 8.25
      vertex -18.043125024786917 8.826884222015202 8.25
    endloop
  endfacet
  facet normal 0.26377457967851464 -0.959861569046137 0.09533488020504939
    outer loop
      vertex -17.851841431725255 8.8717812249482 7.860744327306747
      vertex -17.479807504826987 8.974017938926924 7.860744327306747
      vertex -17.675702830601487 8.95884641340551 8.25
    endloop
  endfacet
  facet normal 0.3008365979765377 -0.9506030189647338 0.076493409213063
    outer loop
      vertex -17.851841431725255 8.8717812249482 7.860744327306747
      vertex -17.675702830601487 8.95884641340551 8.25
      vertex -17.861943038934314 8.899907119543066 8.25
    endloop
  endfacet
  facet normal 0.10641273492107083 -0.921760340523571 0.37287290661093636
    outer loop
      vertex -17.435085984155116 8.743421620017322 7.118514411151409
      vertex -17.093120104686143 8.929376768295292 7.480612471699715
      vertex -17.46287140129993 8.88669078476628 7.480612471699715
    endloop
  endfacet
  facet normal 0.11168371651700199 -0.9674182384654945 0.22721949597089916
    outer loop
      vertex -17.46287140129993 8.88669078476628 7.480612471699715
      vertex -17.096527296681558 9.018265769297571 7.860744327306747
      vertex -17.479807504826987 8.974017938926924 7.860744327306747
    endloop
  endfacet
  facet normal 0.11168371651698909 -0.9674182384654934 0.22721949597091115
    outer loop
      vertex -17.46287140129993 8.88669078476628 7.480612471699715
      vertex -17.093120104686143 8.929376768295292 7.480612471699715
      vertex -17.096527296681558 9.018265769297571 7.860744327306747
    endloop
  endfacet
  facet normal 0.22718590313973788 -0.9708425844396941 0.07649340921306343
    outer loop
      vertex -17.479807504826987 8.974017938926924 7.860744327306747
      vertex -17.485497327802495 9.003356213066262 8.25
      vertex -17.675702830601487 8.95884641340551 8.25
    endloop
  endfacet
  facet normal 0.15220205011561846 -0.9853848457773062 0.07649340921306338
    outer loop
      vertex -17.479807504826987 8.974017938926924 7.860744327306747
      vertex -17.29244273476592 9.033175328887172 8.25
      vertex -17.485497327802495 9.003356213066262 8.25
    endloop
  endfacet
  facet normal 0.11416107192307404 -0.9888773990104459 0.09533488020504416
    outer loop
      vertex -17.479807504826987 8.974017938926924 7.860744327306747
      vertex -17.096527296681558 9.018265769297571 7.860744327306747
      vertex -17.29244273476592 9.033175328887172 8.25
    endloop
  endfacet
  facet normal 0.07632495502793622 -0.9941444862729701 0.07649340921305318
    outer loop
      vertex -17.29244273476592 9.033175328887172 8.25
      vertex -17.096527296681558 9.018265769297571 7.860744327306747
      vertex -17.09767197079544 9.04812875870152 8.25
    endloop
  endfacet
  facet normal 0.9992661816347407 -0.038302718456076475 -1.0995172648362586e-20
    outer loop
      vertex -19.549999997019768 6.5 8.25
      vertex -19.54251779301854 6.695200594733063 8.25
      vertex -19.54251779301854 6.695200594733063 35.03
    endloop
  endfacet
  facet normal 0.9934020880113095 -0.11468344054295844 0
    outer loop
      vertex -19.54251779301854 6.695200594733063 8.25
      vertex -19.520115077694584 6.8892556743032 8.25
      vertex -19.54251779301854 6.695200594733063 35.03
    endloop
  endfacet
  facet normal 0.9817083228993932 -0.19039109419839184 6.879222954118058e-20
    outer loop
      vertex -19.520115077694584 6.8892556743032 8.25
      vertex -19.482923330888337 7.081026447703 8.25
      vertex -19.482923330888337 7.081026447703 35.03
    endloop
  endfacet
  facet normal 0.9642534914134603 -0.2649815168968429 0
    outer loop
      vertex -19.482923330888337 7.081026447703 8.25
      vertex -19.43116079689873 7.269387525518539 8.25
      vertex -19.482923330888337 7.081026447703 35.03
    endloop
  endfacet
  facet normal 0.9411400531326765 -0.3380168640606898 -2.2072079718624947e-20
    outer loop
      vertex -19.43116079689873 7.269387525518539 8.25
      vertex -19.36513125031034 7.453233533193959 8.25
      vertex -19.36513125031034 7.453233533193959 35.03
    endloop
  endfacet
  facet normal 0.9125036102402398 -0.40906865108258866 0
    outer loop
      vertex -19.36513125031034 7.453233533193959 8.25
      vertex -19.28522216757991 7.631485585238355 8.25
      vertex -19.36513125031034 7.453233533193959 35.03
    endloop
  endfacet
  facet normal 0.8785122581938514 -0.47771980511921425 -2.666315122805471e-19
    outer loop
      vertex -19.28522216757991 7.631485585238355 8.25
      vertex -19.191902497817363 7.803097632590131 8.25
      vertex -19.191902497817363 7.803097632590131 35.03
    endloop
  endfacet
  facet normal 0.8393654178451904 -0.5435675627974585 0
    outer loop
      vertex -19.191902497817363 7.803097632590131 8.25
      vertex -19.08571986751751 7.9670625818428995 8.25
      vertex -19.191902497817363 7.803097632590131 35.03
    endloop
  endfacet
  facet normal 0.7952928805154087 -0.6062253988422985 -1.3588440106628023e-20
    outer loop
      vertex -19.08571986751751 7.9670625818428995 8.25
      vertex -18.967297408545953 8.122418227932727 8.25
      vertex -18.967297408545953 8.122418227932727 35.03
    endloop
  endfacet
  facet normal 0.7465532114689853 -0.6653257115468666 0
    outer loop
      vertex -18.967297408545953 8.122418227932727 8.25
      vertex -18.837330061534686 8.268252874953625 8.25
      vertex -18.967297408545953 8.122418227932727 35.03
    endloop
  endfacet
  facet normal 0.6934325117767012 -0.7205215830293046 -2.9494685987671207e-20
    outer loop
      vertex -18.837330061534686 8.268252874953625 8.25
      vertex -18.696580535422193 8.403710715110506 8.25
      vertex -18.696580535422193 8.403710715110506 35.03
    endloop
  endfacet
  facet normal 0.6362424305650926 -0.7714891895215535 0
    outer loop
      vertex -18.696580535422193 8.403710715110506 8.25
      vertex -18.545874796158234 8.52799681937708 8.25
      vertex -18.696580535422193 8.403710715110506 35.03
    endloop
  endfacet
  facet normal 0.5753186726880631 -0.8179293519959074 -1.1809164047154612e-19
    outer loop
      vertex -18.545874796158234 8.52799681937708 8.25
      vertex -18.386097252503113 8.640381836636472 8.25
      vertex -18.386097252503113 8.640381836636472 35.03
    endloop
  endfacet
  facet normal 0.5110186663428564 -0.8595696147777493 0
    outer loop
      vertex -18.386097252503113 8.640381836636472 8.25
      vertex -18.218185535782556 8.740206237204731 8.25
      vertex -18.386097252503113 8.640381836636472 35.03
    endloop
  endfacet
  facet normal 0.4437198515291298 -0.8961655501964841 7.660333820730794e-20
    outer loop
      vertex -18.218185535782556 8.740206237204731 8.25
      vertex -18.043125024786917 8.826884222015202 8.25
      vertex -18.043125024786917 8.826884222015202 35.03
    endloop
  endfacet
  facet normal 0.37381705770086576 -0.9275024568009875 0
    outer loop
      vertex -18.043125024786917 8.826884222015202 8.25
      vertex -17.861943038934314 8.899907119543066 8.25
      vertex -18.043125024786917 8.826884222015202 35.03
    endloop
  endfacet
  facet normal 0.3017206131298549 -0.9533963874551573 8.15483215010742e-20
    outer loop
      vertex -17.861943038934314 8.899907119543066 8.25
      vertex -17.675702830601487 8.95884641340551 8.25
      vertex -17.675702830601487 8.95884641340551 35.03
    endloop
  endfacet
  facet normal 0.22785349405901575 -0.9736954273514373 0
    outer loop
      vertex -17.675702830601487 8.95884641340551 8.25
      vertex -17.485497327802495 9.003356213066262 8.25
      vertex -17.675702830601487 8.95884641340551 35.03
    endloop
  endfacet
  facet normal 0.15264929928534426 -0.9882804214531893 1.7378531989232558e-20
    outer loop
      vertex -17.485497327802495 9.003356213066262 8.25
      vertex -17.29244273476592 9.033175328887172 8.25
      vertex -17.29244273476592 9.033175328887172 35.03
    endloop
  endfacet
  facet normal 0.07654923763608551 -0.9970658023507447 0
    outer loop
      vertex -17.29244273476592 9.033175328887172 8.25
      vertex -17.09767197079544 9.04812875870152 8.25
      vertex -17.29244273476592 9.033175328887172 35.03
    endloop
  endfacet
  facet normal 0 0 1
    outer loop
      vertex -17.07037476399695 -6.567728918917185 5.7018712386488914
      vertex 16.996258896516338 6.597600297182137 5.7018712386488914
      vertex -16.909409007748536 6.536511450097358 5.7018712386488914
    endloop
  endfacet
  facet normal 0 0 1
    outer loop
      vertex -17.003741103483662 6.597600297182137 5.7018712386488914
      vertex -16.909409007748536 6.536511450097358 5.7018712386488914
      vertex 16.996258896516338 6.597600297182137 5.7018712386488914
    endloop
  endfacet
  facet normal -4.27658456845419e-21 -0.11476652917031273 0.9933924923121775
    outer loop
      vertex -17.003741103483662 6.597600297182137 5.7018712386488914
      vertex 16.981404125228067 6.9851410585214495 5.746643781661987
      vertex -17.018595874771933 6.9851410585214495 5.746643781661987
    endloop
  endfacet
  facet normal 0 -0.2651624289833853 0.964203757644426
    outer loop
      vertex -17.018595874771933 6.9851410585214495 5.746643781661987
      vertex 16.981404125228067 6.9851410585214495 5.746643781661987
      vertex -17.03301477457606 7.361310526184653 5.850092880427837
    endloop
  endfacet
  facet normal -2.19068824414089e-19 -0.40931871269840053 0.9123914683045454
    outer loop
      vertex -17.03301477457606 7.361310526184653 5.850092880427837
      vertex 16.953340163807958 7.717291608933039 6.009793758392334
      vertex -17.046659836192042 7.717291608933039 6.009793758392334
    endloop
  endfacet
  facet normal 0 -0.5438486908363704 0.839183294325838
    outer loop
      vertex -17.046659836192042 7.717291608933039 6.009793758392334
      vertex 16.953340163807958 7.717291608933039 6.009793758392334
      vertex -17.059211230660267 8.044740404588794 6.222003176808357
    endloop
  endfacet
  facet normal 0 -0.6655978721135187 0.7463105738484187
    outer loop
      vertex -17.059211230660267 8.044740404588794 6.222003176808357
      vertex 16.940788769339733 8.044740404588794 6.222003176808357
      vertex -17.070374764205962 8.335981798049524 6.48174712061882
    endloop
  endfacet
  facet normal 0 -0.7717183763015877 0.6359644232804545
    outer loop
      vertex -17.070374764205962 8.335981798049524 6.48174712061882
      vertex 16.929625235794035 8.335981798049524 6.48174712061882
      vertex -17.079888772676732 8.584189327778525 6.782937414944172
    endloop
  endfacet
  facet normal 0 -0.8597343078998931 0.5107415391564424
    outer loop
      vertex -17.079888772676732 8.584189327778525 6.782937414944172
      vertex 16.920111227323268 8.584189327778525 6.782937414944172
      vertex -17.087530256304913 8.783545233403657 7.118514411151409
    endloop
  endfacet
  facet normal 0 -0.9275975419447079 0.3735810490082918
    outer loop
      vertex -17.087530256304913 8.783545233403657 7.118514411151409
      vertex 16.912469743695084 8.783545233403657 7.118514411151409
      vertex -17.093120104686143 8.929376768295292 7.480612471699715
    endloop
  endfacet
  facet normal 0 -0.9737325106253027 0.2276949664602721
    outer loop
      vertex -17.093120104686143 8.929376768295292 7.480612471699715
      vertex 16.906879895313857 8.929376768295292 7.480612471699715
      vertex -17.096527296681558 9.018265769297571 7.860744327306747
    endloop
  endfacet
  facet normal 8.68340166418195e-11 -0.9970700869817146 0.07649340916886936
    outer loop
      vertex -17.096527296681558 9.018265769297571 7.860744327306747
      vertex 17.097671970909587 9.048128761679564 8.25
      vertex -17.09767197079544 9.04812875870152 8.25
    endloop
  endfacet
  facet normal 8.708918040897577e-11 -1 1.1056878767383031e-10
    outer loop
      vertex -17.09767197079544 9.04812875870152 8.25
      vertex 17.097671970909587 9.048128761679564 8.25
      vertex -16.85154386180139 9.048128761679564 34.99
    endloop
  endfacet
  facet normal 0.9882803852069305 -0.15264927826084815 -0.0002793952094545344
    outer loop
      vertex -19.520115077694584 6.8892556743032 8.25
      vertex -19.482923330888337 7.081026447703 35.03
      vertex -19.54251779301854 6.695200594733063 35.03
    endloop
  endfacet
  facet normal 0.953396354843066 -0.301720586818784 -0.00027939520945452284
    outer loop
      vertex -19.43116079689873 7.269387525518539 8.25
      vertex -19.36513125031034 7.453233533193959 35.03
      vertex -19.482923330888337 7.081026447703 35.03
    endloop
  endfacet
  facet normal 0.8961655219829596 -0.4437198205481995 -0.00027939520945449345
    outer loop
      vertex -19.28522216757991 7.631485585238355 8.25
      vertex -19.191902497817363 7.803097632590131 35.03
      vertex -19.36513125031034 7.453233533193959 35.03
    endloop
  endfacet
  facet normal 0.8179293288422436 -0.5753186377634518 -0.00027939520945461434
    outer loop
      vertex -19.08571986751751 7.9670625818428995 8.25
      vertex -18.967297408545953 8.122418227932727 35.03
      vertex -19.191902497817363 7.803097632590131 35.03
    endloop
  endfacet
  facet normal 0.7205215654782287 -0.6934324737269806 -0.0002793952094545325
    outer loop
      vertex -18.837330061534686 8.268252874953625 8.25
      vertex -18.696580535422193 8.403710715110506 35.03
      vertex -18.967297408545953 8.122418227932727 35.03
    endloop
  endfacet
  facet normal 0.6062253873051437 -0.7952928402324803 -0.0002793952094545241
    outer loop
      vertex -18.545874796158234 8.52799681937708 8.25
      vertex -18.386097252503113 8.640381836636472 35.03
      vertex -18.696580535422193 8.403710715110506 35.03
    endloop
  endfacet
  facet normal 0.47771979986645857 -0.8785122166218678 -0.0002793952094545511
    outer loop
      vertex -18.218185535782556 8.740206237204731 8.25
      vertex -18.043125024786917 8.826884222015202 35.03
      vertex -18.386097252503113 8.640381836636472 35.03
    endloop
  endfacet
  facet normal 0.3380168652154206 -0.9411400112460723 -0.00027939520945453633
    outer loop
      vertex -17.861943038934314 8.899907119543066 8.25
      vertex -17.675702830601487 8.95884641340551 35.03
      vertex -18.043125024786917 8.826884222015202 35.03
    endloop
  endfacet
  facet normal 0.19039110173354168 -0.9817082816799526 -0.00027939520945455205
    outer loop
      vertex -17.485497327802495 9.003356213066262 8.25
      vertex -17.29244273476592 9.033175328887172 35.03
      vertex -17.675702830601487 8.95884641340551 35.03
    endloop
  endfacet
  facet normal 0.038302732195042856 -0.9992661420486095 -0.0002793952094545483
    outer loop
      vertex -17.09767197079544 9.04812875870152 8.25
      vertex -16.90232802909041 9.048128761679564 35.03
      vertex -17.29244273476592 9.033175328887172 35.03
    endloop
  endfacet
  facet normal 2.4138260608696216e-24 -1 1.1137039931511314e-10
    outer loop
      vertex -17.09767197079544 9.04812875870152 8.25
      vertex -16.85154386180139 9.048128761679564 34.99
      vertex -16.90232802909041 9.048128761679564 34.99
    endloop
  endfacet
  facet normal 0.03830550347762345 -0.9992660356964983 -0.00027983339799759826
    outer loop
      vertex -17.09767197079544 9.04812875870152 8.25
      vertex -16.90232802909041 9.048128761679564 34.99
      vertex -16.902328029205794 9.048128761675141 34.99
    endloop
  endfacet
  facet normal 8.579704730701744e-11 -1 1.1057821300517678e-10
    outer loop
      vertex -17.09767197079544 9.04812875870152 8.25
      vertex -16.902328029205794 9.048128761675141 34.99
      vertex -16.90232802909041 9.048128761679564 35.03
    endloop
  endfacet
  facet normal 0 -1 0
    outer loop
      vertex -16.90232802909041 9.048128761679564 35.03
      vertex -16.85154386180139 9.048128761679564 34.99
      vertex 17.097671970909587 9.048128761679564 35.03
    endloop
  endfacet
  facet normal 0 0.9970700863999361 0.07649341675218739
    outer loop
      vertex -17.096527296681558 -9.01826576929757 7.860744327306747
      vertex 17.097671970909587 -9.048128761679566 8.25
      vertex 16.903472703318442 -9.01826576929757 7.860744327306747
    endloop
  endfacet
  facet normal 0 0.859734307899895 0.510741539156439
    outer loop
      vertex -17.079888772676732 -8.584189327778526 6.782937414944172
      vertex 16.912469743695084 -8.783545233403657 7.118514411151409
      vertex 16.920111227323268 -8.584189327778526 6.782937414944172
    endloop
  endfacet
  facet normal 0 0.7717183763015877 0.6359644232804545
    outer loop
      vertex -17.070374764205962 -8.335981798049525 6.48174712061882
      vertex 16.920111227323268 -8.584189327778526 6.782937414944172
      vertex 16.929625235794035 -8.335981798049525 6.48174712061882
    endloop
  endfacet
  facet normal 0 0.6655978721135164 0.7463105738484206
    outer loop
      vertex -17.070374764205962 -8.335981798049525 6.48174712061882
      vertex 16.929625235794035 -8.335981798049525 6.48174712061882
      vertex 16.940788769339733 -8.044740404588794 6.222003176808357
    endloop
  endfacet
  facet normal 0 0.5438486908363683 0.8391832943258393
    outer loop
      vertex -17.059211230660267 -8.044740404588794 6.222003176808357
      vertex 16.940788769339733 -8.044740404588794 6.222003176808357
      vertex 16.953340163807958 -7.717291608933037 6.009793758392334
    endloop
  endfacet
  facet normal 0 0.9275975419447063 0.37358104900829575
    outer loop
      vertex -17.093120104686143 -8.929376768295294 7.480612471699715
      vertex 16.906879895313857 -8.929376768295294 7.480612471699715
      vertex 16.912469743695084 -8.783545233403657 7.118514411151409
    endloop
  endfacet
  facet normal 0 0.9737325106253049 0.2276949664602635
    outer loop
      vertex -17.093120104686143 -8.929376768295294 7.480612471699715
      vertex 16.903472703318442 -9.01826576929757 7.860744327306747
      vertex 16.906879895313857 -8.929376768295294 7.480612471699715
    endloop
  endfacet
  facet normal 0 0.40931871269840225 0.9123914683045447
    outer loop
      vertex -17.03301477457606 -7.361310526184653 5.850092880427837
      vertex 16.953340163807958 -7.717291608933037 6.009793758392334
      vertex 16.96698522542394 -7.361310526184653 5.850092880427837
    endloop
  endfacet
  facet normal 0 0.2651624289833847 0.9642037576444262
    outer loop
      vertex -17.03301477457606 -7.361310526184653 5.850092880427837
      vertex 16.96698522542394 -7.361310526184653 5.850092880427837
      vertex 16.981404125228067 -6.985141058521449 5.746643781661987
    endloop
  endfacet
  facet normal 0 0.11476652917031299 0.9933924923121775
    outer loop
      vertex -17.003741103483662 -6.597600297182137 5.7018712386488914
      vertex 16.981404125228067 -6.985141058521449 5.746643781661987
      vertex 16.996258896516338 -6.597600297182137 5.7018712386488914
    endloop
  endfacet
  facet normal 0 0 1
    outer loop
      vertex -17.07037476399695 -6.567728918917185 5.7018712386488914
      vertex 16.996258896516338 -6.597600297182137 5.7018712386488914
      vertex 17.039954539954337 -6.589126026515008 5.7018712386488914
    endloop
  endfacet
  facet normal 0 0 1
    outer loop
      vertex -17.07037476399695 -6.567728918917185 5.7018712386488914
      vertex 17.039954539954337 -6.589126026515008 5.7018712386488914
      vertex 16.996258896516338 6.597600297182137 5.7018712386488914
    endloop
  endfacet
  facet normal -0.03730087095326151 0.9731289460687403 0.22721949597090205
    outer loop
      vertex 16.906879895313857 -8.929376768295294 7.480612471699715
      vertex 16.903472703318442 -9.01826576929757 7.860744327306747
      vertex 17.289015429485346 -9.00348758441897 7.860744327306747
    endloop
  endfacet
  facet normal -0.038128274599819 0.9947147808755685 0.09533488020504505
    outer loop
      vertex 16.903472703318442 -9.01826576929757 7.860744327306747
      vertex 17.097671970909587 -9.048128761679566 8.25
      vertex 17.289015429485346 -9.00348758441897 7.860744327306747
    endloop
  endfacet
  facet normal -0.07632498533967878 0.9941444839458001 0.07649340921305997
    outer loop
      vertex 17.097671970909587 -9.048128761679566 8.25
      vertex 17.292442734424135 -9.033175325926603 8.25
      vertex 17.289015429485346 -9.00348758441897 7.860744327306747
    endloop
  endfacet
  facet normal -0.18952392668211512 0.9772368913581201 0.09533488020504442
    outer loop
      vertex 17.289015429485346 -9.00348758441897 7.860744327306747
      vertex 17.485497328369902 -9.00335621599198 8.25
      vertex 17.667783878943233 -8.930029772419271 7.860744327306747
    endloop
  endfacet
  facet normal -0.1522020200709668 0.985384850417988 0.07649340921305982
    outer loop
      vertex 17.289015429485346 -9.00348758441897 7.860744327306747
      vertex 17.292442734424135 -9.033175325926603 8.25
      vertex 17.485497328369902 -9.00335621599198 8.25
    endloop
  endfacet
  facet normal -0.03554043343884029 0.9272015277740271 0.3728729066109382
    outer loop
      vertex 16.906879895313857 -8.929376768295294 7.480612471699715
      vertex 17.26207710656587 -8.770144481962202 7.118514411151409
      vertex 16.912469743695084 -8.783545233403657 7.118514411151409
    endloop
  endfacet
  facet normal -0.03294908497514338 0.859596773918975 0.5099095449855701
    outer loop
      vertex 16.912469743695084 -8.783545233403657 7.118514411151409
      vertex 17.26207710656587 -8.770144481962202 7.118514411151409
      vertex 17.239197498945757 -8.57195847606167 6.782937414944172
    endloop
  endfacet
  facet normal -0.17666056416162687 0.9109098970730362 0.3728729066109343
    outer loop
      vertex 17.26207710656587 -8.770144481962202 7.118514411151409
      vertex 17.644212640907767 -8.844255299561949 7.480612471699715
      vertex 17.605541604185007 -8.703533467948791 7.118514411151409
    endloop
  endfacet
  facet normal -0.16377976791799473 0.8444930097717426 0.5099095449855703
    outer loop
      vertex 17.26207710656587 -8.770144481962202 7.118514411151409
      vertex 17.605541604185007 -8.703533467948791 7.118514411151409
      vertex 17.239197498945757 -8.57195847606167 6.782937414944172
    endloop
  endfacet
  facet normal -0.029585254752050854 0.7718390225288013 0.6351293065219402
    outer loop
      vertex 16.920111227323268 -8.584189327778526 6.782937414944172
      vertex 17.21071130551823 -8.325207526812504 6.48174712061882
      vertex 16.929625235794035 -8.335981798049525 6.48174712061882
    endloop
  endfacet
  facet normal -0.1470592024252252 0.7582772283136386 0.6351293065219417
    outer loop
      vertex 17.239197498945757 -8.57195847606167 6.782937414944172
      vertex 17.4868584808317 -8.27165193812116 6.48174712061882
      vertex 17.21071130551823 -8.325207526812504 6.48174712061882
    endloop
  endfacet
  facet normal -0.03294908497514226 0.8595967739189746 0.509909544985571
    outer loop
      vertex 16.912469743695084 -8.783545233403657 7.118514411151409
      vertex 17.239197498945757 -8.57195847606167 6.782937414944172
      vertex 16.920111227323268 -8.584189327778526 6.782937414944172
    endloop
  endfacet
  facet normal -0.02958525475204878 0.7718390225288004 0.6351293065219414
    outer loop
      vertex 16.920111227323268 -8.584189327778526 6.782937414944172
      vertex 17.239197498945757 -8.57195847606167 6.782937414944172
      vertex 17.21071130551823 -8.325207526812504 6.48174712061882
    endloop
  endfacet
  facet normal -0.16377976791799928 0.8444930097717394 0.5099095449855742
    outer loop
      vertex 17.239197498945757 -8.57195847606167 6.782937414944172
      vertex 17.605541604185007 -8.703533467948791 7.118514411151409
      vertex 17.552677183927358 -8.511162673776496 6.782937414944172
    endloop
  endfacet
  facet normal -0.14705920242522721 0.7582772283136391 0.6351293065219407
    outer loop
      vertex 17.239197498945757 -8.57195847606167 6.782937414944172
      vertex 17.552677183927358 -8.511162673776496 6.782937414944172
      vertex 17.4868584808317 -8.27165193812116 6.48174712061882
    endloop
  endfacet
  facet normal -0.3136399209910201 0.8732673104360783 0.3728729066109321
    outer loop
      vertex 17.605541604185007 -8.703533467948791 7.118514411151409
      vertex 17.99451163526541 -8.718443022381091 7.480612471699715
      vertex 17.934812719835307 -8.585273497075022 7.118514411151409
    endloop
  endfacet
  facet normal -0.29077159191414587 0.8095950452345406 0.5099095449855746
    outer loop
      vertex 17.552677183927358 -8.511162673776496 6.782937414944172
      vertex 17.605541604185007 -8.703533467948791 7.118514411151409
      vertex 17.85320258414515 -8.403226923000442 6.782937414944172
    endloop
  endfacet
  facet normal -0.29077159191414537 0.8095950452345405 0.5099095449855748
    outer loop
      vertex 17.605541604185007 -8.703533467948791 7.118514411151409
      vertex 17.934812719835307 -8.585273497075022 7.118514411151409
      vertex 17.85320258414515 -8.403226923000442 6.782937414944172
    endloop
  endfacet
  facet normal -0.2610862070351533 0.7269420585527849 0.6351293065219369
    outer loop
      vertex 17.552677183927358 -8.511162673776496 6.782937414944172
      vertex 17.85320258414515 -8.403226923000442 6.782937414944172
      vertex 17.75159410599659 -8.176570329582809 6.48174712061882
    endloop
  endfacet
  facet normal -0.41094797624239576 0.7557208590179847 0.5099095449855774
    outer loop
      vertex 17.934812719835307 -8.585273497075022 7.118514411151409
      vertex 18.13372963893157 -8.250681146249592 6.782937414944172
      vertex 17.85320258414515 -8.403226923000442 6.782937414944172
    endloop
  endfacet
  facet normal -0.4109479762423978 0.7557208590179846 0.5099095449855761
    outer loop
      vertex 17.934812719835307 -8.585273497075022 7.118514411151409
      vertex 18.242172617643185 -8.418136482825675 7.118514411151409
      vertex 18.13372963893157 -8.250681146249592 6.782937414944172
    endloop
  endfacet
  facet normal -0.02552550893103826 0.6659257805281205 0.7455811848630738
    outer loop
      vertex 16.929625235794035 -8.335981798049525 6.48174712061882
      vertex 17.21071130551823 -8.325207526812504 6.48174712061882
      vertex 16.940788769339733 -8.044740404588794 6.222003176808357
    endloop
  endfacet
  facet normal -0.025525508931041357 0.6659257805281188 0.7455811848630751
    outer loop
      vertex 16.940788769339733 -8.044740404588794 6.222003176808357
      vertex 17.21071130551823 -8.325207526812504 6.48174712061882
      vertex 17.177286216934974 -8.035675253655647 6.222003176808357
    endloop
  endfacet
  facet normal -0.12687945452409027 0.6542249619189462 0.7455811848630722
    outer loop
      vertex 17.21071130551823 -8.325207526812504 6.48174712061882
      vertex 17.4868584808317 -8.27165193812116 6.48174712061882
      vertex 17.409628225866086 -7.990615176354803 6.222003176808357
    endloop
  endfacet
  facet normal -0.12687945452408445 0.6542249619189445 0.7455811848630747
    outer loop
      vertex 17.21071130551823 -8.325207526812504 6.48174712061882
      vertex 17.409628225866086 -7.990615176354803 6.222003176808357
      vertex 17.177286216934974 -8.035675253655647 6.222003176808357
    endloop
  endfacet
  facet normal -0.02086323381235661 0.5442933693650516 0.8386354711912265
    outer loop
      vertex 16.940788769339733 -8.044740404588794 6.222003176808357
      vertex 17.177286216934974 -8.035675253655647 6.222003176808357
      vertex 17.13970569010388 -7.710148057737089 6.009793758392334
    endloop
  endfacet
  facet normal -0.020863233812353197 0.5442933693650502 0.8386354711912275
    outer loop
      vertex 16.940788769339733 -8.044740404588794 6.222003176808357
      vertex 17.13970569010388 -7.710148057737089 6.009793758392334
      vertex 16.953340163807958 -7.717291608933037 6.009793758392334
    endloop
  endfacet
  facet normal -0.10370471879215316 0.5347297240289806 0.8386354711912265
    outer loop
      vertex 17.177286216934974 -8.035675253655647 6.222003176808357
      vertex 17.409628225866086 -7.990615176354803 6.222003176808357
      vertex 17.13970569010388 -7.710148057737089 6.009793758392334
    endloop
  endfacet
  facet normal -0.1037047187921582 0.534729724028977 0.8386354711912283
    outer loop
      vertex 17.409628225866086 -7.990615176354803 6.222003176808357
      vertex 17.322796633432816 -7.674639661741715 6.009793758392334
      vertex 17.13970569010388 -7.710148057737089 6.009793758392334
    endloop
  endfacet
  facet normal -0.18411545305950872 0.512632467177565 0.8386354711912288
    outer loop
      vertex 17.409628225866086 -7.990615176354803 6.222003176808357
      vertex 17.49832149726383 -7.611598707653526 6.009793758392334
      vertex 17.322796633432816 -7.674639661741715 6.009793758392334
    endloop
  endfacet
  facet normal -0.26108620703514507 0.7269420585527842 0.6351293065219413
    outer loop
      vertex 17.552677183927358 -8.511162673776496 6.782937414944172
      vertex 17.75159410599659 -8.176570329582809 6.48174712061882
      vertex 17.4868584808317 -8.27165193812116 6.48174712061882
    endloop
  endfacet
  facet normal -0.22525945324113875 0.6271896646977487 0.7455811848630763
    outer loop
      vertex 17.409628225866086 -7.990615176354803 6.222003176808357
      vertex 17.75159410599659 -8.176570329582809 6.48174712061882
      vertex 17.632368896367673 -7.910616342707039 6.222003176808357
    endloop
  endfacet
  facet normal -0.22525945324113036 0.6271896646977573 0.7455811848630716
    outer loop
      vertex 17.4868584808317 -8.27165193812116 6.48174712061882
      vertex 17.75159410599659 -8.176570329582809 6.48174712061882
      vertex 17.409628225866086 -7.990615176354803 6.222003176808357
    endloop
  endfacet
  facet normal -0.3689935722385852 0.6785679830669659 0.6351293065219381
    outer loop
      vertex 17.75159410599659 -8.176570329582809 6.48174712061882
      vertex 18.13372963893157 -8.250681146249592 6.782937414944172
      vertex 17.998713002338533 -8.042191333514154 6.48174712061882
    endloop
  endfacet
  facet normal -0.3689935722385818 0.6785679830669706 0.6351293065219349
    outer loop
      vertex 17.75159410599659 -8.176570329582809 6.48174712061882
      vertex 17.85320258414515 -8.403226923000442 6.782937414944172
      vertex 18.13372963893157 -8.250681146249592 6.782937414944172
    endloop
  endfacet
  facet normal -0.31835956129526327 0.5854535733173537 0.7455811848630769
    outer loop
      vertex 17.75159410599659 -8.176570329582809 6.48174712061882
      vertex 17.840287375909433 -7.797553857569191 6.222003176808357
      vertex 17.632368896367673 -7.910616342707039 6.222003176808357
    endloop
  endfacet
  facet normal -0.18411545305952015 0.512632467177566 0.8386354711912257
    outer loop
      vertex 17.409628225866086 -7.990615176354803 6.222003176808357
      vertex 17.632368896367673 -7.910616342707039 6.222003176808357
      vertex 17.49832149726383 -7.611598707653526 6.009793758392334
    endloop
  endfacet
  facet normal -0.2602106771561804 0.47851953978264494 0.8386354711912248
    outer loop
      vertex 17.632368896367673 -7.910616342707039 6.222003176808357
      vertex 17.840287375909433 -7.797553857569191 6.222003176808357
      vertex 17.49832149726383 -7.611598707653526 6.009793758392334
    endloop
  endfacet
  facet normal -0.3183595612952689 0.5854535733173534 0.7455811848630746
    outer loop
      vertex 17.75159410599659 -8.176570329582809 6.48174712061882
      vertex 17.998713002338533 -8.042191333514154 6.48174712061882
      vertex 17.840287375909433 -7.797553857569191 6.222003176808357
    endloop
  endfacet
  facet normal -0.4039975910616819 0.529994946385843 0.745581184863074
    outer loop
      vertex 17.998713002338533 -8.042191333514154 6.48174712061882
      vertex 18.222422912375563 -7.871664679688687 6.48174712061882
      vertex 17.840287375909433 -7.797553857569191 6.222003176808357
    endloop
  endfacet
  facet normal -0.40399759106168526 0.5299949463858364 0.745581184863077
    outer loop
      vertex 17.840287375909433 -7.797553857569191 6.222003176808357
      vertex 18.222422912375563 -7.871664679688687 6.48174712061882
      vertex 18.028510231554428 -7.6540778097655755 6.222003176808357
    endloop
  endfacet
  facet normal -0.035540433438843715 0.9272015277740281 0.3728729066109353
    outer loop
      vertex 16.906879895313857 -8.929376768295294 7.480612471699715
      vertex 17.278813848256547 -8.915120219419732 7.480612471699715
      vertex 17.26207710656587 -8.770144481962202 7.118514411151409
    endloop
  endfacet
  facet normal -0.037300870953263926 0.9731289460687398 0.2272194959709044
    outer loop
      vertex 16.906879895313857 -8.929376768295294 7.480612471699715
      vertex 17.289015429485346 -9.00348758441897 7.860744327306747
      vertex 17.278813848256547 -8.915120219419732 7.480612471699715
    endloop
  endfacet
  facet normal -0.1766605641616276 0.9109098970730357 0.37287290661093503
    outer loop
      vertex 17.278813848256547 -8.915120219419732 7.480612471699715
      vertex 17.644212640907767 -8.844255299561949 7.480612471699715
      vertex 17.26207710656587 -8.770144481962202 7.118514411151409
    endloop
  endfacet
  facet normal -0.18541115762312604 0.9560303359619824 0.22721949597090382
    outer loop
      vertex 17.278813848256547 -8.915120219419732 7.480612471699715
      vertex 17.289015429485346 -9.00348758441897 7.860744327306747
      vertex 17.644212640907767 -8.844255299561949 7.480612471699715
    endloop
  endfacet
  facet normal -0.1854111576231286 0.9560303359619823 0.22721949597090138
    outer loop
      vertex 17.644212640907767 -8.844255299561949 7.480612471699715
      vertex 17.289015429485346 -9.00348758441897 7.860744327306747
      vertex 17.667783878943233 -8.930029772419271 7.860744327306747
    endloop
  endfacet
  facet normal -0.3291755639055107 0.9165231850740162 0.2272194959708999
    outer loop
      vertex 17.644212640907767 -8.844255299561949 7.480612471699715
      vertex 17.667783878943233 -8.930029772419271 7.860744327306747
      vertex 18.03090004026606 -8.799614122151795 7.860744327306747
    endloop
  endfacet
  facet normal -0.3136399209910217 0.873267310436077 0.3728729066109338
    outer loop
      vertex 17.644212640907767 -8.844255299561949 7.480612471699715
      vertex 17.99451163526541 -8.718443022381091 7.480612471699715
      vertex 17.605541604185007 -8.703533467948791 7.118514411151409
    endloop
  endfacet
  facet normal -0.32917556390551983 0.9165231850740104 0.22721949597090987
    outer loop
      vertex 17.644212640907767 -8.844255299561949 7.480612471699715
      vertex 18.03090004026606 -8.799614122151795 7.860744327306747
      vertex 17.99451163526541 -8.718443022381091 7.480612471699715
    endloop
  endfacet
  facet normal -0.465224373966221 0.8555335075369418 0.22721949597091234
    outer loop
      vertex 17.99451163526541 -8.718443022381091 7.480612471699715
      vertex 18.03090004026606 -8.799614122151795 7.860744327306747
      vertex 18.321500119801428 -8.540632321020732 7.480612471699715
    endloop
  endfacet
  facet normal -0.2271859327409891 0.9708425775127344 0.07649340921306365
    outer loop
      vertex 17.667783878943233 -8.930029772419271 7.860744327306747
      vertex 17.485497328369902 -9.00335621599198 8.25
      vertex 17.675702829811783 -8.95884641053181 8.25
    endloop
  endfacet
  facet normal -0.3008365689923978 0.9506030281373212 0.07649340921306419
    outer loop
      vertex 17.667783878943233 -8.930029772419271 7.860744327306747
      vertex 17.675702829811783 -8.95884641053181 8.25
      vertex 17.86194303994168 -8.899907122347882 8.25
    endloop
  endfacet
  facet normal -0.3364772985560048 0.9368533973748208 0.09533488020504023
    outer loop
      vertex 17.667783878943233 -8.930029772419271 7.860744327306747
      vertex 17.86194303994168 -8.899907122347882 8.25
      vertex 18.03090004026606 -8.799614122151795 7.860744327306747
    endloop
  endfacet
  facet normal -0.37272183443272655 0.9247849439107816 0.07649340921305461
    outer loop
      vertex 18.03090004026606 -8.799614122151795 7.860744327306747
      vertex 17.86194303994168 -8.899907122347882 8.25
      vertex 18.043125023567796 -8.82688421929573 8.25
    endloop
  endfacet
  facet normal -0.4424197637138826 0.8935398765708872 0.0764934092130544
    outer loop
      vertex 18.03090004026606 -8.799614122151795 7.860744327306747
      vertex 18.043125023567796 -8.82688421929573 8.25
      vertex 18.218185537206267 -8.740206239822903 8.25
    endloop
  endfacet
  facet normal -0.44326782390124053 0.8151560781895553 0.37287290661092876
    outer loop
      vertex 17.99451163526541 -8.718443022381091 7.480612471699715
      vertex 18.321500119801428 -8.540632321020732 7.480612471699715
      vertex 17.934812719835307 -8.585273497075022 7.118514411151409
    endloop
  endfacet
  facet normal -0.4432678239012483 0.8151560781895468 0.372872906610938
    outer loop
      vertex 17.934812719835307 -8.585273497075022 7.118514411151409
      vertex 18.321500119801428 -8.540632321020732 7.480612471699715
      vertex 18.242172617643185 -8.418136482825675 7.118514411151409
    endloop
  endfacet
  facet normal -0.5214920883108801 0.6841332163853467 0.5099095449855764
    outer loop
      vertex 18.13372963893157 -8.250681146249592 6.782937414944172
      vertex 18.242172617643185 -8.418136482825675 7.118514411151409
      vertex 18.387683031886112 -8.057100887239185 6.782937414944172
    endloop
  endfacet
  facet normal -0.5625059047156199 0.7379382783645027 0.37287290661094674
    outer loop
      vertex 18.242172617643185 -8.418136482825675 7.118514411151409
      vertex 18.617513761580852 -8.314990927615401 7.480612471699715
      vertex 18.520417042110196 -8.206039975155987 7.118514411151409
    endloop
  endfacet
  facet normal -0.5214920883108872 0.684133216385345 0.5099095449855714
    outer loop
      vertex 18.242172617643185 -8.418136482825675 7.118514411151409
      vertex 18.520417042110196 -8.206039975155987 7.118514411151409
      vertex 18.387683031886112 -8.057100887239185 6.782937414944172
    endloop
  endfacet
  facet normal -0.46825204085318706 0.614288849185615 0.6351293065219381
    outer loop
      vertex 17.998713002338533 -8.042191333514154 6.48174712061882
      vertex 18.13372963893157 -8.250681146249592 6.782937414944172
      vertex 18.387683031886112 -8.057100887239185 6.782937414944172
    endloop
  endfacet
  facet normal -0.6198128678255486 0.5965100710050727 0.5099095449855712
    outer loop
      vertex 18.520417042110196 -8.206039975155987 7.118514411151409
      vertex 18.609110310718847 -7.827023503169407 6.782937414944172
      vertex 18.387683031886112 -8.057100887239185 6.782937414944172
    endloop
  endfacet
  facet normal -0.6685593238813388 0.6434238307420931 0.37287290661094874
    outer loop
      vertex 18.520417042110196 -8.206039975155987 7.118514411151409
      vertex 18.617513761580852 -8.314990927615401 7.480612471699715
      vertex 18.76302417975588 -7.953955336441074 7.118514411151409
    endloop
  endfacet
  facet normal -0.4682520408531832 0.6142888491856228 0.6351293065219334
    outer loop
      vertex 17.998713002338533 -8.042191333514154 6.48174712061882
      vertex 18.387683031886112 -8.057100887239185 6.782937414944172
      vertex 18.222422912375563 -7.871664679688687 6.48174712061882
    endloop
  endfacet
  facet normal -0.556535078502221 0.5356113053264322 0.6351293065219414
    outer loop
      vertex 18.222422912375563 -7.871664679688687 6.48174712061882
      vertex 18.609110310718847 -7.827023503169407 6.782937414944172
      vertex 18.417480265424118 -7.668987368340391 6.48174712061882
    endloop
  endfacet
  facet normal -0.5565350785022162 0.5356113053264471 0.6351293065219331
    outer loop
      vertex 18.387683031886112 -8.057100887239185 6.782937414944172
      vertex 18.609110310718847 -7.827023503169407 6.782937414944172
      vertex 18.222422912375563 -7.871664679688687 6.48174712061882
    endloop
  endfacet
  facet normal -0.6198128678255527 0.596510071005071 0.5099095449855682
    outer loop
      vertex 18.520417042110196 -8.206039975155987 7.118514411151409
      vertex 18.76302417975588 -7.953955336441074 7.118514411151409
      vertex 18.609110310718847 -7.827023503169407 6.782937414944172
    endloop
  endfacet
  facet normal -0.7036057590474286 0.49490523513889945 0.5099095449855812
    outer loop
      vertex 18.609110310718847 -7.827023503169407 6.782937414944172
      vertex 18.96430752489809 -7.667791216955381 7.118514411151409
      vertex 18.79282140768698 -7.565841812918302 6.782937414944172
    endloop
  endfacet
  facet normal -0.7036057590474248 0.4949052351389181 0.5099095449855683
    outer loop
      vertex 18.76302417975588 -7.953955336441074 7.118514411151409
      vertex 18.96430752489809 -7.667791216955381 7.118514411151409
      vertex 18.609110310718847 -7.827023503169407 6.782937414944172
    endloop
  endfacet
  facet normal -0.7589422791399061 0.5338280738678334 0.3728729066109307
    outer loop
      vertex 18.76302417975588 -7.953955336441074 7.118514411151409
      vertex 18.875614251729907 -8.04680768518174 7.480612471699715
      vertex 18.96430752489809 -7.667791216955381 7.118514411151409
    endloop
  endfacet
  facet normal -0.46522437396622884 0.8555335075369395 0.22721949597090493
    outer loop
      vertex 18.321500119801428 -8.540632321020732 7.480612471699715
      vertex 18.03090004026606 -8.799614122151795 7.860744327306747
      vertex 18.369852778395412 -8.615297465923625 7.860744327306747
    endloop
  endfacet
  facet normal -0.47554392773668713 0.8745108537971703 0.09533488020503698
    outer loop
      vertex 18.03090004026606 -8.799614122151795 7.860744327306747
      vertex 18.218185537206267 -8.740206239822903 8.25
      vertex 18.369852778395412 -8.615297465923625 7.860744327306747
    endloop
  endfacet
  facet normal -0.5095214522297408 0.8570511350349292 0.07649340921305121
    outer loop
      vertex 18.218185537206267 -8.740206239822903 8.25
      vertex 18.386097250883154 -8.640381834134969 8.25
      vertex 18.369852778395412 -8.615297465923625 7.860744327306747
    endloop
  endfacet
  facet normal -0.5903687190070687 0.7744908496997759 0.22721949597090516
    outer loop
      vertex 18.321500119801428 -8.540632321020732 7.480612471699715
      vertex 18.369852778395412 -8.615297465923625 7.860744327306747
      vertex 18.617513761580852 -8.314990927615401 7.480612471699715
    endloop
  endfacet
  facet normal -0.5625059047156147 0.7379382783645103 0.3728729066109392
    outer loop
      vertex 18.321500119801428 -8.540632321020732 7.480612471699715
      vertex 18.617513761580852 -8.314990927615401 7.480612471699715
      vertex 18.242172617643185 -8.418136482825675 7.118514411151409
    endloop
  endfacet
  facet normal -0.590368719007083 0.7744908496997692 0.22721949597089064
    outer loop
      vertex 18.617513761580852 -8.314990927615401 7.480612471699715
      vertex 18.369852778395412 -8.615297465923625 7.860744327306747
      vertex 18.67669732843254 -8.3814000299372 7.860744327306747
    endloop
  endfacet
  facet normal -0.5736330141515159 0.8155329076269159 0.07649340921304998
    outer loop
      vertex 18.369852778395412 -8.615297465923625 7.860744327306747
      vertex 18.386097250883154 -8.640381834134969 8.25
      vertex 18.545874797964927 -8.527996821747237 8.25
    endloop
  endfacet
  facet normal -0.6034642103035712 0.7916705170075344 0.09533488020504578
    outer loop
      vertex 18.369852778395412 -8.615297465923625 7.860744327306747
      vertex 18.545874797964927 -8.527996821747237 8.25
      vertex 18.67669732843254 -8.3814000299372 7.860744327306747
    endloop
  endfacet
  facet normal -0.6343783190368482 0.7692287739567115 0.07649340921306473
    outer loop
      vertex 18.545874797964927 -8.527996821747237 8.25
      vertex 18.696580533439366 -8.403710712885601 8.25
      vertex 18.67669732843254 -8.3814000299372 7.860744327306747
    endloop
  endfacet
  facet normal -0.6914007929262584 0.7184105385417894 0.07649340921306494
    outer loop
      vertex 18.67669732843254 -8.3814000299372 7.860744327306747
      vertex 18.696580533439366 -8.403710712885601 8.25
      vertex 18.837330063682003 -8.268252877020215 8.25
    endloop
  endfacet
  facet normal -0.7016753216477013 0.6752947827736641 0.22721949597088897
    outer loop
      vertex 18.617513761580852 -8.314990927615401 7.480612471699715
      vertex 18.67669732843254 -8.3814000299372 7.860744327306747
      vertex 18.944241514193976 -8.103404171849771 7.860744327306747
    endloop
  endfacet
  facet normal -0.6685593238813585 0.6434238307420831 0.3728729066109309
    outer loop
      vertex 18.617513761580852 -8.314990927615401 7.480612471699715
      vertex 18.875614251729907 -8.04680768518174 7.480612471699715
      vertex 18.76302417975588 -7.953955336441074 7.118514411151409
    endloop
  endfacet
  facet normal -0.7016753216477143 0.675294782773643 0.2272194959709118
    outer loop
      vertex 18.617513761580852 -8.314990927615401 7.480612471699715
      vertex 18.944241514193976 -8.103404171849771 7.860744327306747
      vertex 18.875614251729907 -8.04680768518174 7.480612471699715
    endloop
  endfacet
  facet normal -0.7172398032534554 0.6902740942880848 0.09533488020503818
    outer loop
      vertex 18.67669732843254 -8.3814000299372 7.860744327306747
      vertex 18.837330063682003 -8.268252877020215 8.25
      vertex 18.944241514193976 -8.103404171849771 7.860744327306747
    endloop
  endfacet
  facet normal -0.744365895719843 0.6633763423850446 0.07649340921305348
    outer loop
      vertex 18.837330063682003 -8.268252877020215 8.25
      vertex 18.967297406246736 -8.122418226036578 8.25
      vertex 18.944241514193976 -8.103404171849771 7.860744327306747
    endloop
  endfacet
  facet normal -0.7929627231189281 0.6044492353297988 0.07649340921305275
    outer loop
      vertex 18.944241514193976 -8.103404171849771 7.860744327306747
      vertex 18.967297406246736 -8.122418226036578 8.25
      vertex 19.085719869955128 -7.967062583557483 8.25
    endloop
  endfacet
  facet normal -0.7965352494613381 0.560270378492642 0.2272194959709127
    outer loop
      vertex 18.875614251729907 -8.04680768518174 7.480612471699715
      vertex 18.944241514193976 -8.103404171849771 7.860744327306747
      vertex 19.089751933515345 -7.742368581620822 7.480612471699715
    endloop
  endfacet
  facet normal -0.7965352494613441 0.5602703784926365 0.22721949597090507
    outer loop
      vertex 18.944241514193976 -8.103404171849771 7.860744327306747
      vertex 19.166214326725395 -7.787825878956541 7.860744327306747
      vertex 19.089751933515345 -7.742368581620822 7.480612471699715
    endloop
  endfacet
  facet normal -0.7589422791399032 0.5338280738678356 0.3728729066109337
    outer loop
      vertex 18.875614251729907 -8.04680768518174 7.480612471699715
      vertex 19.089751933515345 -7.742368581620822 7.480612471699715
      vertex 18.96430752489809 -7.667791216955381 7.118514411151409
    endloop
  endfacet
  facet normal -0.8142039031193715 0.5726982318476922 0.09533488020503328
    outer loop
      vertex 18.944241514193976 -8.103404171849771 7.860744327306747
      vertex 19.085719869955128 -7.967062583557483 8.25
      vertex 19.166214326725395 -7.787825878956541 7.860744327306747
    endloop
  endfacet
  facet normal -0.8369061667024549 0.5419749315995779 0.07649340921305468
    outer loop
      vertex 19.085719869955128 -7.967062583557483 8.25
      vertex 19.191902495255647 -7.803097631067178 8.25
      vertex 19.166214326725395 -7.787825878956541 7.860744327306747
    endloop
  endfacet
  facet normal -0.8759382791657374 0.47632015434907926 0.07649340921305424
    outer loop
      vertex 19.166214326725395 -7.787825878956541 7.860744327306747
      vertex 19.191902495255647 -7.803097631067178 8.25
      vertex 19.28522217025069 -7.631485586560746 8.25
    endloop
  endfacet
  facet normal -0.015706812002305434 0.40976934369859175 0.9120539353687093
    outer loop
      vertex 16.953340163807958 -7.717291608933037 6.009793758392334
      vertex 17.13970569010388 -7.710148057737089 6.009793758392334
      vertex 17.098850579903228 -7.356256013531928 5.850092880427837
    endloop
  endfacet
  facet normal -0.015706812002304088 0.40976934369859125 0.9120539353687094
    outer loop
      vertex 16.953340163807958 -7.717291608933037 6.009793758392334
      vertex 17.098850579903228 -7.356256013531928 5.850092880427837
      vertex 16.96698522542394 -7.361310526184653 5.850092880427837
    endloop
  endfacet
  facet normal -0.07807373183230705 0.4025693870331267 0.9120539353687093
    outer loop
      vertex 17.098850579903228 -7.356256013531928 5.850092880427837
      vertex 17.13970569010388 -7.710148057737089 6.009793758392334
      vertex 17.322796633432816 -7.674639661741715 6.009793758392334
    endloop
  endfacet
  facet normal -0.13861066956037862 0.3859335451375977 0.912053935368709
    outer loop
      vertex 17.322796633432816 -7.674639661741715 6.009793758392334
      vertex 17.49832149726383 -7.611598707653526 6.009793758392334
      vertex 17.228398960571454 -7.331131585650956 5.850092880427837
    endloop
  endfacet
  facet normal -0.07807373183230709 0.4025693870331267 0.9120539353687094
    outer loop
      vertex 17.098850579903228 -7.356256013531928 5.850092880427837
      vertex 17.322796633432816 -7.674639661741715 6.009793758392334
      vertex 17.228398960571454 -7.331131585650956 5.850092880427837
    endloop
  endfacet
  facet normal -0.13861066956038504 0.38593354513759237 0.9120539353687105
    outer loop
      vertex 17.49832149726383 -7.611598707653526 6.009793758392334
      vertex 17.35259386318586 -7.286526137836794 5.850092880427837
      vertex 17.228398960571454 -7.331131585650956 5.850092880427837
    endloop
  endfacet
  facet normal -0.19589869067492371 0.3602517480461391 0.9120539353687104
    outer loop
      vertex 17.49832149726383 -7.611598707653526 6.009793758392334
      vertex 17.46852426449189 -7.223485183980378 5.850092880427837
      vertex 17.35259386318586 -7.286526137836794 5.850092880427837
    endloop
  endfacet
  facet normal -0.010177278915641241 0.26551135273587345 0.964054015375819
    outer loop
      vertex 16.96698522542394 -7.361310526184653 5.850092880427837
      vertex 17.098850579903228 -7.356256013531928 5.850092880427837
      vertex 16.981404125228067 -6.985141058521449 5.746643781661987
    endloop
  endfacet
  facet normal -0.050588123466799216 0.26084611785853323 0.9640540153758191
    outer loop
      vertex 17.098850579903228 -7.356256013531928 5.850092880427837
      vertex 17.228398960571454 -7.331131585650956 5.850092880427837
      vertex 17.128647810665527 -6.9681424932996485 5.746643781661987
    endloop
  endfacet
  facet normal -0.010177278915641694 0.26551135273587334 0.964054015375819
    outer loop
      vertex 17.098850579903228 -7.356256013531928 5.850092880427837
      vertex 17.055678496328312 -6.982294057882184 5.746643781661987
      vertex 16.981404125228067 -6.985141058521449 5.746643781661987
    endloop
  endfacet
  facet normal -0.050588123466799084 0.2608461178585332 0.9640540153758191
    outer loop
      vertex 17.098850579903228 -7.356256013531928 5.850092880427837
      vertex 17.128647810665527 -6.9681424932996485 5.746643781661987
      vertex 17.055678496328312 -6.982294057882184 5.746643781661987
    endloop
  endfacet
  facet normal -0.08981322528040009 0.25006687106150755 0.9640540153758188
    outer loop
      vertex 17.228398960571454 -7.331131585650956 5.850092880427837
      vertex 17.35259386318586 -7.286526137836794 5.850092880427837
      vertex 17.198601729357577 -6.943018065453347 5.746643781661987
    endloop
  endfacet
  facet normal -0.12693318121558825 0.2334262687536507 0.9640540153758186
    outer loop
      vertex 17.35259386318586 -7.286526137836794 5.850092880427837
      vertex 17.46852426449189 -7.223485183980378 5.850092880427837
      vertex 17.198601729357577 -6.943018065453347 5.746643781661987
    endloop
  endfacet
  facet normal -0.08981322528039036 0.25006687106150843 0.9640540153758195
    outer loop
      vertex 17.228398960571454 -7.331131585650956 5.850092880427837
      vertex 17.198601729357577 -6.943018065453347 5.746643781661987
      vertex 17.128647810665527 -6.9681424932996485 5.746643781661987
    endloop
  endfacet
  facet normal -0.16107793096665196 0.21131435254914305 0.9640540153758186
    outer loop
      vertex 17.46852426449189 -7.223485183980378 5.850092880427837
      vertex 17.573472854140988 -7.143486350609069 5.850092880427837
      vertex 17.32301384812245 -6.862449592554568 5.746643781661987
    endloop
  endfacet
  facet normal -0.1958986906749235 0.3602517480461391 0.9120539353687103
    outer loop
      vertex 17.49832149726383 -7.611598707653526 6.009793758392334
      vertex 17.662166127556688 -7.522502822005313 6.009793758392334
      vertex 17.46852426449189 -7.223485183980378 5.850092880427837
    endloop
  endfacet
  facet normal -0.2485950125160658 0.3261259553157113 0.9120539353687104
    outer loop
      vertex 17.662166127556688 -7.522502822005313 6.009793758392334
      vertex 17.810490145045605 -7.409440336842501 6.009793758392334
      vertex 17.46852426449189 -7.223485183980378 5.850092880427837
    endloop
  endfacet
  facet normal -0.24859501251606375 0.32612595531571476 0.9120539353687097
    outer loop
      vertex 17.810490145045605 -7.409440336842501 6.009793758392334
      vertex 17.573472854140988 -7.143486350609069 5.850092880427837
      vertex 17.46852426449189 -7.223485183980378 5.850092880427837
    endloop
  endfacet
  facet normal -0.2954644779632037 0.2843560466042269 0.9120539353687074
    outer loop
      vertex 17.810490145045605 -7.409440336842501 6.009793758392334
      vertex 17.939816960474246 -7.275061340989986 6.009793758392334
      vertex 17.66497972614208 -7.048404742573224 5.850092880427837
    endloop
  endfacet
  facet normal -0.29546447796318653 0.28435604660423514 0.9120539353687104
    outer loop
      vertex 17.810490145045605 -7.409440336842501 6.009793758392334
      vertex 17.66497972614208 -7.048404742573224 5.850092880427837
      vertex 17.573472854140988 -7.143486350609069 5.850092880427837
    endloop
  endfacet
  facet normal -0.33540850647096093 0.2359210731693415 0.912053935368707
    outer loop
      vertex 17.66497972614208 -7.048404742573224 5.850092880427837
      vertex 17.939816960474246 -7.275061340989986 6.009793758392334
      vertex 18.047115262901286 -7.122515564216197 6.009793758392334
    endloop
  endfacet
  facet normal -0.2602106771561861 0.4785195397826372 0.8386354711912274
    outer loop
      vertex 17.49832149726383 -7.611598707653526 6.009793758392334
      vertex 17.840287375909433 -7.797553857569191 6.222003176808357
      vertex 17.662166127556688 -7.522502822005313 6.009793758392334
    endloop
  endfacet
  facet normal -0.33020678352464616 0.43319051994956637 0.838635471191227
    outer loop
      vertex 17.662166127556688 -7.522502822005313 6.009793758392334
      vertex 17.840287375909433 -7.797553857569191 6.222003176808357
      vertex 17.810490145045605 -7.409440336842501 6.009793758392334
    endloop
  endfacet
  facet normal -0.33020678352464516 0.4331905199495667 0.8386354711912275
    outer loop
      vertex 17.840287375909433 -7.797553857569191 6.222003176808357
      vertex 18.028510231554428 -7.6540778097655755 6.222003176808357
      vertex 17.810490145045605 -7.409440336842501 6.009793758392334
    endloop
  endfacet
  facet normal -0.48016625970609966 0.4621136871139219 0.7455811848630776
    outer loop
      vertex 18.222422912375563 -7.871664679688687 6.48174712061882
      vertex 18.192625679096636 -7.483551156252047 6.222003176808357
      vertex 18.028510231554428 -7.6540778097655755 6.222003176808357
    endloop
  endfacet
  facet normal -0.39246312275758577 0.37770788148413137 0.8386354711912283
    outer loop
      vertex 17.810490145045605 -7.409440336842501 6.009793758392334
      vertex 18.192625679096636 -7.483551156252047 6.222003176808357
      vertex 17.939816960474246 -7.275061340989986 6.009793758392334
    endloop
  endfacet
  facet normal -0.3924631227575849 0.3777078814841338 0.8386354711912276
    outer loop
      vertex 18.028510231554428 -7.6540778097655755 6.222003176808357
      vertex 18.192625679096636 -7.483551156252047 6.222003176808357
      vertex 17.810490145045605 -7.409440336842501 6.009793758392334
    endloop
  endfacet
  facet normal -0.44552045902940934 0.3133720904070609 0.8386354711912282
    outer loop
      vertex 18.192625679096636 -7.483551156252047 6.222003176808357
      vertex 18.328786991543467 -7.289970897255275 6.222003176808357
      vertex 17.939816960474246 -7.275061340989986 6.009793758392334
    endloop
  endfacet
  facet normal -0.445520459029409 0.3133720904070627 0.8386354711912276
    outer loop
      vertex 17.939816960474246 -7.275061340989986 6.009793758392334
      vertex 18.328786991543467 -7.289970897255275 6.222003176808357
      vertex 18.047115262901286 -7.122515564216197 6.009793758392334
    endloop
  endfacet
  facet normal -0.004405444662260847 0.11493205417434174 0.9933635864982137
    outer loop
      vertex 16.981404125228067 -6.985141058521449 5.746643781661987
      vertex 17.055678496328312 -6.982294057882184 5.746643781661987
      vertex 16.996258896516338 -6.597600297182137 5.7018712386488914
    endloop
  endfacet
  facet normal -0.02189811052127903 0.11291261123100456 0.9933635864982135
    outer loop
      vertex 17.055678496328312 -6.982294057882184 5.746643781661987
      vertex 17.128647810665527 -6.9681424932996485 5.746643781661987
      vertex 17.025881265525236 -6.594180539179436 5.7018712386488914
    endloop
  endfacet
  facet normal -0.038877503229652326 0.108246592380705 0.9933635864982137
    outer loop
      vertex 17.128647810665527 -6.9681424932996485 5.746643781661987
      vertex 17.198601729357577 -6.943018065453347 5.746643781661987
      vertex 17.025881265525236 -6.594180539179436 5.7018712386488914
    endloop
  endfacet
  facet normal -0.054945640213375634 0.10104336515055498 0.9933635864982137
    outer loop
      vertex 17.198601729357577 -6.943018065453347 5.746643781661987
      vertex 17.263900591840496 -6.907509669637519 5.746643781661987
      vertex 17.053091313830812 -6.581982475328787 5.7018712386488914
    endloop
  endfacet
  facet normal -0.12693318121559194 0.2334262687536472 0.9640540153758189
    outer loop
      vertex 17.46852426449189 -7.223485183980378 5.850092880427837
      vertex 17.263900591840496 -6.907509669637519 5.746643781661987
      vertex 17.198601729357577 -6.943018065453347 5.746643781661987
    endloop
  endfacet
  facet normal -0.1610779309666481 0.2113143525491446 0.9640540153758189
    outer loop
      vertex 17.46852426449189 -7.223485183980378 5.850092880427837
      vertex 17.32301384812245 -6.862449592554568 5.746643781661987
      vertex 17.263900591840496 -6.907509669637519 5.746643781661987
    endloop
  endfacet
  facet normal -0.1914471505391893 0.18424940702260895 0.96405401537582
    outer loop
      vertex 17.32301384812245 -6.862449592554568 5.746643781661987
      vertex 17.66497972614208 -7.048404742573224 5.850092880427837
      vertex 17.37455593357825 -6.808894004220167 5.746643781661987
    endloop
  endfacet
  facet normal -0.06972589796025035 0.09147176708166668 0.9933635864982137
    outer loop
      vertex 17.263900591840496 -6.907509669637519 5.746643781661987
      vertex 17.32301384812245 -6.862449592554568 5.746643781661987
      vertex 17.064983672309197 -6.572917324405982 5.7018712386488914
    endloop
  endfacet
  facet normal -0.08287183975587782 0.07975614832025184 0.9933635864982137
    outer loop
      vertex 17.32301384812245 -6.862449592554568 5.746643781661987
      vertex 17.37455593357825 -6.808894004220167 5.746643781661987
      vertex 17.064983672309197 -6.572917324405982 5.7018712386488914
    endloop
  endfacet
  facet normal -0.21732901116615 0.15286581155804937 0.9640540153758204
    outer loop
      vertex 17.37455593357825 -6.808894004220167 5.746643781661987
      vertex 17.66497972614208 -7.048404742573224 5.850092880427837
      vertex 17.417318745409872 -6.748098202233263 5.746643781661987
    endloop
  endfacet
  facet normal -0.004405444662259597 0.11493205417434195 0.9933635864982135
    outer loop
      vertex 17.055678496328312 -6.982294057882184 5.746643781661987
      vertex 17.011201356168158 -6.59702753982922 5.7018712386488914
      vertex 16.996258896516338 -6.597600297182137 5.7018712386488914
    endloop
  endfacet
  facet normal 0 0 1
    outer loop
      vertex 16.996258896516338 -6.597600297182137 5.7018712386488914
      vertex 17.025881265525236 -6.594180539179436 5.7018712386488914
      vertex 17.039954539954337 -6.589126026515008 5.7018712386488914
    endloop
  endfacet
  facet normal 0 0 1
    outer loop
      vertex 16.996258896516338 -6.597600297182137 5.7018712386488914
      vertex 17.011201356168158 -6.59702753982922 5.7018712386488914
      vertex 17.025881265525236 -6.594180539179436 5.7018712386488914
    endloop
  endfacet
  facet normal -0.0218981105212696 0.11291261123100525 0.9933635864982138
    outer loop
      vertex 17.055678496328312 -6.982294057882184 5.746643781661987
      vertex 17.025881265525236 -6.594180539179436 5.7018712386488914
      vertex 17.011201356168158 -6.59702753982922 5.7018712386488914
    endloop
  endfacet
  facet normal -0.03887750322966675 0.10824659238069781 0.9933635864982138
    outer loop
      vertex 17.198601729357577 -6.943018065453347 5.746643781661987
      vertex 17.039954539954337 -6.589126026515008 5.7018712386488914
      vertex 17.025881265525236 -6.594180539179436 5.7018712386488914
    endloop
  endfacet
  facet normal -0.05494564021336061 0.10104336515056121 0.9933635864982138
    outer loop
      vertex 17.198601729357577 -6.943018065453347 5.746643781661987
      vertex 17.053091313830812 -6.581982475328787 5.7018712386488914
      vertex 17.039954539954337 -6.589126026515008 5.7018712386488914
    endloop
  endfacet
  facet normal -0.06972589796027304 0.09147176708165304 0.9933635864982134
    outer loop
      vertex 17.263900591840496 -6.907509669637519 5.746643781661987
      vertex 17.064983672309197 -6.572917324405982 5.7018712386488914
      vertex 17.053091313830812 -6.581982475328787 5.7018712386488914
    endloop
  endfacet
  facet normal -0.08287183975587577 0.07975614832025446 0.9933635864982138
    outer loop
      vertex 17.37455593357825 -6.808894004220167 5.746643781661987
      vertex 17.075352868586265 -6.56214305320096 5.7018712386488914
      vertex 17.064983672309197 -6.572917324405982 5.7018712386488914
    endloop
  endfacet
  facet normal 0 0 1
    outer loop
      vertex 17.039954539954337 -6.589126026515008 5.7018712386488914
      vertex 17.053091313830812 -6.581982475328787 5.7018712386488914
      vertex 17.064983672309197 -6.572917324405982 5.7018712386488914
    endloop
  endfacet
  facet normal -0.09407533586651635 0.06617111304041687 0.993363586498214
    outer loop
      vertex 17.37455593357825 -6.808894004220167 5.746643781661987
      vertex 17.083955857489805 -6.549912201498917 5.7018712386488914
      vertex 17.075352868586265 -6.56214305320096 5.7018712386488914
    endloop
  endfacet
  facet normal 0 0 1
    outer loop
      vertex 17.039954539954337 -6.589126026515008 5.7018712386488914
      vertex 17.064983672309197 -6.572917324405982 5.7018712386488914
      vertex 17.097385381744175 -6.5074767163820715 5.7018712386488914
    endloop
  endfacet
  facet normal 0 0 1
    outer loop
      vertex 17.064983672309197 -6.572917324405982 5.7018712386488914
      vertex 17.075352868586265 -6.56214305320096 5.7018712386488914
      vertex 17.083955857489805 -6.549912201498917 5.7018712386488914
    endloop
  endfacet
  facet normal 0 0 1
    outer loop
      vertex 17.064983672309197 -6.572917324405982 5.7018712386488914
      vertex 17.083955857489805 -6.549912201498917 5.7018712386488914
      vertex 17.097385381744175 -6.5074767163820715 5.7018712386488914
    endloop
  endfacet
  facet normal 0 0 1
    outer loop
      vertex 17.083955857489805 -6.549912201498917 5.7018712386488914
      vertex 17.095102750936114 -6.5222549012511895 5.7018712386488914
      vertex 17.097385381744175 -6.5074767163820715 5.7018712386488914
    endloop
  endfacet
  facet normal 0 0 1
    outer loop
      vertex 17.083955857489805 -6.549912201498917 5.7018712386488914
      vertex 17.090590992251464 -6.536511450097359 5.7018712386488914
      vertex 17.095102750936114 -6.5222549012511895 5.7018712386488914
    endloop
  endfacet
  facet normal 0 0 1
    outer loop
      vertex 17.039954539954337 -6.589126026515008 5.7018712386488914
      vertex 17.097385381744175 -6.5074767163820715 5.7018712386488914
      vertex 17.095102750936114 -6.4777450987488105 5.7018712386488914
    endloop
  endfacet
  facet normal -0.09407533586653202 0.06617111304039919 0.9933635864982137
    outer loop
      vertex 17.37455593357825 -6.808894004220167 5.746643781661987
      vertex 17.417318745409872 -6.748098202233263 5.746643781661987
      vertex 17.083955857489805 -6.549912201498917 5.7018712386488914
    endloop
  endfacet
  facet normal -0.1030737858390411 0.05103508295489973 0.9933635864982135
    outer loop
      vertex 17.083955857489805 -6.549912201498917 5.7018712386488914
      vertex 17.417318745409872 -6.748098202233263 5.746643781661987
      vertex 17.450299959552048 -6.681487188664296 5.746643781661987
    endloop
  endfacet
  facet normal -0.10307378583904298 0.051035082954894555 0.9933635864982138
    outer loop
      vertex 17.083955857489805 -6.549912201498917 5.7018712386488914
      vertex 17.450299959552048 -6.681487188664296 5.746643781661987
      vertex 17.090590992251464 -6.536511450097359 5.7018712386488914
    endloop
  endfacet
  facet normal -0.10965627363276821 0.034702833780275694 0.9933635864982137
    outer loop
      vertex 17.090590992251464 -6.536511450097359 5.7018712386488914
      vertex 17.450299959552048 -6.681487188664296 5.746643781661987
      vertex 17.095102750936114 -6.5222549012511895 5.7018712386488914
    endloop
  endfacet
  facet normal -0.10965627363276911 0.03470283378027375 0.9933635864982138
    outer loop
      vertex 17.095102750936114 -6.5222549012511895 5.7018712386488914
      vertex 17.450299959552048 -6.681487188664296 5.746643781661987
      vertex 17.47272652429887 -6.6106222692144465 5.746643781661987
    endloop
  endfacet
  facet normal -0.11366851131289284 0.017557179594595712 0.9933635864982134
    outer loop
      vertex 17.095102750936114 -6.5222549012511895 5.7018712386488914
      vertex 17.47272652429887 -6.6106222692144465 5.746643781661987
      vertex 17.097385381744175 -6.5074767163820715 5.7018712386488914
    endloop
  endfacet
  facet normal -0.11366851131289252 0.017557179594596888 0.9933635864982135
    outer loop
      vertex 17.097385381744175 -6.5074767163820715 5.7018712386488914
      vertex 17.47272652429887 -6.6106222692144465 5.746643781661987
      vertex 17.48407277998055 -6.537164457533298 5.746643781661987
    endloop
  endfacet
  facet normal -0.1914471505391795 0.1842494070226262 0.9640540153758187
    outer loop
      vertex 17.573472854140988 -7.143486350609069 5.850092880427837
      vertex 17.66497972614208 -7.048404742573224 5.850092880427837
      vertex 17.32301384812245 -6.862449592554568 5.746643781661987
    endloop
  endfacet
  facet normal -0.21732901116616818 0.15286581155803378 0.9640540153758187
    outer loop
      vertex 17.66497972614208 -7.048404742573224 5.850092880427837
      vertex 17.740900036973066 -6.9404689921777685 5.850092880427837
      vertex 17.417318745409872 -6.748098202233263 5.746643781661987
    endloop
  endfacet
  facet normal -0.3354085064709637 0.23592107316933095 0.9120539353687088
    outer loop
      vertex 17.66497972614208 -7.048404742573224 5.850092880427837
      vertex 18.047115262901286 -7.122515564216197 6.009793758392334
      vertex 17.740900036973066 -6.9404689921777685 5.850092880427837
    endloop
  endfacet
  facet normal -0.2381168639709277 0.11789917103360636 0.9640540153758186
    outer loop
      vertex 17.740900036973066 -6.9404689921777685 5.850092880427837
      vertex 17.79945427889517 -6.82220902192987 5.850092880427837
      vertex 17.417318745409872 -6.748098202233263 5.746643781661987
    endloop
  endfacet
  facet normal -0.23811686397093068 0.11789917103359265 0.9640540153758196
    outer loop
      vertex 17.79945427889517 -6.82220902192987 5.850092880427837
      vertex 17.450299959552048 -6.681487188664296 5.746643781661987
      vertex 17.417318745409872 -6.748098202233263 5.746643781661987
    endloop
  endfacet
  facet normal -0.2533234593027138 0.08016907386683038 0.9640540153758197
    outer loop
      vertex 17.79945427889517 -6.82220902192987 5.850092880427837
      vertex 17.83926999010599 -6.696396745299641 5.850092880427837
      vertex 17.450299959552048 -6.681487188664296 5.746643781661987
    endloop
  endfacet
  facet normal -0.3674908438660965 0.1819563097368089 0.9120539353687075
    outer loop
      vertex 18.047115262901286 -7.122515564216197 6.009793758392334
      vertex 18.12987007105967 -6.9553785502369045 6.009793758392334
      vertex 17.79945427889517 -6.82220902192987 5.850092880427837
    endloop
  endfacet
  facet normal -0.3674908438660921 0.1819563097368131 0.9120539353687086
    outer loop
      vertex 18.047115262901286 -7.122515564216197 6.009793758392334
      vertex 17.79945427889517 -6.82220902192987 5.850092880427837
      vertex 17.740900036973066 -6.9404689921777685 5.850092880427837
    endloop
  endfacet
  facet normal -0.39095950735181456 0.12372664462304485 0.9120539353687089
    outer loop
      vertex 17.79945427889517 -6.82220902192987 5.850092880427837
      vertex 18.18614168238588 -6.77756784900102 6.009793758392334
      vertex 17.83926999010599 -6.696396745299641 5.850092880427837
    endloop
  endfacet
  facet normal -0.3909595073518149 0.12372664462305119 0.9120539353687079
    outer loop
      vertex 17.79945427889517 -6.82220902192987 5.850092880427837
      vertex 18.12987007105967 -6.9553785502369045 6.009793758392334
      vertex 18.18614168238588 -6.77756784900102 6.009793758392334
    endloop
  endfacet
  facet normal -0.2533234593027142 0.08016907386682309 0.96405401537582
    outer loop
      vertex 17.450299959552048 -6.681487188664296 5.746643781661987
      vertex 17.83926999010599 -6.696396745299641 5.850092880427837
      vertex 17.47272652429887 -6.6106222692144465 5.746643781661987
    endloop
  endfacet
  facet normal -0.2625923674554514 0.04055988155677406 0.96405401537582
    outer loop
      vertex 17.47272652429887 -6.6106222692144465 5.746643781661987
      vertex 17.83926999010599 -6.696396745299641 5.850092880427837
      vertex 17.48407277998055 -6.537164457533298 5.746643781661987
    endloop
  endfacet
  facet normal -0.2625923674554502 0.040559881556776714 0.96405401537582
    outer loop
      vertex 17.48407277998055 -6.537164457533298 5.746643781661987
      vertex 17.83926999010599 -6.696396745299641 5.850092880427837
      vertex 17.859413924080982 -6.56598109541775 5.850092880427837
    endloop
  endfacet
  facet normal -0.40526441134711877 0.06259693182515927 0.9120539353687094
    outer loop
      vertex 17.83926999010599 -6.696396745299641 5.850092880427837
      vertex 18.21461113800403 -6.593251192640153 6.009793758392334
      vertex 17.859413924080982 -6.56598109541775 5.850092880427837
    endloop
  endfacet
  facet normal -0.40526441134711905 0.0625969318251606 0.9120539353687092
    outer loop
      vertex 17.83926999010599 -6.696396745299641 5.850092880427837
      vertex 18.18614168238588 -6.77756784900102 6.009793758392334
      vertex 18.21461113800403 -6.593251192640153 6.009793758392334
    endloop
  endfacet
  facet normal -0.41007026102663235 -1.268516077199881e-17 0.9120539353687092
    outer loop
      vertex 17.859413924080982 -6.56598109541775 5.850092880427837
      vertex 18.21461113800403 -6.593251192640153 6.009793758392334
      vertex 18.21461113800403 -6.406748807359847 6.009793758392334
    endloop
  endfacet
  facet normal -0.48016625970610327 0.46211368711392065 0.745581184863076
    outer loop
      vertex 18.222422912375563 -7.871664679688687 6.48174712061882
      vertex 18.417480265424118 -7.668987368340391 6.48174712061882
      vertex 18.192625679096636 -7.483551156252047 6.222003176808357
    endloop
  endfacet
  facet normal -0.5450802381930596 0.3834008746854515 0.7455811848630759
    outer loop
      vertex 18.192625679096636 -7.483551156252047 6.222003176808357
      vertex 18.417480265424118 -7.668987368340391 6.48174712061882
      vertex 18.57931308245169 -7.438909983865945 6.48174712061882
    endloop
  endfacet
  facet normal -0.5450802381930601 0.38340087468544815 0.7455811848630772
    outer loop
      vertex 18.192625679096636 -7.483551156252047 6.222003176808357
      vertex 18.57931308245169 -7.438909983865945 6.48174712061882
      vertex 18.328786991543467 -7.289970897255275 6.222003176808357
    endloop
  endfacet
  facet normal -0.6317734056084237 0.44437948643348985 0.6351293065219411
    outer loop
      vertex 18.417480265424118 -7.668987368340391 6.48174712061882
      vertex 18.609110310718847 -7.827023503169407 6.782937414944172
      vertex 18.57931308245169 -7.438909983865945 6.48174712061882
    endloop
  endfacet
  facet normal -0.631773405608426 0.4443794864334887 0.6351293065219398
    outer loop
      vertex 18.57931308245169 -7.438909983865945 6.48174712061882
      vertex 18.609110310718847 -7.827023503169407 6.782937414944172
      vertex 18.79282140768698 -7.565841812918302 6.782937414944172
    endloop
  endfacet
  facet normal -0.6922034995534664 0.3427317890171474 0.6351293065219397
    outer loop
      vertex 18.57931308245169 -7.438909983865945 6.48174712061882
      vertex 18.79282140768698 -7.565841812918302 6.782937414944172
      vertex 18.934510290383898 -7.279677693938021 6.782937414944172
    endloop
  endfacet
  facet normal -0.5972179978853464 0.2957014707098834 0.7455811848630775
    outer loop
      vertex 18.57931308245169 -7.438909983865945 6.48174712061882
      vertex 18.433802663136156 -7.077874389975122 6.222003176808357
      vertex 18.328786991543467 -7.289970897255275 6.222003176808357
    endloop
  endfacet
  facet normal -0.4881351733472019 0.24169112313273758 0.8386354711912279
    outer loop
      vertex 18.047115262901286 -7.122515564216197 6.009793758392334
      vertex 18.328786991543467 -7.289970897255275 6.222003176808357
      vertex 18.12987007105967 -6.9553785502369045 6.009793758392334
    endloop
  endfacet
  facet normal -0.4881351733472054 0.24169112313273466 0.8386354711912268
    outer loop
      vertex 18.12987007105967 -6.9553785502369045 6.009793758392334
      vertex 18.328786991543467 -7.289970897255275 6.222003176808357
      vertex 18.433802663136156 -7.077874389975122 6.222003176808357
    endloop
  endfacet
  facet normal -0.5972179978853515 0.2957014707098795 0.7455811848630749
    outer loop
      vertex 18.57931308245169 -7.438909983865945 6.48174712061882
      vertex 18.7041281393903 -7.18682534515288 6.48174712061882
      vertex 18.433802663136156 -7.077874389975122 6.222003176808357
    endloop
  endfacet
  facet normal -0.6922034995534663 0.3427317890171474 0.6351293065219397
    outer loop
      vertex 18.57931308245169 -7.438909983865945 6.48174712061882
      vertex 18.934510290383898 -7.279677693938021 6.782937414944172
      vertex 18.7041281393903 -7.18682534515288 6.48174712061882
    endloop
  endfacet
  facet normal -0.6353574738857195 0.2010710748857986 0.7455811848630749
    outer loop
      vertex 18.433802663136156 -7.077874389975122 6.222003176808357
      vertex 18.7041281393903 -7.18682534515288 6.48174712061882
      vertex 18.78899987709363 -6.9186421024756 6.48174712061882
    endloop
  endfacet
  facet normal -0.7709067276258061 0.38170024002333036 0.5099095449855818
    outer loop
      vertex 18.79282140768698 -7.565841812918302 6.782937414944172
      vertex 18.96430752489809 -7.667791216955381 7.118514411151409
      vertex 18.934510290383898 -7.279677693938021 6.782937414944172
    endloop
  endfacet
  facet normal -0.8315362706250771 0.4117198393937946 0.3728729066109344
    outer loop
      vertex 18.96430752489809 -7.667791216955381 7.118514411151409
      vertex 19.254907601170785 -7.408809411489489 7.480612471699715
      vertex 19.11954916652654 -7.35425506111819 7.118514411151409
    endloop
  endfacet
  facet normal -0.7709067276258099 0.38170024002332714 0.5099095449855784
    outer loop
      vertex 18.96430752489809 -7.667791216955381 7.118514411151409
      vertex 19.11954916652654 -7.35425506111819 7.118514411151409
      vertex 18.934510290383898 -7.279677693938021 6.782937414944172
    endloop
  endfacet
  facet normal -0.7364089301534636 0.23305074895222064 0.6351293065219398
    outer loop
      vertex 18.7041281393903 -7.18682534515288 6.48174712061882
      vertex 18.934510290383898 -7.279677693938021 6.782937414944172
      vertex 18.78899987709363 -6.9186421024756 6.48174712061882
    endloop
  endfacet
  facet normal -0.8201382958988912 0.25954851479571756 0.509909544985579
    outer loop
      vertex 19.11954916652654 -7.35425506111819 7.118514411151409
      vertex 19.225110372138175 -7.020695890681403 7.118514411151409
      vertex 18.934510290383898 -7.279677693938021 6.782937414944172
    endloop
  endfacet
  facet normal -0.7364089301534658 0.2330507489522184 0.6351293065219381
    outer loop
      vertex 18.78899987709363 -6.9186421024756 6.48174712061882
      vertex 18.934510290383898 -7.279677693938021 6.782937414944172
      vertex 19.030855891489104 -6.975238590636002 6.782937414944172
    endloop
  endfacet
  facet normal -0.8201382958988908 0.2595485147957139 0.5099095449855814
    outer loop
      vertex 18.934510290383898 -7.279677693938021 6.782937414944172
      vertex 19.225110372138175 -7.020695890681403 7.118514411151409
      vertex 19.030855891489104 -6.975238590636002 6.782937414944172
    endloop
  endfacet
  facet normal -0.8846397567042552 0.2799612408419237 0.3728729066109342
    outer loop
      vertex 19.11954916652654 -7.35425506111819 7.118514411151409
      vertex 19.254907601170785 -7.408809411489489 7.480612471699715
      vertex 19.225110372138175 -7.020695890681403 7.118514411151409
    endloop
  endfacet
  facet normal -0.5193084129259374 0.164345120780059 0.8386354711912274
    outer loop
      vertex 18.12987007105967 -6.9553785502369045 6.009793758392334
      vertex 18.433802663136156 -7.077874389975122 6.222003176808357
      vertex 18.505211215539717 -6.852232996777573 6.222003176808357
    endloop
  endfacet
  facet normal -0.519308412925938 0.16434512078006372 0.8386354711912261
    outer loop
      vertex 18.12987007105967 -6.9553785502369045 6.009793758392334
      vertex 18.505211215539717 -6.852232996777573 6.222003176808357
      vertex 18.18614168238588 -6.77756784900102 6.009793758392334
    endloop
  endfacet
  facet normal -0.5383095034510892 0.08314700808875612 0.8386354711912263
    outer loop
      vertex 18.505211215539717 -6.852232996777573 6.222003176808357
      vertex 18.21461113800403 -6.593251192640153 6.009793758392334
      vertex 18.18614168238588 -6.77756784900102 6.009793758392334
    endloop
  endfacet
  facet normal -0.6353574738857212 0.2010710748858094 0.7455811848630706
    outer loop
      vertex 18.433802663136156 -7.077874389975122 6.222003176808357
      vertex 18.78899987709363 -6.9186421024756 6.48174712061882
      vertex 18.505211215539717 -6.852232996777573 6.222003176808357
    endloop
  endfacet
  facet normal -0.6586047092022304 0.10172774348634889 0.7455811848630712
    outer loop
      vertex 18.505211215539717 -6.852232996777573 6.222003176808357
      vertex 18.78899987709363 -6.9186421024756 6.48174712061882
      vertex 18.831938973963872 -6.640646243740886 6.48174712061882
    endloop
  endfacet
  facet normal -0.5383095034510914 0.0831470080887526 0.8386354711912252
    outer loop
      vertex 18.505211215539717 -6.852232996777573 6.222003176808357
      vertex 18.541338892808888 -6.618335560674404 6.222003176808357
      vertex 18.21461113800403 -6.593251192640153 6.009793758392334
    endloop
  endfacet
  facet normal -0.5446930754653231 0 0.838635471191225
    outer loop
      vertex 18.21461113800403 -6.593251192640153 6.009793758392334
      vertex 18.541338892808888 -6.618335560674404 6.222003176808357
      vertex 18.21461113800403 -6.406748807359847 6.009793758392334
    endloop
  endfacet
  facet normal -0.6586047092022252 0.10172774348633311 0.7455811848630777
    outer loop
      vertex 18.505211215539717 -6.852232996777573 6.222003176808357
      vertex 18.831938973963872 -6.640646243740886 6.48174712061882
      vertex 18.541338892808888 -6.618335560674404 6.222003176808357
    endloop
  endfacet
  facet normal -0.7633535595819271 0.1179071968565248 0.6351293065219382
    outer loop
      vertex 18.78899987709363 -6.9186421024756 6.48174712061882
      vertex 19.030855891489104 -6.975238590636002 6.782937414944172
      vertex 18.831938973963872 -6.640646243740886 6.48174712061882
    endloop
  endfacet
  facet normal -0.7633535595819313 0.1179071968565187 0.6351293065219342
    outer loop
      vertex 19.030855891489104 -6.975238590636002 6.782937414944172
      vertex 19.079599951771442 -6.659660297563029 6.782937414944172
      vertex 18.831938973963872 -6.640646243740886 6.48174712061882
    endloop
  endfacet
  facet normal -0.8501465176330867 0.1313131923644121 0.5099095449855814
    outer loop
      vertex 19.030855891489104 -6.975238590636002 6.782937414944172
      vertex 19.225110372138175 -7.020695890681403 7.118514411151409
      vertex 19.278516876542987 -6.67493204988842 7.118514411151409
    endloop
  endfacet
  facet normal -0.9170080366721772 0.1416405880888585 0.37287290661092715
    outer loop
      vertex 19.225110372138175 -7.020695890681403 7.118514411151409
      vertex 19.367210145825837 -7.053948519023981 7.480612471699715
      vertex 19.278516876542987 -6.67493204988842 7.118514411151409
    endloop
  endfacet
  facet normal -0.8501465176330892 0.13131319236442213 0.5099095449855745
    outer loop
      vertex 19.030855891489104 -6.975238590636002 6.782937414944172
      vertex 19.278516876542987 -6.67493204988842 7.118514411151409
      vertex 19.079599951771442 -6.659660297563029 6.782937414944172
    endloop
  endfacet
  facet normal -0.831536270625077 0.41171983939379525 0.37287290661093386
    outer loop
      vertex 18.96430752489809 -7.667791216955381 7.118514411151409
      vertex 19.089751933515345 -7.742368581620822 7.480612471699715
      vertex 19.254907601170785 -7.408809411489489 7.480612471699715
    endloop
  endfacet
  facet normal -0.8727250661395826 0.43211371140290006 0.22721949597090557
    outer loop
      vertex 19.089751933515345 -7.742368581620822 7.480612471699715
      vertex 19.166214326725395 -7.787825878956541 7.860744327306747
      vertex 19.254907601170785 -7.408809411489489 7.480612471699715
    endloop
  endfacet
  facet normal -0.8727250661395946 0.43211371140288524 0.22721949597088797
    outer loop
      vertex 19.254907601170785 -7.408809411489489 7.480612471699715
      vertex 19.166214326725395 -7.787825878956541 7.860744327306747
      vertex 19.337412911436488 -7.442062038971168 7.860744327306747
    endloop
  endfacet
  facet normal -0.8920837535834004 0.4416988082492882 0.09533488020504115
    outer loop
      vertex 19.166214326725395 -7.787825878956541 7.860744327306747
      vertex 19.28522217025069 -7.631485586560746 8.25
      vertex 19.337412911436488 -7.442062038971168 7.860744327306747
    endloop
  endfacet
  facet normal -0.9098300664663321 0.4078700877740731 0.07649340921307878
    outer loop
      vertex 19.337412911436488 -7.442062038971168 7.860744327306747
      vertex 19.28522217025069 -7.631485586560746 8.25
      vertex 19.365131247546174 -7.453233532079898 8.25
    endloop
  endfacet
  facet normal -0.9383825843597612 0.33702653266064375 0.07649340921307933
    outer loop
      vertex 19.337412911436488 -7.442062038971168 7.860744327306747
      vertex 19.365131247546174 -7.453233532079898 8.25
      vertex 19.43116079974007 -7.2693875264177406 8.25
    endloop
  endfacet
  facet normal -0.9284589469549757 0.2938286651604873 0.2272194959708869
    outer loop
      vertex 19.254907601170785 -7.408809411489489 7.480612471699715
      vertex 19.337412911436488 -7.442062038971168 7.860744327306747
      vertex 19.453824518602836 -7.074217063247067 7.860744327306747
    endloop
  endfacet
  facet normal -0.8846397567042599 0.27996124084191765 0.37287290661092803
    outer loop
      vertex 19.254907601170785 -7.408809411489489 7.480612471699715
      vertex 19.367210145825837 -7.053948519023981 7.480612471699715
      vertex 19.225110372138175 -7.020695890681403 7.118514411151409
    endloop
  endfacet
  facet normal -0.9284589469549771 0.29382866516046996 0.22721949597090293
    outer loop
      vertex 19.254907601170785 -7.408809411489489 7.480612471699715
      vertex 19.453824518602836 -7.074217063247067 7.860744327306747
      vertex 19.367210145825837 -7.053948519023981 7.480612471699715
    endloop
  endfacet
  facet normal -0.949053916958543 0.3003463389521126 0.09533488020504213
    outer loop
      vertex 19.337412911436488 -7.442062038971168 7.860744327306747
      vertex 19.43116079974007 -7.2693875264177406 8.25
      vertex 19.453824518602836 -7.074217063247067 7.860744327306747
    endloop
  endfacet
  facet normal -0.9624305369790521 0.14865652404432944 0.22721949597090313
    outer loop
      vertex 19.367210145825837 -7.053948519023981 7.480612471699715
      vertex 19.453824518602836 -7.074217063247067 7.860744327306747
      vertex 19.51272055881835 -6.692912926244273 7.860744327306747
    endloop
  endfacet
  facet normal -0.917008036672177 0.14164058808885926 0.37287290661092787
    outer loop
      vertex 19.367210145825837 -7.053948519023981 7.480612471699715
      vertex 19.424027291017012 -6.686103542777546 7.480612471699715
      vertex 19.278516876542987 -6.67493204988842 7.118514411151409
    endloop
  endfacet
  facet normal -0.9624305369790511 0.148656524044317 0.22721949597091454
    outer loop
      vertex 19.367210145825837 -7.053948519023981 7.480612471699715
      vertex 19.51272055881835 -6.692912926244273 7.860744327306747
      vertex 19.424027291017012 -6.686103542777546 7.480612471699715
    endloop
  endfacet
  facet normal -0.9614283206084571 0.2642051147857766 0.07649340921305854
    outer loop
      vertex 19.453824518602836 -7.074217063247067 7.860744327306747
      vertex 19.43116079974007 -7.2693875264177406 8.25
      vertex 19.482923327986498 -7.081026447023943 8.25
    endloop
  endfacet
  facet normal -0.978831997112573 0.18983329469715135 0.07649340921305849
    outer loop
      vertex 19.453824518602836 -7.074217063247067 7.860744327306747
      vertex 19.482923327986498 -7.081026447023943 8.25
      vertex 19.52011508063989 -6.889255674758129 8.25
    endloop
  endfacet
  facet normal -0.9837790609009883 0.15195400603162565 0.09533488020504505
    outer loop
      vertex 19.453824518602836 -7.074217063247067 7.860744327306747
      vertex 19.52011508063989 -6.889255674758129 8.25
      vertex 19.51272055881835 -6.692912926244273 7.860744327306747
    endloop
  endfacet
  facet normal -0.9904915097843718 0.11434739783676798 0.07649340921305393
    outer loop
      vertex 19.52011508063989 -6.889255674758129 8.25
      vertex 19.54251779004705 -6.695200594504929 8.25
      vertex 19.51272055881835 -6.692912926244273 7.860744327306747
    endloop
  endfacet
  facet normal -0.9963384174726104 0.03819052520113517 0.07649340921305385
    outer loop
      vertex 19.51272055881835 -6.692912926244273 7.860744327306747
      vertex 19.54251779004705 -6.695200594504929 8.25
      vertex 19.549999999999997 -6.5 8.25
    endloop
  endfacet
  facet normal -0.07654926803689985 0.9970658000167366 0
    outer loop
      vertex 17.097671970909587 -9.048128761679566 8.25
      vertex 17.097671970909587 -9.048128761679566 34.99
      vertex 17.292442734424135 -9.033175325926603 8.25
    endloop
  endfacet
  facet normal -0.1526492691524057 0.9882804261075074 -3.1264140726182806e-20
    outer loop
      vertex 17.292442734424135 -9.033175325926603 8.25
      vertex 17.485497328369902 -9.00335621599198 35.03
      vertex 17.485497328369902 -9.00335621599198 8.25
    endloop
  endfacet
  facet normal -0.2278535237472509 0.9736954204041225 0
    outer loop
      vertex 17.485497328369902 -9.00335621599198 8.25
      vertex 17.485497328369902 -9.00335621599198 35.03
      vertex 17.675702829811783 -8.95884641053181 8.25
    endloop
  endfacet
  facet normal -0.30172058406054447 0.9533963966546989 2.1362048702091124e-20
    outer loop
      vertex 17.675702829811783 -8.95884641053181 8.25
      vertex 17.86194303994168 -8.899907122347882 35.03
      vertex 17.86194303994168 -8.899907122347882 8.25
    endloop
  endfacet
  facet normal -0.37381708598066604 0.9275024454032039 0
    outer loop
      vertex 17.86194303994168 -8.899907122347882 8.25
      vertex 17.86194303994168 -8.899907122347882 35.03
      vertex 18.043125023567796 -8.82688421929573 8.25
    endloop
  endfacet
  facet normal -0.44371982420479567 0.896165563725624 3.831267028703299e-20
    outer loop
      vertex 18.043125023567796 -8.82688421929573 8.25
      vertex 18.218185537206267 -8.740206239822903 35.03
      vertex 18.218185537206267 -8.740206239822903 8.25
    endloop
  endfacet
  facet normal -0.5110186925513663 0.8595695991966515 0
    outer loop
      vertex 18.218185537206267 -8.740206239822903 8.25
      vertex 18.218185537206267 -8.740206239822903 35.03
      vertex 18.386097250883154 -8.640381834134969 8.25
    endloop
  endfacet
  facet normal -0.5753186477491685 0.8179293695375341 2.852295445738596e-19
    outer loop
      vertex 18.386097250883154 -8.640381834134969 8.25
      vertex 18.545874797964927 -8.527996821747237 35.03
      vertex 18.545874797964927 -8.527996821747237 8.25
    endloop
  endfacet
  facet normal -0.6362424540880237 0.771489170122335 0
    outer loop
      vertex 18.545874797964927 -8.527996821747237 8.25
      vertex 18.545874797964927 -8.527996821747237 35.03
      vertex 18.696580533439366 -8.403710712885601 8.25
    endloop
  endfacet
  facet normal -0.6934324898077995 0.7205216041722525 1.420009537496307e-19
    outer loop
      vertex 18.696580533439366 -8.403710712885601 8.25
      vertex 18.837330063682003 -8.268252877020215 35.03
      vertex 18.837330063682003 -8.268252877020215 8.25
    endloop
  endfacet
  facet normal -0.7465532317549356 0.6653256887842687 0
    outer loop
      vertex 18.837330063682003 -8.268252877020215 8.25
      vertex 18.837330063682003 -8.268252877020215 35.03
      vertex 18.967297406246736 -8.122418226036578 8.25
    endloop
  endfacet
  facet normal -0.7952928620314393 0.6062254230909836 -2.9761094178742143e-19
    outer loop
      vertex 18.967297406246736 -8.122418226036578 8.25
      vertex 19.085719869955128 -7.967062583557483 35.03
      vertex 19.085719869955128 -7.967062583557483 8.25
    endloop
  endfacet
  facet normal -0.8393654344187023 0.5435675372049946 0
    outer loop
      vertex 19.085719869955128 -7.967062583557483 8.25
      vertex 19.085719869955128 -7.967062583557483 35.03
      vertex 19.191902495255647 -7.803097631067178 8.25
    endloop
  endfacet
  facet normal -0.8785122436280444 0.47771983190529116 3.0995007980753623e-19
    outer loop
      vertex 19.191902495255647 -7.803097631067178 8.25
      vertex 19.28522217025069 -7.631485586560746 35.03
      vertex 19.28522217025069 -7.631485586560746 8.25
    endloop
  endfacet
  facet normal -0.912503622712846 0.4090686232601224 0
    outer loop
      vertex 19.28522217025069 -7.631485586560746 8.25
      vertex 19.28522217025069 -7.631485586560746 35.03
      vertex 19.365131247546174 -7.453233532079898 8.25
    endloop
  endfacet
  facet normal -0.9411400428264604 0.3380168927562772 -1.1508389851856452e-20
    outer loop
      vertex 19.365131247546174 -7.453233532079898 8.25
      vertex 19.43116079974007 -7.2693875264177406 35.03
      vertex 19.43116079974007 -7.2693875264177406 8.25
    endloop
  endfacet
  facet normal -0.9642534994928172 0.26498148749649547 0
    outer loop
      vertex 19.43116079974007 -7.2693875264177406 8.25
      vertex 19.43116079974007 -7.2693875264177406 35.03
      vertex 19.482923327986498 -7.081026447023943 8.25
    endloop
  endfacet
  facet normal -0.9817083170943147 0.19039112413095405 8.222318391766578e-20
    outer loop
      vertex 19.482923327986498 -7.081026447023943 8.25
      vertex 19.52011508063989 -6.889255674758129 35.03
      vertex 19.52011508063989 -6.889255674758129 8.25
    endloop
  endfacet
  facet normal -0.9934020915080405 0.1146834102538408 0
    outer loop
      vertex 19.52011508063989 -6.889255674758129 8.25
      vertex 19.52011508063989 -6.889255674758129 35.03
      vertex 19.54251779004705 -6.695200594504929 8.25
    endloop
  endfacet
  facet normal -0.9992661804668799 0.03830274892397347 -1.3034677675510067e-20
    outer loop
      vertex 19.54251779004705 -6.695200594504929 8.25
      vertex 19.549999999999997 -6.5 34.99
      vertex 19.549999999999997 -6.5 8.25
    endloop
  endfacet
  facet normal 0 0 1
    outer loop
      vertex 17.039954539954337 -6.589126026515008 5.7018712386488914
      vertex 17.095102750936114 -6.4777450987488105 5.7018712386488914
      vertex 17.097385381744175 6.507476716382072 5.7018712386488914
    endloop
  endfacet
  facet normal 0 0 1
    outer loop
      vertex 17.097385381744175 -6.5074767163820715 5.7018712386488914
      vertex 17.097385381744175 6.507476716382072 5.7018712386488914
      vertex 17.095102750936114 -6.4777450987488105 5.7018712386488914
    endloop
  endfacet
  facet normal -0.11501645542880438 0 0.9933635864982135
    outer loop
      vertex 17.097385381744175 -6.5074767163820715 5.7018712386488914
      vertex 17.48407277998055 -6.537164457533298 5.746643781661987
      vertex 17.097385381744175 6.507476716382072 5.7018712386488914
    endloop
  endfacet
  facet normal -0.26570633307800173 0 0.96405401537582
    outer loop
      vertex 17.48407277998055 -6.537164457533298 5.746643781661987
      vertex 17.859413924080982 -6.56598109541775 5.850092880427837
      vertex 17.48407277998055 6.462835542466703 5.746643781661987
    endloop
  endfacet
  facet normal -0.4100702610266324 0 0.9120539353687093
    outer loop
      vertex 17.859413924080982 -6.56598109541775 5.850092880427837
      vertex 18.21461113800403 -6.406748807359847 6.009793758392334
      vertex 17.859413924080982 6.565981095417751 5.850092880427837
    endloop
  endfacet
  facet normal -0.5446930754653231 -1.304839377254624e-18 0.838635471191225
    outer loop
      vertex 18.21461113800403 -6.406748807359847 6.009793758392334
      vertex 18.541338892808888 -6.618335560674404 6.222003176808357
      vertex 18.541338892808888 6.381664439325597 6.222003176808357
    endloop
  endfacet
  facet normal -0.6664148083424988 -3.379134786903504e-19 0.7455811848630773
    outer loop
      vertex 18.541338892808888 -6.618335560674404 6.222003176808357
      vertex 18.831938973963872 -6.640646243740886 6.48174712061882
      vertex 18.831938973963872 6.6406462437408855 6.48174712061882
    endloop
  endfacet
  facet normal -0.9278824254804692 0 0.37287290661092776
    outer loop
      vertex 19.278516876542987 -6.67493204988842 7.118514411151409
      vertex 19.424027291017012 -6.686103542777546 7.480612471699715
      vertex 19.278516876542987 6.325067950111581 7.118514411151409
    endloop
  endfacet
  facet normal -0.77240582856227 0 0.6351293065219342
    outer loop
      vertex 18.831938973963872 -6.640646243740886 6.48174712061882
      vertex 19.079599951771442 -6.659660297563029 6.782937414944172
      vertex 18.831938973963872 6.6406462437408855 6.48174712061882
    endloop
  endfacet
  facet normal -0.8602280255447414 0 0.5099095449855745
    outer loop
      vertex 19.079599951771442 -6.659660297563029 6.782937414944172
      vertex 19.278516876542987 -6.67493204988842 7.118514411151409
      vertex 19.079599951771442 6.659660297563029 6.782937414944172
    endloop
  endfacet
  facet normal -0.973843570934636 0 0.2272194959709144
    outer loop
      vertex 19.424027291017012 -6.686103542777546 7.480612471699715
      vertex 19.51272055881835 -6.692912926244273 7.860744327306747
      vertex 19.424027291017012 6.313896457222455 7.480612471699715
    endloop
  endfacet
  facet normal -0.9954452574683814 0 0.09533488020503285
    outer loop
      vertex 19.51272055881835 -6.692912926244273 7.860744327306747
      vertex 19.549999999999997 -6.5 8.25
      vertex 19.51272055881835 6.307087073755728 7.860744327306747
    endloop
  endfacet
  facet normal -1 0 0
    outer loop
      vertex 19.549999999999997 -6.5 8.25
      vertex 19.549999999999997 -6.5 34.99
      vertex 19.549999999999997 6.5 8.25
    endloop
  endfacet
  facet normal 0 1 0
    outer loop
      vertex 17.097671970909587 -9.048128761679566 8.25
      vertex -16.85154386180139 -9.048128761679566 34.99
      vertex 17.097671970909587 -9.048128761679566 34.99
    endloop
  endfacet
  facet normal 0 1 0
    outer loop
      vertex 17.097671970909587 -9.048128761679566 34.99
      vertex -16.85154386180139 -9.048128761679566 34.99
      vertex 17.097671970909587 -9.048128761679566 35.03
    endloop
  endfacet
  facet normal -0.07654926803690418 0.9970658000167362 -1.2025370053411994e-17
    outer loop
      vertex 17.292442734424135 -9.033175325926603 8.25
      vertex 17.097671970909587 -9.048128761679566 34.99
      vertex 17.097671970909587 -9.048128761679566 35.03
    endloop
  endfacet
  facet normal -0.11468342092221043 0.9934020509863546 -0.00027939520945456414
    outer loop
      vertex 17.292442734424135 -9.033175325926603 8.25
      vertex 17.097671970909587 -9.048128761679566 35.03
      vertex 17.485497328369902 -9.00335621599198 35.03
    endloop
  endfacet
  facet normal -0.2649814918542117 0.9642534578175146 -0.0002793952094546211
    outer loop
      vertex 17.675702829811783 -8.95884641053181 8.25
      vertex 17.485497328369902 -9.00335621599198 35.03
      vertex 17.86194303994168 -8.899907122347882 35.03
    endloop
  endfacet
  facet normal -0.409068621205045 0.9125035808607658 -0.00027939520945458485
    outer loop
      vertex 18.043125023567796 -8.82688421929573 8.25
      vertex 17.86194303994168 -8.899907122347882 35.03
      vertex 18.218185537206267 -8.740206239822903 35.03
    endloop
  endfacet
  facet normal -0.5435675287853182 0.8393653933708126 -0.000279395209454529
    outer loop
      vertex 18.386097250883154 -8.640381834134969 8.25
      vertex 18.218185537206267 -8.740206239822903 35.03
      vertex 18.545874797964927 -8.527996821747237 35.03
    endloop
  endfacet
  facet normal -0.6653256741973498 0.7465531924733555 -0.0002793952094545685
    outer loop
      vertex 18.696580533439366 -8.403710712885601 8.25
      vertex 18.545874797964927 -8.527996821747237 35.03
      vertex 18.837330063682003 -8.268252877020215 35.03
    endloop
  endfacet
  facet normal -0.7714891497100675 0.6362424174934848 -0.00027939520945461613
    outer loop
      vertex 18.967297406246736 -8.122418226036578 8.25
      vertex 18.837330063682003 -8.268252877020215 35.03
      vertex 19.085719869955128 -7.967062583557483 35.03
    endloop
  endfacet
  facet normal -0.8595695734374743 0.5110186595016227 -0.0002793952094546667
    outer loop
      vertex 19.191902495255647 -7.803097631067178 8.25
      vertex 19.085719869955128 -7.967062583557483 35.03
      vertex 19.28522217025069 -7.631485586560746 35.03
    endloop
  endfacet
  facet normal -0.9275024149008942 0.3738170572503699 -0.0002793952094547884
    outer loop
      vertex 19.365131247546174 -7.453233532079898 8.25
      vertex 19.28522217025069 -7.631485586560746 35.03
      vertex 19.43116079974007 -7.2693875264177406 35.03
    endloop
  endfacet
  facet normal -0.9736953858736244 0.2278535000098327 -0.0002793952094545675
    outer loop
      vertex 19.482923327986498 -7.081026447023943 8.25
      vertex 19.43116079974007 -7.2693875264177406 35.03
      vertex 19.52011508063989 -6.889255674758129 35.03
    endloop
  endfacet
  facet normal -0.9970657622674232 0.07654924984870365 -0.00027939520945456523
    outer loop
      vertex 19.54251779004705 -6.695200594504929 8.25
      vertex 19.52011508063989 -6.889255674758129 35.03
      vertex 19.549999999999997 -6.5 35.03
    endloop
  endfacet
  facet normal -0.99926618046688 0.038302748923971695 -8.713682026078636e-18
    outer loop
      vertex 19.54251779004705 -6.695200594504929 8.25
      vertex 19.549999999999997 -6.5 35.03
      vertex 19.549999999999997 -6.5 34.99
    endloop
  endfacet
  facet normal 0 -0.11476652917031273 0.9933924923121775
    outer loop
      vertex -17.003741103483662 6.597600297182137 5.7018712386488914
      vertex 16.996258896516338 6.597600297182137 5.7018712386488914
      vertex 16.981404125228067 6.9851410585214495 5.746643781661987
    endloop
  endfacet
  facet normal 0 -0.2651624289833853 0.964203757644426
    outer loop
      vertex -17.03301477457606 7.361310526184653 5.850092880427837
      vertex 16.981404125228067 6.9851410585214495 5.746643781661987
      vertex 16.96698522542394 7.361310526184653 5.850092880427837
    endloop
  endfacet
  facet normal 0 -0.40931871269840053 0.9123914683045454
    outer loop
      vertex -17.03301477457606 7.361310526184653 5.850092880427837
      vertex 16.96698522542394 7.361310526184653 5.850092880427837
      vertex 16.953340163807958 7.717291608933039 6.009793758392334
    endloop
  endfacet
  facet normal 0 -0.5438486908363704 0.839183294325838
    outer loop
      vertex -17.059211230660267 8.044740404588794 6.222003176808357
      vertex 16.953340163807958 7.717291608933039 6.009793758392334
      vertex 16.940788769339733 8.044740404588794 6.222003176808357
    endloop
  endfacet
  facet normal 0 -0.6655978721135187 0.7463105738484187
    outer loop
      vertex -17.070374764205962 8.335981798049524 6.48174712061882
      vertex 16.940788769339733 8.044740404588794 6.222003176808357
      vertex 16.929625235794035 8.335981798049524 6.48174712061882
    endloop
  endfacet
  facet normal 0 -0.7717183763015877 0.6359644232804545
    outer loop
      vertex -17.079888772676732 8.584189327778525 6.782937414944172
      vertex 16.929625235794035 8.335981798049524 6.48174712061882
      vertex 16.920111227323268 8.584189327778525 6.782937414944172
    endloop
  endfacet
  facet normal 0 -0.8597343078998931 0.5107415391564424
    outer loop
      vertex -17.087530256304913 8.783545233403657 7.118514411151409
      vertex 16.920111227323268 8.584189327778525 6.782937414944172
      vertex 16.912469743695084 8.783545233403657 7.118514411151409
    endloop
  endfacet
  facet normal 0 -0.9275975419447079 0.3735810490082918
    outer loop
      vertex -17.093120104686143 8.929376768295292 7.480612471699715
      vertex 16.912469743695084 8.783545233403657 7.118514411151409
      vertex 16.906879895313857 8.929376768295292 7.480612471699715
    endloop
  endfacet
  facet normal 0 -0.9737325106253027 0.2276949664602721
    outer loop
      vertex -17.096527296681558 9.018265769297571 7.860744327306747
      vertex 16.906879895313857 8.929376768295292 7.480612471699715
      vertex 16.903472703318442 9.018265769297571 7.860744327306747
    endloop
  endfacet
  facet normal 0 -0.9970700863999369 0.07649341675217836
    outer loop
      vertex -17.096527296681558 9.018265769297571 7.860744327306747
      vertex 16.903472703318442 9.018265769297571 7.860744327306747
      vertex 17.097671970909587 9.048128761679564 8.25
    endloop
  endfacet
  facet normal 0 0 1
    outer loop
      vertex 17.039954539954337 -6.589126026515008 5.7018712386488914
      vertex 17.097385381744175 6.507476716382072 5.7018712386488914
      vertex 16.996258896516338 6.597600297182137 5.7018712386488914
    endloop
  endfacet
  facet normal -0.11501645542880437 0 0.9933635864982134
    outer loop
      vertex 17.48407277998055 -6.537164457533298 5.746643781661987
      vertex 17.48407277998055 6.462835542466703 5.746643781661987
      vertex 17.097385381744175 6.507476716382072 5.7018712386488914
    endloop
  endfacet
  facet normal -0.26570633307800173 0 0.9640540153758203
    outer loop
      vertex 17.859413924080982 -6.56598109541775 5.850092880427837
      vertex 17.859413924080982 6.565981095417751 5.850092880427837
      vertex 17.48407277998055 6.462835542466703 5.746643781661987
    endloop
  endfacet
  facet normal -0.41007026102663235 0 0.9120539353687092
    outer loop
      vertex 18.21461113800403 -6.406748807359847 6.009793758392334
      vertex 18.21461113800403 6.593251192640153 6.009793758392334
      vertex 17.859413924080982 6.565981095417751 5.850092880427837
    endloop
  endfacet
  facet normal -0.5446930754653231 0 0.838635471191225
    outer loop
      vertex 18.21461113800403 -6.406748807359847 6.009793758392334
      vertex 18.541338892808888 6.381664439325597 6.222003176808357
      vertex 18.21461113800403 6.593251192640153 6.009793758392334
    endloop
  endfacet
  facet normal -0.6664148083424988 0 0.7455811848630775
    outer loop
      vertex 18.541338892808888 -6.618335560674404 6.222003176808357
      vertex 18.831938973963872 6.6406462437408855 6.48174712061882
      vertex 18.541338892808888 6.381664439325597 6.222003176808357
    endloop
  endfacet
  facet normal -0.77240582856227 0 0.6351293065219343
    outer loop
      vertex 19.079599951771442 -6.659660297563029 6.782937414944172
      vertex 19.079599951771442 6.659660297563029 6.782937414944172
      vertex 18.831938973963872 6.6406462437408855 6.48174712061882
    endloop
  endfacet
  facet normal -0.8602280255447414 0 0.5099095449855745
    outer loop
      vertex 19.278516876542987 -6.67493204988842 7.118514411151409
      vertex 19.278516876542987 6.325067950111581 7.118514411151409
      vertex 19.079599951771442 6.659660297563029 6.782937414944172
    endloop
  endfacet
  facet normal -0.9278824254804692 0 0.37287290661092776
    outer loop
      vertex 19.424027291017012 -6.686103542777546 7.480612471699715
      vertex 19.424027291017012 6.313896457222455 7.480612471699715
      vertex 19.278516876542987 6.325067950111581 7.118514411151409
    endloop
  endfacet
  facet normal -0.973843570934636 0 0.2272194959709144
    outer loop
      vertex 19.51272055881835 -6.692912926244273 7.860744327306747
      vertex 19.51272055881835 6.307087073755728 7.860744327306747
      vertex 19.424027291017012 6.313896457222455 7.480612471699715
    endloop
  endfacet
  facet normal -0.9954452574683814 0 0.09533488020503285
    outer loop
      vertex 19.549999999999997 -6.5 8.25
      vertex 19.549999999999997 6.5 8.25
      vertex 19.51272055881835 6.307087073755728 7.860744327306747
    endloop
  endfacet
  facet normal 0 0 1
    outer loop
      vertex 17.097385381744175 6.507476716382072 5.7018712386488914
      vertex 17.064983672309197 6.5729173244059815 5.7018712386488914
      vertex 16.996258896516338 6.597600297182137 5.7018712386488914
    endloop
  endfacet
  facet normal 0 0 1
    outer loop
      vertex 17.097385381744175 6.507476716382072 5.7018712386488914
      vertex 17.095102750936114 6.522254901251188 5.7018712386488914
      vertex 17.064983672309197 6.5729173244059815 5.7018712386488914
    endloop
  endfacet
  facet normal 0 0 1
    outer loop
      vertex 17.095102750936114 6.522254901251188 5.7018712386488914
      vertex 17.090590992251464 6.536511450097358 5.7018712386488914
      vertex 17.083955857489805 6.549912201498916 5.7018712386488914
    endloop
  endfacet
  facet normal 0 0 1
    outer loop
      vertex 17.095102750936114 6.522254901251188 5.7018712386488914
      vertex 17.083955857489805 6.549912201498916 5.7018712386488914
      vertex 17.064983672309197 6.5729173244059815 5.7018712386488914
    endloop
  endfacet
  facet normal 0 0 1
    outer loop
      vertex 17.064983672309197 6.5729173244059815 5.7018712386488914
      vertex 17.083955857489805 6.549912201498916 5.7018712386488914
      vertex 17.075352868586265 6.562143053200959 5.7018712386488914
    endloop
  endfacet
  facet normal 0 0 1
    outer loop
      vertex 16.996258896516338 6.597600297182137 5.7018712386488914
      vertex 17.039954539954337 6.589126026515007 5.7018712386488914
      vertex 17.025881265525236 6.594180539179437 5.7018712386488914
    endloop
  endfacet
  facet normal 0 0 1
    outer loop
      vertex 16.996258896516338 6.597600297182137 5.7018712386488914
      vertex 17.025881265525236 6.594180539179437 5.7018712386488914
      vertex 17.011201356168158 6.59702753982922 5.7018712386488914
    endloop
  endfacet
  facet normal -0.004405444662259545 -0.1149320541743414 0.9933635864982137
    outer loop
      vertex 16.996258896516338 6.597600297182137 5.7018712386488914
      vertex 17.011201356168158 6.59702753982922 5.7018712386488914
      vertex 17.055678496328312 6.982294057882186 5.746643781661987
    endloop
  endfacet
  facet normal 0 0 1
    outer loop
      vertex 17.064983672309197 6.5729173244059815 5.7018712386488914
      vertex 17.053091313830812 6.581982475328786 5.7018712386488914
      vertex 17.039954539954337 6.589126026515007 5.7018712386488914
    endloop
  endfacet
  facet normal 0 0 1
    outer loop
      vertex 17.064983672309197 6.5729173244059815 5.7018712386488914
      vertex 17.039954539954337 6.589126026515007 5.7018712386488914
      vertex 16.996258896516338 6.597600297182137 5.7018712386488914
    endloop
  endfacet
  facet normal -0.09407533586651602 -0.06617111304041676 0.993363586498214
    outer loop
      vertex 17.083955857489805 6.549912201498916 5.7018712386488914
      vertex 17.37455593357825 6.808894004220168 5.746643781661987
      vertex 17.075352868586265 6.562143053200959 5.7018712386488914
    endloop
  endfacet
  facet normal -0.021898110521262986 -0.11291261123100554 0.9933635864982137
    outer loop
      vertex 17.011201356168158 6.59702753982922 5.7018712386488914
      vertex 17.025881265525236 6.594180539179437 5.7018712386488914
      vertex 17.055678496328312 6.982294057882186 5.746643781661987
    endloop
  endfacet
  facet normal -0.05494564021336018 -0.10104336515056073 0.9933635864982139
    outer loop
      vertex 17.039954539954337 6.589126026515007 5.7018712386488914
      vertex 17.053091313830812 6.581982475328786 5.7018712386488914
      vertex 17.198601729357577 6.943018065453348 5.746643781661987
    endloop
  endfacet
  facet normal -0.038877503229678444 -0.1082465923806921 0.993363586498214
    outer loop
      vertex 17.025881265525236 6.594180539179437 5.7018712386488914
      vertex 17.039954539954337 6.589126026515007 5.7018712386488914
      vertex 17.198601729357577 6.943018065453348 5.746643781661987
    endloop
  endfacet
  facet normal -0.08287183975587555 -0.07975614832025428 0.9933635864982138
    outer loop
      vertex 17.064983672309197 6.5729173244059815 5.7018712386488914
      vertex 17.075352868586265 6.562143053200959 5.7018712386488914
      vertex 17.37455593357825 6.808894004220168 5.746643781661987
    endloop
  endfacet
  facet normal -0.06972589796026978 -0.09147176708164886 0.9933635864982141
    outer loop
      vertex 17.064983672309197 6.5729173244059815 5.7018712386488914
      vertex 17.32301384812245 6.862449592554569 5.746643781661987
      vertex 17.053091313830812 6.581982475328786 5.7018712386488914
    endloop
  endfacet
  facet normal -0.10965627363276852 -0.03470283378027579 0.9933635864982135
    outer loop
      vertex 17.095102750936114 6.522254901251188 5.7018712386488914
      vertex 17.47272652429887 6.610622269214446 5.746643781661987
      vertex 17.090590992251464 6.536511450097358 5.7018712386488914
    endloop
  endfacet
  facet normal -0.11366851131289211 -0.017557179594598765 0.9933635864982137
    outer loop
      vertex 17.097385381744175 6.507476716382072 5.7018712386488914
      vertex 17.47272652429887 6.610622269214446 5.746643781661987
      vertex 17.095102750936114 6.522254901251188 5.7018712386488914
    endloop
  endfacet
  facet normal -0.11501645542880438 -5.123783999762312e-17 0.9933635864982137
    outer loop
      vertex 17.097385381744175 6.507476716382072 5.7018712386488914
      vertex 17.48407277998055 6.462835542466703 5.746643781661987
      vertex 17.48407277998055 6.537164457533297 5.746643781661987
    endloop
  endfacet
  facet normal -0.11366851131289259 -0.017557179594597003 0.9933635864982135
    outer loop
      vertex 17.097385381744175 6.507476716382072 5.7018712386488914
      vertex 17.48407277998055 6.537164457533297 5.746643781661987
      vertex 17.47272652429887 6.610622269214446 5.746643781661987
    endloop
  endfacet
  facet normal -0.10307378583904402 -0.05103508295489169 0.9933635864982139
    outer loop
      vertex 17.090590992251464 6.536511450097358 5.7018712386488914
      vertex 17.450299959552048 6.6814871886642955 5.746643781661987
      vertex 17.083955857489805 6.549912201498916 5.7018712386488914
    endloop
  endfacet
  facet normal -0.10965627363276892 -0.03470283378027364 0.9933635864982137
    outer loop
      vertex 17.090590992251464 6.536511450097358 5.7018712386488914
      vertex 17.47272652429887 6.610622269214446 5.746643781661987
      vertex 17.450299959552048 6.6814871886642955 5.746643781661987
    endloop
  endfacet
  facet normal -0.1030737858390411 -0.05103508295489972 0.9933635864982137
    outer loop
      vertex 17.083955857489805 6.549912201498916 5.7018712386488914
      vertex 17.450299959552048 6.6814871886642955 5.746643781661987
      vertex 17.417318745409872 6.748098202233262 5.746643781661987
    endloop
  endfacet
  facet normal -0.09407533586653283 -0.0661711130403978 0.9933635864982137
    outer loop
      vertex 17.083955857489805 6.549912201498916 5.7018712386488914
      vertex 17.417318745409872 6.748098202233262 5.746643781661987
      vertex 17.37455593357825 6.808894004220168 5.746643781661987
    endloop
  endfacet
  facet normal -0.004405444662259462 -0.11493205417434141 0.9933635864982137
    outer loop
      vertex 16.996258896516338 6.597600297182137 5.7018712386488914
      vertex 17.055678496328312 6.982294057882186 5.746643781661987
      vertex 16.981404125228067 6.9851410585214495 5.746643781661987
    endloop
  endfacet
  facet normal -0.021898110521281704 -0.11291261123100411 0.9933635864982135
    outer loop
      vertex 17.025881265525236 6.594180539179437 5.7018712386488914
      vertex 17.128647810665527 6.9681424932996485 5.746643781661987
      vertex 17.055678496328312 6.982294057882186 5.746643781661987
    endloop
  endfacet
  facet normal -0.03887750322965114 -0.10824659238070558 0.9933635864982135
    outer loop
      vertex 17.025881265525236 6.594180539179437 5.7018712386488914
      vertex 17.198601729357577 6.943018065453348 5.746643781661987
      vertex 17.128647810665527 6.9681424932996485 5.746643781661987
    endloop
  endfacet
  facet normal -0.05494564021337548 -0.1010433651505546 0.9933635864982137
    outer loop
      vertex 17.053091313830812 6.581982475328786 5.7018712386488914
      vertex 17.263900591840496 6.90750966963752 5.746643781661987
      vertex 17.198601729357577 6.943018065453348 5.746643781661987
    endloop
  endfacet
  facet normal -0.08287183975587754 -0.07975614832025157 0.9933635864982137
    outer loop
      vertex 17.064983672309197 6.5729173244059815 5.7018712386488914
      vertex 17.37455593357825 6.808894004220168 5.746643781661987
      vertex 17.32301384812245 6.862449592554569 5.746643781661987
    endloop
  endfacet
  facet normal -0.0697258979602507 -0.09147176708166711 0.9933635864982135
    outer loop
      vertex 17.053091313830812 6.581982475328786 5.7018712386488914
      vertex 17.32301384812245 6.862449592554569 5.746643781661987
      vertex 17.263900591840496 6.90750966963752 5.746643781661987
    endloop
  endfacet
  facet normal -0.21732901116615205 -0.15286581155804635 0.9640540153758204
    outer loop
      vertex 17.417318745409872 6.748098202233262 5.746643781661987
      vertex 17.66497972614208 7.048404742573226 5.850092880427837
      vertex 17.37455593357825 6.808894004220168 5.746643781661987
    endloop
  endfacet
  facet normal -0.12693318121559172 -0.23342626875364675 0.9640540153758191
    outer loop
      vertex 17.263900591840496 6.90750966963752 5.746643781661987
      vertex 17.46852426449189 7.2234851839803795 5.850092880427837
      vertex 17.198601729357577 6.943018065453348 5.746643781661987
    endloop
  endfacet
  facet normal -0.191447150539189 -0.1842494070226087 0.9640540153758201
    outer loop
      vertex 17.37455593357825 6.808894004220168 5.746643781661987
      vertex 17.66497972614208 7.048404742573226 5.850092880427837
      vertex 17.32301384812245 6.862449592554569 5.746643781661987
    endloop
  endfacet
  facet normal -0.16107793096664785 -0.21131435254914427 0.9640540153758189
    outer loop
      vertex 17.32301384812245 6.862449592554569 5.746643781661987
      vertex 17.46852426449189 7.2234851839803795 5.850092880427837
      vertex 17.263900591840496 6.90750966963752 5.746643781661987
    endloop
  endfacet
  facet normal -0.26570633307800173 0 0.9640540153758201
    outer loop
      vertex 17.48407277998055 6.462835542466703 5.746643781661987
      vertex 17.859413924080982 6.565981095417751 5.850092880427837
      vertex 17.48407277998055 6.537164457533297 5.746643781661987
    endloop
  endfacet
  facet normal -0.2625923674554503 -0.0405598815567739 0.9640540153758203
    outer loop
      vertex 17.48407277998055 6.537164457533297 5.746643781661987
      vertex 17.859413924080982 6.565981095417751 5.850092880427837
      vertex 17.47272652429887 6.610622269214446 5.746643781661987
    endloop
  endfacet
  facet normal -0.25332345930271594 -0.08016907386682362 0.9640540153758196
    outer loop
      vertex 17.47272652429887 6.610622269214446 5.746643781661987
      vertex 17.79945427889517 6.822209021929872 5.850092880427837
      vertex 17.450299959552048 6.6814871886642955 5.746643781661987
    endloop
  endfacet
  facet normal -0.2625923674554506 -0.04055988155677704 0.96405401537582
    outer loop
      vertex 17.47272652429887 6.610622269214446 5.746643781661987
      vertex 17.859413924080982 6.565981095417751 5.850092880427837
      vertex 17.83926999010599 6.696396745299641 5.850092880427837
    endloop
  endfacet
  facet normal -0.25332345930271266 -0.08016907386682888 0.9640540153758199
    outer loop
      vertex 17.47272652429887 6.610622269214446 5.746643781661987
      vertex 17.83926999010599 6.696396745299641 5.850092880427837
      vertex 17.79945427889517 6.822209021929872 5.850092880427837
    endloop
  endfacet
  facet normal -0.40526441134711916 -0.06259693182515977 0.912053935368709
    outer loop
      vertex 17.859413924080982 6.565981095417751 5.850092880427837
      vertex 18.18614168238588 6.77756784900102 6.009793758392334
      vertex 17.83926999010599 6.696396745299641 5.850092880427837
    endloop
  endfacet
  facet normal -0.4052644113471187 -0.06259693182516056 0.912053935368709
    outer loop
      vertex 17.859413924080982 6.565981095417751 5.850092880427837
      vertex 18.21461113800403 6.593251192640153 6.009793758392334
      vertex 18.18614168238588 6.77756784900102 6.009793758392334
    endloop
  endfacet
  facet normal -0.2381168639709299 -0.11789917103359235 0.9640540153758198
    outer loop
      vertex 17.450299959552048 6.6814871886642955 5.746643781661987
      vertex 17.79945427889517 6.822209021929872 5.850092880427837
      vertex 17.417318745409872 6.748098202233262 5.746643781661987
    endloop
  endfacet
  facet normal -0.23811686397092705 -0.11789917103360602 0.9640540153758188
    outer loop
      vertex 17.417318745409872 6.748098202233262 5.746643781661987
      vertex 17.79945427889517 6.822209021929872 5.850092880427837
      vertex 17.740900036973066 6.94046899217777 5.850092880427837
    endloop
  endfacet
  facet normal -0.21732901116616735 -0.15286581155803317 0.964054015375819
    outer loop
      vertex 17.417318745409872 6.748098202233262 5.746643781661987
      vertex 17.740900036973066 6.94046899217777 5.850092880427837
      vertex 17.66497972614208 7.048404742573226 5.850092880427837
    endloop
  endfacet
  facet normal -0.1914471505391786 -0.18424940702262704 0.9640540153758188
    outer loop
      vertex 17.32301384812245 6.862449592554569 5.746643781661987
      vertex 17.66497972614208 7.048404742573226 5.850092880427837
      vertex 17.573472854140988 7.14348635060907 5.850092880427837
    endloop
  endfacet
  facet normal -0.33540850647096454 -0.23592107316933153 0.9120539353687083
    outer loop
      vertex 17.66497972614208 7.048404742573226 5.850092880427837
      vertex 17.740900036973066 6.94046899217777 5.850092880427837
      vertex 18.047115262901286 7.122515564216197 6.009793758392334
    endloop
  endfacet
  facet normal -0.390959507351815 -0.12372664462304322 0.912053935368709
    outer loop
      vertex 17.83926999010599 6.696396745299641 5.850092880427837
      vertex 18.18614168238588 6.77756784900102 6.009793758392334
      vertex 17.79945427889517 6.822209021929872 5.850092880427837
    endloop
  endfacet
  facet normal -0.3909595073518154 -0.12372664462305133 0.9120539353687078
    outer loop
      vertex 18.18614168238588 6.77756784900102 6.009793758392334
      vertex 18.12987007105967 6.9553785502369045 6.009793758392334
      vertex 17.79945427889517 6.822209021929872 5.850092880427837
    endloop
  endfacet
  facet normal -0.36749084386609276 -0.18195630973681348 0.9120539353687084
    outer loop
      vertex 17.79945427889517 6.822209021929872 5.850092880427837
      vertex 18.047115262901286 7.122515564216197 6.009793758392334
      vertex 17.740900036973066 6.94046899217777 5.850092880427837
    endloop
  endfacet
  facet normal -0.3674908438660972 -0.1819563097368092 0.9120539353687074
    outer loop
      vertex 17.79945427889517 6.822209021929872 5.850092880427837
      vertex 18.12987007105967 6.9553785502369045 6.009793758392334
      vertex 18.047115262901286 7.122515564216197 6.009793758392334
    endloop
  endfacet
  facet normal -0.01017727891563848 -0.2655113527358739 0.9640540153758188
    outer loop
      vertex 16.981404125228067 6.9851410585214495 5.746643781661987
      vertex 17.055678496328312 6.982294057882186 5.746643781661987
      vertex 16.96698522542394 7.361310526184653 5.850092880427837
    endloop
  endfacet
  facet normal -0.05058812346680485 -0.2608461178585305 0.9640540153758196
    outer loop
      vertex 17.055678496328312 6.982294057882186 5.746643781661987
      vertex 17.128647810665527 6.9681424932996485 5.746643781661987
      vertex 17.228398960571454 7.331131585650958 5.850092880427837
    endloop
  endfacet
  facet normal -0.010177278915644902 -0.26551135273587534 0.9640540153758185
    outer loop
      vertex 17.055678496328312 6.982294057882186 5.746643781661987
      vertex 17.098850579903228 7.356256013531926 5.850092880427837
      vertex 16.96698522542394 7.361310526184653 5.850092880427837
    endloop
  endfacet
  facet normal -0.05058812346679261 -0.2608461178585363 0.9640540153758187
    outer loop
      vertex 17.055678496328312 6.982294057882186 5.746643781661987
      vertex 17.228398960571454 7.331131585650958 5.850092880427837
      vertex 17.098850579903228 7.356256013531926 5.850092880427837
    endloop
  endfacet
  facet normal -0.08981322528038713 -0.25006687106150827 0.9640540153758198
    outer loop
      vertex 17.128647810665527 6.9681424932996485 5.746643781661987
      vertex 17.198601729357577 6.943018065453348 5.746643781661987
      vertex 17.228398960571454 7.331131585650958 5.850092880427837
    endloop
  endfacet
  facet normal -0.08981322528040157 -0.2500668710615069 0.9640540153758188
    outer loop
      vertex 17.198601729357577 6.943018065453348 5.746643781661987
      vertex 17.35259386318586 7.286526137836795 5.850092880427837
      vertex 17.228398960571454 7.331131585650958 5.850092880427837
    endloop
  endfacet
  facet normal -0.12693318121558683 -0.23342626875365133 0.9640540153758186
    outer loop
      vertex 17.198601729357577 6.943018065453348 5.746643781661987
      vertex 17.46852426449189 7.2234851839803795 5.850092880427837
      vertex 17.35259386318586 7.286526137836795 5.850092880427837
    endloop
  endfacet
  facet normal -0.16107793096665304 -0.2113143525491421 0.9640540153758186
    outer loop
      vertex 17.32301384812245 6.862449592554569 5.746643781661987
      vertex 17.573472854140988 7.14348635060907 5.850092880427837
      vertex 17.46852426449189 7.2234851839803795 5.850092880427837
    endloop
  endfacet
  facet normal -0.19589869067492158 -0.3602517480461403 0.9120539353687103
    outer loop
      vertex 17.35259386318586 7.286526137836795 5.850092880427837
      vertex 17.46852426449189 7.2234851839803795 5.850092880427837
      vertex 17.662166127556688 7.522502822005315 6.009793758392334
    endloop
  endfacet
  facet normal -0.01570681200230955 -0.4097693436985887 0.9120539353687105
    outer loop
      vertex 16.96698522542394 7.361310526184653 5.850092880427837
      vertex 17.098850579903228 7.356256013531926 5.850092880427837
      vertex 17.13970569010388 7.71014805773709 6.009793758392334
    endloop
  endfacet
  facet normal -0.07807373183229585 -0.4025693870331256 0.9120539353687107
    outer loop
      vertex 17.098850579903228 7.356256013531926 5.850092880427837
      vertex 17.228398960571454 7.331131585650958 5.850092880427837
      vertex 17.13970569010388 7.71014805773709 6.009793758392334
    endloop
  endfacet
  facet normal -0.015706812002307346 -0.4097693436985896 0.91205393536871
    outer loop
      vertex 16.96698522542394 7.361310526184653 5.850092880427837
      vertex 17.13970569010388 7.71014805773709 6.009793758392334
      vertex 16.953340163807958 7.717291608933039 6.009793758392334
    endloop
  endfacet
  facet normal -0.13861066956038717 -0.38593354513759054 0.9120539353687108
    outer loop
      vertex 17.228398960571454 7.331131585650958 5.850092880427837
      vertex 17.35259386318586 7.286526137836795 5.850092880427837
      vertex 17.49832149726383 7.611598707653528 6.009793758392334
    endloop
  endfacet
  facet normal -0.19589869067492321 -0.36025174804613846 0.9120539353687108
    outer loop
      vertex 17.35259386318586 7.286526137836795 5.850092880427837
      vertex 17.662166127556688 7.522502822005315 6.009793758392334
      vertex 17.49832149726383 7.611598707653528 6.009793758392334
    endloop
  endfacet
  facet normal -0.0780737318323092 -0.4025693870331279 0.9120539353687086
    outer loop
      vertex 17.228398960571454 7.331131585650958 5.850092880427837
      vertex 17.322796633432816 7.674639661741715 6.009793758392334
      vertex 17.13970569010388 7.71014805773709 6.009793758392334
    endloop
  endfacet
  facet normal -0.13861066956037568 -0.3859335451376003 0.9120539353687085
    outer loop
      vertex 17.228398960571454 7.331131585650958 5.850092880427837
      vertex 17.49832149726383 7.611598707653528 6.009793758392334
      vertex 17.322796633432816 7.674639661741715 6.009793758392334
    endloop
  endfacet
  facet normal -0.2954644779631918 -0.2843560466042428 0.9120539353687064
    outer loop
      vertex 17.66497972614208 7.048404742573226 5.850092880427837
      vertex 17.939816960474246 7.275061340989986 6.009793758392334
      vertex 17.573472854140988 7.14348635060907 5.850092880427837
    endloop
  endfacet
  facet normal -0.2485950125160646 -0.3261259553157122 0.9120539353687105
    outer loop
      vertex 17.573472854140988 7.14348635060907 5.850092880427837
      vertex 17.662166127556688 7.522502822005315 6.009793758392334
      vertex 17.46852426449189 7.2234851839803795 5.850092880427837
    endloop
  endfacet
  facet normal -0.2954644779632001 -0.2843560466042235 0.9120539353687095
    outer loop
      vertex 17.573472854140988 7.14348635060907 5.850092880427837
      vertex 17.939816960474246 7.275061340989986 6.009793758392334
      vertex 17.810490145045605 7.409440336842501 6.009793758392334
    endloop
  endfacet
  facet normal -0.2485950125160693 -0.3261259553157107 0.9120539353687096
    outer loop
      vertex 17.573472854140988 7.14348635060907 5.850092880427837
      vertex 17.810490145045605 7.409440336842501 6.009793758392334
      vertex 17.662166127556688 7.522502822005315 6.009793758392334
    endloop
  endfacet
  facet normal -0.33540850647096165 -0.23592107316934213 0.9120539353687065
    outer loop
      vertex 17.66497972614208 7.048404742573226 5.850092880427837
      vertex 18.047115262901286 7.122515564216197 6.009793758392334
      vertex 17.939816960474246 7.275061340989986 6.009793758392334
    endloop
  endfacet
  facet normal -0.4455204590294079 -0.31337209040706193 0.8386354711912286
    outer loop
      vertex 17.939816960474246 7.275061340989986 6.009793758392334
      vertex 18.047115262901286 7.122515564216197 6.009793758392334
      vertex 18.192625679096636 7.483551156252048 6.222003176808357
    endloop
  endfacet
  facet normal -0.260210677156187 -0.4785195397826389 0.8386354711912263
    outer loop
      vertex 17.49832149726383 7.611598707653528 6.009793758392334
      vertex 17.662166127556688 7.522502822005315 6.009793758392334
      vertex 17.840287375909433 7.797553857569191 6.222003176808357
    endloop
  endfacet
  facet normal -0.3924631227575871 -0.3777078814841327 0.8386354711912269
    outer loop
      vertex 17.939816960474246 7.275061340989986 6.009793758392334
      vertex 18.028510231554428 7.654077809765575 6.222003176808357
      vertex 17.810490145045605 7.409440336842501 6.009793758392334
    endloop
  endfacet
  facet normal -0.3924631227575819 -0.3777078814841348 0.8386354711912285
    outer loop
      vertex 17.939816960474246 7.275061340989986 6.009793758392334
      vertex 18.192625679096636 7.483551156252048 6.222003176808357
      vertex 18.028510231554428 7.654077809765575 6.222003176808357
    endloop
  endfacet
  facet normal -0.33020678352464955 -0.43319051994956403 0.8386354711912272
    outer loop
      vertex 17.662166127556688 7.522502822005315 6.009793758392334
      vertex 17.810490145045605 7.409440336842501 6.009793758392334
      vertex 18.028510231554428 7.654077809765575 6.222003176808357
    endloop
  endfacet
  facet normal -0.3302067835246478 -0.4331905199495674 0.8386354711912262
    outer loop
      vertex 17.662166127556688 7.522502822005315 6.009793758392334
      vertex 18.028510231554428 7.654077809765575 6.222003176808357
      vertex 17.840287375909433 7.797553857569191 6.222003176808357
    endloop
  endfacet
  facet normal -0.5446930754653232 -7.167292658114451e-17 0.838635471191225
    outer loop
      vertex 18.21461113800403 6.593251192640153 6.009793758392334
      vertex 18.541338892808888 6.381664439325597 6.222003176808357
      vertex 18.541338892808888 6.618335560674403 6.222003176808357
    endloop
  endfacet
  facet normal -0.5383095034510911 -0.0831470080887564 0.8386354711912248
    outer loop
      vertex 18.21461113800403 6.593251192640153 6.009793758392334
      vertex 18.541338892808888 6.618335560674403 6.222003176808357
      vertex 18.18614168238588 6.77756784900102 6.009793758392334
    endloop
  endfacet
  facet normal -0.6664148083424988 0 0.7455811848630775
    outer loop
      vertex 18.541338892808888 6.381664439325597 6.222003176808357
      vertex 18.831938973963872 6.6406462437408855 6.48174712061882
      vertex 18.541338892808888 6.618335560674403 6.222003176808357
    endloop
  endfacet
  facet normal -0.6586047092022254 -0.10172774348633275 0.7455811848630778
    outer loop
      vertex 18.541338892808888 6.618335560674403 6.222003176808357
      vertex 18.831938973963872 6.6406462437408855 6.48174712061882
      vertex 18.505211215539717 6.852232996777573 6.222003176808357
    endloop
  endfacet
  facet normal -0.53830950345109 -0.08314700808875199 0.8386354711912262
    outer loop
      vertex 18.18614168238588 6.77756784900102 6.009793758392334
      vertex 18.541338892808888 6.618335560674403 6.222003176808357
      vertex 18.505211215539717 6.852232996777573 6.222003176808357
    endloop
  endfacet
  facet normal -0.5193084129259359 -0.16434512078006308 0.8386354711912276
    outer loop
      vertex 18.18614168238588 6.77756784900102 6.009793758392334
      vertex 18.433802663136156 7.077874389975122 6.222003176808357
      vertex 18.12987007105967 6.9553785502369045 6.009793758392334
    endloop
  endfacet
  facet normal -0.519308412925939 -0.16434512078005944 0.8386354711912262
    outer loop
      vertex 18.18614168238588 6.77756784900102 6.009793758392334
      vertex 18.505211215539717 6.852232996777573 6.222003176808357
      vertex 18.433802663136156 7.077874389975122 6.222003176808357
    endloop
  endfacet
  facet normal -0.6586047092022302 -0.10172774348634793 0.7455811848630716
    outer loop
      vertex 18.831938973963872 6.6406462437408855 6.48174712061882
      vertex 18.78899987709363 6.9186421024756015 6.48174712061882
      vertex 18.505211215539717 6.852232996777573 6.222003176808357
    endloop
  endfacet
  facet normal -0.6353574738857206 -0.2010710748858092 0.7455811848630712
    outer loop
      vertex 18.505211215539717 6.852232996777573 6.222003176808357
      vertex 18.78899987709363 6.9186421024756015 6.48174712061882
      vertex 18.433802663136156 7.077874389975122 6.222003176808357
    endloop
  endfacet
  facet normal -0.8602280255447415 0 0.5099095449855746
    outer loop
      vertex 19.278516876542987 6.325067950111581 7.118514411151409
      vertex 19.278516876542987 6.674932049888419 7.118514411151409
      vertex 19.079599951771442 6.659660297563029 6.782937414944172
    endloop
  endfacet
  facet normal -0.9278824254804691 0 0.37287290661092776
    outer loop
      vertex 19.278516876542987 6.325067950111581 7.118514411151409
      vertex 19.424027291017012 6.313896457222455 7.480612471699715
      vertex 19.278516876542987 6.674932049888419 7.118514411151409
    endloop
  endfacet
  facet normal -0.7633535595819274 -0.11790719685652372 0.635129306521938
    outer loop
      vertex 18.831938973963872 6.6406462437408855 6.48174712061882
      vertex 19.030855891489104 6.975238590636003 6.782937414944172
      vertex 18.78899987709363 6.9186421024756015 6.48174712061882
    endloop
  endfacet
  facet normal -0.7633535595819312 -0.11790719685651838 0.6351293065219344
    outer loop
      vertex 18.831938973963872 6.6406462437408855 6.48174712061882
      vertex 19.079599951771442 6.659660297563029 6.782937414944172
      vertex 19.030855891489104 6.975238590636003 6.782937414944172
    endloop
  endfacet
  facet normal -0.8501465176330896 -0.1313131923644218 0.5099095449855743
    outer loop
      vertex 19.079599951771442 6.659660297563029 6.782937414944172
      vertex 19.278516876542987 6.674932049888419 7.118514411151409
      vertex 19.030855891489104 6.975238590636003 6.782937414944172
    endloop
  endfacet
  facet normal -0.9170080366721769 -0.14164058808885843 0.3728729066109278
    outer loop
      vertex 19.278516876542987 6.674932049888419 7.118514411151409
      vertex 19.424027291017012 6.686103542777545 7.480612471699715
      vertex 19.225110372138175 7.020695890681402 7.118514411151409
    endloop
  endfacet
  facet normal -0.850146517633087 -0.1313131923644122 0.509909544985581
    outer loop
      vertex 19.278516876542987 6.674932049888419 7.118514411151409
      vertex 19.225110372138175 7.020695890681402 7.118514411151409
      vertex 19.030855891489104 6.975238590636003 6.782937414944172
    endloop
  endfacet
  facet normal -0.48813517334720274 -0.241691123132738 0.8386354711912274
    outer loop
      vertex 18.12987007105967 6.9553785502369045 6.009793758392334
      vertex 18.328786991543467 7.289970897255273 6.222003176808357
      vertex 18.047115262901286 7.122515564216197 6.009793758392334
    endloop
  endfacet
  facet normal -0.4881351733472048 -0.24169112313273636 0.8386354711912267
    outer loop
      vertex 18.12987007105967 6.9553785502369045 6.009793758392334
      vertex 18.433802663136156 7.077874389975122 6.222003176808357
      vertex 18.328786991543467 7.289970897255273 6.222003176808357
    endloop
  endfacet
  facet normal -0.4455204590294128 -0.31337209040705905 0.838635471191227
    outer loop
      vertex 18.047115262901286 7.122515564216197 6.009793758392334
      vertex 18.328786991543467 7.289970897255273 6.222003176808357
      vertex 18.192625679096636 7.483551156252048 6.222003176808357
    endloop
  endfacet
  facet normal -0.5972179978853448 -0.2957014707098852 0.7455811848630779
    outer loop
      vertex 18.433802663136156 7.077874389975122 6.222003176808357
      vertex 18.57931308245169 7.438909983865944 6.48174712061882
      vertex 18.328786991543467 7.289970897255273 6.222003176808357
    endloop
  endfacet
  facet normal -0.6353574738857193 -0.20107107488580048 0.7455811848630747
    outer loop
      vertex 18.78899987709363 6.9186421024756015 6.48174712061882
      vertex 18.7041281393903 7.186825345152879 6.48174712061882
      vertex 18.433802663136156 7.077874389975122 6.222003176808357
    endloop
  endfacet
  facet normal -0.597217997885352 -0.2957014707098797 0.7455811848630745
    outer loop
      vertex 18.433802663136156 7.077874389975122 6.222003176808357
      vertex 18.7041281393903 7.186825345152879 6.48174712061882
      vertex 18.57931308245169 7.438909983865944 6.48174712061882
    endloop
  endfacet
  facet normal -0.6922034995534667 -0.34273178901714757 0.635129306521939
    outer loop
      vertex 18.7041281393903 7.186825345152879 6.48174712061882
      vertex 18.934510290383898 7.2796776939380194 6.782937414944172
      vertex 18.57931308245169 7.438909983865944 6.48174712061882
    endloop
  endfacet
  facet normal -0.5450802381930618 -0.38340087468544404 0.745581184863078
    outer loop
      vertex 18.192625679096636 7.483551156252048 6.222003176808357
      vertex 18.328786991543467 7.289970897255273 6.222003176808357
      vertex 18.57931308245169 7.438909983865944 6.48174712061882
    endloop
  endfacet
  facet normal -0.4801662597061004 -0.4621136871139275 0.7455811848630737
    outer loop
      vertex 18.192625679096636 7.483551156252048 6.222003176808357
      vertex 18.417480265424118 7.668987368340389 6.48174712061882
      vertex 18.028510231554428 7.654077809765575 6.222003176808357
    endloop
  endfacet
  facet normal -0.5450802381930604 -0.3834008746854535 0.7455811848630741
    outer loop
      vertex 18.192625679096636 7.483551156252048 6.222003176808357
      vertex 18.57931308245169 7.438909983865944 6.48174712061882
      vertex 18.417480265424118 7.668987368340389 6.48174712061882
    endloop
  endfacet
  facet normal -0.6317734056084218 -0.4443794864334903 0.6351293065219428
    outer loop
      vertex 18.57931308245169 7.438909983865944 6.48174712061882
      vertex 18.609110310718847 7.827023503169407 6.782937414944172
      vertex 18.417480265424118 7.668987368340389 6.48174712061882
    endloop
  endfacet
  facet normal -0.6922034995534668 -0.3427317890171477 0.635129306521939
    outer loop
      vertex 18.934510290383898 7.2796776939380194 6.782937414944172
      vertex 18.79282140768698 7.5658418129183005 6.782937414944172
      vertex 18.57931308245169 7.438909983865944 6.48174712061882
    endloop
  endfacet
  facet normal -0.6317734056084278 -0.44437948643348696 0.6351293065219391
    outer loop
      vertex 18.57931308245169 7.438909983865944 6.48174712061882
      vertex 18.79282140768698 7.5658418129183005 6.782937414944172
      vertex 18.609110310718847 7.827023503169407 6.782937414944172
    endloop
  endfacet
  facet normal -0.7364089301534632 -0.2330507489522228 0.6351293065219394
    outer loop
      vertex 18.78899987709363 6.9186421024756015 6.48174712061882
      vertex 18.934510290383898 7.2796776939380194 6.782937414944172
      vertex 18.7041281393903 7.186825345152879 6.48174712061882
    endloop
  endfacet
  facet normal -0.7364089301534655 -0.23305074895222042 0.6351293065219377
    outer loop
      vertex 18.78899987709363 6.9186421024756015 6.48174712061882
      vertex 19.030855891489104 6.975238590636003 6.782937414944172
      vertex 18.934510290383898 7.2796776939380194 6.782937414944172
    endloop
  endfacet
  facet normal -0.8201382958988906 -0.2595485147957161 0.5099095449855804
    outer loop
      vertex 18.934510290383898 7.2796776939380194 6.782937414944172
      vertex 19.030855891489104 6.975238590636003 6.782937414944172
      vertex 19.225110372138175 7.020695890681402 7.118514411151409
    endloop
  endfacet
  facet normal -0.8201382958988909 -0.2595485147957181 0.5099095449855789
    outer loop
      vertex 18.934510290383898 7.2796776939380194 6.782937414944172
      vertex 19.225110372138175 7.020695890681402 7.118514411151409
      vertex 19.11954916652654 7.354255061118188 7.118514411151409
    endloop
  endfacet
  facet normal -0.8846397567042547 -0.27996124084192425 0.3728729066109354
    outer loop
      vertex 19.225110372138175 7.020695890681402 7.118514411151409
      vertex 19.254907601170785 7.408809411489489 7.480612471699715
      vertex 19.11954916652654 7.354255061118188 7.118514411151409
    endloop
  endfacet
  facet normal -0.7709067276258061 -0.38170024002333036 0.5099095449855818
    outer loop
      vertex 18.934510290383898 7.2796776939380194 6.782937414944172
      vertex 18.96430752489809 7.667791216955379 7.118514411151409
      vertex 18.79282140768698 7.5658418129183005 6.782937414944172
    endloop
  endfacet
  facet normal -0.77090672762581 -0.3817002400233272 0.5099095449855785
    outer loop
      vertex 18.934510290383898 7.2796776939380194 6.782937414944172
      vertex 19.11954916652654 7.354255061118188 7.118514411151409
      vertex 18.96430752489809 7.667791216955379 7.118514411151409
    endloop
  endfacet
  facet normal -0.8315362706250761 -0.4117198393937941 0.37287290661093736
    outer loop
      vertex 19.11954916652654 7.354255061118188 7.118514411151409
      vertex 19.089751933515345 7.742368581620823 7.480612471699715
      vertex 18.96430752489809 7.667791216955379 7.118514411151409
    endloop
  endfacet
  facet normal -0.9278824254804692 0 0.3728729066109278
    outer loop
      vertex 19.424027291017012 6.313896457222455 7.480612471699715
      vertex 19.424027291017012 6.686103542777545 7.480612471699715
      vertex 19.278516876542987 6.674932049888419 7.118514411151409
    endloop
  endfacet
  facet normal -0.9170080366721769 -0.1416405880888582 0.37287290661092803
    outer loop
      vertex 19.424027291017012 6.686103542777545 7.480612471699715
      vertex 19.367210145825837 7.053948519023983 7.480612471699715
      vertex 19.225110372138175 7.020695890681402 7.118514411151409
    endloop
  endfacet
  facet normal -0.9624305369790541 -0.14865652404431637 0.22721949597090288
    outer loop
      vertex 19.424027291017012 6.686103542777545 7.480612471699715
      vertex 19.453824518602836 7.074217063247069 7.860744327306747
      vertex 19.367210145825837 7.053948519023983 7.480612471699715
    endloop
  endfacet
  facet normal -0.8846397567042587 -0.27996124084191865 0.3728729066109297
    outer loop
      vertex 19.225110372138175 7.020695890681402 7.118514411151409
      vertex 19.367210145825837 7.053948519023983 7.480612471699715
      vertex 19.254907601170785 7.408809411489489 7.480612471699715
    endloop
  endfacet
  facet normal -0.9284589469549768 -0.29382866516047135 0.22721949597090293
    outer loop
      vertex 19.367210145825837 7.053948519023983 7.480612471699715
      vertex 19.453824518602836 7.074217063247069 7.860744327306747
      vertex 19.254907601170785 7.408809411489489 7.480612471699715
    endloop
  endfacet
  facet normal -0.9284589469549752 -0.29382866516049 0.22721949597088564
    outer loop
      vertex 19.254907601170785 7.408809411489489 7.480612471699715
      vertex 19.453824518602836 7.074217063247069 7.860744327306747
      vertex 19.337412911436488 7.442062038971166 7.860744327306747
    endloop
  endfacet
  facet normal -0.949053916958542 -0.3003463389521152 0.09533488020504279
    outer loop
      vertex 19.453824518602836 7.074217063247069 7.860744327306747
      vertex 19.43116079974007 7.269387526417741 8.25
      vertex 19.337412911436488 7.442062038971166 7.860744327306747
    endloop
  endfacet
  facet normal -0.831536270625077 -0.4117198393937931 0.3728729066109362
    outer loop
      vertex 19.11954916652654 7.354255061118188 7.118514411151409
      vertex 19.254907601170785 7.408809411489489 7.480612471699715
      vertex 19.089751933515345 7.742368581620823 7.480612471699715
    endloop
  endfacet
  facet normal -0.8727250661395949 -0.4321137114028854 0.22721949597088603
    outer loop
      vertex 19.254907601170785 7.408809411489489 7.480612471699715
      vertex 19.337412911436488 7.442062038971166 7.860744327306747
      vertex 19.166214326725395 7.787825878956539 7.860744327306747
    endloop
  endfacet
  facet normal -0.8727250661395843 -0.4321137114028986 0.22721949597090166
    outer loop
      vertex 19.254907601170785 7.408809411489489 7.480612471699715
      vertex 19.166214326725395 7.787825878956539 7.860744327306747
      vertex 19.089751933515345 7.742368581620823 7.480612471699715
    endloop
  endfacet
  facet normal -0.9383825843597612 -0.33702653266064375 0.07649340921308165
    outer loop
      vertex 19.43116079974007 7.269387526417741 8.25
      vertex 19.365131247546174 7.453233532079899 8.25
      vertex 19.337412911436488 7.442062038971166 7.860744327306747
    endloop
  endfacet
  facet normal -0.9098300664663312 -0.40787008777407474 0.07649340921308155
    outer loop
      vertex 19.337412911436488 7.442062038971166 7.860744327306747
      vertex 19.365131247546174 7.453233532079899 8.25
      vertex 19.28522217025069 7.631485586560746 8.25
    endloop
  endfacet
  facet normal -0.8920837535834002 -0.4416988082492881 0.09533488020504316
    outer loop
      vertex 19.337412911436488 7.442062038971166 7.860744327306747
      vertex 19.28522217025069 7.631485586560746 8.25
      vertex 19.166214326725395 7.787825878956539 7.860744327306747
    endloop
  endfacet
  facet normal -0.9738435709346361 -2.26129636016549e-17 0.22721949597091443
    outer loop
      vertex 19.424027291017012 6.313896457222455 7.480612471699715
      vertex 19.51272055881835 6.307087073755728 7.860744327306747
      vertex 19.51272055881835 6.692912926244272 7.860744327306747
    endloop
  endfacet
  facet normal -0.9738435709346361 0 0.2272194959709144
    outer loop
      vertex 19.424027291017012 6.313896457222455 7.480612471699715
      vertex 19.51272055881835 6.692912926244272 7.860744327306747
      vertex 19.424027291017012 6.686103542777545 7.480612471699715
    endloop
  endfacet
  facet normal -0.9954452574683814 0 0.09533488020503285
    outer loop
      vertex 19.51272055881835 6.307087073755728 7.860744327306747
      vertex 19.549999999999997 6.5 8.25
      vertex 19.51272055881835 6.692912926244272 7.860744327306747
    endloop
  endfacet
  facet normal -0.9963384174726104 -0.03819052520113517 0.07649340921305393
    outer loop
      vertex 19.549999999999997 6.5 8.25
      vertex 19.54251779004705 6.695200594504929 8.25
      vertex 19.51272055881835 6.692912926244272 7.860744327306747
    endloop
  endfacet
  facet normal -0.9624305369790497 -0.14865652404432805 0.22721949597091445
    outer loop
      vertex 19.424027291017012 6.686103542777545 7.480612471699715
      vertex 19.51272055881835 6.692912926244272 7.860744327306747
      vertex 19.453824518602836 7.074217063247069 7.860744327306747
    endloop
  endfacet
  facet normal -0.9904915097843718 -0.11434739783676795 0.07649340921305418
    outer loop
      vertex 19.51272055881835 6.692912926244272 7.860744327306747
      vertex 19.54251779004705 6.695200594504929 8.25
      vertex 19.52011508063989 6.889255674758129 8.25
    endloop
  endfacet
  facet normal -0.9837790609009884 -0.15195400603162462 0.09533488020504488
    outer loop
      vertex 19.51272055881835 6.692912926244272 7.860744327306747
      vertex 19.52011508063989 6.889255674758129 8.25
      vertex 19.453824518602836 7.074217063247069 7.860744327306747
    endloop
  endfacet
  facet normal -0.9788319971125734 -0.18983329469714966 0.07649340921305849
    outer loop
      vertex 19.52011508063989 6.889255674758129 8.25
      vertex 19.482923327986498 7.081026447023945 8.25
      vertex 19.453824518602836 7.074217063247069 7.860744327306747
    endloop
  endfacet
  facet normal -0.9614283206084567 -0.2642051147857778 0.07649340921305853
    outer loop
      vertex 19.453824518602836 7.074217063247069 7.860744327306747
      vertex 19.482923327986498 7.081026447023945 8.25
      vertex 19.43116079974007 7.269387526417741 8.25
    endloop
  endfacet
  facet normal -0.02086323381235586 -0.5442933693650523 0.8386354711912261
    outer loop
      vertex 16.953340163807958 7.717291608933039 6.009793758392334
      vertex 17.13970569010388 7.71014805773709 6.009793758392334
      vertex 16.940788769339733 8.044740404588794 6.222003176808357
    endloop
  endfacet
  facet normal -0.020863233812356653 -0.5442933693650527 0.8386354711912258
    outer loop
      vertex 16.940788769339733 8.044740404588794 6.222003176808357
      vertex 17.13970569010388 7.71014805773709 6.009793758392334
      vertex 17.177286216934974 8.035675253655647 6.222003176808357
    endloop
  endfacet
  facet normal -0.10370471879216105 -0.5347297240289784 0.838635471191227
    outer loop
      vertex 17.13970569010388 7.71014805773709 6.009793758392334
      vertex 17.322796633432816 7.674639661741715 6.009793758392334
      vertex 17.409628225866086 7.990615176354801 6.222003176808357
    endloop
  endfacet
  facet normal -0.18411545305950458 -0.5126324671775684 0.8386354711912277
    outer loop
      vertex 17.49832149726383 7.611598707653528 6.009793758392334
      vertex 17.409628225866086 7.990615176354801 6.222003176808357
      vertex 17.322796633432816 7.674639661741715 6.009793758392334
    endloop
  endfacet
  facet normal -0.10370471879215734 -0.5347297240289811 0.8386354711912258
    outer loop
      vertex 17.13970569010388 7.71014805773709 6.009793758392334
      vertex 17.409628225866086 7.990615176354801 6.222003176808357
      vertex 17.177286216934974 8.035675253655647 6.222003176808357
    endloop
  endfacet
  facet normal -0.02552550893104127 -0.6659257805281166 0.7455811848630772
    outer loop
      vertex 16.940788769339733 8.044740404588794 6.222003176808357
      vertex 17.177286216934974 8.035675253655647 6.222003176808357
      vertex 17.21071130551823 8.325207526812505 6.48174712061882
    endloop
  endfacet
  facet normal -0.02552550893102998 -0.6659257805281227 0.745581184863072
    outer loop
      vertex 16.940788769339733 8.044740404588794 6.222003176808357
      vertex 17.21071130551823 8.325207526812505 6.48174712061882
      vertex 16.929625235794035 8.335981798049524 6.48174712061882
    endloop
  endfacet
  facet normal -0.12687945452408886 -0.6542249619189416 0.7455811848630765
    outer loop
      vertex 17.177286216934974 8.035675253655647 6.222003176808357
      vertex 17.409628225866086 7.990615176354801 6.222003176808357
      vertex 17.21071130551823 8.325207526812505 6.48174712061882
    endloop
  endfacet
  facet normal -0.12687945452409385 -0.6542249619189431 0.7455811848630743
    outer loop
      vertex 17.409628225866086 7.990615176354801 6.222003176808357
      vertex 17.4868584808317 8.27165193812116 6.48174712061882
      vertex 17.21071130551823 8.325207526812505 6.48174712061882
    endloop
  endfacet
  facet normal -0.18411545305952157 -0.5126324671775698 0.8386354711912233
    outer loop
      vertex 17.49832149726383 7.611598707653528 6.009793758392334
      vertex 17.632368896367673 7.910616342707037 6.222003176808357
      vertex 17.409628225866086 7.990615176354801 6.222003176808357
    endloop
  endfacet
  facet normal -0.26021067715617885 -0.47851953978264977 0.8386354711912227
    outer loop
      vertex 17.49832149726383 7.611598707653528 6.009793758392334
      vertex 17.840287375909433 7.797553857569191 6.222003176808357
      vertex 17.632368896367673 7.910616342707037 6.222003176808357
    endloop
  endfacet
  facet normal -0.3183595612952583 -0.5854535733173539 0.7455811848630789
    outer loop
      vertex 17.632368896367673 7.910616342707037 6.222003176808357
      vertex 17.840287375909433 7.797553857569191 6.222003176808357
      vertex 17.75159410599659 8.176570329582809 6.48174712061882
    endloop
  endfacet
  facet normal -0.40399759106168726 -0.5299949463858358 0.7455811848630763
    outer loop
      vertex 17.840287375909433 7.797553857569191 6.222003176808357
      vertex 18.028510231554428 7.654077809765575 6.222003176808357
      vertex 18.222422912375563 7.871664679688685 6.48174712061882
    endloop
  endfacet
  facet normal -0.3183595612952689 -0.5854535733173535 0.7455811848630747
    outer loop
      vertex 17.840287375909433 7.797553857569191 6.222003176808357
      vertex 17.998713002338533 8.042191333514154 6.48174712061882
      vertex 17.75159410599659 8.176570329582809 6.48174712061882
    endloop
  endfacet
  facet normal -0.4039975910616846 -0.5299949463858411 0.7455811848630739
    outer loop
      vertex 17.840287375909433 7.797553857569191 6.222003176808357
      vertex 18.222422912375563 7.871664679688685 6.48174712061882
      vertex 17.998713002338533 8.042191333514154 6.48174712061882
    endloop
  endfacet
  facet normal -0.22525945324113997 -0.6271896646977521 0.745581184863073
    outer loop
      vertex 17.632368896367673 7.910616342707037 6.222003176808357
      vertex 17.4868584808317 8.27165193812116 6.48174712061882
      vertex 17.409628225866086 7.990615176354801 6.222003176808357
    endloop
  endfacet
  facet normal -0.22525945324112795 -0.6271896646977507 0.7455811848630779
    outer loop
      vertex 17.632368896367673 7.910616342707037 6.222003176808357
      vertex 17.75159410599659 8.176570329582809 6.48174712061882
      vertex 17.4868584808317 8.27165193812116 6.48174712061882
    endloop
  endfacet
  facet normal -0.2610862070351451 -0.7269420585527842 0.6351293065219413
    outer loop
      vertex 17.4868584808317 8.27165193812116 6.48174712061882
      vertex 17.75159410599659 8.176570329582809 6.48174712061882
      vertex 17.552677183927358 8.511162673776496 6.782937414944172
    endloop
  endfacet
  facet normal -0.36899357223858614 -0.6785679830669675 0.6351293065219358
    outer loop
      vertex 17.998713002338533 8.042191333514154 6.48174712061882
      vertex 18.13372963893157 8.25068114624959 6.782937414944172
      vertex 17.75159410599659 8.176570329582809 6.48174712061882
    endloop
  endfacet
  facet normal -0.468252040853185 -0.6142888491856187 0.6351293065219361
    outer loop
      vertex 18.222422912375563 7.871664679688685 6.48174712061882
      vertex 18.13372963893157 8.25068114624959 6.782937414944172
      vertex 17.998713002338533 8.042191333514154 6.48174712061882
    endloop
  endfacet
  facet normal -0.3689935722385853 -0.678567983066969 0.6351293065219349
    outer loop
      vertex 17.75159410599659 8.176570329582809 6.48174712061882
      vertex 18.13372963893157 8.25068114624959 6.782937414944172
      vertex 17.85320258414515 8.403226923000442 6.782937414944172
    endloop
  endfacet
  facet normal -0.029585254752041112 -0.7718390225288014 0.6351293065219406
    outer loop
      vertex 16.929625235794035 8.335981798049524 6.48174712061882
      vertex 17.21071130551823 8.325207526812505 6.48174712061882
      vertex 16.920111227323268 8.584189327778525 6.782937414944172
    endloop
  endfacet
  facet normal -0.14705920242523005 -0.7582772283136385 0.6351293065219408
    outer loop
      vertex 17.21071130551823 8.325207526812505 6.48174712061882
      vertex 17.4868584808317 8.27165193812116 6.48174712061882
      vertex 17.552677183927358 8.511162673776496 6.782937414944172
    endloop
  endfacet
  facet normal -0.02958525475204458 -0.7718390225288031 0.6351293065219386
    outer loop
      vertex 16.920111227323268 8.584189327778525 6.782937414944172
      vertex 17.21071130551823 8.325207526812505 6.48174712061882
      vertex 17.239197498945757 8.57195847606167 6.782937414944172
    endloop
  endfacet
  facet normal -0.03294908497513735 -0.8595967739189727 0.5099095449855745
    outer loop
      vertex 16.920111227323268 8.584189327778525 6.782937414944172
      vertex 17.239197498945757 8.57195847606167 6.782937414944172
      vertex 16.912469743695084 8.783545233403657 7.118514411151409
    endloop
  endfacet
  facet normal -0.1470592024252275 -0.7582772283136405 0.6351293065219391
    outer loop
      vertex 17.21071130551823 8.325207526812505 6.48174712061882
      vertex 17.552677183927358 8.511162673776496 6.782937414944172
      vertex 17.239197498945757 8.57195847606167 6.782937414944172
    endloop
  endfacet
  facet normal -0.16377976791799928 -0.8444930097717394 0.5099095449855742
    outer loop
      vertex 17.239197498945757 8.57195847606167 6.782937414944172
      vertex 17.552677183927358 8.511162673776496 6.782937414944172
      vertex 17.605541604185007 8.703533467948791 7.118514411151409
    endloop
  endfacet
  facet normal -0.03294908497514338 -0.859596773918975 0.5099095449855701
    outer loop
      vertex 16.912469743695084 8.783545233403657 7.118514411151409
      vertex 17.239197498945757 8.57195847606167 6.782937414944172
      vertex 17.26207710656587 8.770144481962202 7.118514411151409
    endloop
  endfacet
  facet normal -0.03554043343884029 -0.9272015277740268 0.37287290661093914
    outer loop
      vertex 16.912469743695084 8.783545233403657 7.118514411151409
      vertex 17.26207710656587 8.770144481962202 7.118514411151409
      vertex 17.278813848256547 8.915120219419734 7.480612471699715
    endloop
  endfacet
  facet normal -0.16377976791799473 -0.8444930097717426 0.5099095449855703
    outer loop
      vertex 17.239197498945757 8.57195847606167 6.782937414944172
      vertex 17.605541604185007 8.703533467948791 7.118514411151409
      vertex 17.26207710656587 8.770144481962202 7.118514411151409
    endloop
  endfacet
  facet normal -0.17666056416162654 -0.9109098970730345 0.37287290661093814
    outer loop
      vertex 17.605541604185007 8.703533467948791 7.118514411151409
      vertex 17.644212640907767 8.84425529956195 7.480612471699715
      vertex 17.26207710656587 8.770144481962202 7.118514411151409
    endloop
  endfacet
  facet normal -0.2610862070351533 -0.7269420585527849 0.6351293065219369
    outer loop
      vertex 17.75159410599659 8.176570329582809 6.48174712061882
      vertex 17.85320258414515 8.403226923000442 6.782937414944172
      vertex 17.552677183927358 8.511162673776496 6.782937414944172
    endloop
  endfacet
  facet normal -0.2907715919141458 -0.8095950452345404 0.509909544985575
    outer loop
      vertex 17.85320258414515 8.403226923000442 6.782937414944172
      vertex 17.934812719835307 8.585273497075022 7.118514411151409
      vertex 17.552677183927358 8.511162673776496 6.782937414944172
    endloop
  endfacet
  facet normal -0.29077159191414553 -0.8095950452345407 0.5099095449855746
    outer loop
      vertex 17.552677183927358 8.511162673776496 6.782937414944172
      vertex 17.934812719835307 8.585273497075022 7.118514411151409
      vertex 17.605541604185007 8.703533467948791 7.118514411151409
    endloop
  endfacet
  facet normal -0.4109479762423995 -0.7557208590179828 0.5099095449855773
    outer loop
      vertex 17.85320258414515 8.403226923000442 6.782937414944172
      vertex 18.13372963893157 8.25068114624959 6.782937414944172
      vertex 17.934812719835307 8.585273497075022 7.118514411151409
    endloop
  endfacet
  facet normal -0.41094797624240115 -0.7557208590179827 0.5099095449855762
    outer loop
      vertex 18.13372963893157 8.25068114624959 6.782937414944172
      vertex 18.242172617643185 8.418136482825673 7.118514411151409
      vertex 17.934812719835307 8.585273497075022 7.118514411151409
    endloop
  endfacet
  facet normal -0.31363992099101934 -0.8732673104360761 0.37287290661093747
    outer loop
      vertex 17.605541604185007 8.703533467948791 7.118514411151409
      vertex 17.934812719835307 8.585273497075022 7.118514411151409
      vertex 17.644212640907767 8.84425529956195 7.480612471699715
    endloop
  endfacet
  facet normal -0.03554043343883488 -0.9272015277740289 0.3728729066109344
    outer loop
      vertex 16.912469743695084 8.783545233403657 7.118514411151409
      vertex 17.278813848256547 8.915120219419734 7.480612471699715
      vertex 16.906879895313857 8.929376768295292 7.480612471699715
    endloop
  endfacet
  facet normal -0.037300870953254586 -0.9731289460687387 0.22721949597091085
    outer loop
      vertex 16.906879895313857 8.929376768295292 7.480612471699715
      vertex 17.278813848256547 8.915120219419734 7.480612471699715
      vertex 16.903472703318442 9.018265769297571 7.860744327306747
    endloop
  endfacet
  facet normal -0.17666056416162731 -0.9109098970730342 0.37287290661093886
    outer loop
      vertex 17.26207710656587 8.770144481962202 7.118514411151409
      vertex 17.644212640907767 8.84425529956195 7.480612471699715
      vertex 17.278813848256547 8.915120219419734 7.480612471699715
    endloop
  endfacet
  facet normal -0.1854111576231262 -0.9560303359619833 0.22721949597089955
    outer loop
      vertex 17.278813848256547 8.915120219419734 7.480612471699715
      vertex 17.644212640907767 8.84425529956195 7.480612471699715
      vertex 17.289015429485346 9.00348758441897 7.860744327306747
    endloop
  endfacet
  facet normal -0.44326782390124403 -0.8151560781895534 0.37287290661092864
    outer loop
      vertex 17.934812719835307 8.585273497075022 7.118514411151409
      vertex 18.321500119801428 8.54063232102073 7.480612471699715
      vertex 17.99451163526541 8.718443022381091 7.480612471699715
    endloop
  endfacet
  facet normal -0.1854111576231288 -0.9560303359619833 0.2272194959708972
    outer loop
      vertex 17.644212640907767 8.84425529956195 7.480612471699715
      vertex 17.667783878943233 8.930029772419271 7.860744327306747
      vertex 17.289015429485346 9.00348758441897 7.860744327306747
    endloop
  endfacet
  facet normal -0.329175563905511 -0.9165231850740172 0.22721949597089589
    outer loop
      vertex 17.644212640907767 8.84425529956195 7.480612471699715
      vertex 18.03090004026606 8.799614122151795 7.860744327306747
      vertex 17.667783878943233 8.930029772419271 7.860744327306747
    endloop
  endfacet
  facet normal -0.31363992099102583 -0.873267310436076 0.3728729066109322
    outer loop
      vertex 17.644212640907767 8.84425529956195 7.480612471699715
      vertex 17.934812719835307 8.585273497075022 7.118514411151409
      vertex 17.99451163526541 8.718443022381091 7.480612471699715
    endloop
  endfacet
  facet normal -0.3291755639055239 -0.9165231850740089 0.2272194959709099
    outer loop
      vertex 17.644212640907767 8.84425529956195 7.480612471699715
      vertex 17.99451163526541 8.718443022381091 7.480612471699715
      vertex 18.03090004026606 8.799614122151795 7.860744327306747
    endloop
  endfacet
  facet normal -0.4652243739662246 -0.8555335075369398 0.22721949597091226
    outer loop
      vertex 17.99451163526541 8.718443022381091 7.480612471699715
      vertex 18.321500119801428 8.54063232102073 7.480612471699715
      vertex 18.03090004026606 8.799614122151795 7.860744327306747
    endloop
  endfacet
  facet normal -0.22718593274097182 -0.970842577512738 0.07649340921306799
    outer loop
      vertex 17.667783878943233 8.930029772419271 7.860744327306747
      vertex 17.675702829811783 8.958846410531812 8.25
      vertex 17.485497328369902 9.003356215991978 8.25
    endloop
  endfacet
  facet normal -0.30083656899239775 -0.9506030281373211 0.07649340921306852
    outer loop
      vertex 17.667783878943233 8.930029772419271 7.860744327306747
      vertex 17.86194303994168 8.899907122347884 8.25
      vertex 17.675702829811783 8.958846410531812 8.25
    endloop
  endfacet
  facet normal -0.44241976371387554 -0.8935398765708911 0.0764934092130504
    outer loop
      vertex 18.218185537206267 8.740206239822903 8.25
      vertex 18.043125023567796 8.826884219295728 8.25
      vertex 18.03090004026606 8.799614122151795 7.860744327306747
    endloop
  endfacet
  facet normal -0.3364772985560046 -0.9368533973748204 0.09533488020504448
    outer loop
      vertex 17.667783878943233 8.930029772419271 7.860744327306747
      vertex 18.03090004026606 8.799614122151795 7.860744327306747
      vertex 17.86194303994168 8.899907122347884 8.25
    endloop
  endfacet
  facet normal -0.37272183443274226 -0.9247849439107755 0.07649340921305046
    outer loop
      vertex 18.03090004026606 8.799614122151795 7.860744327306747
      vertex 18.043125023567796 8.826884219295728 8.25
      vertex 17.86194303994168 8.899907122347884 8.25
    endloop
  endfacet
  facet normal -0.037300870953266 -0.9731289460687407 0.2272194959709001
    outer loop
      vertex 16.903472703318442 9.018265769297571 7.860744327306747
      vertex 17.278813848256547 8.915120219419734 7.480612471699715
      vertex 17.289015429485346 9.00348758441897 7.860744327306747
    endloop
  endfacet
  facet normal -0.0381282745998236 -0.9947147808755691 0.0953348802050383
    outer loop
      vertex 16.903472703318442 9.018265769297571 7.860744327306747
      vertex 17.289015429485346 9.00348758441897 7.860744327306747
      vertex 17.097671970909587 9.048128761679564 8.25
    endloop
  endfacet
  facet normal -0.07632498533966978 -0.9941444839458008 0.07649340921305994
    outer loop
      vertex 17.097671970909587 9.048128761679564 8.25
      vertex 17.289015429485346 9.00348758441897 7.860744327306747
      vertex 17.292442734424135 9.033175325926603 8.25
    endloop
  endfacet
  facet normal -0.1895239266821152 -0.9772368913581204 0.09533488020504
    outer loop
      vertex 17.289015429485346 9.00348758441897 7.860744327306747
      vertex 17.667783878943233 8.930029772419271 7.860744327306747
      vertex 17.485497328369902 9.003356215991978 8.25
    endloop
  endfacet
  facet normal -0.15220202007097566 -0.9853848504179865 0.07649340921305978
    outer loop
      vertex 17.289015429485346 9.00348758441897 7.860744327306747
      vertex 17.485497328369902 9.003356215991978 8.25
      vertex 17.292442734424135 9.033175325926603 8.25
    endloop
  endfacet
  facet normal -0.48016625970610277 -0.46211368711392015 0.7455811848630768
    outer loop
      vertex 18.028510231554428 7.654077809765575 6.222003176808357
      vertex 18.417480265424118 7.668987368340389 6.48174712061882
      vertex 18.222422912375563 7.871664679688685 6.48174712061882
    endloop
  endfacet
  facet normal -0.5565350785022197 -0.5356113053264311 0.6351293065219433
    outer loop
      vertex 18.222422912375563 7.871664679688685 6.48174712061882
      vertex 18.417480265424118 7.668987368340389 6.48174712061882
      vertex 18.609110310718847 7.827023503169407 6.782937414944172
    endloop
  endfacet
  facet normal -0.5565350785022161 -0.5356113053264429 0.6351293065219368
    outer loop
      vertex 18.222422912375563 7.871664679688685 6.48174712061882
      vertex 18.609110310718847 7.827023503169407 6.782937414944172
      vertex 18.387683031886112 8.057100887239187 6.782937414944172
    endloop
  endfacet
  facet normal -0.7036057590474302 -0.49490523513889717 0.5099095449855813
    outer loop
      vertex 18.79282140768698 7.5658418129183005 6.782937414944172
      vertex 18.96430752489809 7.667791216955379 7.118514411151409
      vertex 18.609110310718847 7.827023503169407 6.782937414944172
    endloop
  endfacet
  facet normal -0.703605759047426 -0.49490523513891743 0.5099095449855673
    outer loop
      vertex 18.609110310718847 7.827023503169407 6.782937414944172
      vertex 18.96430752489809 7.667791216955379 7.118514411151409
      vertex 18.76302417975588 7.953955336441073 7.118514411151409
    endloop
  endfacet
  facet normal -0.6198128678255562 -0.5965100710050681 0.5099095449855671
    outer loop
      vertex 18.609110310718847 7.827023503169407 6.782937414944172
      vertex 18.76302417975588 7.953955336441073 7.118514411151409
      vertex 18.520417042110196 8.206039975155988 7.118514411151409
    endloop
  endfacet
  facet normal -0.4682520408531818 -0.6142888491856193 0.6351293065219378
    outer loop
      vertex 18.222422912375563 7.871664679688685 6.48174712061882
      vertex 18.387683031886112 8.057100887239187 6.782937414944172
      vertex 18.13372963893157 8.25068114624959 6.782937414944172
    endloop
  endfacet
  facet normal -0.521492088310874 -0.6841332163853513 0.5099095449855766
    outer loop
      vertex 18.13372963893157 8.25068114624959 6.782937414944172
      vertex 18.387683031886112 8.057100887239187 6.782937414944172
      vertex 18.242172617643185 8.418136482825673 7.118514411151409
    endloop
  endfacet
  facet normal -0.5214920883108819 -0.6841332163853493 0.5099095449855711
    outer loop
      vertex 18.242172617643185 8.418136482825673 7.118514411151409
      vertex 18.387683031886112 8.057100887239187 6.782937414944172
      vertex 18.520417042110196 8.206039975155988 7.118514411151409
    endloop
  endfacet
  facet normal -0.5625059047156147 -0.7379382783645082 0.3728729066109434
    outer loop
      vertex 18.242172617643185 8.418136482825673 7.118514411151409
      vertex 18.520417042110196 8.206039975155988 7.118514411151409
      vertex 18.617513761580852 8.314990927615401 7.480612471699715
    endloop
  endfacet
  facet normal -0.6198128678255509 -0.5965100710050703 0.5099095449855711
    outer loop
      vertex 18.609110310718847 7.827023503169407 6.782937414944172
      vertex 18.520417042110196 8.206039975155988 7.118514411151409
      vertex 18.387683031886112 8.057100887239187 6.782937414944172
    endloop
  endfacet
  facet normal -0.6685593238813471 -0.6434238307420944 0.37287290661093186
    outer loop
      vertex 18.76302417975588 7.953955336441073 7.118514411151409
      vertex 18.875614251729907 8.04680768518174 7.480612471699715
      vertex 18.520417042110196 8.206039975155988 7.118514411151409
    endloop
  endfacet
  facet normal -0.7589422791399066 -0.533828073867832 0.3728729066109318
    outer loop
      vertex 18.96430752489809 7.667791216955379 7.118514411151409
      vertex 18.875614251729907 8.04680768518174 7.480612471699715
      vertex 18.76302417975588 7.953955336441073 7.118514411151409
    endloop
  endfacet
  facet normal -0.44326782390125186 -0.8151560781895448 0.37287290661093814
    outer loop
      vertex 18.242172617643185 8.418136482825673 7.118514411151409
      vertex 18.321500119801428 8.54063232102073 7.480612471699715
      vertex 17.934812719835307 8.585273497075022 7.118514411151409
    endloop
  endfacet
  facet normal -0.6685593238813543 -0.6434238307420791 0.3728729066109456
    outer loop
      vertex 18.875614251729907 8.04680768518174 7.480612471699715
      vertex 18.617513761580852 8.314990927615401 7.480612471699715
      vertex 18.520417042110196 8.206039975155988 7.118514411151409
    endloop
  endfacet
  facet normal -0.7016753216477013 -0.6752947827736641 0.22721949597088903
    outer loop
      vertex 18.617513761580852 8.314990927615401 7.480612471699715
      vertex 18.944241514193976 8.103404171849771 7.860744327306747
      vertex 18.67669732843254 8.3814000299372 7.860744327306747
    endloop
  endfacet
  facet normal -0.7589422791399003 -0.5338280738678366 0.37287290661093814
    outer loop
      vertex 18.96430752489809 7.667791216955379 7.118514411151409
      vertex 19.089751933515345 7.742368581620823 7.480612471699715
      vertex 18.875614251729907 8.04680768518174 7.480612471699715
    endloop
  endfacet
  facet normal -0.7965352494613466 -0.5602703784926351 0.22721949597090016
    outer loop
      vertex 19.089751933515345 7.742368581620823 7.480612471699715
      vertex 19.166214326725395 7.787825878956539 7.860744327306747
      vertex 18.944241514193976 8.103404171849771 7.860744327306747
    endloop
  endfacet
  facet normal -0.7965352494613365 -0.5602703784926442 0.22721949597091276
    outer loop
      vertex 19.089751933515345 7.742368581620823 7.480612471699715
      vertex 18.944241514193976 8.103404171849771 7.860744327306747
      vertex 18.875614251729907 8.04680768518174 7.480612471699715
    endloop
  endfacet
  facet normal -0.8142039031193731 -0.5726982318476901 0.0953348802050333
    outer loop
      vertex 19.166214326725395 7.787825878956539 7.860744327306747
      vertex 19.085719869955128 7.967062583557482 8.25
      vertex 18.944241514193976 8.103404171849771 7.860744327306747
    endloop
  endfacet
  facet normal -0.8759382791657374 -0.47632015434907926 0.0764934092130564
    outer loop
      vertex 19.28522217025069 7.631485586560746 8.25
      vertex 19.191902495255647 7.803097631067178 8.25
      vertex 19.166214326725395 7.787825878956539 7.860744327306747
    endloop
  endfacet
  facet normal -0.8369061667024532 -0.5419749315995798 0.07649340921305713
    outer loop
      vertex 19.166214326725395 7.787825878956539 7.860744327306747
      vertex 19.191902495255647 7.803097631067178 8.25
      vertex 19.085719869955128 7.967062583557482 8.25
    endloop
  endfacet
  facet normal -0.7016753216477143 -0.675294782773643 0.2272194959709118
    outer loop
      vertex 18.875614251729907 8.04680768518174 7.480612471699715
      vertex 18.944241514193976 8.103404171849771 7.860744327306747
      vertex 18.617513761580852 8.314990927615401 7.480612471699715
    endloop
  endfacet
  facet normal -0.7443658957198429 -0.6633763423850445 0.07649340921305647
    outer loop
      vertex 18.837330063682003 8.268252877020217 8.25
      vertex 18.944241514193976 8.103404171849771 7.860744327306747
      vertex 18.967297406246736 8.12241822603658 8.25
    endloop
  endfacet
  facet normal -0.7929627231189329 -0.6044492353297921 0.07649340921305546
    outer loop
      vertex 18.944241514193976 8.103404171849771 7.860744327306747
      vertex 19.085719869955128 7.967062583557482 8.25
      vertex 18.967297406246736 8.12241822603658 8.25
    endloop
  endfacet
  facet normal -0.717239803253455 -0.6902740942880846 0.09533488020504131
    outer loop
      vertex 18.67669732843254 8.3814000299372 7.860744327306747
      vertex 18.944241514193976 8.103404171849771 7.860744327306747
      vertex 18.837330063682003 8.268252877020217 8.25
    endloop
  endfacet
  facet normal -0.5625059047156119 -0.7379382783645124 0.3728729066109394
    outer loop
      vertex 18.242172617643185 8.418136482825673 7.118514411151409
      vertex 18.617513761580852 8.314990927615401 7.480612471699715
      vertex 18.321500119801428 8.54063232102073 7.480612471699715
    endloop
  endfacet
  facet normal -0.5903687190070651 -0.7744908496997773 0.2272194959709086
    outer loop
      vertex 18.321500119801428 8.54063232102073 7.480612471699715
      vertex 18.617513761580852 8.314990927615401 7.480612471699715
      vertex 18.369852778395412 8.615297465923625 7.860744327306747
    endloop
  endfacet
  facet normal -0.590368719007083 -0.7744908496997692 0.22721949597089064
    outer loop
      vertex 18.617513761580852 8.314990927615401 7.480612471699715
      vertex 18.67669732843254 8.3814000299372 7.860744327306747
      vertex 18.369852778395412 8.615297465923625 7.860744327306747
    endloop
  endfacet
  facet normal -0.5736330141515218 -0.8155329076269113 0.07649340921305366
    outer loop
      vertex 18.369852778395412 8.615297465923625 7.860744327306747
      vertex 18.545874797964927 8.527996821747237 8.25
      vertex 18.386097250883154 8.64038183413497 8.25
    endloop
  endfacet
  facet normal -0.6343783190368482 -0.7692287739567114 0.0764934092130647
    outer loop
      vertex 18.67669732843254 8.3814000299372 7.860744327306747
      vertex 18.696580533439366 8.403710712885601 8.25
      vertex 18.545874797964927 8.527996821747237 8.25
    endloop
  endfacet
  facet normal -0.6914007929262537 -0.718410538541794 0.07649340921306497
    outer loop
      vertex 18.67669732843254 8.3814000299372 7.860744327306747
      vertex 18.837330063682003 8.268252877020217 8.25
      vertex 18.696580533439366 8.403710712885601 8.25
    endloop
  endfacet
  facet normal -0.6034642103035712 -0.7916705170075344 0.09533488020504578
    outer loop
      vertex 18.67669732843254 8.3814000299372 7.860744327306747
      vertex 18.545874797964927 8.527996821747237 8.25
      vertex 18.369852778395412 8.615297465923625 7.860744327306747
    endloop
  endfacet
  facet normal -0.4652243739662283 -0.8555335075369387 0.22721949597090868
    outer loop
      vertex 18.321500119801428 8.54063232102073 7.480612471699715
      vertex 18.369852778395412 8.615297465923625 7.860744327306747
      vertex 18.03090004026606 8.799614122151795 7.860744327306747
    endloop
  endfacet
  facet normal -0.47554392773668713 -0.8745108537971703 0.09533488020503697
    outer loop
      vertex 18.218185537206267 8.740206239822903 8.25
      vertex 18.03090004026606 8.799614122151795 7.860744327306747
      vertex 18.369852778395412 8.615297465923625 7.860744327306747
    endloop
  endfacet
  facet normal -0.509521452229734 -0.857051135034933 0.07649340921305507
    outer loop
      vertex 18.218185537206267 8.740206239822903 8.25
      vertex 18.369852778395412 8.615297465923625 7.860744327306747
      vertex 18.386097250883154 8.64038183413497 8.25
    endloop
  endfacet
  facet normal -0.9642534994928169 -0.26498148749649664 -3.058776423057047e-20
    outer loop
      vertex 19.482923327986498 7.081026447023945 8.25
      vertex 19.43116079974007 7.269387526417741 35.03
      vertex 19.43116079974007 7.269387526417741 8.25
    endloop
  endfacet
  facet normal -0.9411400428264604 -0.3380168927562772 0
    outer loop
      vertex 19.43116079974007 7.269387526417741 8.25
      vertex 19.43116079974007 7.269387526417741 35.03
      vertex 19.365131247546174 7.453233532079899 8.25
    endloop
  endfacet
  facet normal -0.9125036227128454 -0.4090686232601241 -1.1736945584010048e-19
    outer loop
      vertex 19.365131247546174 7.453233532079899 8.25
      vertex 19.28522217025069 7.631485586560746 35.03
      vertex 19.28522217025069 7.631485586560746 8.25
    endloop
  endfacet
  facet normal -0.9992661804668799 -0.03830274892397347 0
    outer loop
      vertex 19.549999999999997 6.5 8.25
      vertex 19.549999999999997 6.5 34.99
      vertex 19.54251779004705 6.695200594504929 8.25
    endloop
  endfacet
  facet normal -0.9934020915080405 -0.1146834102538408 6.605367660346675e-20
    outer loop
      vertex 19.54251779004705 6.695200594504929 8.25
      vertex 19.52011508063989 6.889255674758129 35.03
      vertex 19.52011508063989 6.889255674758129 8.25
    endloop
  endfacet
  facet normal -0.981708317094315 -0.19039112413095235 0
    outer loop
      vertex 19.52011508063989 6.889255674758129 8.25
      vertex 19.52011508063989 6.889255674758129 35.03
      vertex 19.482923327986498 7.081026447023945 8.25
    endloop
  endfacet
  facet normal -0.30172058406054447 -0.9533963966546989 -2.1362048702091124e-20
    outer loop
      vertex 17.675702829811783 8.958846410531812 8.25
      vertex 17.86194303994168 8.899907122347884 8.25
      vertex 17.86194303994168 8.899907122347884 35.03
    endloop
  endfacet
  facet normal -0.3738170859806817 -0.9275024454031977 0
    outer loop
      vertex 17.86194303994168 8.899907122347884 8.25
      vertex 18.043125023567796 8.826884219295728 8.25
      vertex 17.86194303994168 8.899907122347884 35.03
    endloop
  endfacet
  facet normal -0.07654926803689081 -0.9970658000167373 0
    outer loop
      vertex 17.097671970909587 9.048128761679564 8.25
      vertex 17.292442734424135 9.033175325926603 8.25
      vertex 17.097671970909587 9.048128761679564 34.99
    endloop
  endfacet
  facet normal -0.15264926915241459 -0.9882804261075061 -3.104564028432383e-20
    outer loop
      vertex 17.292442734424135 9.033175325926603 8.25
      vertex 17.485497328369902 9.003356215991978 8.25
      vertex 17.485497328369902 9.003356215991978 35.03
    endloop
  endfacet
  facet normal -0.22785352374723364 -0.9736954204041265 0
    outer loop
      vertex 17.485497328369902 9.003356215991978 8.25
      vertex 17.675702829811783 8.958846410531812 8.25
      vertex 17.485497328369902 9.003356215991978 35.03
    endloop
  endfacet
  facet normal -0.6934324898077947 -0.720521604172257 0
    outer loop
      vertex 18.837330063682003 8.268252877020217 8.25
      vertex 18.837330063682003 8.268252877020217 35.03
      vertex 18.696580533439366 8.403710712885601 8.25
    endloop
  endfacet
  facet normal -0.8393654344187008 -0.5435675372049966 -3.0955281868712385e-19
    outer loop
      vertex 19.191902495255647 7.803097631067178 8.25
      vertex 19.085719869955128 7.967062583557482 35.03
      vertex 19.085719869955128 7.967062583557482 8.25
    endloop
  endfacet
  facet normal -0.8785122436280444 -0.47771983190529116 0
    outer loop
      vertex 19.28522217025069 7.631485586560746 8.25
      vertex 19.28522217025069 7.631485586560746 35.03
      vertex 19.191902495255647 7.803097631067178 8.25
    endloop
  endfacet
  facet normal -0.7952928620314443 -0.606225423090977 0
    outer loop
      vertex 19.085719869955128 7.967062583557482 8.25
      vertex 19.085719869955128 7.967062583557482 35.03
      vertex 18.967297406246736 8.12241822603658 8.25
    endloop
  endfacet
  facet normal -0.7465532317549356 -0.6653256887842687 0
    outer loop
      vertex 18.837330063682003 8.268252877020217 8.25
      vertex 18.967297406246736 8.12241822603658 8.25
      vertex 18.837330063682003 8.268252877020217 35.03
    endloop
  endfacet
  facet normal -0.6362424540880237 -0.771489170122335 -2.9529856698759453e-21
    outer loop
      vertex 18.696580533439366 8.403710712885601 8.25
      vertex 18.545874797964927 8.527996821747237 35.03
      vertex 18.545874797964927 8.527996821747237 8.25
    endloop
  endfacet
  facet normal -0.5753186477491746 -0.8179293695375299 0
    outer loop
      vertex 18.545874797964927 8.527996821747237 8.25
      vertex 18.545874797964927 8.527996821747237 35.03
      vertex 18.386097250883154 8.64038183413497 8.25
    endloop
  endfacet
  facet normal -0.5110186925513597 -0.8595695991966555 0
    outer loop
      vertex 18.218185537206267 8.740206239822903 8.25
      vertex 18.386097250883154 8.64038183413497 8.25
      vertex 18.218185537206267 8.740206239822903 35.03
    endloop
  endfacet
  facet normal -0.44371982420478834 -0.8961655637256274 0
    outer loop
      vertex 18.218185537206267 8.740206239822903 8.25
      vertex 18.218185537206267 8.740206239822903 35.03
      vertex 18.043125023567796 8.826884219295728 8.25
    endloop
  endfacet
  facet normal 0 -1 0
    outer loop
      vertex 17.097671970909587 9.048128761679564 8.25
      vertex 17.097671970909587 9.048128761679564 34.99
      vertex -16.85154386180139 9.048128761679564 34.99
    endloop
  endfacet
  facet normal 0 -1 0
    outer loop
      vertex 17.097671970909587 9.048128761679564 34.99
      vertex 17.097671970909587 9.048128761679564 35.03
      vertex -16.85154386180139 9.048128761679564 34.99
    endloop
  endfacet
  facet normal -1 0 0
    outer loop
      vertex 19.549999999999997 6.5 8.25
      vertex 19.549999999999997 -6.5 34.99
      vertex 19.549999999999997 6.5 34.99
    endloop
  endfacet
  facet normal -0.9275024149008939 -0.3738170572503707 -0.0002793952094547946
    outer loop
      vertex 19.365131247546174 7.453233532079899 8.25
      vertex 19.43116079974007 7.269387526417741 35.03
      vertex 19.28522217025069 7.631485586560746 35.03
    endloop
  endfacet
  facet normal -0.9992661804668799 -0.03830274892397347 0
    outer loop
      vertex 19.549999999999997 6.5 34.99
      vertex 19.549999999999997 6.5 35.03
      vertex 19.54251779004705 6.695200594504929 8.25
    endloop
  endfacet
  facet normal -0.9970657622674232 -0.07654924984870365 -0.00027939520945456523
    outer loop
      vertex 19.54251779004705 6.695200594504929 8.25
      vertex 19.549999999999997 6.5 35.03
      vertex 19.52011508063989 6.889255674758129 35.03
    endloop
  endfacet
  facet normal -0.9736953858736245 -0.22785350000983218 -0.0002793952094545789
    outer loop
      vertex 19.482923327986498 7.081026447023945 8.25
      vertex 19.52011508063989 6.889255674758129 35.03
      vertex 19.43116079974007 7.269387526417741 35.03
    endloop
  endfacet
  facet normal -0.2649814918542032 -0.9642534578175169 -0.000279395209454685
    outer loop
      vertex 17.675702829811783 8.958846410531812 8.25
      vertex 17.86194303994168 8.899907122347884 35.03
      vertex 17.485497328369902 9.003356215991978 35.03
    endloop
  endfacet
  facet normal -0.40906862120504883 -0.9125035808607641 -0.00027939520945449405
    outer loop
      vertex 18.043125023567796 8.826884219295728 8.25
      vertex 18.218185537206267 8.740206239822903 35.03
      vertex 17.86194303994168 8.899907122347884 35.03
    endloop
  endfacet
  facet normal -0.07654926803688959 -0.9970658000167372 -1.2698699803402843e-19
    outer loop
      vertex 17.292442734424135 9.033175325926603 8.25
      vertex 17.097671970909587 9.048128761679564 35.03
      vertex 17.097671970909587 9.048128761679564 34.99
    endloop
  endfacet
  facet normal -0.11468342092221043 -0.9934020509863546 -0.00027939520945463006
    outer loop
      vertex 17.292442734424135 9.033175325926603 8.25
      vertex 17.485497328369902 9.003356215991978 35.03
      vertex 17.097671970909587 9.048128761679564 35.03
    endloop
  endfacet
  facet normal -0.8595695734374738 -0.5110186595016237 -0.00027939520945467506
    outer loop
      vertex 19.191902495255647 7.803097631067178 8.25
      vertex 19.28522217025069 7.631485586560746 35.03
      vertex 19.085719869955128 7.967062583557482 35.03
    endloop
  endfacet
  facet normal -0.7714891497100704 -0.6362424174934815 -0.0002793952094546477
    outer loop
      vertex 18.967297406246736 8.12241822603658 8.25
      vertex 19.085719869955128 7.967062583557482 35.03
      vertex 18.837330063682003 8.268252877020217 35.03
    endloop
  endfacet
  facet normal -0.5435675287853182 -0.8393653933708126 -0.0002793952094545845
    outer loop
      vertex 18.386097250883154 8.64038183413497 8.25
      vertex 18.545874797964927 8.527996821747237 35.03
      vertex 18.218185537206267 8.740206239822903 35.03
    endloop
  endfacet
  facet normal -0.6653256741973471 -0.7465531924733577 -0.0002793952094545434
    outer loop
      vertex 18.696580533439366 8.403710712885601 8.25
      vertex 18.837330063682003 8.268252877020217 35.03
      vertex 18.545874797964927 8.527996821747237 35.03
    endloop
  endfacet
endsolid OpenSCAD_Model
