solid OpenSCAD_Model
  facet normal -0.7347741508600772 -0.678311836272855 0
    outer loop
      vertex -9.116118204256193 -9.186712776118682 34.98
      vertex -9.116118204256193 -9.186712776118682 34.99
      vertex -9.11617340009536 -9.186652985807374 34.98
    endloop
  endfacet
  facet normal -0.7347741508630664 -0.678311836269617 -1.0054723268439668e-19
    outer loop
      vertex -9.116118204256193 -9.186712776118682 34.99
      vertex -9.386877437862148 -8.893415688668076 38.739999999999995
      vertex -9.386877437862148 -8.893415688668076 34.99
    endloop
  endfacet
  facet normal -0.6585113790650376 -0.7525707698561395 0
    outer loop
      vertex -9.116118204256193 -9.186712776118682 34.99
      vertex -8.81571730604822 -9.449568334259908 34.99
      vertex -9.116118204256193 -9.186712776118682 38.739999999999995
    endloop
  endfacet
  facet normal -0.7347741508630664 -0.678311836269617 0
    outer loop
      vertex -9.116118204256193 -9.186712776118682 34.99
      vertex -9.116118204256193 -9.186712776118682 38.739999999999995
      vertex -9.386877437862148 -8.893415688668076 38.739999999999995
    endloop
  endfacet
  facet normal -0.8027116379300642 -0.5963673585397119 -3.0622314855689604e-14
    outer loop
      vertex -9.624848463652873 -8.573106219751606 34.98
      vertex -9.624927196559431 -8.573000245104474 34.99
      vertex -9.62489570666568 -8.57304263056342 34.98
    endloop
  endfacet
  facet normal -0.8615540813938054 -0.5076658003388412 2.272993783776596e-18
    outer loop
      vertex -9.624927196559431 -8.573000245104474 34.99
      vertex -9.827570281462144 -8.229096880434971 38.739999999999995
      vertex -9.827570281462144 -8.229096880434971 34.99
    endloop
  endfacet
  facet normal -0.9106347728558604 -0.41321218576629076 -2.387467506976982e-20
    outer loop
      vertex -9.827624834393118 -8.2289766569817 34.98
      vertex -9.827570281462144 -8.229096880434971 34.98
      vertex -9.827570281462144 -8.229096880434971 34.99
    endloop
  endfacet
  facet normal -0.9106347728549142 -0.4132121857683761 0
    outer loop
      vertex -9.992510665446268 -7.865602157198084 34.99
      vertex -9.827570281462144 -8.229096880434971 34.99
      vertex -9.992510665446268 -7.865602157198084 38.739999999999995
    endloop
  endfacet
  facet normal -0.8027116379309653 -0.596367358538499 0
    outer loop
      vertex -9.624927196559431 -8.573000245104474 34.99
      vertex -9.386877437862148 -8.893415688668076 34.99
      vertex -9.624927196559431 -8.573000245104474 38.739999999999995
    endloop
  endfacet
  facet normal -0.8615540813938054 -0.5076658003388412 0
    outer loop
      vertex -9.624927196559431 -8.573000245104474 34.99
      vertex -9.624927196559431 -8.573000245104474 38.739999999999995
      vertex -9.827570281462144 -8.229096880434971 38.739999999999995
    endloop
  endfacet
  facet normal 0 0 1
    outer loop
      vertex -9.624927196559431 -8.573000245104474 38.739999999999995
      vertex -9.386877437862148 -8.893415688668076 38.739999999999995
      vertex -9.827570281462144 -8.229096880434971 38.739999999999995
    endloop
  endfacet
  facet normal -0.9493976084683797 -0.3140767120219535 0
    outer loop
      vertex -9.992510665446268 -7.865602157198084 34.99
      vertex -9.992510665446268 -7.865602157198084 38.739999999999995
      vertex -10.117879508054436 -7.4866346158532044 38.739999999999995
    endloop
  endfacet
  facet normal -0.9106347728549142 -0.4132121857683761 0
    outer loop
      vertex -9.827570281462144 -8.229096880434971 34.99
      vertex -9.827570281462144 -8.229096880434971 38.739999999999995
      vertex -9.992510665446268 -7.865602157198084 38.739999999999995
    endloop
  endfacet
  facet normal 0 0 1
    outer loop
      vertex -9.992510665446268 -7.865602157198084 38.739999999999995
      vertex -9.827570281462144 -8.229096880434971 38.739999999999995
      vertex -10.117879508054436 -7.4866346158532044 38.739999999999995
    endloop
  endfacet
  facet normal 0 0 1
    outer loop
      vertex -9.116118204256193 -9.186712776118682 38.739999999999995
      vertex -10.244685108787857 -6.69958315565817 38.739999999999995
      vertex -9.827570281462144 -8.229096880434971 38.739999999999995
    endloop
  endfacet
  facet normal -0.8027116379309653 -0.596367358538499 0
    outer loop
      vertex -9.386877437862148 -8.893415688668076 34.99
      vertex -9.386877437862148 -8.893415688668076 38.739999999999995
      vertex -9.624927196559431 -8.573000245104474 38.739999999999995
    endloop
  endfacet
  facet normal 0 0 1
    outer loop
      vertex -9.116118204256193 -9.186712776118682 38.739999999999995
      vertex -9.827570281462144 -8.229096880434971 38.739999999999995
      vertex -9.386877437862148 -8.893415688668076 38.739999999999995
    endloop
  endfacet
  facet normal 0 0 1
    outer loop
      vertex -9.116118204256193 -9.186712776118682 38.739999999999995
      vertex -8.95941166289984 -8.286867166969119 38.739999999999995
      vertex -9.132717227504694 -8.02 38.739999999999995
    endloop
  endfacet
  facet normal 0 0 1
    outer loop
      vertex -9.116118204256193 -9.186712776118682 38.739999999999995
      vertex -9.391211809537266 -7.439411662899841 38.739999999999995
      vertex -10.244685108787857 -6.69958315565817 38.739999999999995
    endloop
  endfacet
  facet normal 0 0 1
    outer loop
      vertex -9.116118204256193 -9.186712776118682 38.739999999999995
      vertex -9.132717227504694 -8.02 38.739999999999995
      vertex -9.277178191233507 -7.7364793949504325 38.739999999999995
    endloop
  endfacet
  facet normal 0 0 1
    outer loop
      vertex -9.116118204256193 -9.186712776118682 38.739999999999995
      vertex -9.277178191233507 -7.7364793949504325 38.739999999999995
      vertex -9.391211809537266 -7.439411662899841 38.739999999999995
    endloop
  endfacet
  facet normal 0.630468624886641 0.3212398094874995 0.7066217501846254
    outer loop
      vertex -9.132717227504694 -8.02 38.739999999999995
      vertex -8.706381477445193 -7.773854939937987 38.24770987987597
      vertex -9.277178191233507 -7.7364793949504325 38.739999999999995
    endloop
  endfacet
  facet normal -0.48455087033265265 -0.87476308453196 0
    outer loop
      vertex -8.489078405449034 -9.679004104586266 34.99
      vertex -8.139902451720708 -9.872420488142073 34.99
      vertex -8.489078405449034 -9.679004104586266 38.739999999999995
    endloop
  endfacet
  facet normal -0.5747874102144066 -0.8183027759081692 -5.95647656423799e-19
    outer loop
      vertex -8.489078405449034 -9.679004104586266 34.99
      vertex -8.81571730604822 -9.449568334259908 38.739999999999995
      vertex -8.81571730604822 -9.449568334259908 34.99
    endloop
  endfacet
  facet normal -0.3888241754733182 -0.9213119778704141 0
    outer loop
      vertex -8.139902451720708 -9.872420488142073 34.99
      vertex -7.772145747942614 -10.027626000016374 34.99
      vertex -8.139902451720708 -9.872420488142073 38.739999999999995
    endloop
  endfacet
  facet normal 0 0 1
    outer loop
      vertex -8.489078405449034 -9.679004104586266 38.739999999999995
      vertex -8.139902451720708 -9.872420488142073 38.739999999999995
      vertex -8.81571730604822 -9.449568334259908 38.739999999999995
    endloop
  endfacet
  facet normal -0.6585113790650376 -0.7525707698561395 5.368049241692577e-20
    outer loop
      vertex -9.116118204256193 -9.186712776118682 38.739999999999995
      vertex -8.81571730604822 -9.449568334259908 34.99
      vertex -8.81571730604822 -9.449568334259908 38.739999999999995
    endloop
  endfacet
  facet normal -0.5747874102144066 -0.8183027759081692 0
    outer loop
      vertex -8.489078405449034 -9.679004104586266 34.99
      vertex -8.489078405449034 -9.679004104586266 38.739999999999995
      vertex -8.81571730604822 -9.449568334259908 38.739999999999995
    endloop
  endfacet
  facet normal 0 0 1
    outer loop
      vertex -9.116118204256193 -9.186712776118682 38.739999999999995
      vertex -8.81571730604822 -9.449568334259908 38.739999999999995
      vertex -8.139902451720708 -9.872420488142073 38.739999999999995
    endloop
  endfacet
  facet normal 0 0 1
    outer loop
      vertex -9.116118204256193 -9.186712776118682 38.739999999999995
      vertex -8.286867166969119 -8.95941166289984 38.739999999999995
      vertex -8.534157043330929 -8.759160269451279 38.739999999999995
    endloop
  endfacet
  facet normal 0 0 1
    outer loop
      vertex -9.116118204256193 -9.186712776118682 38.739999999999995
      vertex -8.02 -9.132717227504694 38.739999999999995
      vertex -8.286867166969119 -8.95941166289984 38.739999999999995
    endloop
  endfacet
  facet normal -0.48455087033265265 -0.87476308453196 0
    outer loop
      vertex -8.139902451720708 -9.872420488142073 34.99
      vertex -8.139902451720708 -9.872420488142073 38.739999999999995
      vertex -8.489078405449034 -9.679004104586266 38.739999999999995
    endloop
  endfacet
  facet normal -0.3888241754733182 -0.9213119778704141 0
    outer loop
      vertex -7.772145747942614 -10.027626000016374 34.99
      vertex -7.772145747942614 -10.027626000016374 38.739999999999995
      vertex -8.139902451720708 -9.872420488142073 38.739999999999995
    endloop
  endfacet
  facet normal 0 0 1
    outer loop
      vertex -8.139902451720708 -9.872420488142073 38.739999999999995
      vertex -7.772145747942614 -10.027626000016374 38.739999999999995
      vertex -7.389975124516679 -10.142862099742663 38.739999999999995
    endloop
  endfacet
  facet normal 0 0 1
    outer loop
      vertex -9.116118204256193 -9.186712776118682 38.739999999999995
      vertex -8.139902451720708 -9.872420488142073 38.739999999999995
      vertex -6.599826955391656 -10.248671041712948 38.739999999999995
    endloop
  endfacet
  facet normal 0 0 1
    outer loop
      vertex -9.116118204256193 -9.186712776118682 38.739999999999995
      vertex -6.599826955391656 -10.248671041712948 38.739999999999995
      vertex -7.43941166289984 -9.391211809537266 38.739999999999995
    endloop
  endfacet
  facet normal 0 0 1
    outer loop
      vertex -9.116118204256193 -9.186712776118682 38.739999999999995
      vertex -7.7364793949504325 -9.277178191233507 38.739999999999995
      vertex -8.02 -9.132717227504694 38.739999999999995
    endloop
  endfacet
  facet normal 0 0 1
    outer loop
      vertex -9.116118204256193 -9.186712776118682 38.739999999999995
      vertex -7.43941166289984 -9.391211809537266 38.739999999999995
      vertex -7.7364793949504325 -9.277178191233507 38.739999999999995
    endloop
  endfacet
  facet normal 0.3212398094874998 0.6304686248866417 0.7066217501846245
    outer loop
      vertex -8.02 -9.132717227504694 38.739999999999995
      vertex -7.7364793949504325 -9.277178191233507 38.739999999999995
      vertex -7.543125024786917 -8.826884222015202 38.250333016904285
    endloop
  endfacet
  facet normal 0.8179293607667175 0.5753186602186207 -6.640038720326041e-17
    outer loop
      vertex -8.557181663693322 -7.994629966506021 38.242816378391055
      vertex -8.467297408545955 -8.122418227932727 35.03
      vertex -8.691902497817363 -7.803097632590131 35.03
    endloop
  endfacet
  facet normal 0.6062254109666362 0.7952928712734278 1.5051720289320014e-16
    outer loop
      vertex -7.994849394915926 -8.557483680989554 38.24318969229958
      vertex -7.886097252503114 -8.640381836636472 35.03
      vertex -8.196580535422193 -8.403710715110504 35.03
    endloop
  endfacet
  facet normal 0.7205215936007888 0.6934325007922398 -3.1725228598005827e-17
    outer loop
      vertex -8.205636376558141 -8.394301105553389 38.24903356736218
      vertex -8.196580535422193 -8.403710715110504 35.03
      vertex -8.467297408545955 -8.122418227932727 35.03
    endloop
  endfacet
  facet normal 0 0 1
    outer loop
      vertex -9.116118204256193 -9.186712776118682 38.739999999999995
      vertex -8.759160269451279 -8.534157043330929 38.739999999999995
      vertex -8.95941166289984 -8.286867166969119 38.739999999999995
    endloop
  endfacet
  facet normal 0 0 1
    outer loop
      vertex -9.116118204256193 -9.186712776118682 38.739999999999995
      vertex -8.534157043330929 -8.759160269451279 38.739999999999995
      vertex -8.759160269451279 -8.534157043330929 38.739999999999995
    endloop
  endfacet
  facet normal 0.5003427336166749 0.5003427336166749 0.7066217501846277
    outer loop
      vertex -8.759160269451279 -8.534157043330929 38.739999999999995
      vertex -8.534157043330929 -8.759160269451279 38.739999999999995
      vertex -8.205636376558141 -8.394301105553389 38.24903356736218
    endloop
  endfacet
  facet normal 0.5003427336166759 0.5003427336166728 0.7066217501846284
    outer loop
      vertex -8.759160269451279 -8.534157043330929 38.739999999999995
      vertex -8.205636376558141 -8.394301105553389 38.24903356736218
      vertex -8.39050097879906 -8.2022147270597 38.24391999242491
    endloop
  endfacet
  facet normal 0.817929360766717 0.5753186602186214 0
    outer loop
      vertex -8.691902497817363 -7.803097632590131 38.25149869014833
      vertex -8.557181663693322 -7.994629966506021 38.242816378391055
      vertex -8.691902497817363 -7.803097632590131 35.03
    endloop
  endfacet
  facet normal 0.8961655569610623 0.44371983786694613 1.7022653957394808e-19
    outer loop
      vertex -8.706381477445193 -7.773854939937987 38.24770987987597
      vertex -8.691902497817363 -7.803097632590131 38.25149869014833
      vertex -8.691902497817363 -7.803097632590131 35.03
    endloop
  endfacet
  facet normal 0.8179293607667183 0.5753186602186195 0
    outer loop
      vertex -8.467297408545955 -8.122418227932727 38.25339745215119
      vertex -8.467297408545955 -8.122418227932727 35.03
      vertex -8.557181663693322 -7.994629966506021 38.242816378391055
    endloop
  endfacet
  facet normal 0.7205215936007902 0.6934325007922384 -2.667245945382969e-16
    outer loop
      vertex -8.39050097879906 -8.2022147270597 38.24391999242491
      vertex -8.205636376558141 -8.394301105553389 38.24903356736218
      vertex -8.467297408545955 -8.122418227932727 35.03
    endloop
  endfacet
  facet normal 0.7205215936007848 0.6934325007922439 1.09043372008738e-18
    outer loop
      vertex -8.39050097879906 -8.2022147270597 38.24391999242491
      vertex -8.467297408545955 -8.122418227932727 35.03
      vertex -8.467297408545955 -8.122418227932727 38.25339745215119
    endloop
  endfacet
  facet normal 0.5934361481663679 0.385381940697124 0.7066217501846253
    outer loop
      vertex -9.132717227504694 -8.02 38.739999999999995
      vertex -8.95941166289984 -8.286867166969119 38.739999999999995
      vertex -8.557181663693322 -7.994629966506021 38.242816378391055
    endloop
  endfacet
  facet normal 0.549901860822289 0.4453017467181112 0.7066217501846254
    outer loop
      vertex -8.759160269451279 -8.534157043330929 38.739999999999995
      vertex -8.467297408545955 -8.122418227932727 38.25339745215119
      vertex -8.95941166289984 -8.286867166969119 38.739999999999995
    endloop
  endfacet
  facet normal 0.5499018608222886 0.4453017467181115 0.7066217501846254
    outer loop
      vertex -8.95941166289984 -8.286867166969119 38.739999999999995
      vertex -8.467297408545955 -8.122418227932727 38.25339745215119
      vertex -8.557181663693322 -7.994629966506021 38.242816378391055
    endloop
  endfacet
  facet normal 0.593436148166375 0.3853819406971123 0.7066217501846256
    outer loop
      vertex -9.132717227504694 -8.02 38.739999999999995
      vertex -8.691902497817363 -7.803097632590131 38.25149869014833
      vertex -8.706381477445193 -7.773854939937987 38.24770987987597
    endloop
  endfacet
  facet normal 0.5934361481663675 0.38538194069712617 0.7066217501846247
    outer loop
      vertex -9.132717227504694 -8.02 38.739999999999995
      vertex -8.557181663693322 -7.994629966506021 38.242816378391055
      vertex -8.691902497817363 -7.803097632590131 38.25149869014833
    endloop
  endfacet
  facet normal 0.5499018608222704 0.44530174671812833 0.706621750184629
    outer loop
      vertex -8.759160269451279 -8.534157043330929 38.739999999999995
      vertex -8.39050097879906 -8.2022147270597 38.24391999242491
      vertex -8.467297408545955 -8.122418227932727 38.25339745215119
    endloop
  endfacet
  facet normal 0.7205215936007942 0.6934325007922342 7.883335300219491e-22
    outer loop
      vertex -8.205636376558141 -8.394301105553389 38.24903356736218
      vertex -8.196580535422193 -8.403710715110504 38.25064939638093
      vertex -8.196580535422193 -8.403710715110504 35.03
    endloop
  endfacet
  facet normal 0.6062254109666376 0.7952928712734266 0
    outer loop
      vertex -8.196580535422193 -8.403710715110504 38.25064939638093
      vertex -7.994849394915926 -8.557483680989554 38.24318969229958
      vertex -8.196580535422193 -8.403710715110504 35.03
    endloop
  endfacet
  facet normal 0.4777198185122615 0.8785122509109433 -2.7013942275594756e-19
    outer loop
      vertex -7.771673670577536 -8.7026034080879 38.24334734115507
      vertex -7.886097252503114 -8.640381836636472 35.03
      vertex -7.886097252503114 -8.640381836636472 38.25349740003328
    endloop
  endfacet
  facet normal 0.47771981851226614 0.8785122509109405 -2.1680864537273238e-16
    outer loop
      vertex -7.771673670577536 -8.7026034080879 38.24334734115507
      vertex -7.543125024786917 -8.826884222015202 38.250333016904285
      vertex -7.886097252503114 -8.640381836636472 35.03
    endloop
  endfacet
  facet normal 0.6062254109666334 0.7952928712734301 6.370324702214993e-20
    outer loop
      vertex -7.994849394915926 -8.557483680989554 38.24318969229958
      vertex -7.886097252503114 -8.640381836636472 38.25349740003328
      vertex -7.886097252503114 -8.640381836636472 35.03
    endloop
  endfacet
  facet normal 0.44530174671811 0.5499018608222875 0.7066217501846273
    outer loop
      vertex -8.534157043330929 -8.759160269451279 38.739999999999995
      vertex -8.286867166969119 -8.95941166289984 38.739999999999995
      vertex -7.994849394915926 -8.557483680989554 38.24318969229958
    endloop
  endfacet
  facet normal 0.3853819406971247 0.5934361481663691 0.7066217501846238
    outer loop
      vertex -8.02 -9.132717227504694 38.739999999999995
      vertex -7.886097252503114 -8.640381836636472 38.25349740003328
      vertex -8.286867166969119 -8.95941166289984 38.739999999999995
    endloop
  endfacet
  facet normal 0.3853819406971423 0.5934361481663529 0.7066217501846278
    outer loop
      vertex -8.286867166969119 -8.95941166289984 38.739999999999995
      vertex -7.886097252503114 -8.640381836636472 38.25349740003328
      vertex -7.994849394915926 -8.557483680989554 38.24318969229958
    endloop
  endfacet
  facet normal 0.44530174671833983 0.5499018608220909 0.7066217501846354
    outer loop
      vertex -8.534157043330929 -8.759160269451279 38.739999999999995
      vertex -8.196580535422193 -8.403710715110504 38.25064939638093
      vertex -8.205636376558141 -8.394301105553389 38.24903356736218
    endloop
  endfacet
  facet normal 0.44530174671810163 0.5499018608222996 0.706621750184623
    outer loop
      vertex -8.534157043330929 -8.759160269451279 38.739999999999995
      vertex -7.994849394915926 -8.557483680989554 38.24318969229958
      vertex -8.196580535422193 -8.403710715110504 38.25064939638093
    endloop
  endfacet
  facet normal 0.38538194069709764 0.5934361481663812 0.7066217501846285
    outer loop
      vertex -8.02 -9.132717227504694 38.739999999999995
      vertex -7.771673670577536 -8.7026034080879 38.24334734115507
      vertex -7.886097252503114 -8.640381836636472 38.25349740003328
    endloop
  endfacet
  facet normal 0.32123980948750963 0.6304686248866325 0.7066217501846283
    outer loop
      vertex -8.02 -9.132717227504694 38.739999999999995
      vertex -7.543125024786917 -8.826884222015202 38.250333016904285
      vertex -7.771673670577536 -8.7026034080879 38.24334734115507
    endloop
  endfacet
  facet normal -0.9774033898178673 -0.21138262362962157 0
    outer loop
      vertex -10.117879508054436 -7.4866346158532044 34.98
      vertex -10.117879508054436 -7.4866346158532044 34.99
      vertex -10.202243310493385 -7.09654831137894 34.98
    endloop
  endfacet
  facet normal -0.9493976084683797 -0.3140767120219535 -6.705130811039629e-19
    outer loop
      vertex -9.992510665446268 -7.865602157198084 34.99
      vertex -10.117879508054436 -7.4866346158532044 38.739999999999995
      vertex -10.117879508054436 -7.4866346158532044 34.99
    endloop
  endfacet
  facet normal -0.9774033898178588 -0.21138262362966087 -4.272657391622957e-15
    outer loop
      vertex -10.202243310493385 -7.09654831137894 34.98
      vertex -10.117879508054436 -7.4866346158532044 38.739999999999995
      vertex -10.202256330205042 -7.096488110071521 34.99
    endloop
  endfacet
  facet normal -0.9774033898178671 -0.21138262362962146 0
    outer loop
      vertex -10.117879508054436 -7.4866346158532044 34.99
      vertex -10.117879508054436 -7.4866346158532044 38.739999999999995
      vertex -10.202243310493385 -7.09654831137894 34.98
    endloop
  endfacet
  facet normal -0.9943348002101371 -0.10629348564736558 -3.106513512133942e-19
    outer loop
      vertex -10.202256330205042 -7.096488110071521 34.99
      vertex -10.244685108787857 -6.69958315565817 38.739999999999995
      vertex -10.244685108787857 -6.69958315565817 34.99
    endloop
  endfacet
  facet normal 0.9882804237803486 0.15264928421887386 -1.8588159532685641e-16
    outer loop
      vertex -8.990889058838135 -7.029454813848112 38.24653700215537
      vertex -8.982923330888337 -7.0810264477030005 35.03
      vertex -9.042517793018538 -6.6952005947330635 35.03
    endloop
  endfacet
  facet normal -0.9774033898178672 -0.21138262362962162 0
    outer loop
      vertex -10.202256330205042 -7.096488110071521 34.99
      vertex -10.117879508054436 -7.4866346158532044 38.739999999999995
      vertex -10.202256330205042 -7.096488110071521 38.739999999999995
    endloop
  endfacet
  facet normal 0 0 1
    outer loop
      vertex -9.827570281462144 -8.229096880434971 38.739999999999995
      vertex -10.244685108787857 -6.69958315565817 38.739999999999995
      vertex -10.117879508054436 -7.4866346158532044 38.739999999999995
    endloop
  endfacet
  facet normal 0 0 1
    outer loop
      vertex -10.117879508054436 -7.4866346158532044 38.739999999999995
      vertex -10.244685108787857 -6.69958315565817 38.739999999999995
      vertex -10.202256330205042 -7.096488110071521 38.739999999999995
    endloop
  endfacet
  facet normal 0 0 1
    outer loop
      vertex -10.244685108787857 -6.69958315565817 38.739999999999995
      vertex -9.391211809537266 -7.439411662899841 38.739999999999995
      vertex -9.473568706230768 -7.132051540085988 38.739999999999995
    endloop
  endfacet
  facet normal -0.9943348002101371 -0.10629348564736558 0
    outer loop
      vertex -10.202256330205042 -7.096488110071521 34.99
      vertex -10.202256330205042 -7.096488110071521 38.739999999999995
      vertex -10.244685108787857 -6.69958315565817 38.739999999999995
    endloop
  endfacet
  facet normal 0 0 1
    outer loop
      vertex -10.244685108787857 -6.69958315565817 38.739999999999995
      vertex -9.473568706230768 -7.132051540085988 38.739999999999995
      vertex -9.523346561919551 -6.817766528333666 38.739999999999995
    endloop
  endfacet
  facet normal 0 0 1
    outer loop
      vertex -10.244685108787857 -6.69958315565817 38.739999999999995
      vertex -9.523346561919551 -6.817766528333666 38.739999999999995
      vertex -9.54 -6.5 38.739999999999995
    endloop
  endfacet
  facet normal 0.9882804237803505 0.15264928421886254 0
    outer loop
      vertex -8.982923330888337 -7.0810264477030005 38.252198179278665
      vertex -8.982923330888337 -7.0810264477030005 35.03
      vertex -8.990889058838135 -7.029454813848112 38.24653700215537
    endloop
  endfacet
  facet normal 0.6605935554186146 0.2535781077013797 0.706621750184624
    outer loop
      vertex -9.277178191233507 -7.7364793949504325 38.739999999999995
      vertex -8.865131250310341 -7.45323353319396 38.25314758815113
      vertex -9.391211809537266 -7.439411662899841 38.739999999999995
    endloop
  endfacet
  facet normal 0.6605935554186029 0.2535781077014018 0.706621750184627
    outer loop
      vertex -9.277178191233507 -7.7364793949504325 38.739999999999995
      vertex -8.824646448616326 -7.534999282124604 38.24464233735567
      vertex -8.865131250310341 -7.45323353319396 38.25314758815113
    endloop
  endfacet
  facet normal 0.6605935554186168 0.25357810770136635 0.7066217501846268
    outer loop
      vertex -9.391211809537266 -7.439411662899841 38.739999999999995
      vertex -8.865131250310341 -7.45323353319396 38.25314758815113
      vertex -8.918149102527362 -7.285704271839066 38.24259243388319
    endloop
  endfacet
  facet normal 0.6834808847193293 0.18313815110265347 0.7066217501846264
    outer loop
      vertex -9.391211809537266 -7.439411662899841 38.739999999999995
      vertex -8.918149102527362 -7.285704271839066 38.24259243388319
      vertex -9.473568706230768 -7.132051540085988 38.739999999999995
    endloop
  endfacet
  facet normal 0.6834808847193291 0.18313815110264708 0.7066217501846281
    outer loop
      vertex -9.473568706230768 -7.132051540085988 38.739999999999995
      vertex -8.918149102527362 -7.285704271839066 38.24259243388319
      vertex -8.982923330888337 -7.0810264477030005 38.252198179278665
    endloop
  endfacet
  facet normal 0.6834808847193227 0.18313815110268236 0.7066217501846254
    outer loop
      vertex -9.473568706230768 -7.132051540085988 38.739999999999995
      vertex -8.982923330888337 -7.0810264477030005 38.252198179278665
      vertex -8.990889058838135 -7.029454813848112 38.24653700215537
    endloop
  endfacet
  facet normal 0.988280423780348 0.15264928421887772 2.240647467783232e-16
    outer loop
      vertex -8.990889058838135 -7.029454813848112 38.24653700215537
      vertex -9.042517793018538 -6.6952005947330635 35.03
      vertex -9.031569993110608 -6.7660787281474235 38.245514588367264
    endloop
  endfacet
  facet normal 0.9882804237803495 0.15264928421886773 -1.9768697603062058e-19
    outer loop
      vertex -9.031569993110608 -6.7660787281474235 38.245514588367264
      vertex -9.042517793018538 -6.6952005947330635 35.03
      vertex -9.042517793018538 -6.6952005947330635 38.25274782270323
    endloop
  endfacet
  facet normal 1 0 0
    outer loop
      vertex -9.042517793018538 -6.6952005947330635 38.25274782270323
      vertex -9.042517793018538 -6.6952005947330635 35.03
      vertex -9.042517793018538 -6.5 38.242517793018536
    endloop
  endfacet
  facet normal 0.6988798544194912 0.11069169459632651 0.7066217501846263
    outer loop
      vertex -9.473568706230768 -7.132051540085988 38.739999999999995
      vertex -8.990889058838135 -7.029454813848112 38.24653700215537
      vertex -9.523346561919551 -6.817766528333666 38.739999999999995
    endloop
  endfacet
  facet normal 0.70662175018462 0.037032476720269894 0.7066217501846281
    outer loop
      vertex -9.523346561919551 -6.817766528333666 38.739999999999995
      vertex -9.042517793018538 -6.6952005947330635 38.25274782270323
      vertex -9.54 -6.5 38.739999999999995
    endloop
  endfacet
  facet normal 0.6988798544194929 0.11069169459633821 0.7066217501846228
    outer loop
      vertex -9.523346561919551 -6.817766528333666 38.739999999999995
      vertex -8.990889058838135 -7.029454813848112 38.24653700215537
      vertex -9.031569993110608 -6.7660787281474235 38.245514588367264
    endloop
  endfacet
  facet normal 0.7066217501846305 0.03703247672020213 0.7066217501846214
    outer loop
      vertex -9.523346561919551 -6.817766528333666 38.739999999999995
      vertex -9.031569993110608 -6.7660787281474235 38.245514588367264
      vertex -9.042517793018538 -6.6952005947330635 38.25274782270323
    endloop
  endfacet
  facet normal 0.7066217501846225 0.03703247672028373 0.706621750184625
    outer loop
      vertex -9.54 -6.5 38.739999999999995
      vertex -9.042517793018538 -6.6952005947330635 38.25274782270323
      vertex -9.042517793018538 -6.5 38.242517793018536
    endloop
  endfacet
  facet normal 0.8961655569610557 0.44371983786695934 -1.5016567861647725e-16
    outer loop
      vertex -8.706381477445193 -7.773854939937987 38.24770987987597
      vertex -8.691902497817363 -7.803097632590131 35.03
      vertex -8.865131250310341 -7.45323353319396 35.03
    endloop
  endfacet
  facet normal 0.9533963920549303 0.3017205985951931 3.673885592257512e-17
    outer loop
      vertex -8.918149102527362 -7.285704271839066 38.24259243388319
      vertex -8.865131250310341 -7.45323353319396 35.03
      vertex -8.982923330888337 -7.0810264477030005 35.03
    endloop
  endfacet
  facet normal 0.8961655569610583 0.4437198378669544 -4.745062095251181e-19
    outer loop
      vertex -8.824646448616326 -7.534999282124604 38.24464233735567
      vertex -8.865131250310341 -7.45323353319396 35.03
      vertex -8.865131250310341 -7.45323353319396 38.25314758815113
    endloop
  endfacet
  facet normal 0.95339639205493 0.30172059859519373 0
    outer loop
      vertex -8.865131250310341 -7.45323353319396 38.25314758815113
      vertex -8.865131250310341 -7.45323353319396 35.03
      vertex -8.918149102527362 -7.285704271839066 38.24259243388319
    endloop
  endfacet
  facet normal 0.896165556961054 0.4437198378669628 2.6929296019354697e-16
    outer loop
      vertex -8.706381477445193 -7.773854939937987 38.24770987987597
      vertex -8.865131250310341 -7.45323353319396 35.03
      vertex -8.824646448616326 -7.534999282124604 38.24464233735567
    endloop
  endfacet
  facet normal 0.9533963920549304 0.30172059859519257 0
    outer loop
      vertex -8.982923330888337 -7.0810264477030005 38.252198179278665
      vertex -8.918149102527362 -7.285704271839066 38.24259243388319
      vertex -8.982923330888337 -7.0810264477030005 35.03
    endloop
  endfacet
  facet normal 0.6304686248866418 0.32123980948749503 0.7066217501846267
    outer loop
      vertex -9.277178191233507 -7.7364793949504325 38.739999999999995
      vertex -8.706381477445193 -7.773854939937987 38.24770987987597
      vertex -8.824646448616326 -7.534999282124604 38.24464233735567
    endloop
  endfacet
  facet normal -0.18528872409284558 -0.9826841245914403 0
    outer loop
      vertex -7.389975124516679 -10.142862099742663 34.98
      vertex -7.389845393307544 -10.142886561041685 34.98
      vertex -7.389975124516679 -10.142862099742663 34.99
    endloop
  endfacet
  facet normal -0.28869194733962317 -0.9574220383620049 0
    outer loop
      vertex -7.772145747942614 -10.027626000016374 34.99
      vertex -7.389975124516679 -10.142862099742663 34.99
      vertex -7.772145747942614 -10.027626000016374 38.739999999999995
    endloop
  endfacet
  facet normal -0.18528872408711122 -0.9826841245925215 0
    outer loop
      vertex -7.389975124516679 -10.142862099742663 34.99
      vertex -6.9977207273139586 -10.216823116265026 34.99
      vertex -7.389975124516679 -10.142862099742663 38.739999999999995
    endloop
  endfacet
  facet normal -0.07978610555308666 -0.9968120070307499 0
    outer loop
      vertex -6.9977207273139586 -10.216823116265026 34.99
      vertex -6.599826955391656 -10.248671041712948 34.99
      vertex -6.9977207273139586 -10.216823116265026 38.739999999999995
    endloop
  endfacet
  facet normal 0 1 1.0955680807001277e-10
    outer loop
      vertex -6.402328029052632 -9.048128761675184 34.99
      vertex -6.402328029204739 -9.048128761675184 34.99
      vertex -6.40232802909041 -9.048128761679566 35.03
    endloop
  endfacet
  facet normal 0.19039110916466703 0.981708319996855 0
    outer loop
      vertex -6.79244273476592 -9.033175328887172 38.251232234904066
      vertex -6.79244273476592 -9.033175328887172 35.03
      vertex -7.175702830601487 -8.95884641340551 35.03
    endloop
  endfacet
  facet normal 0.03830273369003545 0.99926618105081 1.0874364075315019e-16
    outer loop
      vertex -6.5 -9.044384910880176 38.24438491088017
      vertex -6.40232802909041 -9.048128761679566 35.03
      vertex -6.79244273476592 -9.033175328887172 35.03
    endloop
  endfacet
  facet normal -0.28869194733962317 -0.9574220383620049 -7.348904570707652e-19
    outer loop
      vertex -7.772145747942614 -10.027626000016374 38.739999999999995
      vertex -7.389975124516679 -10.142862099742663 34.99
      vertex -7.389975124516679 -10.142862099742663 38.739999999999995
    endloop
  endfacet
  facet normal -0.18528872408711122 -0.9826841245925215 0
    outer loop
      vertex -6.9977207273139586 -10.216823116265026 34.99
      vertex -6.9977207273139586 -10.216823116265026 38.739999999999995
      vertex -7.389975124516679 -10.142862099742663 38.739999999999995
    endloop
  endfacet
  facet normal 0 0 1
    outer loop
      vertex -8.139902451720708 -9.872420488142073 38.739999999999995
      vertex -7.389975124516679 -10.142862099742663 38.739999999999995
      vertex -6.599826955391656 -10.248671041712948 38.739999999999995
    endloop
  endfacet
  facet normal 0 0 1
    outer loop
      vertex -7.43941166289984 -9.391211809537266 38.739999999999995
      vertex -6.599826955391656 -10.248671041712948 38.739999999999995
      vertex -7.132051540085988 -9.473568706230768 38.739999999999995
    endloop
  endfacet
  facet normal 0.19039110916466645 0.9817083199968554 -1.4174385336366928e-19
    outer loop
      vertex -7.028703673213945 -8.987355219994187 38.24292421524949
      vertex -7.175702830601487 -8.95884641340551 35.03
      vertex -7.175702830601487 -8.95884641340551 38.25344742592923
    endloop
  endfacet
  facet normal 0.3212398094870809 0.6304686248868377 0.7066217501846401
    outer loop
      vertex -7.7364793949504325 -9.277178191233507 38.739999999999995
      vertex -7.536978478366082 -8.82909179615746 38.249508376044766
      vertex -7.543125024786917 -8.826884222015202 38.250333016904285
    endloop
  endfacet
  facet normal 0.2535781077013792 0.6605935554186152 0.7066217501846238
    outer loop
      vertex -7.7364793949504325 -9.277178191233507 38.739999999999995
      vertex -7.43941166289984 -9.391211809537266 38.739999999999995
      vertex -7.286050386748097 -8.919214334684858 38.243712485256836
    endloop
  endfacet
  facet normal 0.25357810770139066 0.6605935554186064 0.7066217501846278
    outer loop
      vertex -7.7364793949504325 -9.277178191233507 38.739999999999995
      vertex -7.286050386748097 -8.919214334684858 38.243712485256836
      vertex -7.536978478366082 -8.82909179615746 38.249508376044766
    endloop
  endfacet
  facet normal 0.18313815110265436 0.6834808847193319 0.7066217501846237
    outer loop
      vertex -7.43941166289984 -9.391211809537266 38.739999999999995
      vertex -7.175702830601487 -8.95884641340551 38.25344742592923
      vertex -7.286050386748097 -8.919214334684858 38.243712485256836
    endloop
  endfacet
  facet normal 0.18313815110265666 0.6834808847193308 0.706621750184624
    outer loop
      vertex -7.43941166289984 -9.391211809537266 38.739999999999995
      vertex -7.028703673213945 -8.987355219994187 38.24292421524949
      vertex -7.175702830601487 -8.95884641340551 38.25344742592923
    endloop
  endfacet
  facet normal 0.18313815110265472 0.683480884719332 0.7066217501846234
    outer loop
      vertex -7.43941166289984 -9.391211809537266 38.739999999999995
      vertex -7.132051540085988 -9.473568706230768 38.739999999999995
      vertex -7.028703673213945 -8.987355219994187 38.24292421524949
    endloop
  endfacet
  facet normal -0.07978610555308666 -0.9968120070307499 0
    outer loop
      vertex -6.599826955391656 -10.248671041712948 34.99
      vertex -6.599826955391656 -10.248671041712948 38.739999999999995
      vertex -6.9977207273139586 -10.216823116265026 38.739999999999995
    endloop
  endfacet
  facet normal 0 0 1
    outer loop
      vertex -7.389975124516679 -10.142862099742663 38.739999999999995
      vertex -6.9977207273139586 -10.216823116265026 38.739999999999995
      vertex -6.599826955391656 -10.248671041712948 38.739999999999995
    endloop
  endfacet
  facet normal 0 0 1
    outer loop
      vertex -7.132051540085988 -9.473568706230768 38.739999999999995
      vertex -6.599826955391656 -10.248671041712948 38.739999999999995
      vertex -6.817766528333666 -9.523346561919551 38.739999999999995
    endloop
  endfacet
  facet normal 0 0 1
    outer loop
      vertex -6.599826955391656 -10.248671041712948 38.739999999999995
      vertex -6.5 -9.54 38.739999999999995
      vertex -6.817766528333666 -9.523346561919551 38.739999999999995
    endloop
  endfacet
  facet normal 0.19039110916466742 0.9817083199968551 -4.695811360948457e-17
    outer loop
      vertex -7.028703673213945 -8.987355219994187 38.24292421524949
      vertex -6.79244273476592 -9.033175328887172 38.251232234904066
      vertex -7.175702830601487 -8.95884641340551 35.03
    endloop
  endfacet
  facet normal 0.03830273369004864 0.9992661810508094 0
    outer loop
      vertex -6.79244273476592 -9.033175328887172 38.251232234904066
      vertex -6.766352566135454 -9.034175387530135 38.24813433402763
      vertex -6.79244273476592 -9.033175328887172 35.03
    endloop
  endfacet
  facet normal 0.03830273369003547 0.9992661810508101 1.0695594802040118e-16
    outer loop
      vertex -6.766352566135454 -9.034175387530135 38.24813433402763
      vertex -6.5 -9.044384910880176 38.24438491088017
      vertex -6.79244273476592 -9.033175328887172 35.03
    endloop
  endfacet
  facet normal 0.03830273369003188 0.9992661810508102 -8.013272398277867e-20
    outer loop
      vertex -6.5 -9.044384910880176 38.24438491088017
      vertex -6.40232802909041 -9.048128761679566 38.24812876167957
      vertex -6.40232802909041 -9.048128761679566 35.03
    endloop
  endfacet
  facet normal 0.11069169459632659 0.6988798544194917 0.7066217501846258
    outer loop
      vertex -7.132051540085988 -9.473568706230768 38.739999999999995
      vertex -6.817766528333666 -9.523346561919551 38.739999999999995
      vertex -6.79244273476592 -9.033175328887172 38.251232234904066
    endloop
  endfacet
  facet normal 0.11069169459631806 0.6988798544194955 0.7066217501846231
    outer loop
      vertex -7.132051540085988 -9.473568706230768 38.739999999999995
      vertex -6.79244273476592 -9.033175328887172 38.251232234904066
      vertex -7.028703673213945 -8.987355219994187 38.24292421524949
    endloop
  endfacet
  facet normal 0.11069169459629066 0.6988798544194955 0.7066217501846276
    outer loop
      vertex -6.817766528333666 -9.523346561919551 38.739999999999995
      vertex -6.766352566135454 -9.034175387530135 38.24813433402763
      vertex -6.79244273476592 -9.033175328887172 38.251232234904066
    endloop
  endfacet
  facet normal 0.03703247672027011 0.7066217501846241 0.7066217501846241
    outer loop
      vertex -6.817766528333666 -9.523346561919551 38.739999999999995
      vertex -6.5 -9.54 38.739999999999995
      vertex -6.5 -9.044384910880176 38.24438491088017
    endloop
  endfacet
  facet normal 0.03703247672027959 0.7066217501846207 0.7066217501846269
    outer loop
      vertex -6.817766528333666 -9.523346561919551 38.739999999999995
      vertex -6.5 -9.044384910880176 38.24438491088017
      vertex -6.766352566135454 -9.034175387530135 38.24813433402763
    endloop
  endfacet
  facet normal -3.84955988164578e-14 0.7071067811865476 0.7071067811865476
    outer loop
      vertex -6.5 -9.54 38.739999999999995
      vertex -6.40232802909041 -9.048128761679566 38.24812876167957
      vertex -6.5 -9.044384910880176 38.24438491088017
    endloop
  endfacet
  facet normal 0.4777198185122646 0.8785122509109414 0
    outer loop
      vertex -7.543125024786917 -8.826884222015202 38.250333016904285
      vertex -7.543125024786917 -8.826884222015202 35.03
      vertex -7.886097252503114 -8.640381836636472 35.03
    endloop
  endfacet
  facet normal 0.33801687840850414 0.9411400479795611 -1.0816230788078086e-16
    outer loop
      vertex -7.286050386748097 -8.919214334684858 38.243712485256836
      vertex -7.175702830601487 -8.95884641340551 35.03
      vertex -7.543125024786917 -8.826884222015202 35.03
    endloop
  endfacet
  facet normal 0.33801687840837846 0.9411400479796062 0
    outer loop
      vertex -7.543125024786917 -8.826884222015202 38.250333016904285
      vertex -7.536978478366082 -8.82909179615746 38.249508376044766
      vertex -7.543125024786917 -8.826884222015202 35.03
    endloop
  endfacet
  facet normal 0.33801687840850597 0.9411400479795604 -2.7478940474880655e-16
    outer loop
      vertex -7.536978478366082 -8.82909179615746 38.249508376044766
      vertex -7.286050386748097 -8.919214334684858 38.243712485256836
      vertex -7.543125024786917 -8.826884222015202 35.03
    endloop
  endfacet
  facet normal 0.3380168784085069 0.9411400479795601 -1.5865658629966893e-20
    outer loop
      vertex -7.286050386748097 -8.919214334684858 38.243712485256836
      vertex -7.175702830601487 -8.95884641340551 38.25344742592923
      vertex -7.175702830601487 -8.95884641340551 35.03
    endloop
  endfacet
  facet normal 2.2568702506330833e-10 1 1.0955680828316166e-10
    outer loop
      vertex -6.402328029052632 -9.048128761675184 34.99
      vertex -6.40232802909041 -9.048128761679566 35.03
      vertex -6.3829105533622545 -9.048128761679566 34.99
    endloop
  endfacet
  facet normal 1 0 0
    outer loop
      vertex -9.042517793018538 -6.5 38.242517793018536
      vertex -9.042517793018538 -6.6952005947330635 35.03
      vertex -9.042517793018538 6.695200594733063 35.03
    endloop
  endfacet
  facet normal -1 0 0
    outer loop
      vertex -10.244685108787857 -6.69958315565817 34.99
      vertex -10.244685108787857 -6.69958315565817 38.739999999999995
      vertex -10.244685108787857 6.300416844341829 38.739999999999995
    endloop
  endfacet
  facet normal 0 0 1
    outer loop
      vertex -10.244685108787857 -6.69958315565817 38.739999999999995
      vertex -9.54 -6.5 38.739999999999995
      vertex -9.54 6.5 38.739999999999995
    endloop
  endfacet
  facet normal 0.7071067811865464 0 0.7071067811865488
    outer loop
      vertex -9.54 -6.5 38.739999999999995
      vertex -9.042517793018538 -6.5 38.242517793018536
      vertex -9.54 6.5 38.739999999999995
    endloop
  endfacet
  facet normal 0 -1 0
    outer loop
      vertex -6.599826955391656 -10.248671041712948 34.99
      vertex -6.59979394528303 -10.248671041712948 34.98
      vertex 6.400173044608344 -10.248671041712948 38.739999999999995
    endloop
  endfacet
  facet normal 0 -1 0
    outer loop
      vertex -6.599826955391656 -10.248671041712948 34.99
      vertex 6.400173044608344 -10.248671041712948 38.739999999999995
      vertex -6.599826955391656 -10.248671041712948 38.739999999999995
    endloop
  endfacet
  facet normal 0 0 1
    outer loop
      vertex -6.599826955391656 -10.248671041712948 38.739999999999995
      vertex 6.400173044608344 -10.248671041712948 38.739999999999995
      vertex -6.5 -9.54 38.739999999999995
    endloop
  endfacet
  facet normal 0 1 0
    outer loop
      vertex -6.40232802909041 -9.048128761679566 38.24812876167957
      vertex 6.5 -9.048128761679566 38.24812876167957
      vertex -6.40232802909041 -9.048128761679566 35.03
    endloop
  endfacet
  facet normal 6.311987742592259e-19 0.7071067811865437 0.7071067811865515
    outer loop
      vertex -6.5 -9.54 38.739999999999995
      vertex 6.5 -9.048128761679566 38.24812876167957
      vertex -6.40232802909041 -9.048128761679566 38.24812876167957
    endloop
  endfacet
  facet normal -1 0 0
    outer loop
      vertex -10.244685108787857 -6.69958315565817 34.99
      vertex -10.244685108787857 6.699583155658171 38.739999999999995
      vertex -10.244685108787857 6.698552254082017 34.99
    endloop
  endfacet
  facet normal -1 0 0
    outer loop
      vertex -10.244685108787857 -6.69958315565817 34.99
      vertex -10.244685108787857 6.300416844341829 38.739999999999995
      vertex -10.244685108787857 6.699583155658171 38.739999999999995
    endloop
  endfacet
  facet normal 0 0 1
    outer loop
      vertex -10.244685108787857 -6.69958315565817 38.739999999999995
      vertex -9.54 6.5 38.739999999999995
      vertex -10.244685108787857 6.300416844341829 38.739999999999995
    endloop
  endfacet
  facet normal 1 0 0
    outer loop
      vertex -9.042517793018538 -6.5 38.242517793018536
      vertex -9.042517793018538 6.695200594733063 35.03
      vertex -9.042517793018538 6.5 38.242517793018536
    endloop
  endfacet
  facet normal 0.7071067811865464 0 0.7071067811865488
    outer loop
      vertex -9.042517793018538 -6.5 38.242517793018536
      vertex -9.042517793018538 6.5 38.242517793018536
      vertex -9.54 6.5 38.739999999999995
    endloop
  endfacet
  facet normal -0.9943348002104844 0.10629348564411635 -2.7807253850634113e-14
    outer loop
      vertex -10.244678328261763 6.699646584879805 34.98
      vertex -10.244685108787857 6.699583155658171 34.99
      vertex -10.244671075725114 6.699714429579192 34.98
    endloop
  endfacet
  facet normal -1 0 0
    outer loop
      vertex -10.244685108787857 6.6995275387139515 34.98157167354309
      vertex -10.244685108787857 6.699583155658171 34.99
      vertex -10.244685108787857 6.699583155658171 34.98
    endloop
  endfacet
  facet normal -1 0 0
    outer loop
      vertex -10.244685108787857 6.698749535710824 34.988089856512154
      vertex -10.244685108787857 6.699583155658171 38.739999999999995
      vertex -10.244685108787857 6.6995275387139515 34.98157167354309
    endloop
  endfacet
  facet normal -1 0 0
    outer loop
      vertex -10.244685108787857 6.698552254082017 34.99
      vertex -10.244685108787857 6.699583155658171 38.739999999999995
      vertex -10.244685108787857 6.698749535710824 34.988089856512154
    endloop
  endfacet
  facet normal -1 0 0
    outer loop
      vertex -10.244685108787857 6.6995275387139515 34.98157167354309
      vertex -10.244685108787857 6.699583155658171 38.739999999999995
      vertex -10.244685108787857 6.699583155658171 34.99
    endloop
  endfacet
  facet normal -0.9943348002101371 0.10629348564736629 -1.045958839836606e-18
    outer loop
      vertex -10.244685108787857 6.699583155658171 34.99
      vertex -10.202256330205042 7.096488110071519 38.739999999999995
      vertex -10.202256330205042 7.096488110071519 34.99
    endloop
  endfacet
  facet normal -0.9774033898178676 0.21138262362962024 1.5473774380584577e-18
    outer loop
      vertex -10.202256330205042 7.096488110071519 34.99
      vertex -10.117879508054436 7.486634615853205 38.739999999999995
      vertex -10.117879508054436 7.486634615853205 34.99
    endloop
  endfacet
  facet normal 0.9882804237803486 -0.15264928421887386 1.7984203560849815e-16
    outer loop
      vertex -9.031569993110608 6.7660787281474235 38.245514588367264
      vertex -9.042517793018538 6.695200594733063 35.03
      vertex -8.982923330888337 7.081026447703 35.03
    endloop
  endfacet
  facet normal -0.9943348002101371 0.10629348564736629 0
    outer loop
      vertex -10.244685108787857 6.699583155658171 34.99
      vertex -10.244685108787857 6.699583155658171 38.739999999999995
      vertex -10.202256330205042 7.096488110071519 38.739999999999995
    endloop
  endfacet
  facet normal 0 0 1
    outer loop
      vertex -10.244685108787857 6.300416844341829 38.739999999999995
      vertex -10.202256330205042 7.096488110071519 38.739999999999995
      vertex -10.244685108787857 6.699583155658171 38.739999999999995
    endloop
  endfacet
  facet normal 0 0 1
    outer loop
      vertex -10.244685108787857 6.300416844341829 38.739999999999995
      vertex -9.54 6.5 38.739999999999995
      vertex -9.523346561919551 6.817766528333664 38.739999999999995
    endloop
  endfacet
  facet normal 0 0 1
    outer loop
      vertex -10.244685108787857 6.300416844341829 38.739999999999995
      vertex -9.523346561919551 6.817766528333664 38.739999999999995
      vertex -9.473568706230768 7.132051540085989 38.739999999999995
    endloop
  endfacet
  facet normal 0 0 1
    outer loop
      vertex -10.244685108787857 6.300416844341829 38.739999999999995
      vertex -9.473568706230768 7.132051540085989 38.739999999999995
      vertex -9.391211809537266 7.43941166289984 38.739999999999995
    endloop
  endfacet
  facet normal -0.9774033898178676 0.21138262362962024 0
    outer loop
      vertex -10.202256330205042 7.096488110071519 34.99
      vertex -10.202256330205042 7.096488110071519 38.739999999999995
      vertex -10.117879508054436 7.486634615853205 38.739999999999995
    endloop
  endfacet
  facet normal -0.9493976084683793 0.31407671202195486 0
    outer loop
      vertex -10.117879508054436 7.486634615853205 34.99
      vertex -10.117879508054436 7.486634615853205 38.739999999999995
      vertex -9.992510665446268 7.865602157198083 38.739999999999995
    endloop
  endfacet
  facet normal 0 0 1
    outer loop
      vertex -10.244685108787857 6.300416844341829 38.739999999999995
      vertex -9.992510665446268 7.865602157198083 38.739999999999995
      vertex -10.202256330205042 7.096488110071519 38.739999999999995
    endloop
  endfacet
  facet normal 0 0 1
    outer loop
      vertex -10.202256330205042 7.096488110071519 38.739999999999995
      vertex -9.992510665446268 7.865602157198083 38.739999999999995
      vertex -10.117879508054436 7.486634615853205 38.739999999999995
    endloop
  endfacet
  facet normal 0 0 1
    outer loop
      vertex -10.244685108787857 6.300416844341829 38.739999999999995
      vertex -9.391211809537266 7.43941166289984 38.739999999999995
      vertex -9.277178191233507 7.736479394950429 38.739999999999995
    endloop
  endfacet
  facet normal 1 0 0
    outer loop
      vertex -9.042517793018538 6.5 38.242517793018536
      vertex -9.042517793018538 6.695200594733063 35.03
      vertex -9.042517793018538 6.695200594733063 38.25274782270323
    endloop
  endfacet
  facet normal 0.9882804237803499 -0.1526492842188659 0
    outer loop
      vertex -9.042517793018538 6.695200594733063 38.25274782270323
      vertex -9.042517793018538 6.695200594733063 35.03
      vertex -9.031569993110608 6.7660787281474235 38.245514588367264
    endloop
  endfacet
  facet normal 0.9882804237803481 -0.1526492842188777 -2.0641970754408176e-16
    outer loop
      vertex -9.031569993110608 6.7660787281474235 38.245514588367264
      vertex -8.982923330888337 7.081026447703 35.03
      vertex -8.990889058838135 7.029454813848112 38.24653700215537
    endloop
  endfacet
  facet normal 0.7066217501846228 -0.03703247672027036 0.7066217501846255
    outer loop
      vertex -9.54 6.5 38.739999999999995
      vertex -9.042517793018538 6.5 38.242517793018536
      vertex -9.523346561919551 6.817766528333664 38.739999999999995
    endloop
  endfacet
  facet normal 0.6988798544194947 -0.11069169459632582 0.7066217501846229
    outer loop
      vertex -9.523346561919551 6.817766528333664 38.739999999999995
      vertex -9.031569993110608 6.7660787281474235 38.245514588367264
      vertex -9.473568706230768 7.132051540085989 38.739999999999995
    endloop
  endfacet
  facet normal 0.7066217501846179 -0.03703247672028421 0.7066217501846296
    outer loop
      vertex -9.523346561919551 6.817766528333664 38.739999999999995
      vertex -9.042517793018538 6.5 38.242517793018536
      vertex -9.042517793018538 6.695200594733063 38.25274782270323
    endloop
  endfacet
  facet normal 0.7066217501846306 -0.03703247672020147 0.7066217501846213
    outer loop
      vertex -9.523346561919551 6.817766528333664 38.739999999999995
      vertex -9.042517793018538 6.695200594733063 38.25274782270323
      vertex -9.031569993110608 6.7660787281474235 38.245514588367264
    endloop
  endfacet
  facet normal 0.6988798544194892 -0.11069169459633768 0.7066217501846267
    outer loop
      vertex -9.031569993110608 6.7660787281474235 38.245514588367264
      vertex -8.990889058838135 7.029454813848112 38.24653700215537
      vertex -9.473568706230768 7.132051540085989 38.739999999999995
    endloop
  endfacet
  facet normal 0.9882804237803501 -0.1526492842188651 -5.920038603842797e-20
    outer loop
      vertex -8.990889058838135 7.029454813848112 38.24653700215537
      vertex -8.982923330888337 7.081026447703 35.03
      vertex -8.982923330888337 7.081026447703 38.25219817927866
    endloop
  endfacet
  facet normal 0 0 1
    outer loop
      vertex -10.244685108787857 6.300416844341829 38.739999999999995
      vertex -9.277178191233507 7.736479394950429 38.739999999999995
      vertex -9.132717227504694 8.02 38.739999999999995
    endloop
  endfacet
  facet normal 0.6834808847193442 -0.18313815110259182 0.706621750184628
    outer loop
      vertex -8.990889058838135 7.029454813848112 38.24653700215537
      vertex -8.982923330888337 7.081026447703 38.25219817927866
      vertex -9.473568706230768 7.132051540085989 38.739999999999995
    endloop
  endfacet
  facet normal 0.6834808847193325 -0.1831381511026554 0.7066217501846228
    outer loop
      vertex -9.473568706230768 7.132051540085989 38.739999999999995
      vertex -8.982923330888337 7.081026447703 38.25219817927866
      vertex -9.391211809537266 7.43941166289984 38.739999999999995
    endloop
  endfacet
  facet normal 0.6834808847193248 -0.18313815110266937 0.7066217501846267
    outer loop
      vertex -9.391211809537266 7.43941166289984 38.739999999999995
      vertex -8.982923330888337 7.081026447703 38.25219817927866
      vertex -8.918149102527362 7.285704271839066 38.24259243388319
    endloop
  endfacet
  facet normal 0.6605935554186119 -0.2535781077013809 0.7066217501846261
    outer loop
      vertex -9.391211809537266 7.43941166289984 38.739999999999995
      vertex -8.918149102527362 7.285704271839066 38.24259243388319
      vertex -9.277178191233507 7.736479394950429 38.739999999999995
    endloop
  endfacet
  facet normal 0.6605935554186211 -0.2535781077013689 0.7066217501846218
    outer loop
      vertex -8.918149102527362 7.285704271839066 38.24259243388319
      vertex -8.865131250310341 7.453233533193959 38.25314758815113
      vertex -9.277178191233507 7.736479394950429 38.739999999999995
    endloop
  endfacet
  facet normal 0.6605935554185963 -0.2535781077014157 0.7066217501846281
    outer loop
      vertex -8.865131250310341 7.453233533193959 38.25314758815113
      vertex -8.824646448616324 7.534999282124602 38.24464233735567
      vertex -9.277178191233507 7.736479394950429 38.739999999999995
    endloop
  endfacet
  facet normal 0.9533963920549303 -0.3017205985951931 0
    outer loop
      vertex -8.982923330888337 7.081026447703 38.25219817927866
      vertex -8.982923330888337 7.081026447703 35.03
      vertex -8.865131250310341 7.453233533193959 35.03
    endloop
  endfacet
  facet normal 0.896165556961056 -0.4437198378669585 -4.859411469826223e-16
    outer loop
      vertex -8.824646448616324 7.534999282124602 38.24464233735567
      vertex -8.865131250310341 7.453233533193959 35.03
      vertex -8.691902497817363 7.803097632590131 35.03
    endloop
  endfacet
  facet normal 0.9533963920549308 -0.3017205985951914 2.1748478101242314e-16
    outer loop
      vertex -8.982923330888337 7.081026447703 38.25219817927866
      vertex -8.865131250310341 7.453233533193959 35.03
      vertex -8.918149102527362 7.285704271839066 38.24259243388319
    endloop
  endfacet
  facet normal 0.9533963920549297 -0.3017205985951952 9.500796310385338e-19
    outer loop
      vertex -8.918149102527362 7.285704271839066 38.24259243388319
      vertex -8.865131250310341 7.453233533193959 35.03
      vertex -8.865131250310341 7.453233533193959 38.25314758815113
    endloop
  endfacet
  facet normal 0.8961655569610486 -0.4437198378669739 0
    outer loop
      vertex -8.865131250310341 7.453233533193959 38.25314758815113
      vertex -8.865131250310341 7.453233533193959 35.03
      vertex -8.824646448616324 7.534999282124602 38.24464233735567
    endloop
  endfacet
  facet normal -0.9106347728565367 0.4132121857648003 1.1168740510882323e-19
    outer loop
      vertex -9.82760118089232 8.229028784438416 34.98
      vertex -9.827570281462144 8.229096880434973 34.99
      vertex -9.827570281462144 8.229096880434973 34.98
    endloop
  endfacet
  facet normal -0.9493976084683793 0.31407671202195486 2.3280340397155005e-19
    outer loop
      vertex -10.117879508054436 7.486634615853205 34.99
      vertex -9.992510665446268 7.865602157198083 38.739999999999995
      vertex -9.992510665446268 7.865602157198083 34.99
    endloop
  endfacet
  facet normal -0.9106347728549153 0.4132121857683736 1.9969979755615526e-18
    outer loop
      vertex -9.992510665446268 7.865602157198083 34.99
      vertex -9.827570281462144 8.229096880434973 38.739999999999995
      vertex -9.827570281462144 8.229096880434973 34.99
    endloop
  endfacet
  facet normal -0.8615540813938042 0.5076658003388431 -1.701099710348889e-18
    outer loop
      vertex -9.827570281462144 8.229096880434973 34.99
      vertex -9.624927196559431 8.573000245104474 38.739999999999995
      vertex -9.624927196559431 8.573000245104474 34.99
    endloop
  endfacet
  facet normal -0.8027116379309669 0.5963673585384969 -4.163268798891814e-18
    outer loop
      vertex -9.624927196559431 8.573000245104474 34.99
      vertex -9.386877437862148 8.893415688668078 38.739999999999995
      vertex -9.386877437862148 8.893415688668078 34.99
    endloop
  endfacet
  facet normal -0.9106347728549153 0.4132121857683736 0
    outer loop
      vertex -9.992510665446268 7.865602157198083 34.99
      vertex -9.992510665446268 7.865602157198083 38.739999999999995
      vertex -9.827570281462144 8.229096880434973 38.739999999999995
    endloop
  endfacet
  facet normal 0 0 1
    outer loop
      vertex -10.244685108787857 6.300416844341829 38.739999999999995
      vertex -9.116118204256193 9.186712776118682 38.739999999999995
      vertex -9.992510665446268 7.865602157198083 38.739999999999995
    endloop
  endfacet
  facet normal -0.8615540813938042 0.5076658003388431 0
    outer loop
      vertex -9.827570281462144 8.229096880434973 34.99
      vertex -9.827570281462144 8.229096880434973 38.739999999999995
      vertex -9.624927196559431 8.573000245104474 38.739999999999995
    endloop
  endfacet
  facet normal 0 0 1
    outer loop
      vertex -9.992510665446268 7.865602157198083 38.739999999999995
      vertex -9.116118204256193 9.186712776118682 38.739999999999995
      vertex -9.827570281462144 8.229096880434973 38.739999999999995
    endloop
  endfacet
  facet normal 0 0 1
    outer loop
      vertex -9.827570281462144 8.229096880434973 38.739999999999995
      vertex -9.386877437862148 8.893415688668078 38.739999999999995
      vertex -9.624927196559431 8.573000245104474 38.739999999999995
    endloop
  endfacet
  facet normal 0 0 1
    outer loop
      vertex -10.244685108787857 6.300416844341829 38.739999999999995
      vertex -9.132717227504694 8.02 38.739999999999995
      vertex -9.116118204256193 9.186712776118682 38.739999999999995
    endloop
  endfacet
  facet normal 0.6304686248866409 -0.3212398094874955 0.7066217501846271
    outer loop
      vertex -8.824646448616324 7.534999282124602 38.24464233735567
      vertex -9.132717227504694 8.02 38.739999999999995
      vertex -9.277178191233507 7.736479394950429 38.739999999999995
    endloop
  endfacet
  facet normal -0.8027116379309669 0.5963673585384969 0
    outer loop
      vertex -9.624927196559431 8.573000245104474 34.99
      vertex -9.624927196559431 8.573000245104474 38.739999999999995
      vertex -9.386877437862148 8.893415688668078 38.739999999999995
    endloop
  endfacet
  facet normal 0 0 1
    outer loop
      vertex -9.827570281462144 8.229096880434973 38.739999999999995
      vertex -9.116118204256193 9.186712776118682 38.739999999999995
      vertex -9.386877437862148 8.893415688668078 38.739999999999995
    endloop
  endfacet
  facet normal 0 0 1
    outer loop
      vertex -9.132717227504694 8.02 38.739999999999995
      vertex -8.95941166289984 8.28686716696912 38.739999999999995
      vertex -9.116118204256193 9.186712776118682 38.739999999999995
    endloop
  endfacet
  facet normal -0.7347741508600772 0.678311836272855 1.9481980780013096e-20
    outer loop
      vertex -9.11617340009536 9.186652985807374 34.98
      vertex -9.116118204256193 9.186712776118682 34.99
      vertex -9.116118204256193 9.186712776118682 34.98
    endloop
  endfacet
  facet normal -0.7347741508630643 0.6783118362696191 3.2788761259600074e-18
    outer loop
      vertex -9.386877437862148 8.893415688668078 34.99
      vertex -9.116118204256193 9.186712776118682 38.739999999999995
      vertex -9.116118204256193 9.186712776118682 34.99
    endloop
  endfacet
  facet normal -0.7347741508630643 0.6783118362696191 0
    outer loop
      vertex -9.386877437862148 8.893415688668078 34.99
      vertex -9.386877437862148 8.893415688668078 38.739999999999995
      vertex -9.116118204256193 9.186712776118682 38.739999999999995
    endloop
  endfacet
  facet normal -0.6585113790650376 0.7525707698561395 0
    outer loop
      vertex -9.116118204256193 9.186712776118682 34.99
      vertex -9.116118204256193 9.186712776118682 38.739999999999995
      vertex -8.81571730604822 9.449568334259908 38.739999999999995
    endloop
  endfacet
  facet normal 0.8179293607667175 -0.5753186602186207 0
    outer loop
      vertex -8.691902497817363 7.803097632590131 38.25149869014833
      vertex -8.691902497817363 7.803097632590131 35.03
      vertex -8.467297408545955 8.122418227932727 35.03
    endloop
  endfacet
  facet normal 0.7205215936007909 -0.6934325007922375 4.746970547837519e-16
    outer loop
      vertex -8.390500978799063 8.202214727059701 38.24391999242491
      vertex -8.467297408545955 8.122418227932727 35.03
      vertex -8.196580535422193 8.403710715110506 35.03
    endloop
  endfacet
  facet normal 0.6062254109666333 -0.7952928712734301 0
    outer loop
      vertex -8.196580535422193 8.403710715110506 38.250649396380936
      vertex -8.196580535422193 8.403710715110506 35.03
      vertex -7.886097252503114 8.640381836636472 35.03
    endloop
  endfacet
  facet normal 0.47771981851226364 -0.878512250910942 -2.31305511691875e-16
    outer loop
      vertex -7.7716736705775356 8.7026034080879 38.24334734115507
      vertex -7.886097252503114 8.640381836636472 35.03
      vertex -7.543125024786916 8.826884222015202 35.03
    endloop
  endfacet
  facet normal 0.8961655569610582 -0.44371983786695474 -9.540946190110424e-17
    outer loop
      vertex -8.824646448616324 7.534999282124602 38.24464233735567
      vertex -8.691902497817363 7.803097632590131 35.03
      vertex -8.706381477445193 7.773854939937987 38.24770987987597
    endloop
  endfacet
  facet normal 0.8961655569610623 -0.44371983786694613 -1.7022653957394808e-19
    outer loop
      vertex -8.706381477445193 7.773854939937987 38.24770987987597
      vertex -8.691902497817363 7.803097632590131 35.03
      vertex -8.691902497817363 7.803097632590131 38.25149869014833
    endloop
  endfacet
  facet normal 0.8179293607667183 -0.5753186602186197 1.5683677105416813e-16
    outer loop
      vertex -8.691902497817363 7.803097632590131 38.25149869014833
      vertex -8.467297408545955 8.122418227932727 35.03
      vertex -8.557181663693322 7.994629966506022 38.242816378391055
    endloop
  endfacet
  facet normal 0.8179293607667165 -0.5753186602186224 4.3206934137452424e-19
    outer loop
      vertex -8.557181663693322 7.994629966506022 38.242816378391055
      vertex -8.467297408545955 8.122418227932727 35.03
      vertex -8.467297408545955 8.122418227932727 38.25339745215119
    endloop
  endfacet
  facet normal 0.7205215936008006 -0.6934325007922276 0
    outer loop
      vertex -8.467297408545955 8.122418227932727 38.25339745215119
      vertex -8.467297408545955 8.122418227932727 35.03
      vertex -8.390500978799063 8.202214727059701 38.24391999242491
    endloop
  endfacet
  facet normal 0.630468624886646 -0.32123980948749004 0.7066217501846249
    outer loop
      vertex -8.824646448616324 7.534999282124602 38.24464233735567
      vertex -8.706381477445193 7.773854939937987 38.24770987987597
      vertex -9.132717227504694 8.02 38.739999999999995
    endloop
  endfacet
  facet normal 0.5934361481663754 -0.3853819406971114 0.7066217501846259
    outer loop
      vertex -9.132717227504694 8.02 38.739999999999995
      vertex -8.706381477445193 7.773854939937987 38.24770987987597
      vertex -8.691902497817363 7.803097632590131 38.25149869014833
    endloop
  endfacet
  facet normal 0.5934361481663695 -0.38538194069712234 0.7066217501846249
    outer loop
      vertex -9.132717227504694 8.02 38.739999999999995
      vertex -8.691902497817363 7.803097632590131 38.25149869014833
      vertex -8.95941166289984 8.28686716696912 38.739999999999995
    endloop
  endfacet
  facet normal 0.5934361481663674 -0.3853819406971241 0.7066217501846256
    outer loop
      vertex -8.691902497817363 7.803097632590131 38.25149869014833
      vertex -8.557181663693322 7.994629966506022 38.242816378391055
      vertex -8.95941166289984 8.28686716696912 38.739999999999995
    endloop
  endfacet
  facet normal 0.5499018608222872 -0.44530174671811296 0.7066217501846256
    outer loop
      vertex -8.95941166289984 8.28686716696912 38.739999999999995
      vertex -8.557181663693322 7.994629966506022 38.242816378391055
      vertex -8.759160269451279 8.534157043330929 38.739999999999995
    endloop
  endfacet
  facet normal 0.5499018608222868 -0.4453017467181133 0.7066217501846258
    outer loop
      vertex -8.557181663693322 7.994629966506022 38.242816378391055
      vertex -8.467297408545955 8.122418227932727 38.25339745215119
      vertex -8.759160269451279 8.534157043330929 38.739999999999995
    endloop
  endfacet
  facet normal 0.549901860822282 -0.44530174671811773 0.7066217501846266
    outer loop
      vertex -8.467297408545955 8.122418227932727 38.25339745215119
      vertex -8.390500978799063 8.202214727059701 38.24391999242491
      vertex -8.759160269451279 8.534157043330929 38.739999999999995
    endloop
  endfacet
  facet normal 0 0 1
    outer loop
      vertex -9.116118204256193 9.186712776118682 38.739999999999995
      vertex -8.95941166289984 8.28686716696912 38.739999999999995
      vertex -8.759160269451279 8.534157043330929 38.739999999999995
    endloop
  endfacet
  facet normal 0 0 1
    outer loop
      vertex -9.116118204256193 9.186712776118682 38.739999999999995
      vertex -8.759160269451279 8.534157043330929 38.739999999999995
      vertex -8.534157043330929 8.759160269451275 38.739999999999995
    endloop
  endfacet
  facet normal 0.5003427336166719 -0.5003427336166797 0.7066217501846263
    outer loop
      vertex -8.390500978799063 8.202214727059701 38.24391999242491
      vertex -8.534157043330929 8.759160269451275 38.739999999999995
      vertex -8.759160269451279 8.534157043330929 38.739999999999995
    endloop
  endfacet
  facet normal 0.500342733616676 -0.5003427336166775 0.7066217501846249
    outer loop
      vertex -8.390500978799063 8.202214727059701 38.24391999242491
      vertex -8.205636376558143 8.394301105553389 38.24903356736218
      vertex -8.534157043330929 8.759160269451275 38.739999999999995
    endloop
  endfacet
  facet normal 0.4453017467181109 -0.5499018608222886 0.7066217501846258
    outer loop
      vertex -8.534157043330929 8.759160269451275 38.739999999999995
      vertex -8.196580535422193 8.403710715110506 38.250649396380936
      vertex -8.286867166969119 8.959411662899836 38.739999999999995
    endloop
  endfacet
  facet normal 0.720521593600787 -0.6934325007922417 -2.691778717017818e-17
    outer loop
      vertex -8.390500978799063 8.202214727059701 38.24391999242491
      vertex -8.196580535422193 8.403710715110506 35.03
      vertex -8.205636376558143 8.394301105553389 38.24903356736218
    endloop
  endfacet
  facet normal 0.7205215936007916 -0.6934325007922368 9.702253362665153e-20
    outer loop
      vertex -8.205636376558143 8.394301105553389 38.24903356736218
      vertex -8.196580535422193 8.403710715110506 35.03
      vertex -8.196580535422193 8.403710715110506 38.250649396380936
    endloop
  endfacet
  facet normal 0.6062254109666287 -0.7952928712734335 -6.86840523430615e-16
    outer loop
      vertex -8.196580535422193 8.403710715110506 38.250649396380936
      vertex -7.886097252503114 8.640381836636472 35.03
      vertex -7.994849394915926 8.557483680989552 38.24318969229958
    endloop
  endfacet
  facet normal 0.6062254109666415 -0.7952928712734237 1.3616852462283465e-18
    outer loop
      vertex -7.994849394915926 8.557483680989552 38.24318969229958
      vertex -7.886097252503114 8.640381836636472 35.03
      vertex -7.886097252503114 8.640381836636472 38.25349740003328
    endloop
  endfacet
  facet normal 0.4777198185122586 -0.8785122509109446 0
    outer loop
      vertex -7.886097252503114 8.640381836636472 38.25349740003328
      vertex -7.886097252503114 8.640381836636472 35.03
      vertex -7.7716736705775356 8.7026034080879 38.24334734115507
    endloop
  endfacet
  facet normal 0.44530174671806033 -0.5499018608223332 0.706621750184623
    outer loop
      vertex -8.534157043330929 8.759160269451275 38.739999999999995
      vertex -8.205636376558143 8.394301105553389 38.24903356736218
      vertex -8.196580535422193 8.403710715110506 38.250649396380936
    endloop
  endfacet
  facet normal 0.4453017467181092 -0.5499018608222894 0.7066217501846263
    outer loop
      vertex -8.196580535422193 8.403710715110506 38.250649396380936
      vertex -7.994849394915926 8.557483680989552 38.24318969229958
      vertex -8.286867166969119 8.959411662899836 38.739999999999995
    endloop
  endfacet
  facet normal 0.38538194069713166 -0.5934361481663616 0.7066217501846264
    outer loop
      vertex -8.286867166969119 8.959411662899836 38.739999999999995
      vertex -7.994849394915926 8.557483680989552 38.24318969229958
      vertex -8.02 9.132717227504696 38.739999999999995
    endloop
  endfacet
  facet normal 0.3853819406971543 -0.5934361481663549 0.7066217501846196
    outer loop
      vertex -7.994849394915926 8.557483680989552 38.24318969229958
      vertex -7.886097252503114 8.640381836636472 38.25349740003328
      vertex -8.02 9.132717227504696 38.739999999999995
    endloop
  endfacet
  facet normal 0.38538194069709475 -0.5934361481663813 0.70662175018463
    outer loop
      vertex -7.886097252503114 8.640381836636472 38.25349740003328
      vertex -7.7716736705775356 8.7026034080879 38.24334734115507
      vertex -8.02 9.132717227504696 38.739999999999995
    endloop
  endfacet
  facet normal 0.3212398094875116 -0.630468624886636 0.7066217501846243
    outer loop
      vertex -7.7716736705775356 8.7026034080879 38.24334734115507
      vertex -7.543125024786916 8.826884222015202 38.250333016904285
      vertex -7.7364793949504325 9.277178191233507 38.739999999999995
    endloop
  endfacet
  facet normal -0.6585113790650376 0.7525707698561395 -5.368049241692577e-20
    outer loop
      vertex -9.116118204256193 9.186712776118682 34.99
      vertex -8.81571730604822 9.449568334259908 38.739999999999995
      vertex -8.81571730604822 9.449568334259908 34.99
    endloop
  endfacet
  facet normal -0.5747874102144087 0.8183027759081678 -2.8140945995230434e-18
    outer loop
      vertex -8.81571730604822 9.449568334259908 34.99
      vertex -8.489078405449035 9.679004104586266 38.739999999999995
      vertex -8.489078405449035 9.679004104586266 34.99
    endloop
  endfacet
  facet normal -0.5747874101984202 0.8183027759193984 3.5774668225526844e-20
    outer loop
      vertex -8.489148590365078 9.678954805711431 34.98
      vertex -8.489078405449035 9.679004104586266 34.99
      vertex -8.489078405449035 9.679004104586266 34.98
    endloop
  endfacet
  facet normal -0.4845508703326507 0.8747630845319609 -2.6526709014878495e-18
    outer loop
      vertex -8.489078405449035 9.679004104586266 34.99
      vertex -8.139902451720708 9.872420488142073 38.739999999999995
      vertex -8.139902451720708 9.872420488142073 34.99
    endloop
  endfacet
  facet normal -0.38882417547332193 0.9213119778704124 4.557165315568669e-19
    outer loop
      vertex -8.139902451720708 9.872420488142073 34.99
      vertex -7.772145747942614 10.027626000016376 38.739999999999995
      vertex -7.772145747942614 10.027626000016376 34.99
    endloop
  endfacet
  facet normal -0.5747874102144087 0.8183027759081678 0
    outer loop
      vertex -8.81571730604822 9.449568334259908 34.99
      vertex -8.81571730604822 9.449568334259908 38.739999999999995
      vertex -8.489078405449035 9.679004104586266 38.739999999999995
    endloop
  endfacet
  facet normal 0 0 1
    outer loop
      vertex -9.116118204256193 9.186712776118682 38.739999999999995
      vertex -8.534157043330929 8.759160269451275 38.739999999999995
      vertex -8.286867166969119 8.959411662899836 38.739999999999995
    endloop
  endfacet
  facet normal 0 0 1
    outer loop
      vertex -9.116118204256193 9.186712776118682 38.739999999999995
      vertex -8.139902451720708 9.872420488142073 38.739999999999995
      vertex -8.81571730604822 9.449568334259908 38.739999999999995
    endloop
  endfacet
  facet normal 0 0 1
    outer loop
      vertex -9.116118204256193 9.186712776118682 38.739999999999995
      vertex -8.286867166969119 8.959411662899836 38.739999999999995
      vertex -8.02 9.132717227504696 38.739999999999995
    endloop
  endfacet
  facet normal -0.4845508703326507 0.8747630845319609 0
    outer loop
      vertex -8.489078405449035 9.679004104586266 34.99
      vertex -8.489078405449035 9.679004104586266 38.739999999999995
      vertex -8.139902451720708 9.872420488142073 38.739999999999995
    endloop
  endfacet
  facet normal 0 0 1
    outer loop
      vertex -8.81571730604822 9.449568334259908 38.739999999999995
      vertex -8.139902451720708 9.872420488142073 38.739999999999995
      vertex -8.489078405449035 9.679004104586266 38.739999999999995
    endloop
  endfacet
  facet normal 0 0 1
    outer loop
      vertex -9.116118204256193 9.186712776118682 38.739999999999995
      vertex -7.772145747942614 10.027626000016376 38.739999999999995
      vertex -8.139902451720708 9.872420488142073 38.739999999999995
    endloop
  endfacet
  facet normal 0 0 1
    outer loop
      vertex -9.116118204256193 9.186712776118682 38.739999999999995
      vertex -8.02 9.132717227504696 38.739999999999995
      vertex -7.7364793949504325 9.277178191233507 38.739999999999995
    endloop
  endfacet
  facet normal 0 0 1
    outer loop
      vertex -9.116118204256193 9.186712776118682 38.739999999999995
      vertex -7.7364793949504325 9.277178191233507 38.739999999999995
      vertex -7.43941166289984 9.391211809537268 38.739999999999995
    endloop
  endfacet
  facet normal 0.3212398094874946 -0.6304686248866391 0.7066217501846292
    outer loop
      vertex -7.7716736705775356 8.7026034080879 38.24334734115507
      vertex -7.7364793949504325 9.277178191233507 38.739999999999995
      vertex -8.02 9.132717227504696 38.739999999999995
    endloop
  endfacet
  facet normal 0 0 1
    outer loop
      vertex -9.116118204256193 9.186712776118682 38.739999999999995
      vertex -7.43941166289984 9.391211809537268 38.739999999999995
      vertex -7.132051540085988 9.473568706230768 38.739999999999995
    endloop
  endfacet
  facet normal -0.38882417547332193 0.9213119778704124 0
    outer loop
      vertex -8.139902451720708 9.872420488142073 34.99
      vertex -8.139902451720708 9.872420488142073 38.739999999999995
      vertex -7.772145747942614 10.027626000016376 38.739999999999995
    endloop
  endfacet
  facet normal 0 0 1
    outer loop
      vertex -9.116118204256193 9.186712776118682 38.739999999999995
      vertex -6.599826955391656 10.248671041712946 38.739999999999995
      vertex -7.772145747942614 10.027626000016376 38.739999999999995
    endloop
  endfacet
  facet normal 0.33801687840850486 -0.9411400479795609 -1.7913568983825147e-16
    outer loop
      vertex -7.536978478366082 8.82909179615746 38.249508376044766
      vertex -7.543125024786916 8.826884222015202 35.03
      vertex -7.175702830601487 8.95884641340551 35.03
    endloop
  endfacet
  facet normal 0.47771981851226614 -0.8785122509109407 -1.5110507947939332e-18
    outer loop
      vertex -7.7716736705775356 8.7026034080879 38.24334734115507
      vertex -7.543125024786916 8.826884222015202 35.03
      vertex -7.543125024786916 8.826884222015202 38.250333016904285
    endloop
  endfacet
  facet normal 0.33801687840842176 -0.9411400479795907 0
    outer loop
      vertex -7.543125024786916 8.826884222015202 38.250333016904285
      vertex -7.543125024786916 8.826884222015202 35.03
      vertex -7.536978478366082 8.82909179615746 38.249508376044766
    endloop
  endfacet
  facet normal 0.33801687840851086 -0.9411400479795587 5.798734185485731e-16
    outer loop
      vertex -7.536978478366082 8.82909179615746 38.249508376044766
      vertex -7.175702830601487 8.95884641340551 35.03
      vertex -7.286050386748096 8.91921433468486 38.243712485256836
    endloop
  endfacet
  facet normal 0.3380168784084959 -0.941140047979564 9.91114807114233e-19
    outer loop
      vertex -7.286050386748096 8.91921433468486 38.243712485256836
      vertex -7.175702830601487 8.95884641340551 35.03
      vertex -7.175702830601487 8.95884641340551 38.25344742592923
    endloop
  endfacet
  facet normal -0.28869194733961556 0.9574220383620071 -1.219381751366482e-18
    outer loop
      vertex -7.772145747942614 10.027626000016376 34.99
      vertex -7.38997512451668 10.142862099742661 38.739999999999995
      vertex -7.38997512451668 10.142862099742661 34.99
    endloop
  endfacet
  facet normal -0.18528872408711433 0.982684124592521 3.35156453667878e-19
    outer loop
      vertex -7.38997512451668 10.142862099742661 34.99
      vertex -6.997720727313957 10.216823116265026 38.739999999999995
      vertex -6.997720727313957 10.216823116265026 34.99
    endloop
  endfacet
  facet normal 0.038317744529273556 -0.9992656055594975 0
    outer loop
      vertex -6.40232802909041 9.048128761679564 34.99
      vertex -6.40232802909041 9.048128761679564 35.03
      vertex -6.402328029204739 9.04812876167518 34.99
    endloop
  endfacet
  facet normal 0.19039110916466706 -0.9817083199968551 -5.71723503568532e-16
    outer loop
      vertex -7.028703673213945 8.987355219994186 38.24292421524949
      vertex -7.175702830601487 8.95884641340551 35.03
      vertex -6.79244273476592 9.033175328887172 35.03
    endloop
  endfacet
  facet normal 0.038302733690030906 -0.9992661810508102 -4.0755536393095533e-16
    outer loop
      vertex -6.766352566135454 9.034175387530134 38.24813433402763
      vertex -6.79244273476592 9.033175328887172 35.03
      vertex -6.40232802909041 9.048128761679564 35.03
    endloop
  endfacet
  facet normal -0.18528872409812436 0.9826841245904451 -1.1842306266544914e-19
    outer loop
      vertex -6.997850459182885 10.216798654841597 34.98
      vertex -6.997720727313957 10.216823116265026 34.99
      vertex -6.997720727313957 10.216823116265026 34.98
    endloop
  endfacet
  facet normal -0.07978610555308258 0.9968120070307502 3.124342283484882e-19
    outer loop
      vertex -6.997720727313957 10.216823116265026 34.99
      vertex -6.599826955391656 10.248671041712946 38.739999999999995
      vertex -6.599826955391656 10.248671041712946 34.99
    endloop
  endfacet
  facet normal 0.19039110916465504 -0.9817083199968575 0
    outer loop
      vertex -7.175702830601487 8.95884641340551 38.25344742592923
      vertex -7.175702830601487 8.95884641340551 35.03
      vertex -7.028703673213945 8.987355219994186 38.24292421524949
    endloop
  endfacet
  facet normal 0.32123980948712333 -0.6304686248868188 0.7066217501846378
    outer loop
      vertex -7.7364793949504325 9.277178191233507 38.739999999999995
      vertex -7.543125024786916 8.826884222015202 38.250333016904285
      vertex -7.536978478366082 8.82909179615746 38.249508376044766
    endloop
  endfacet
  facet normal 0.2535781077013813 -0.6605935554186103 0.7066217501846276
    outer loop
      vertex -7.7364793949504325 9.277178191233507 38.739999999999995
      vertex -7.536978478366082 8.82909179615746 38.249508376044766
      vertex -7.43941166289984 9.391211809537268 38.739999999999995
    endloop
  endfacet
  facet normal 0.25357810770139527 -0.6605935554186092 0.7066217501846235
    outer loop
      vertex -7.536978478366082 8.82909179615746 38.249508376044766
      vertex -7.286050386748096 8.91921433468486 38.243712485256836
      vertex -7.43941166289984 9.391211809537268 38.739999999999995
    endloop
  endfacet
  facet normal 0.1831381511026457 -0.6834808847193342 0.7066217501846237
    outer loop
      vertex -7.286050386748096 8.91921433468486 38.243712485256836
      vertex -7.175702830601487 8.95884641340551 38.25344742592923
      vertex -7.43941166289984 9.391211809537268 38.739999999999995
    endloop
  endfacet
  facet normal 0.18313815110265083 -0.683480884719332 0.7066217501846245
    outer loop
      vertex -7.175702830601487 8.95884641340551 38.25344742592923
      vertex -7.132051540085988 9.473568706230768 38.739999999999995
      vertex -7.43941166289984 9.391211809537268 38.739999999999995
    endloop
  endfacet
  facet normal 0.1831381511026487 -0.6834808847193321 0.7066217501846248
    outer loop
      vertex -7.175702830601487 8.95884641340551 38.25344742592923
      vertex -7.028703673213945 8.987355219994186 38.24292421524949
      vertex -7.132051540085988 9.473568706230768 38.739999999999995
    endloop
  endfacet
  facet normal -0.28869194733961556 0.9574220383620071 0
    outer loop
      vertex -7.772145747942614 10.027626000016376 34.99
      vertex -7.772145747942614 10.027626000016376 38.739999999999995
      vertex -7.38997512451668 10.142862099742661 38.739999999999995
    endloop
  endfacet
  facet normal -0.18528872408711433 0.982684124592521 0
    outer loop
      vertex -7.38997512451668 10.142862099742661 34.99
      vertex -7.38997512451668 10.142862099742661 38.739999999999995
      vertex -6.997720727313957 10.216823116265026 38.739999999999995
    endloop
  endfacet
  facet normal 0 0 1
    outer loop
      vertex -9.116118204256193 9.186712776118682 38.739999999999995
      vertex -7.132051540085988 9.473568706230768 38.739999999999995
      vertex -6.599826955391656 10.248671041712946 38.739999999999995
    endloop
  endfacet
  facet normal 0 0 1
    outer loop
      vertex -7.772145747942614 10.027626000016376 38.739999999999995
      vertex -6.997720727313957 10.216823116265026 38.739999999999995
      vertex -7.38997512451668 10.142862099742661 38.739999999999995
    endloop
  endfacet
  facet normal 0 0 1
    outer loop
      vertex -7.772145747942614 10.027626000016376 38.739999999999995
      vertex -6.599826955391656 10.248671041712946 38.739999999999995
      vertex -6.997720727313957 10.216823116265026 38.739999999999995
    endloop
  endfacet
  facet normal 0.19039110916467453 -0.9817083199968537 -9.277325095759038e-19
    outer loop
      vertex -7.028703673213945 8.987355219994186 38.24292421524949
      vertex -6.79244273476592 9.033175328887172 35.03
      vertex -6.79244273476592 9.033175328887172 38.251232234904066
    endloop
  endfacet
  facet normal 0.03830273368998071 -0.9992661810508121 0
    outer loop
      vertex -6.79244273476592 9.033175328887172 38.251232234904066
      vertex -6.79244273476592 9.033175328887172 35.03
      vertex -6.766352566135454 9.034175387530134 38.24813433402763
    endloop
  endfacet
  facet normal 0.03830273369004214 -0.9992661810508098 8.644142932618562e-16
    outer loop
      vertex -6.766352566135454 9.034175387530134 38.24813433402763
      vertex -6.40232802909041 9.048128761679564 35.03
      vertex -6.5 9.044384910880176 38.24438491088017
    endloop
  endfacet
  facet normal 0.03830273369001373 -0.999266181050811 -8.6473911442919e-21
    outer loop
      vertex -6.5 9.044384910880176 38.24438491088017
      vertex -6.40232802909041 9.048128761679564 35.03
      vertex -6.40232802909041 9.048128761679564 38.24812876167956
    endloop
  endfacet
  facet normal 0.11069169459632276 -0.6988798544194933 0.7066217501846246
    outer loop
      vertex -7.028703673213945 8.987355219994186 38.24292421524949
      vertex -6.79244273476592 9.033175328887172 38.251232234904066
      vertex -6.817766528333666 9.52334656191955 38.739999999999995
    endloop
  endfacet
  facet normal 0.1106916945962435 -0.6988798544195016 0.7066217501846288
    outer loop
      vertex -6.79244273476592 9.033175328887172 38.251232234904066
      vertex -6.766352566135454 9.034175387530134 38.24813433402763
      vertex -6.817766528333666 9.52334656191955 38.739999999999995
    endloop
  endfacet
  facet normal 0.11069169459632291 -0.6988798544194934 0.7066217501846246
    outer loop
      vertex -7.132051540085988 9.473568706230768 38.739999999999995
      vertex -7.028703673213945 8.987355219994186 38.24292421524949
      vertex -6.817766528333666 9.52334656191955 38.739999999999995
    endloop
  endfacet
  facet normal 0.03703247672028437 -0.7066217501846237 0.7066217501846237
    outer loop
      vertex -6.766352566135454 9.034175387530134 38.24813433402763
      vertex -6.5 9.044384910880176 38.24438491088017
      vertex -6.5 9.54 38.739999999999995
    endloop
  endfacet
  facet normal -1.1076616706198448e-18 -0.7071067811865476 0.7071067811865476
    outer loop
      vertex -6.5 9.044384910880176 38.24438491088017
      vertex -6.40232802909041 9.048128761679564 38.24812876167956
      vertex -6.5 9.54 38.739999999999995
    endloop
  endfacet
  facet normal 0.03703247672027396 -0.7066217501846211 0.7066217501846268
    outer loop
      vertex -6.766352566135454 9.034175387530134 38.24813433402763
      vertex -6.5 9.54 38.739999999999995
      vertex -6.817766528333666 9.52334656191955 38.739999999999995
    endloop
  endfacet
  facet normal -0.07978610555308258 0.9968120070307502 0
    outer loop
      vertex -6.997720727313957 10.216823116265026 34.99
      vertex -6.997720727313957 10.216823116265026 38.739999999999995
      vertex -6.599826955391656 10.248671041712946 38.739999999999995
    endloop
  endfacet
  facet normal 0 0 1
    outer loop
      vertex -7.132051540085988 9.473568706230768 38.739999999999995
      vertex -6.817766528333666 9.52334656191955 38.739999999999995
      vertex -6.599826955391656 10.248671041712946 38.739999999999995
    endloop
  endfacet
  facet normal 0 0 1
    outer loop
      vertex -6.817766528333666 9.52334656191955 38.739999999999995
      vertex -6.5 9.54 38.739999999999995
      vertex -6.599826955391656 10.248671041712946 38.739999999999995
    endloop
  endfacet
  facet normal 0 -1 0
    outer loop
      vertex -6.40232802909041 9.048128761679564 34.99
      vertex -6.3829105533622545 9.048128761679564 34.99
      vertex -6.40232802909041 9.048128761679564 35.03
    endloop
  endfacet
  facet normal 0 -1 0
    outer loop
      vertex -6.40232802909041 9.048128761679564 38.24812876167956
      vertex -6.40232802909041 9.048128761679564 35.03
      vertex 6.597671970909591 9.048128761679564 35.03
    endloop
  endfacet
  facet normal 0 1 0
    outer loop
      vertex -6.599826955391656 10.248671041712946 34.99
      vertex 6.400173044608344 10.248671041712946 34.99
      vertex -6.59979394528303 10.248671041712946 34.98
    endloop
  endfacet
  facet normal 5.975720932941633e-19 -0.7071067811865475 0.7071067811865476
    outer loop
      vertex -6.40232802909041 9.048128761679564 38.24812876167956
      vertex 6.5 9.54 38.739999999999995
      vertex -6.5 9.54 38.739999999999995
    endloop
  endfacet
  facet normal 0 1 0
    outer loop
      vertex -6.599826955391656 10.248671041712946 34.99
      vertex -6.599826955391656 10.248671041712946 38.739999999999995
      vertex 6.400173044608344 10.248671041712946 38.739999999999995
    endloop
  endfacet
  facet normal 0 0 1
    outer loop
      vertex -6.5 9.54 38.739999999999995
      vertex 6.5 9.54 38.739999999999995
      vertex -6.599826955391656 10.248671041712946 38.739999999999995
    endloop
  endfacet
  facet normal 0 -1 0
    outer loop
      vertex -6.59979394528303 -10.248671041712948 34.98
      vertex 6.400173044608344 -10.248671041712948 34.98
      vertex 6.400173044608344 -10.248671041712948 34.99
    endloop
  endfacet
  facet normal 0 -1 0
    outer loop
      vertex -6.59979394528303 -10.248671041712948 34.98
      vertex 6.400173044608344 -10.248671041712948 34.99
      vertex 6.400173044608344 -10.248671041712948 38.739999999999995
    endloop
  endfacet
  facet normal 0 1 0
    outer loop
      vertex 6.5 -9.048128761679566 38.24812876167957
      vertex 6.597671970909591 -9.048128761679566 35.03
      vertex -6.40232802909041 -9.048128761679566 35.03
    endloop
  endfacet
  facet normal 0 0 1
    outer loop
      vertex -6.5 -9.54 38.739999999999995
      vertex 6.400173044608344 -10.248671041712948 38.739999999999995
      vertex 6.5 -9.54 38.739999999999995
    endloop
  endfacet
  facet normal 0 0.7071067811865438 0.7071067811865515
    outer loop
      vertex -6.5 -9.54 38.739999999999995
      vertex 6.5 -9.54 38.739999999999995
      vertex 6.5 -9.048128761679566 38.24812876167957
    endloop
  endfacet
  facet normal 0.02662052143777579 -0.9996456111234525 0
    outer loop
      vertex 6.400173044608344 -10.248671041712948 34.99
      vertex 6.7991978958240615 -10.238045026365313 34.99
      vertex 6.400173044608344 -10.248671041712948 38.739999999999995
    endloop
  endfacet
  facet normal 0.13272552728372333 -0.991152831004007 0
    outer loop
      vertex 6.7991978958240615 -10.238045026365313 34.99
      vertex 7.194832715326676 -10.185065467221953 34.99
      vertex 6.7991978958240615 -10.238045026365313 38.739999999999995
    endloop
  endfacet
  facet normal -0.11468342539840111 0.993402089759675 0
    outer loop
      vertex 6.985497328369906 -9.00335621599198 38.251981663911
      vertex 6.985497328369906 -9.00335621599198 35.03
      vertex 6.597671970909591 -9.048128761679566 35.03
    endloop
  endfacet
  facet normal 0.23732669987111268 -0.9714298932647105 0
    outer loop
      vertex 7.194832715326676 -10.185065467221953 34.99
      vertex 7.58259480252358 -10.09033264385752 34.99
      vertex 7.194832715326676 -10.185065467221953 38.739999999999995
    endloop
  endfacet
  facet normal 0.02662052143777579 -0.9996456111234525 2.800358807394049e-19
    outer loop
      vertex 6.400173044608344 -10.248671041712948 38.739999999999995
      vertex 6.7991978958240615 -10.238045026365313 34.99
      vertex 6.7991978958240615 -10.238045026365313 38.739999999999995
    endloop
  endfacet
  facet normal 0 0 1
    outer loop
      vertex 6.400173044608344 -10.248671041712948 38.739999999999995
      vertex 6.817766528333664 -9.523346561919551 38.739999999999995
      vertex 6.5 -9.54 38.739999999999995
    endloop
  endfacet
  facet normal 0 0 1
    outer loop
      vertex 6.400173044608344 -10.248671041712948 38.739999999999995
      vertex 6.7991978958240615 -10.238045026365313 38.739999999999995
      vertex 7.194832715326676 -10.185065467221953 38.739999999999995
    endloop
  endfacet
  facet normal 0 0 1
    outer loop
      vertex 6.400173044608344 -10.248671041712948 38.739999999999995
      vertex 7.132051540085989 -9.473568706230768 38.739999999999995
      vertex 6.817766528333664 -9.523346561919551 38.739999999999995
    endloop
  endfacet
  facet normal 0 0 1
    outer loop
      vertex 6.400173044608344 -10.248671041712948 38.739999999999995
      vertex 7.43941166289984 -9.391211809537266 38.739999999999995
      vertex 7.132051540085989 -9.473568706230768 38.739999999999995
    endloop
  endfacet
  facet normal 0 1 0
    outer loop
      vertex 6.5 -9.048128761679566 38.24812876167957
      vertex 6.597671970909591 -9.048128761679566 38.25324753277313
      vertex 6.597671970909591 -9.048128761679566 35.03
    endloop
  endfacet
  facet normal -0.11468342539840311 0.9934020897596747 0
    outer loop
      vertex 6.597671970909591 -9.048128761679566 38.25324753277313
      vertex 6.765779348389714 -9.028721584985558 38.24265049041395
      vertex 6.597671970909591 -9.048128761679566 35.03
    endloop
  endfacet
  facet normal -0.11468342539839955 0.9934020897596753 -1.887901859097876e-16
    outer loop
      vertex 6.765779348389714 -9.028721584985558 38.24265049041395
      vertex 6.985497328369906 -9.00335621599198 38.251981663911
      vertex 6.597671970909591 -9.048128761679566 35.03
    endloop
  endfacet
  facet normal -0.26498150219667843 0.9642534954531363 0
    outer loop
      vertex 6.985497328369906 -9.00335621599198 38.251981663911
      vertex 7.029532619573338 -8.991255105995723 38.246911227024206
      vertex 6.985497328369906 -9.00335621599198 35.03
    endloop
  endfacet
  facet normal -0.037032476720270456 0.7066217501846248 0.7066217501846235
    outer loop
      vertex 6.5 -9.54 38.739999999999995
      vertex 6.817766528333664 -9.523346561919551 38.739999999999995
      vertex 6.765779348389714 -9.028721584985558 38.24265049041395
    endloop
  endfacet
  facet normal -0.03703247672023006 0.7066217501846213 0.7066217501846289
    outer loop
      vertex 6.5 -9.54 38.739999999999995
      vertex 6.597671970909591 -9.048128761679566 38.25324753277313
      vertex 6.5 -9.048128761679566 38.24812876167957
    endloop
  endfacet
  facet normal -0.03703247672026776 0.7066217501846243 0.7066217501846243
    outer loop
      vertex 6.5 -9.54 38.739999999999995
      vertex 6.765779348389714 -9.028721584985558 38.24265049041395
      vertex 6.597671970909591 -9.048128761679566 38.25324753277313
    endloop
  endfacet
  facet normal -0.11069169459632522 0.6988798544194911 0.7066217501846265
    outer loop
      vertex 6.817766528333664 -9.523346561919551 38.739999999999995
      vertex 7.132051540085989 -9.473568706230768 38.739999999999995
      vertex 6.985497328369906 -9.00335621599198 38.251981663911
    endloop
  endfacet
  facet normal -0.11069169459633961 0.6988798544194925 0.7066217501846231
    outer loop
      vertex 6.817766528333664 -9.523346561919551 38.739999999999995
      vertex 6.985497328369906 -9.00335621599198 38.251981663911
      vertex 6.765779348389714 -9.028721584985558 38.24265049041395
    endloop
  endfacet
  facet normal 0.13272552728372333 -0.991152831004007 0
    outer loop
      vertex 7.194832715326676 -10.185065467221953 34.99
      vertex 7.194832715326676 -10.185065467221953 38.739999999999995
      vertex 6.7991978958240615 -10.238045026365313 38.739999999999995
    endloop
  endfacet
  facet normal 0.23732669987111268 -0.9714298932647105 0
    outer loop
      vertex 7.58259480252358 -10.09033264385752 34.99
      vertex 7.58259480252358 -10.09033264385752 38.739999999999995
      vertex 7.194832715326676 -10.185065467221953 38.739999999999995
    endloop
  endfacet
  facet normal 0 0 1
    outer loop
      vertex 6.400173044608344 -10.248671041712948 38.739999999999995
      vertex 7.194832715326676 -10.185065467221953 38.739999999999995
      vertex 7.958090658024954 -9.954919917014049 38.739999999999995
    endloop
  endfacet
  facet normal 0 0 1
    outer loop
      vertex 7.194832715326676 -10.185065467221953 38.739999999999995
      vertex 7.58259480252358 -10.09033264385752 38.739999999999995
      vertex 7.958090658024954 -9.954919917014049 38.739999999999995
    endloop
  endfacet
  facet normal -0.26498150219665845 0.9642534954531419 -2.945583733173134e-16
    outer loop
      vertex 7.029532619573338 -8.991255105995723 38.246911227024206
      vertex 7.2865122687666215 -8.920635861369385 38.245207166866365
      vertex 6.985497328369906 -9.00335621599198 35.03
    endloop
  endfacet
  facet normal -0.11069169459629628 0.6988798544194978 0.7066217501846246
    outer loop
      vertex 6.985497328369906 -9.00335621599198 38.251981663911
      vertex 7.132051540085989 -9.473568706230768 38.739999999999995
      vertex 7.029532619573338 -8.991255105995723 38.246911227024206
    endloop
  endfacet
  facet normal -0.18313815110265266 0.6834808847193308 0.7066217501846253
    outer loop
      vertex 7.029532619573338 -8.991255105995723 38.246911227024206
      vertex 7.132051540085989 -9.473568706230768 38.739999999999995
      vertex 7.2865122687666215 -8.920635861369385 38.245207166866365
    endloop
  endfacet
  facet normal -0.18313815110265494 0.6834808847193308 0.7066217501846246
    outer loop
      vertex 7.132051540085989 -9.473568706230768 38.739999999999995
      vertex 7.43941166289984 -9.391211809537266 38.739999999999995
      vertex 7.2865122687666215 -8.920635861369385 38.245207166866365
    endloop
  endfacet
  facet normal -0.2535781077013748 0.660593555418616 0.7066217501846246
    outer loop
      vertex 7.43941166289984 -9.391211809537266 38.739999999999995
      vertex 7.361943039941682 -8.899907122347882 38.25289773230119
      vertex 7.2865122687666215 -8.920635861369385 38.245207166866365
    endloop
  endfacet
  facet normal -0.2535781077013869 0.6605935554186125 0.7066217501846233
    outer loop
      vertex 7.43941166289984 -9.391211809537266 38.739999999999995
      vertex 7.534138525261135 -8.822713157047584 38.242526086267596
      vertex 7.361943039941682 -8.899907122347882 38.25289773230119
    endloop
  endfacet
  facet normal -0.25357810770137845 0.6605935554186133 0.7066217501846258
    outer loop
      vertex 7.43941166289984 -9.391211809537266 38.739999999999995
      vertex 7.7364793949504325 -9.277178191233507 38.739999999999995
      vertex 7.534138525261135 -8.822713157047584 38.242526086267596
    endloop
  endfacet
  facet normal -0.26498150219666294 0.9642534954531407 1.5362723542849677e-16
    outer loop
      vertex 7.2865122687666215 -8.920635861369385 38.245207166866365
      vertex 7.361943039941682 -8.899907122347882 35.03
      vertex 6.985497328369906 -9.00335621599198 35.03
    endloop
  endfacet
  facet normal -0.40906863717133846 0.9125036164765506 0
    outer loop
      vertex 7.718185537206271 -8.740206239822903 38.25258125992431
      vertex 7.718185537206271 -8.740206239822903 35.03
      vertex 7.361943039941682 -8.899907122347882 35.03
    endloop
  endfacet
  facet normal -0.264981502196669 0.9642534954531389 -2.9904936750309474e-19
    outer loop
      vertex 7.2865122687666215 -8.920635861369385 38.245207166866365
      vertex 7.361943039941682 -8.899907122347882 38.25289773230119
      vertex 7.361943039941682 -8.899907122347882 35.03
    endloop
  endfacet
  facet normal -0.4090686371713453 0.9125036164765475 0
    outer loop
      vertex 7.361943039941682 -8.899907122347882 38.25289773230119
      vertex 7.534138525261135 -8.822713157047584 38.242526086267596
      vertex 7.361943039941682 -8.899907122347882 35.03
    endloop
  endfacet
  facet normal -0.4090686371713322 0.9125036164765534 -8.46284037711732e-16
    outer loop
      vertex 7.534138525261135 -8.822713157047584 38.242526086267596
      vertex 7.718185537206271 -8.740206239822903 38.25258125992431
      vertex 7.361943039941682 -8.899907122347882 35.03
    endloop
  endfacet
  facet normal -0.32123980948750336 0.6304686248866386 0.7066217501846256
    outer loop
      vertex 7.534138525261135 -8.822713157047584 38.242526086267596
      vertex 7.7364793949504325 -9.277178191233507 38.739999999999995
      vertex 7.718185537206271 -8.740206239822903 38.25258125992431
    endloop
  endfacet
  facet normal 0.33923886612561466 -0.9407002666682982 2.5789669527091414e-19
    outer loop
      vertex 7.957966472419358 -9.954964701293935 34.98
      vertex 7.958090658024954 -9.954919917014049 34.98
      vertex 7.958090658024954 -9.954919917014049 34.99
    endloop
  endfacet
  facet normal 0.33923886611802906 -0.9407002666710338 0
    outer loop
      vertex 7.58259480252358 -10.09033264385752 34.99
      vertex 7.958090658024954 -9.954919917014049 34.99
      vertex 7.58259480252358 -10.09033264385752 38.739999999999995
    endloop
  endfacet
  facet normal 0.4373073204588576 -0.8993121301712181 0
    outer loop
      vertex 7.958090658024954 -9.954919917014049 34.99
      vertex 8.317065763747436 -9.780361566994856 34.99
      vertex 7.958090658024954 -9.954919917014049 38.739999999999995
    endloop
  endfacet
  facet normal 0.5304209081197421 -0.8477344278896712 0
    outer loop
      vertex 8.317065763747436 -9.780361566994856 34.99
      vertex 8.655452788304025 -9.568635409655634 34.99
      vertex 8.317065763747436 -9.780361566994856 38.739999999999995
    endloop
  endfacet
  facet normal 0.617524614946193 -0.7865515558026418 0
    outer loop
      vertex 8.655452788304025 -9.568635409655634 34.99
      vertex 8.969417671493893 -9.32214038696052 34.99
      vertex 8.655452788304025 -9.568635409655634 38.739999999999995
    endloop
  endfacet
  facet normal 0.33923886611802906 -0.9407002666710338 -1.452424264335497e-18
    outer loop
      vertex 7.58259480252358 -10.09033264385752 38.739999999999995
      vertex 7.958090658024954 -9.954919917014049 34.99
      vertex 7.958090658024954 -9.954919917014049 38.739999999999995
    endloop
  endfacet
  facet normal 0.4373073204588576 -0.8993121301712181 0
    outer loop
      vertex 8.317065763747436 -9.780361566994856 34.99
      vertex 8.317065763747436 -9.780361566994856 38.739999999999995
      vertex 7.958090658024954 -9.954919917014049 38.739999999999995
    endloop
  endfacet
  facet normal 0 0 1
    outer loop
      vertex 6.400173044608344 -10.248671041712948 38.739999999999995
      vertex 7.958090658024954 -9.954919917014049 38.739999999999995
      vertex 9.255403065736502 -9.04366938601106 38.739999999999995
    endloop
  endfacet
  facet normal 0 0 1
    outer loop
      vertex 7.958090658024954 -9.954919917014049 38.739999999999995
      vertex 8.317065763747436 -9.780361566994856 38.739999999999995
      vertex 8.655452788304025 -9.568635409655634 38.739999999999995
    endloop
  endfacet
  facet normal 0 0 1
    outer loop
      vertex 6.400173044608344 -10.248671041712948 38.739999999999995
      vertex 9.255403065736502 -9.04366938601106 38.739999999999995
      vertex 7.43941166289984 -9.391211809537266 38.739999999999995
    endloop
  endfacet
  facet normal -0.32123980948749886 0.6304686248866398 0.7066217501846268
    outer loop
      vertex 7.7364793949504325 -9.277178191233507 38.739999999999995
      vertex 8.02 -9.132717227504694 38.739999999999995
      vertex 7.718185537206271 -8.740206239822903 38.25258125992431
    endloop
  endfacet
  facet normal 0 0 1
    outer loop
      vertex 7.43941166289984 -9.391211809537266 38.739999999999995
      vertex 9.255403065736502 -9.04366938601106 38.739999999999995
      vertex 7.7364793949504325 -9.277178191233507 38.739999999999995
    endloop
  endfacet
  facet normal 0.5304209081197421 -0.8477344278896712 0
    outer loop
      vertex 8.655452788304025 -9.568635409655634 34.99
      vertex 8.655452788304025 -9.568635409655634 38.739999999999995
      vertex 8.317065763747436 -9.780361566994856 38.739999999999995
    endloop
  endfacet
  facet normal 0.617524614946193 -0.7865515558026418 -2.4835669703849236e-18
    outer loop
      vertex 8.655452788304025 -9.568635409655634 38.739999999999995
      vertex 8.969417671493893 -9.32214038696052 34.99
      vertex 8.969417671493893 -9.32214038696052 38.739999999999995
    endloop
  endfacet
  facet normal 0 0 1
    outer loop
      vertex 7.958090658024954 -9.954919917014049 38.739999999999995
      vertex 8.655452788304025 -9.568635409655634 38.739999999999995
      vertex 9.255403065736502 -9.04366938601106 38.739999999999995
    endloop
  endfacet
  facet normal 0 0 1
    outer loop
      vertex 7.7364793949504325 -9.277178191233507 38.739999999999995
      vertex 9.255403065736502 -9.04366938601106 38.739999999999995
      vertex 8.02 -9.132717227504694 38.739999999999995
    endloop
  endfacet
  facet normal 0 0 1
    outer loop
      vertex 8.02 -9.132717227504694 38.739999999999995
      vertex 9.255403065736502 -9.04366938601106 38.739999999999995
      vertex 8.28686716696912 -8.95941166289984 38.739999999999995
    endloop
  endfacet
  facet normal 0 0 1
    outer loop
      vertex 8.655452788304025 -9.568635409655634 38.739999999999995
      vertex 8.969417671493893 -9.32214038696052 38.739999999999995
      vertex 9.255403065736502 -9.04366938601106 38.739999999999995
    endloop
  endfacet
  facet normal -0.5435675500012218 0.8393654261319496 -2.2885320348607345e-16
    outer loop
      vertex 7.996606756929012 -8.55990248229209 38.246179495133575
      vertex 8.045874797964927 -8.527996821747237 35.03
      vertex 7.718185537206271 -8.740206239822903 35.03
    endloop
  endfacet
  facet normal -0.6653257001655676 0.7465532216119606 -9.072497934370388e-17
    outer loop
      vertex 8.201298669768779 -8.389483594107467 38.24255096628529
      vertex 8.337330063682007 -8.268252877020215 35.03
      vertex 8.045874797964927 -8.527996821747237 35.03
    endloop
  endfacet
  facet normal -0.7714891798219445 0.6362424423265579 -4.894383387509577e-16
    outer loop
      vertex 8.391241468571021 -8.202881467045135 38.244916419697994
      vertex 8.585719869955128 -7.967062583557483 35.03
      vertex 8.337330063682007 -8.268252877020215 35.03
    endloop
  endfacet
  facet normal -0.8595696069872 0.5110186794471122 -7.370355845932932e-17
    outer loop
      vertex 8.702064564151396 -7.771362568885744 38.24272513777149
      vertex 8.785222170250691 -7.631485586560746 35.03
      vertex 8.585719869955128 -7.967062583557483 35.03
    endloop
  endfacet
  facet normal -0.5435675500012233 0.8393654261319485 0
    outer loop
      vertex 7.718185537206271 -8.740206239822903 38.25258125992431
      vertex 7.772919347127612 -8.704760983162428 38.24583869425522
      vertex 7.718185537206271 -8.740206239822903 35.03
    endloop
  endfacet
  facet normal -0.5435675500012237 0.8393654261319483 1.1599143733828772e-17
    outer loop
      vertex 7.772919347127612 -8.704760983162428 38.24583869425522
      vertex 7.996606756929012 -8.55990248229209 38.246179495133575
      vertex 7.718185537206271 -8.740206239822903 35.03
    endloop
  endfacet
  facet normal -0.5435675500012113 0.8393654261319564 4.0040433267634444e-19
    outer loop
      vertex 7.996606756929012 -8.55990248229209 38.246179495133575
      vertex 8.045874797964927 -8.527996821747237 38.252398045051045
      vertex 8.045874797964927 -8.527996821747237 35.03
    endloop
  endfacet
  facet normal -0.6653257001655686 0.7465532216119597 0
    outer loop
      vertex 8.045874797964927 -8.527996821747237 38.252398045051045
      vertex 8.201298669768779 -8.389483594107467 38.24255096628529
      vertex 8.045874797964927 -8.527996821747237 35.03
    endloop
  endfacet
  facet normal -0.32123980948747316 0.6304686248866559 0.7066217501846238
    outer loop
      vertex 8.02 -9.132717227504694 38.739999999999995
      vertex 7.772919347127612 -8.704760983162428 38.24583869425522
      vertex 7.718185537206271 -8.740206239822903 38.25258125992431
    endloop
  endfacet
  facet normal -0.3853819406971225 0.5934361481663696 0.7066217501846248
    outer loop
      vertex 8.02 -9.132717227504694 38.739999999999995
      vertex 7.996606756929012 -8.55990248229209 38.246179495133575
      vertex 7.772919347127612 -8.704760983162428 38.24583869425522
    endloop
  endfacet
  facet normal -0.3853819406971225 0.5934361481663697 0.7066217501846248
    outer loop
      vertex 8.02 -9.132717227504694 38.739999999999995
      vertex 8.28686716696912 -8.95941166289984 38.739999999999995
      vertex 7.996606756929012 -8.55990248229209 38.246179495133575
    endloop
  endfacet
  facet normal -0.44530174671810135 0.549901860822297 0.7066217501846254
    outer loop
      vertex 7.996606756929012 -8.55990248229209 38.246179495133575
      vertex 8.28686716696912 -8.95941166289984 38.739999999999995
      vertex 8.045874797964927 -8.527996821747237 38.252398045051045
    endloop
  endfacet
  facet normal -0.44530174671812234 0.5499018608222828 0.7066217501846231
    outer loop
      vertex 8.28686716696912 -8.95941166289984 38.739999999999995
      vertex 8.201298669768779 -8.389483594107467 38.24255096628529
      vertex 8.045874797964927 -8.527996821747237 38.252398045051045
    endloop
  endfacet
  facet normal -0.6653257001655665 0.7465532216119618 1.7875304111370077e-18
    outer loop
      vertex 8.201298669768779 -8.389483594107467 38.24255096628529
      vertex 8.337330063682007 -8.268252877020215 38.25303098774027
      vertex 8.337330063682007 -8.268252877020215 35.03
    endloop
  endfacet
  facet normal -0.4453017467181174 0.5499018608222849 0.7066217501846247
    outer loop
      vertex 8.28686716696912 -8.95941166289984 38.739999999999995
      vertex 8.534157043330925 -8.759160269451279 38.739999999999995
      vertex 8.201298669768779 -8.389483594107467 38.24255096628529
    endloop
  endfacet
  facet normal -0.5003427336166788 0.5003427336166756 0.7066217501846244
    outer loop
      vertex 8.201298669768779 -8.389483594107467 38.24255096628529
      vertex 8.534157043330925 -8.759160269451279 38.739999999999995
      vertex 8.337330063682007 -8.268252877020215 38.25303098774027
    endloop
  endfacet
  facet normal -0.5003427336166768 0.5003427336166768 0.7066217501846249
    outer loop
      vertex 8.534157043330925 -8.759160269451279 38.739999999999995
      vertex 8.759160269451275 -8.534157043330929 38.739999999999995
      vertex 8.337330063682007 -8.268252877020215 38.25303098774027
    endloop
  endfacet
  facet normal -0.5003427336166754 0.5003427336166784 0.7066217501846247
    outer loop
      vertex 8.759160269451275 -8.534157043330929 38.739999999999995
      vertex 8.391241468571021 -8.202881467045135 38.244916419697994
      vertex 8.337330063682007 -8.268252877020215 38.25303098774027
    endloop
  endfacet
  facet normal 0 0 1
    outer loop
      vertex 8.28686716696912 -8.95941166289984 38.739999999999995
      vertex 9.255403065736502 -9.04366938601106 38.739999999999995
      vertex 8.534157043330925 -8.759160269451279 38.739999999999995
    endloop
  endfacet
  facet normal 0 0 1
    outer loop
      vertex 8.534157043330925 -8.759160269451279 38.739999999999995
      vertex 9.255403065736502 -9.04366938601106 38.739999999999995
      vertex 8.759160269451275 -8.534157043330929 38.739999999999995
    endloop
  endfacet
  facet normal -0.7714891798219563 0.6362424423265435 0
    outer loop
      vertex 8.337330063682007 -8.268252877020215 38.25303098774027
      vertex 8.391241468571021 -8.202881467045135 38.244916419697994
      vertex 8.337330063682007 -8.268252877020215 35.03
    endloop
  endfacet
  facet normal -0.7714891798219394 0.6362424423265641 2.723110384745348e-16
    outer loop
      vertex 8.391241468571021 -8.202881467045135 38.244916419697994
      vertex 8.560810755042507 -7.99726665570922 38.2473021819952
      vertex 8.585719869955128 -7.967062583557483 35.03
    endloop
  endfacet
  facet normal -0.7714891798219535 0.6362424423265469 2.596123260903548e-19
    outer loop
      vertex 8.560810755042507 -7.99726665570922 38.2473021819952
      vertex 8.585719869955128 -7.967062583557483 38.251748500360534
      vertex 8.585719869955128 -7.967062583557483 35.03
    endloop
  endfacet
  facet normal -0.8595696069872005 0.5110186794471113 0
    outer loop
      vertex 8.585719869955128 -7.967062583557483 38.251748500360534
      vertex 8.702064564151396 -7.771362568885744 38.24272513777149
      vertex 8.585719869955128 -7.967062583557483 35.03
    endloop
  endfacet
  facet normal -0.5499018608222849 0.4453017467181173 0.7066217501846247
    outer loop
      vertex 8.759160269451275 -8.534157043330929 38.739999999999995
      vertex 8.560810755042507 -7.99726665570922 38.2473021819952
      vertex 8.391241468571021 -8.202881467045135 38.244916419697994
    endloop
  endfacet
  facet normal -0.5499018608222859 0.44530174671811656 0.7066217501846244
    outer loop
      vertex 8.759160269451275 -8.534157043330929 38.739999999999995
      vertex 8.95941166289984 -8.286867166969119 38.739999999999995
      vertex 8.560810755042507 -7.99726665570922 38.2473021819952
    endloop
  endfacet
  facet normal -0.5934361481664024 0.38538194069707515 0.7066217501846228
    outer loop
      vertex 8.560810755042507 -7.99726665570922 38.2473021819952
      vertex 8.95941166289984 -8.286867166969119 38.739999999999995
      vertex 8.585719869955128 -7.967062583557483 38.251748500360534
    endloop
  endfacet
  facet normal -0.5934361481663656 0.38538194069712456 0.706621750184627
    outer loop
      vertex 8.585719869955128 -7.967062583557483 38.251748500360534
      vertex 8.95941166289984 -8.286867166969119 38.739999999999995
      vertex 8.702064564151396 -7.771362568885744 38.24272513777149
    endloop
  endfacet
  facet normal -0.5934361481663643 0.3853819406971255 0.7066217501846275
    outer loop
      vertex 8.95941166289984 -8.286867166969119 38.739999999999995
      vertex 9.132717227504696 -8.02 38.739999999999995
      vertex 8.702064564151396 -7.771362568885744 38.24272513777149
    endloop
  endfacet
  facet normal -0.6304686248866291 0.3212398094875164 0.7066217501846281
    outer loop
      vertex 8.702064564151396 -7.771362568885744 38.24272513777149
      vertex 9.132717227504696 -8.02 38.739999999999995
      vertex 8.785222170250691 -7.631485586560746 38.25333082095426
    endloop
  endfacet
  facet normal -0.6304686248866381 0.32123980948750486 0.7066217501846255
    outer loop
      vertex 9.132717227504696 -8.02 38.739999999999995
      vertex 8.824191315247727 -7.534796643693262 38.24414413185884
      vertex 8.785222170250691 -7.631485586560746 38.25333082095426
    endloop
  endfacet
  facet normal 0.6976315211349831 -0.7164567402983169 0
    outer loop
      vertex 8.969417671493893 -9.32214038696052 34.99
      vertex 9.255403065736502 -9.04366938601106 34.99
      vertex 8.969417671493893 -9.32214038696052 38.739999999999995
    endloop
  endfacet
  facet normal 0.6976315211349831 -0.7164567402983169 0
    outer loop
      vertex 9.255403065736502 -9.04366938601106 34.99
      vertex 9.255403065736502 -9.04366938601106 38.739999999999995
      vertex 8.969417671493893 -9.32214038696052 38.739999999999995
    endloop
  endfacet
  facet normal 0.7698339834299083 -0.6382441836448177 0
    outer loop
      vertex 9.255403065736502 -9.04366938601106 34.99
      vertex 9.510168642241112 -8.73637759451938 34.99
      vertex 9.255403065736502 -9.04366938601106 38.739999999999995
    endloop
  endfacet
  facet normal 0.8333139190825126 -0.5528000653611971 0
    outer loop
      vertex 9.510168642241112 -8.73637759451938 34.99
      vertex 9.730827805226774 -8.40374675127065 34.99
      vertex 9.510168642241112 -8.73637759451938 38.739999999999995
    endloop
  endfacet
  facet normal 0.8873520750565738 -0.46109250144932196 -1.0316551312112974e-13
    outer loop
      vertex 9.730827805226774 -8.40374675127065 34.98
      vertex 9.914819531039946 -8.049662832793604 34.98
      vertex 9.914880398205923 -8.04954569663142 34.99
    endloop
  endfacet
  facet normal 0.931336177453671 -0.364160575249414 0
    outer loop
      vertex 9.914880398205923 -8.04954569663142 34.98
      vertex 9.914928468777482 -8.04942275673785 34.98
      vertex 9.914880398205923 -8.04954569663142 34.99
    endloop
  endfacet
  facet normal 0.8873520750565725 -0.4610925014493242 0
    outer loop
      vertex 9.730827805226774 -8.40374675127065 34.98
      vertex 9.914880398205923 -8.04954569663142 38.739999999999995
      vertex 9.730827805226774 -8.40374675127065 34.99
    endloop
  endfacet
  facet normal 0.8873520750565725 -0.4610925014493241 1.9958848773138667e-18
    outer loop
      vertex 9.730827805226774 -8.40374675127065 34.98
      vertex 9.914880398205923 -8.04954569663142 34.99
      vertex 9.914880398205923 -8.04954569663142 38.739999999999995
    endloop
  endfacet
  facet normal 0.931336177452338 -0.36416057525282347 0
    outer loop
      vertex 9.914880398205923 -8.04954569663142 34.99
      vertex 10.06024103175643 -7.677787670082308 34.99
      vertex 9.914880398205923 -8.04954569663142 38.739999999999995
    endloop
  endfacet
  facet normal 0.7698339834299083 -0.6382441836448177 2.106199248095442e-18
    outer loop
      vertex 9.255403065736502 -9.04366938601106 38.739999999999995
      vertex 9.510168642241112 -8.73637759451938 34.99
      vertex 9.510168642241112 -8.73637759451938 38.739999999999995
    endloop
  endfacet
  facet normal 0 0 1
    outer loop
      vertex 8.759160269451275 -8.534157043330929 38.739999999999995
      vertex 9.255403065736502 -9.04366938601106 38.739999999999995
      vertex 8.95941166289984 -8.286867166969119 38.739999999999995
    endloop
  endfacet
  facet normal 0 0 1
    outer loop
      vertex 8.95941166289984 -8.286867166969119 38.739999999999995
      vertex 9.255403065736502 -9.04366938601106 38.739999999999995
      vertex 9.132717227504696 -8.02 38.739999999999995
    endloop
  endfacet
  facet normal 0 0 1
    outer loop
      vertex 9.255403065736502 -9.04366938601106 38.739999999999995
      vertex 9.510168642241112 -8.73637759451938 38.739999999999995
      vertex 9.730827805226774 -8.40374675127065 38.739999999999995
    endloop
  endfacet
  facet normal 0 0 1
    outer loop
      vertex 9.255403065736502 -9.04366938601106 38.739999999999995
      vertex 9.277178191233507 -7.7364793949504325 38.739999999999995
      vertex 9.132717227504696 -8.02 38.739999999999995
    endloop
  endfacet
  facet normal -0.630468624886645 0.3212398094874976 0.7066217501846226
    outer loop
      vertex 9.132717227504696 -8.02 38.739999999999995
      vertex 9.277178191233507 -7.7364793949504325 38.739999999999995
      vertex 8.824191315247727 -7.534796643693262 38.24414413185884
    endloop
  endfacet
  facet normal 0 0 1
    outer loop
      vertex 9.255403065736502 -9.04366938601106 38.739999999999995
      vertex 9.391211809537268 -7.43941166289984 38.739999999999995
      vertex 9.277178191233507 -7.7364793949504325 38.739999999999995
    endloop
  endfacet
  facet normal 0.8333139190825126 -0.5528000653611971 0
    outer loop
      vertex 9.730827805226774 -8.40374675127065 34.99
      vertex 9.730827805226774 -8.40374675127065 38.739999999999995
      vertex 9.510168642241112 -8.73637759451938 38.739999999999995
    endloop
  endfacet
  facet normal 0 0 1
    outer loop
      vertex 9.255403065736502 -9.04366938601106 38.739999999999995
      vertex 9.730827805226774 -8.40374675127065 38.739999999999995
      vertex 9.914880398205923 -8.04954569663142 38.739999999999995
    endloop
  endfacet
  facet normal 0.8873520750565725 -0.4610925014493241 0
    outer loop
      vertex 9.730827805226774 -8.40374675127065 34.99
      vertex 9.914880398205923 -8.04954569663142 38.739999999999995
      vertex 9.730827805226774 -8.40374675127065 38.739999999999995
    endloop
  endfacet
  facet normal 0.931336177452338 -0.36416057525282347 -2.2180967266522392e-18
    outer loop
      vertex 9.914880398205923 -8.04954569663142 38.739999999999995
      vertex 10.06024103175643 -7.677787670082308 34.99
      vertex 10.06024103175643 -7.677787670082308 38.739999999999995
    endloop
  endfacet
  facet normal 0 0 1
    outer loop
      vertex 9.255403065736502 -9.04366938601106 38.739999999999995
      vertex 9.914880398205923 -8.04954569663142 38.739999999999995
      vertex 10.25 -6.5 38.739999999999995
    endloop
  endfacet
  facet normal -0.927502451102093 0.3738170718407729 -1.478621742986849e-16
    outer loop
      vertex 8.923839392054447 -7.287553158983683 38.24857555836589
      vertex 8.931160799740073 -7.2693875264177406 35.03
      vertex 8.785222170250691 -7.631485586560746 35.03
    endloop
  endfacet
  facet normal -0.8595696069871992 0.5110186794471134 5.549730617486373e-19
    outer loop
      vertex 8.702064564151396 -7.771362568885744 38.24272513777149
      vertex 8.785222170250691 -7.631485586560746 38.25333082095426
      vertex 8.785222170250691 -7.631485586560746 35.03
    endloop
  endfacet
  facet normal -0.9275024511020876 0.3738170718407862 0
    outer loop
      vertex 8.785222170250691 -7.631485586560746 38.25333082095426
      vertex 8.824191315247727 -7.534796643693262 38.24414413185884
      vertex 8.785222170250691 -7.631485586560746 35.03
    endloop
  endfacet
  facet normal -0.9275024511020957 0.37381707184076607 7.036213631517128e-16
    outer loop
      vertex 8.824191315247727 -7.534796643693262 38.24414413185884
      vertex 8.923839392054447 -7.287553158983683 38.24857555836589
      vertex 8.785222170250691 -7.631485586560746 35.03
    endloop
  endfacet
  facet normal -0.927502451102084 0.3738170718407955 -9.029935266510358e-20
    outer loop
      vertex 8.923839392054447 -7.287553158983683 38.24857555836589
      vertex 8.931160799740073 -7.2693875264177406 38.25094913636599
      vertex 8.931160799740073 -7.2693875264177406 35.03
    endloop
  endfacet
  facet normal -0.9736954238777793 0.2278535089031365 0
    outer loop
      vertex 8.931160799740073 -7.2693875264177406 38.25094913636599
      vertex 8.987476937371508 -7.028729545041164 38.24304865186542
      vertex 8.931160799740073 -7.2693875264177406 35.03
    endloop
  endfacet
  facet normal -0.9736954238777789 0.2278535089031384 -1.5125168608856714e-16
    outer loop
      vertex 8.987476937371508 -7.028729545041164 38.24304865186542
      vertex 9.02011508063989 -6.889255674758129 35.03
      vertex 8.931160799740073 -7.2693875264177406 35.03
    endloop
  endfacet
  facet normal -0.9970658011837406 0.07654925283649452 0
    outer loop
      vertex 9.05 -6.5 38.25
      vertex 9.05 -6.5 35.03
      vertex 9.02011508063989 -6.889255674758129 35.03
    endloop
  endfacet
  facet normal 0.9872683547233649 -0.1590634960065325 0
    outer loop
      vertex 10.165262711817 -7.29268483861109 34.98
      vertex 10.165283708347744 -7.292554518261781 34.98
      vertex 10.165262711817 -7.29268483861109 34.99
    endloop
  endfacet
  facet normal 0.964767868814516 -0.2631025642275212 0
    outer loop
      vertex 10.06024103175643 -7.677787670082308 34.99
      vertex 10.165262711817 -7.29268483861109 34.99
      vertex 10.06024103175643 -7.677787670082308 38.739999999999995
    endloop
  endfacet
  facet normal 0.9872683547213441 -0.1590634960190743 0
    outer loop
      vertex 10.165262711817 -7.29268483861109 34.99
      vertex 10.228755500788015 -6.898600571177622 34.99
      vertex 10.165262711817 -7.29268483861109 38.739999999999995
    endloop
  endfacet
  facet normal 0.998582695676762 -0.05322217484217632 0
    outer loop
      vertex 10.228755500788015 -6.898600571177622 34.99
      vertex 10.25 -6.5 34.99
      vertex 10.228755500788015 -6.898600571177622 38.739999999999995
    endloop
  endfacet
  facet normal -0.6605935554186178 0.2535781077013763 0.7066217501846221
    outer loop
      vertex 9.277178191233507 -7.7364793949504325 38.739999999999995
      vertex 8.923839392054447 -7.287553158983683 38.24857555836589
      vertex 8.824191315247727 -7.534796643693262 38.24414413185884
    endloop
  endfacet
  facet normal -0.6605935554186132 0.2535781077013824 0.7066217501846245
    outer loop
      vertex 9.277178191233507 -7.7364793949504325 38.739999999999995
      vertex 9.391211809537268 -7.43941166289984 38.739999999999995
      vertex 8.923839392054447 -7.287553158983683 38.24857555836589
    endloop
  endfacet
  facet normal -0.6834808847193528 0.18313815110258067 0.7066217501846226
    outer loop
      vertex 8.923839392054447 -7.287553158983683 38.24857555836589
      vertex 9.391211809537268 -7.43941166289984 38.739999999999995
      vertex 8.931160799740073 -7.2693875264177406 38.25094913636599
    endloop
  endfacet
  facet normal -0.6834808847193269 0.18313815110266238 0.7066217501846265
    outer loop
      vertex 8.931160799740073 -7.2693875264177406 38.25094913636599
      vertex 9.391211809537268 -7.43941166289984 38.739999999999995
      vertex 8.987476937371508 -7.028729545041164 38.24304865186542
    endloop
  endfacet
  facet normal -0.6834808847193337 0.18313815110265122 0.7066217501846228
    outer loop
      vertex 9.391211809537268 -7.43941166289984 38.739999999999995
      vertex 9.473568706230768 -7.132051540085988 38.739999999999995
      vertex 8.987476937371508 -7.028729545041164 38.24304865186542
    endloop
  endfacet
  facet normal -0.9736954238777781 0.22785350890314177 -7.05693878991523e-19
    outer loop
      vertex 8.987476937371508 -7.028729545041164 38.24304865186542
      vertex 9.02011508063989 -6.889255674758129 38.25348074196238
      vertex 9.02011508063989 -6.889255674758129 35.03
    endloop
  endfacet
  facet normal -0.997065801183741 0.07654925283648908 0
    outer loop
      vertex 9.02011508063989 -6.889255674758129 38.25348074196238
      vertex 9.029587926100344 -6.765870404510065 38.2435216035778
      vertex 9.02011508063989 -6.889255674758129 35.03
    endloop
  endfacet
  facet normal -0.9970658011837404 0.07654925283649705 -3.078747034158338e-16
    outer loop
      vertex 9.029587926100344 -6.765870404510065 38.2435216035778
      vertex 9.05 -6.5 38.25
      vertex 9.02011508063989 -6.889255674758129 35.03
    endloop
  endfacet
  facet normal -0.6988798544194974 0.11069169459631263 0.7066217501846224
    outer loop
      vertex 9.473568706230768 -7.132051540085988 38.739999999999995
      vertex 9.02011508063989 -6.889255674758129 38.25348074196238
      vertex 8.987476937371508 -7.028729545041164 38.24304865186542
    endloop
  endfacet
  facet normal -0.6988798544194937 0.11069169459632554 0.7066217501846238
    outer loop
      vertex 9.02011508063989 -6.889255674758129 38.25348074196238
      vertex 9.52334656191955 -6.817766528333666 38.739999999999995
      vertex 9.029587926100344 -6.765870404510065 38.2435216035778
    endloop
  endfacet
  facet normal -0.7066217501846249 0.03703247672026435 0.7066217501846238
    outer loop
      vertex 9.029587926100344 -6.765870404510065 38.2435216035778
      vertex 9.52334656191955 -6.817766528333666 38.739999999999995
      vertex 9.05 -6.5 38.25
    endloop
  endfacet
  facet normal -0.6988798544194939 0.11069169459632297 0.7066217501846243
    outer loop
      vertex 9.473568706230768 -7.132051540085988 38.739999999999995
      vertex 9.52334656191955 -6.817766528333666 38.739999999999995
      vertex 9.02011508063989 -6.889255674758129 38.25348074196238
    endloop
  endfacet
  facet normal -0.7066217501846215 0.03703247672027393 0.7066217501846267
    outer loop
      vertex 9.05 -6.5 38.25
      vertex 9.52334656191955 -6.817766528333666 38.739999999999995
      vertex 9.54 -6.5 38.739999999999995
    endloop
  endfacet
  facet normal 0.964767868814516 -0.2631025642275212 0
    outer loop
      vertex 10.165262711817 -7.29268483861109 34.99
      vertex 10.165262711817 -7.29268483861109 38.739999999999995
      vertex 10.06024103175643 -7.677787670082308 38.739999999999995
    endloop
  endfacet
  facet normal 0 0 1
    outer loop
      vertex 9.255403065736502 -9.04366938601106 38.739999999999995
      vertex 10.25 -6.5 38.739999999999995
      vertex 9.391211809537268 -7.43941166289984 38.739999999999995
    endloop
  endfacet
  facet normal 0 0 1
    outer loop
      vertex 9.914880398205923 -8.04954569663142 38.739999999999995
      vertex 10.06024103175643 -7.677787670082308 38.739999999999995
      vertex 10.165262711817 -7.29268483861109 38.739999999999995
    endloop
  endfacet
  facet normal 0 0 1
    outer loop
      vertex 9.914880398205923 -8.04954569663142 38.739999999999995
      vertex 10.165262711817 -7.29268483861109 38.739999999999995
      vertex 10.25 -6.5 38.739999999999995
    endloop
  endfacet
  facet normal 0.9872683547213441 -0.1590634960190743 0
    outer loop
      vertex 10.228755500788015 -6.898600571177622 34.99
      vertex 10.228755500788015 -6.898600571177622 38.739999999999995
      vertex 10.165262711817 -7.29268483861109 38.739999999999995
    endloop
  endfacet
  facet normal 0.998582695676762 -0.05322217484217632 0
    outer loop
      vertex 10.25 -6.5 34.99
      vertex 10.25 -6.5 38.739999999999995
      vertex 10.228755500788015 -6.898600571177622 38.739999999999995
    endloop
  endfacet
  facet normal 0 0 1
    outer loop
      vertex 9.391211809537268 -7.43941166289984 38.739999999999995
      vertex 10.25 -6.5 38.739999999999995
      vertex 9.473568706230768 -7.132051540085988 38.739999999999995
    endloop
  endfacet
  facet normal 0 0 1
    outer loop
      vertex 9.473568706230768 -7.132051540085988 38.739999999999995
      vertex 10.25 -6.5 38.739999999999995
      vertex 9.52334656191955 -6.817766528333666 38.739999999999995
    endloop
  endfacet
  facet normal 0 0 1
    outer loop
      vertex 9.52334656191955 -6.817766528333666 38.739999999999995
      vertex 10.25 -6.5 38.739999999999995
      vertex 9.54 -6.5 38.739999999999995
    endloop
  endfacet
  facet normal 0 0 1
    outer loop
      vertex 10.165262711817 -7.29268483861109 38.739999999999995
      vertex 10.228755500788015 -6.898600571177622 38.739999999999995
      vertex 10.25 -6.5 38.739999999999995
    endloop
  endfacet
  facet normal -1 0 0
    outer loop
      vertex 9.05 6.5 38.25
      vertex 9.05 -6.5 34.99
      vertex 9.05 -6.5 35.03
    endloop
  endfacet
  facet normal 1 0 0
    outer loop
      vertex 10.25 -6.5 34.99
      vertex 10.25 6.5 34.99
      vertex 10.25 -6.5 38.739999999999995
    endloop
  endfacet
  facet normal -1 0 0
    outer loop
      vertex 9.05 -6.5 35.03
      vertex 9.05 -6.5 38.25
      vertex 9.05 6.5 38.25
    endloop
  endfacet
  facet normal -0.7071067811865451 0 0.7071067811865502
    outer loop
      vertex 9.05 -6.5 38.25
      vertex 9.54 -6.5 38.739999999999995
      vertex 9.05 6.5 38.25
    endloop
  endfacet
  facet normal 0 0 1
    outer loop
      vertex 9.54 -6.5 38.739999999999995
      vertex 10.25 -6.5 38.739999999999995
      vertex 10.25 6.5 38.739999999999995
    endloop
  endfacet
  facet normal 0 1 0
    outer loop
      vertex -6.59979394528303 10.248671041712946 34.98
      vertex 6.400173044608344 10.248671041712946 34.99
      vertex 6.400173044608344 10.248671041712946 34.98
    endloop
  endfacet
  facet normal 0 1 0
    outer loop
      vertex -6.599826955391656 10.248671041712946 34.99
      vertex 6.400173044608344 10.248671041712946 38.739999999999995
      vertex 6.400173044608344 10.248671041712946 34.99
    endloop
  endfacet
  facet normal 0 -1 0
    outer loop
      vertex -6.40232802909041 9.048128761679564 38.24812876167956
      vertex 6.597671970909591 9.048128761679564 35.03
      vertex 6.5 9.048128761679564 38.24812876167956
    endloop
  endfacet
  facet normal 0 -0.7071067811865475 0.7071067811865475
    outer loop
      vertex -6.40232802909041 9.048128761679564 38.24812876167956
      vertex 6.5 9.048128761679564 38.24812876167956
      vertex 6.5 9.54 38.739999999999995
    endloop
  endfacet
  facet normal 0 0 1
    outer loop
      vertex -6.599826955391656 10.248671041712946 38.739999999999995
      vertex 6.5 9.54 38.739999999999995
      vertex 6.400173044608344 10.248671041712946 38.739999999999995
    endloop
  endfacet
  facet normal -1 0 0
    outer loop
      vertex 9.05 -6.5 34.99
      vertex 9.05 6.5 35.03
      vertex 9.05 6.5 34.99
    endloop
  endfacet
  facet normal -1 0 0
    outer loop
      vertex 9.05 -6.5 34.99
      vertex 9.05 6.5 38.25
      vertex 9.05 6.5 35.03
    endloop
  endfacet
  facet normal -0.7071067811865451 0 0.7071067811865502
    outer loop
      vertex 9.54 -6.5 38.739999999999995
      vertex 9.54 6.5 38.739999999999995
      vertex 9.05 6.5 38.25
    endloop
  endfacet
  facet normal 1 0 0
    outer loop
      vertex 10.25 -6.5 38.739999999999995
      vertex 10.25 6.5 34.99
      vertex 10.25 6.5 38.739999999999995
    endloop
  endfacet
  facet normal 0 0 1
    outer loop
      vertex 9.54 -6.5 38.739999999999995
      vertex 10.25 6.5 38.739999999999995
      vertex 9.54 6.5 38.739999999999995
    endloop
  endfacet
  facet normal -0.2649815021966521 -0.9642534954531436 4.3705274734246326e-16
    outer loop
      vertex 7.029532619573338 8.991255105995723 38.246911227024206
      vertex 6.9854973283699024 9.003356215991978 35.03
      vertex 7.361943039941682 8.899907122347884 35.03
    endloop
  endfacet
  facet normal -0.40906863717134223 -0.9125036164765488 -2.446606461769756e-16
    outer loop
      vertex 7.534138525261138 8.822713157047584 38.242526086267596
      vertex 7.361943039941682 8.899907122347884 35.03
      vertex 7.718185537206271 8.740206239822903 35.03
    endloop
  endfacet
  facet normal -0.2649815021966523 -0.9642534954531436 4.2253520729084204e-16
    outer loop
      vertex 7.2865122687666215 8.920635861369387 38.245207166866365
      vertex 7.029532619573338 8.991255105995723 38.246911227024206
      vertex 7.361943039941682 8.899907122347884 35.03
    endloop
  endfacet
  facet normal -0.264981502196669 -0.964253495453139 2.9904936750309474e-19
    outer loop
      vertex 7.2865122687666215 8.920635861369387 38.245207166866365
      vertex 7.361943039941682 8.899907122347884 35.03
      vertex 7.361943039941682 8.899907122347884 38.25289773230119
    endloop
  endfacet
  facet normal -0.4090686371713461 -0.9125036164765472 0
    outer loop
      vertex 7.361943039941682 8.899907122347884 38.25289773230119
      vertex 7.361943039941682 8.899907122347884 35.03
      vertex 7.534138525261138 8.822713157047584 38.242526086267596
    endloop
  endfacet
  facet normal -0.40906863717133873 -0.9125036164765504 1.2210731805879496e-18
    outer loop
      vertex 7.534138525261138 8.822713157047584 38.242526086267596
      vertex 7.718185537206271 8.740206239822903 35.03
      vertex 7.718185537206271 8.740206239822903 38.25258125992431
    endloop
  endfacet
  facet normal -0.11468342539840215 -0.9934020897596748 -6.010693800226311e-16
    outer loop
      vertex 6.765779348389714 9.028721584985554 38.24265049041395
      vertex 6.597671970909591 9.048128761679564 35.03
      vertex 6.9854973283699024 9.003356215991978 35.03
    endloop
  endfacet
  facet normal 0.026620521437771345 0.9996456111234527 -1.6246843666613912e-19
    outer loop
      vertex 6.400173044608344 10.248671041712946 34.99
      vertex 6.7991978958240615 10.238045026365313 38.739999999999995
      vertex 6.7991978958240615 10.238045026365313 34.99
    endloop
  endfacet
  facet normal 0.13272552728372217 0.9911528310040072 5.79570044556358e-19
    outer loop
      vertex 6.7991978958240615 10.238045026365313 34.99
      vertex 7.19483271532668 10.185065467221953 38.739999999999995
      vertex 7.19483271532668 10.185065467221953 34.99
    endloop
  endfacet
  facet normal 0.23732669987111055 0.9714298932647111 1.7003738069252887e-18
    outer loop
      vertex 7.19483271532668 10.185065467221953 34.99
      vertex 7.58259480252358 10.090332643857522 38.739999999999995
      vertex 7.58259480252358 10.090332643857522 34.99
    endloop
  endfacet
  facet normal 0 -1 0
    outer loop
      vertex 6.5 9.048128761679564 38.24812876167956
      vertex 6.597671970909591 9.048128761679564 35.03
      vertex 6.597671970909591 9.048128761679564 38.25324753277313
    endloop
  endfacet
  facet normal -0.11468342539841347 -0.9934020897596737 0
    outer loop
      vertex 6.597671970909591 9.048128761679564 38.25324753277313
      vertex 6.597671970909591 9.048128761679564 35.03
      vertex 6.765779348389714 9.028721584985554 38.24265049041395
    endloop
  endfacet
  facet normal -0.11468342539839346 -0.9934020897596758 4.1093494409933084e-19
    outer loop
      vertex 6.765779348389714 9.028721584985554 38.24265049041395
      vertex 6.9854973283699024 9.003356215991978 35.03
      vertex 6.9854973283699024 9.003356215991978 38.251981663911
    endloop
  endfacet
  facet normal -0.2649815021966224 -0.9642534954531516 0
    outer loop
      vertex 6.9854973283699024 9.003356215991978 38.251981663911
      vertex 6.9854973283699024 9.003356215991978 35.03
      vertex 7.029532619573338 8.991255105995723 38.246911227024206
    endloop
  endfacet
  facet normal -0.037032476720281295 -0.7066217501846216 0.7066217501846261
    outer loop
      vertex 6.5 9.048128761679564 38.24812876167956
      vertex 6.597671970909591 9.048128761679564 38.25324753277313
      vertex 6.817766528333664 9.52334656191955 38.739999999999995
    endloop
  endfacet
  facet normal -0.03703247672027504 -0.706621750184623 0.7066217501846248
    outer loop
      vertex 6.597671970909591 9.048128761679564 38.25324753277313
      vertex 6.765779348389714 9.028721584985554 38.24265049041395
      vertex 6.817766528333664 9.52334656191955 38.739999999999995
    endloop
  endfacet
  facet normal -0.03703247672027434 -0.706621750184624 0.706621750184624
    outer loop
      vertex 6.5 9.048128761679564 38.24812876167956
      vertex 6.817766528333664 9.52334656191955 38.739999999999995
      vertex 6.5 9.54 38.739999999999995
    endloop
  endfacet
  facet normal -0.11069169459633532 -0.698879854419487 0.706621750184629
    outer loop
      vertex 6.765779348389714 9.028721584985554 38.24265049041395
      vertex 6.9854973283699024 9.003356215991978 38.251981663911
      vertex 7.132051540085989 9.473568706230768 38.739999999999995
    endloop
  endfacet
  facet normal -0.11069169459632165 -0.6988798544194935 0.7066217501846248
    outer loop
      vertex 6.765779348389714 9.028721584985554 38.24265049041395
      vertex 7.132051540085989 9.473568706230768 38.739999999999995
      vertex 6.817766528333664 9.52334656191955 38.739999999999995
    endloop
  endfacet
  facet normal 0.026620521437771345 0.9996456111234527 0
    outer loop
      vertex 6.400173044608344 10.248671041712946 34.99
      vertex 6.400173044608344 10.248671041712946 38.739999999999995
      vertex 6.7991978958240615 10.238045026365313 38.739999999999995
    endloop
  endfacet
  facet normal 0.13272552728372217 0.9911528310040072 0
    outer loop
      vertex 6.7991978958240615 10.238045026365313 34.99
      vertex 6.7991978958240615 10.238045026365313 38.739999999999995
      vertex 7.19483271532668 10.185065467221953 38.739999999999995
    endloop
  endfacet
  facet normal 0 0 1
    outer loop
      vertex 6.400173044608344 10.248671041712946 38.739999999999995
      vertex 6.5 9.54 38.739999999999995
      vertex 6.817766528333664 9.52334656191955 38.739999999999995
    endloop
  endfacet
  facet normal 0 0 1
    outer loop
      vertex 6.400173044608344 10.248671041712946 38.739999999999995
      vertex 6.817766528333664 9.52334656191955 38.739999999999995
      vertex 7.132051540085989 9.473568706230768 38.739999999999995
    endloop
  endfacet
  facet normal 0 0 1
    outer loop
      vertex 6.400173044608344 10.248671041712946 38.739999999999995
      vertex 7.132051540085989 9.473568706230768 38.739999999999995
      vertex 7.439411662899843 9.391211809537268 38.739999999999995
    endloop
  endfacet
  facet normal 0 0 1
    outer loop
      vertex 6.400173044608344 10.248671041712946 38.739999999999995
      vertex 7.19483271532668 10.185065467221953 38.739999999999995
      vertex 6.7991978958240615 10.238045026365313 38.739999999999995
    endloop
  endfacet
  facet normal -0.11069169459626105 -0.6988798544195043 0.7066217501846235
    outer loop
      vertex 6.9854973283699024 9.003356215991978 38.251981663911
      vertex 7.029532619573338 8.991255105995723 38.246911227024206
      vertex 7.132051540085989 9.473568706230768 38.739999999999995
    endloop
  endfacet
  facet normal -0.18313815110264908 -0.6834808847193315 0.7066217501846254
    outer loop
      vertex 7.029532619573338 8.991255105995723 38.246911227024206
      vertex 7.439411662899843 9.391211809537268 38.739999999999995
      vertex 7.132051540085989 9.473568706230768 38.739999999999995
    endloop
  endfacet
  facet normal -0.18313815110264833 -0.6834808847193321 0.7066217501846251
    outer loop
      vertex 7.2865122687666215 8.920635861369387 38.245207166866365
      vertex 7.439411662899843 9.391211809537268 38.739999999999995
      vertex 7.029532619573338 8.991255105995723 38.246911227024206
    endloop
  endfacet
  facet normal -0.2535781077013744 -0.660593555418615 0.7066217501846255
    outer loop
      vertex 7.2865122687666215 8.920635861369387 38.245207166866365
      vertex 7.361943039941682 8.899907122347884 38.25289773230119
      vertex 7.439411662899843 9.391211809537268 38.739999999999995
    endloop
  endfacet
  facet normal -0.25357810770138495 -0.6605935554186123 0.7066217501846245
    outer loop
      vertex 7.361943039941682 8.899907122347884 38.25289773230119
      vertex 7.7364793949504325 9.277178191233507 38.739999999999995
      vertex 7.439411662899843 9.391211809537268 38.739999999999995
    endloop
  endfacet
  facet normal -0.25357810770138745 -0.6605935554186106 0.706621750184625
    outer loop
      vertex 7.361943039941682 8.899907122347884 38.25289773230119
      vertex 7.534138525261138 8.822713157047584 38.242526086267596
      vertex 7.7364793949504325 9.277178191233507 38.739999999999995
    endloop
  endfacet
  facet normal 0.23732669987111055 0.9714298932647111 0
    outer loop
      vertex 7.19483271532668 10.185065467221953 34.99
      vertex 7.19483271532668 10.185065467221953 38.739999999999995
      vertex 7.58259480252358 10.090332643857522 38.739999999999995
    endloop
  endfacet
  facet normal 0 0 1
    outer loop
      vertex 6.400173044608344 10.248671041712946 38.739999999999995
      vertex 7.95809065802495 9.954919917014049 38.739999999999995
      vertex 7.19483271532668 10.185065467221953 38.739999999999995
    endloop
  endfacet
  facet normal 0 0 1
    outer loop
      vertex 7.19483271532668 10.185065467221953 38.739999999999995
      vertex 7.95809065802495 9.954919917014049 38.739999999999995
      vertex 7.58259480252358 10.090332643857522 38.739999999999995
    endloop
  endfacet
  facet normal -0.973695423877779 -0.22785350890313794 0
    outer loop
      vertex 8.931160799740073 7.269387526417741 38.25094913636599
      vertex 8.931160799740073 7.269387526417741 35.03
      vertex 9.02011508063989 6.889255674758129 35.03
    endloop
  endfacet
  facet normal -0.9275024511020927 -0.3738170718407738 -5.889591098740659e-16
    outer loop
      vertex 8.824191315247724 7.534796643693262 38.24414413185884
      vertex 8.785222170250691 7.631485586560746 35.03
      vertex 8.931160799740073 7.269387526417741 35.03
    endloop
  endfacet
  facet normal -0.927502451102084 -0.3738170718407955 0
    outer loop
      vertex 8.931160799740073 7.269387526417741 38.25094913636599
      vertex 8.923839392054447 7.287553158983684 38.24857555836589
      vertex 8.931160799740073 7.269387526417741 35.03
    endloop
  endfacet
  facet normal -0.9275024511020906 -0.3738170718407787 -1.1014354506531919e-16
    outer loop
      vertex 8.923839392054447 7.287553158983684 38.24857555836589
      vertex 8.824191315247724 7.534796643693262 38.24414413185884
      vertex 8.931160799740073 7.269387526417741 35.03
    endloop
  endfacet
  facet normal -0.9275024511020995 -0.37381707184075685 0
    outer loop
      vertex 8.785222170250691 7.631485586560746 38.25333082095426
      vertex 8.785222170250691 7.631485586560746 35.03
      vertex 8.824191315247724 7.534796643693262 38.24414413185884
    endloop
  endfacet
  facet normal -0.8595696069872023 -0.5110186794471088 0
    outer loop
      vertex 8.785222170250691 7.631485586560746 38.25333082095426
      vertex 8.702064564151396 7.7713625688857455 38.24272513777149
      vertex 8.785222170250691 7.631485586560746 35.03
    endloop
  endfacet
  facet normal -0.6304686248866481 -0.32123980948748576 0.706621750184625
    outer loop
      vertex 8.785222170250691 7.631485586560746 38.25333082095426
      vertex 8.824191315247724 7.534796643693262 38.24414413185884
      vertex 9.277178191233507 7.7364793949504325 38.739999999999995
    endloop
  endfacet
  facet normal -0.9970658011837404 -0.0765492528364945 -2.314993154508351e-16
    outer loop
      vertex 9.029587926100344 6.765870404510064 38.2435216035778
      vertex 9.02011508063989 6.889255674758129 35.03
      vertex 9.05 6.5 35.03
    endloop
  endfacet
  facet normal 0.998582695676762 0.05322217484217644 0
    outer loop
      vertex 10.25 6.5 34.99
      vertex 10.228755500788015 6.898600571177621 34.99
      vertex 10.25 6.5 38.739999999999995
    endloop
  endfacet
  facet normal 0.9872683547213443 0.1590634960190736 0
    outer loop
      vertex 10.228755500788015 6.898600571177621 34.99
      vertex 10.165262711817 7.292684838611091 34.99
      vertex 10.228755500788015 6.898600571177621 38.739999999999995
    endloop
  endfacet
  facet normal 0.9647678688145155 0.2631025642275231 1.0077833463200455e-13
    outer loop
      vertex 10.165262711817 7.292684838611091 34.99
      vertex 10.165229722807144 7.2928058056447185 34.98
      vertex 10.06024103175643 7.67778767008231 34.98
    endloop
  endfacet
  facet normal 0.9647678688145161 0.26310256422752065 0
    outer loop
      vertex 10.165262711817 7.292684838611091 34.99
      vertex 10.06024103175643 7.67778767008231 34.98
      vertex 10.165262711817 7.292684838611091 38.739999999999995
    endloop
  endfacet
  facet normal 0.964767868814516 0.26310256422752065 0
    outer loop
      vertex 10.06024103175643 7.67778767008231 34.98
      vertex 10.06024103175643 7.67778767008231 34.99
      vertex 10.165262711817 7.292684838611091 38.739999999999995
    endloop
  endfacet
  facet normal -0.9970658011837403 -0.0765492528364973 0
    outer loop
      vertex 9.05 6.5 38.25
      vertex 9.029587926100344 6.765870404510064 38.2435216035778
      vertex 9.05 6.5 35.03
    endloop
  endfacet
  facet normal -0.997065801183741 -0.07654925283648853 2.237024366439774e-19
    outer loop
      vertex 9.029587926100344 6.765870404510064 38.2435216035778
      vertex 9.02011508063989 6.889255674758129 38.25348074196238
      vertex 9.02011508063989 6.889255674758129 35.03
    endloop
  endfacet
  facet normal -0.9736954238777786 -0.22785350890313896 0
    outer loop
      vertex 9.02011508063989 6.889255674758129 38.25348074196238
      vertex 8.987476937371508 7.028729545041166 38.24304865186542
      vertex 9.02011508063989 6.889255674758129 35.03
    endloop
  endfacet
  facet normal -0.7066217501846217 -0.03703247672026414 0.7066217501846268
    outer loop
      vertex 9.05 6.5 38.25
      vertex 9.54 6.5 38.739999999999995
      vertex 9.029587926100344 6.765870404510064 38.2435216035778
    endloop
  endfacet
  facet normal -0.6988798544194936 -0.11069169459632476 0.706621750184624
    outer loop
      vertex 9.029587926100344 6.765870404510064 38.2435216035778
      vertex 9.52334656191955 6.817766528333667 38.739999999999995
      vertex 9.02011508063989 6.889255674758129 38.25348074196238
    endloop
  endfacet
  facet normal -0.6988798544194937 -0.11069169459631 0.7066217501846264
    outer loop
      vertex 9.02011508063989 6.889255674758129 38.25348074196238
      vertex 9.52334656191955 6.817766528333667 38.739999999999995
      vertex 8.987476937371508 7.028729545041166 38.24304865186542
    endloop
  endfacet
  facet normal -0.706621750184624 -0.037032476720273926 0.7066217501846239
    outer loop
      vertex 9.029587926100344 6.765870404510064 38.2435216035778
      vertex 9.54 6.5 38.739999999999995
      vertex 9.52334656191955 6.817766528333667 38.739999999999995
    endloop
  endfacet
  facet normal -0.6988798544194953 -0.110691694596322 0.7066217501846229
    outer loop
      vertex 8.987476937371508 7.028729545041166 38.24304865186542
      vertex 9.52334656191955 6.817766528333667 38.739999999999995
      vertex 9.473568706230768 7.1320515400859925 38.739999999999995
    endloop
  endfacet
  facet normal -0.9736954238777791 -0.22785350890313727 -7.74452805005092e-17
    outer loop
      vertex 8.931160799740073 7.269387526417741 38.25094913636599
      vertex 9.02011508063989 6.889255674758129 35.03
      vertex 8.987476937371508 7.028729545041166 38.24304865186542
    endloop
  endfacet
  facet normal -0.683480884719353 -0.18313815110258075 0.7066217501846223
    outer loop
      vertex 8.931160799740073 7.269387526417741 38.25094913636599
      vertex 9.391211809537268 7.43941166289984 38.739999999999995
      vertex 8.923839392054447 7.287553158983684 38.24857555836589
    endloop
  endfacet
  facet normal -0.6834808847193301 -0.18313815110266374 0.7066217501846229
    outer loop
      vertex 8.931160799740073 7.269387526417741 38.25094913636599
      vertex 8.987476937371508 7.028729545041166 38.24304865186542
      vertex 9.473568706230768 7.1320515400859925 38.739999999999995
    endloop
  endfacet
  facet normal -0.6834808847193301 -0.1831381511026528 0.7066217501846259
    outer loop
      vertex 8.931160799740073 7.269387526417741 38.25094913636599
      vertex 9.473568706230768 7.1320515400859925 38.739999999999995
      vertex 9.391211809537268 7.43941166289984 38.739999999999995
    endloop
  endfacet
  facet normal -0.6605935554186126 -0.25357810770138456 0.7066217501846241
    outer loop
      vertex 8.923839392054447 7.287553158983684 38.24857555836589
      vertex 9.391211809537268 7.43941166289984 38.739999999999995
      vertex 8.824191315247724 7.534796643693262 38.24414413185884
    endloop
  endfacet
  facet normal -0.6605935554186129 -0.2535781077013822 0.7066217501846248
    outer loop
      vertex 8.824191315247724 7.534796643693262 38.24414413185884
      vertex 9.391211809537268 7.43941166289984 38.739999999999995
      vertex 9.277178191233507 7.7364793949504325 38.739999999999995
    endloop
  endfacet
  facet normal 0.998582695676762 0.05322217484217644 0
    outer loop
      vertex 10.228755500788015 6.898600571177621 34.99
      vertex 10.228755500788015 6.898600571177621 38.739999999999995
      vertex 10.25 6.5 38.739999999999995
    endloop
  endfacet
  facet normal 0 0 1
    outer loop
      vertex 9.54 6.5 38.739999999999995
      vertex 10.25 6.5 38.739999999999995
      vertex 9.52334656191955 6.817766528333667 38.739999999999995
    endloop
  endfacet
  facet normal 0 0 1
    outer loop
      vertex 9.52334656191955 6.817766528333667 38.739999999999995
      vertex 10.25 6.5 38.739999999999995
      vertex 9.473568706230768 7.1320515400859925 38.739999999999995
    endloop
  endfacet
  facet normal 0 0 1
    outer loop
      vertex 10.25 6.5 38.739999999999995
      vertex 10.228755500788015 6.898600571177621 38.739999999999995
      vertex 10.165262711817 7.292684838611091 38.739999999999995
    endloop
  endfacet
  facet normal 0.9872683547213443 0.1590634960190736 0
    outer loop
      vertex 10.165262711817 7.292684838611091 34.99
      vertex 10.165262711817 7.292684838611091 38.739999999999995
      vertex 10.228755500788015 6.898600571177621 38.739999999999995
    endloop
  endfacet
  facet normal 0.9647678688145161 0.26310256422752065 0
    outer loop
      vertex 10.06024103175643 7.67778767008231 34.99
      vertex 10.06024103175643 7.67778767008231 38.739999999999995
      vertex 10.165262711817 7.292684838611091 38.739999999999995
    endloop
  endfacet
  facet normal 0 0 1
    outer loop
      vertex 9.473568706230768 7.1320515400859925 38.739999999999995
      vertex 10.25 6.5 38.739999999999995
      vertex 9.255403065736502 9.04366938601106 38.739999999999995
    endloop
  endfacet
  facet normal 0 0 1
    outer loop
      vertex 10.25 6.5 38.739999999999995
      vertex 10.165262711817 7.292684838611091 38.739999999999995
      vertex 9.255403065736502 9.04366938601106 38.739999999999995
    endloop
  endfacet
  facet normal 0 0 1
    outer loop
      vertex 10.165262711817 7.292684838611091 38.739999999999995
      vertex 10.06024103175643 7.67778767008231 38.739999999999995
      vertex 9.914880398205923 8.04954569663142 38.739999999999995
    endloop
  endfacet
  facet normal -0.5435675500012218 -0.8393654261319495 4.268882623306336e-16
    outer loop
      vertex 7.772919347127612 8.70476098316243 38.24583869425522
      vertex 7.718185537206271 8.740206239822903 35.03
      vertex 8.045874797964927 8.527996821747237 35.03
    endloop
  endfacet
  facet normal -0.6653257001655652 -0.7465532216119629 4.259636557614852e-16
    outer loop
      vertex 8.201298669768782 8.389483594107467 38.24255096628529
      vertex 8.045874797964927 8.527996821747237 35.03
      vertex 8.337330063682007 8.268252877020217 35.03
    endloop
  endfacet
  facet normal -0.7714891798219473 -0.6362424423265546 1.2637518028947214e-16
    outer loop
      vertex 8.391241468571025 8.202881467045135 38.244916419697994
      vertex 8.337330063682007 8.268252877020217 35.03
      vertex 8.585719869955128 7.967062583557482 35.03
    endloop
  endfacet
  facet normal -0.8595696069871993 -0.5110186794471132 2.6649206885897013e-16
    outer loop
      vertex 8.702064564151396 7.7713625688857455 38.24272513777149
      vertex 8.585719869955128 7.967062583557482 35.03
      vertex 8.785222170250691 7.631485586560746 35.03
    endloop
  endfacet
  facet normal -0.6653257001655708 -0.7465532216119579 2.869663679835072e-18
    outer loop
      vertex 8.201298669768782 8.389483594107467 38.24255096628529
      vertex 8.337330063682007 8.268252877020217 35.03
      vertex 8.337330063682007 8.268252877020217 38.25303098774027
    endloop
  endfacet
  facet normal -0.543567550001227 -0.8393654261319461 -2.0672994149126322e-16
    outer loop
      vertex 7.996606756929015 8.559902482292088 38.24617949513358
      vertex 7.772919347127612 8.70476098316243 38.24583869425522
      vertex 8.045874797964927 8.527996821747237 35.03
    endloop
  endfacet
  facet normal -0.5435675500012042 -0.839365426131961 0
    outer loop
      vertex 7.718185537206271 8.740206239822903 38.25258125992431
      vertex 7.718185537206271 8.740206239822903 35.03
      vertex 7.772919347127612 8.70476098316243 38.24583869425522
    endloop
  endfacet
  facet normal -0.6653257001655603 -0.7465532216119672 0
    outer loop
      vertex 8.045874797964927 8.527996821747237 38.25239804505105
      vertex 8.045874797964927 8.527996821747237 35.03
      vertex 8.201298669768782 8.389483594107467 38.24255096628529
    endloop
  endfacet
  facet normal -0.5435675500012175 -0.8393654261319523 -3.585938378314274e-21
    outer loop
      vertex 7.996606756929015 8.559902482292088 38.24617949513358
      vertex 8.045874797964927 8.527996821747237 35.03
      vertex 8.045874797964927 8.527996821747237 38.25239804505105
    endloop
  endfacet
  facet normal -0.3212398094875073 -0.6304686248866331 0.7066217501846289
    outer loop
      vertex 7.534138525261138 8.822713157047584 38.242526086267596
      vertex 7.718185537206271 8.740206239822903 38.25258125992431
      vertex 8.02 9.132717227504696 38.739999999999995
    endloop
  endfacet
  facet normal -0.32123980948745795 -0.6304686248866642 0.7066217501846236
    outer loop
      vertex 7.718185537206271 8.740206239822903 38.25258125992431
      vertex 7.772919347127612 8.70476098316243 38.24583869425522
      vertex 8.02 9.132717227504696 38.739999999999995
    endloop
  endfacet
  facet normal -0.445301746718097 -0.5499018608223022 0.7066217501846239
    outer loop
      vertex 8.045874797964927 8.527996821747237 38.25239804505105
      vertex 8.201298669768782 8.389483594107467 38.24255096628529
      vertex 8.534157043330929 8.759160269451279 38.739999999999995
    endloop
  endfacet
  facet normal -0.3853819406971377 -0.5934361481663534 0.70662175018463
    outer loop
      vertex 7.996606756929015 8.559902482292088 38.24617949513358
      vertex 8.28686716696912 8.95941166289984 38.739999999999995
      vertex 7.772919347127612 8.70476098316243 38.24583869425522
    endloop
  endfacet
  facet normal -0.44530174671810746 -0.5499018608222866 0.7066217501846296
    outer loop
      vertex 7.996606756929015 8.559902482292088 38.24617949513358
      vertex 8.045874797964927 8.527996821747237 38.25239804505105
      vertex 8.28686716696912 8.95941166289984 38.739999999999995
    endloop
  endfacet
  facet normal -0.3853819406971253 -0.5934361481663679 0.7066217501846246
    outer loop
      vertex 7.772919347127612 8.70476098316243 38.24583869425522
      vertex 8.28686716696912 8.95941166289984 38.739999999999995
      vertex 8.02 9.132717227504696 38.739999999999995
    endloop
  endfacet
  facet normal -0.44530174671811074 -0.5499018608222844 0.7066217501846291
    outer loop
      vertex 8.045874797964927 8.527996821747237 38.25239804505105
      vertex 8.534157043330929 8.759160269451279 38.739999999999995
      vertex 8.28686716696912 8.95941166289984 38.739999999999995
    endloop
  endfacet
  facet normal -0.8595696069871974 -0.5110186794471164 0
    outer loop
      vertex 8.585719869955128 7.967062583557482 38.251748500360534
      vertex 8.585719869955128 7.967062583557482 35.03
      vertex 8.702064564151396 7.7713625688857455 38.24272513777149
    endloop
  endfacet
  facet normal -0.7714891798219444 -0.6362424423265582 -2.1193233491084828e-19
    outer loop
      vertex 8.560810755042507 7.997266655709218 38.2473021819952
      vertex 8.585719869955128 7.967062583557482 35.03
      vertex 8.585719869955128 7.967062583557482 38.251748500360534
    endloop
  endfacet
  facet normal -0.7714891798219441 -0.6362424423265581 7.763539545750756e-19
    outer loop
      vertex 8.391241468571025 8.202881467045135 38.244916419697994
      vertex 8.337330063682007 8.268252877020217 38.25303098774027
      vertex 8.337330063682007 8.268252877020217 35.03
    endloop
  endfacet
  facet normal -0.7714891798219486 -0.6362424423265528 -8.348154498095402e-17
    outer loop
      vertex 8.560810755042507 7.997266655709218 38.2473021819952
      vertex 8.391241468571025 8.202881467045135 38.244916419697994
      vertex 8.585719869955128 7.967062583557482 35.03
    endloop
  endfacet
  facet normal -0.5499018608222914 -0.44530174671810935 0.7066217501846247
    outer loop
      vertex 8.560810755042507 7.997266655709218 38.2473021819952
      vertex 8.95941166289984 8.286867166969117 38.739999999999995
      vertex 8.391241468571025 8.202881467045135 38.244916419697994
    endloop
  endfacet
  facet normal -0.5934361481663634 -0.3853819406971285 0.7066217501846267
    outer loop
      vertex 8.585719869955128 7.967062583557482 38.251748500360534
      vertex 8.702064564151396 7.7713625688857455 38.24272513777149
      vertex 9.132717227504696 8.02 38.739999999999995
    endloop
  endfacet
  facet normal -0.6304686248866369 -0.32123980948751757 0.7066217501846207
    outer loop
      vertex 8.785222170250691 7.631485586560746 38.25333082095426
      vertex 9.277178191233507 7.7364793949504325 38.739999999999995
      vertex 8.702064564151396 7.7713625688857455 38.24272513777149
    endloop
  endfacet
  facet normal -0.5934361481663974 -0.38538194069708237 0.7066217501846231
    outer loop
      vertex 8.560810755042507 7.997266655709218 38.2473021819952
      vertex 8.585719869955128 7.967062583557482 38.251748500360534
      vertex 8.95941166289984 8.286867166969117 38.739999999999995
    endloop
  endfacet
  facet normal -0.5934361481663636 -0.38538194069712767 0.7066217501846269
    outer loop
      vertex 8.585719869955128 7.967062583557482 38.251748500360534
      vertex 9.132717227504696 8.02 38.739999999999995
      vertex 8.95941166289984 8.286867166969117 38.739999999999995
    endloop
  endfacet
  facet normal -0.5003427336166831 -0.5003427336166733 0.7066217501846229
    outer loop
      vertex 8.201298669768782 8.389483594107467 38.24255096628529
      vertex 8.337330063682007 8.268252877020217 38.25303098774027
      vertex 8.759160269451275 8.534157043330925 38.739999999999995
    endloop
  endfacet
  facet normal -0.5003427336166711 -0.5003427336166882 0.7066217501846207
    outer loop
      vertex 8.391241468571025 8.202881467045135 38.244916419697994
      vertex 8.759160269451275 8.534157043330925 38.739999999999995
      vertex 8.337330063682007 8.268252877020217 38.25303098774027
    endloop
  endfacet
  facet normal -0.5003427336166852 -0.5003427336166696 0.7066217501846241
    outer loop
      vertex 8.201298669768782 8.389483594107467 38.24255096628529
      vertex 8.759160269451275 8.534157043330925 38.739999999999995
      vertex 8.534157043330929 8.759160269451279 38.739999999999995
    endloop
  endfacet
  facet normal -0.5499018608222869 -0.4453017467181205 0.7066217501846213
    outer loop
      vertex 8.391241468571025 8.202881467045135 38.244916419697994
      vertex 8.95941166289984 8.286867166969117 38.739999999999995
      vertex 8.759160269451275 8.534157043330925 38.739999999999995
    endloop
  endfacet
  facet normal 0 0 1
    outer loop
      vertex 8.28686716696912 8.95941166289984 38.739999999999995
      vertex 8.534157043330929 8.759160269451279 38.739999999999995
      vertex 9.255403065736502 9.04366938601106 38.739999999999995
    endloop
  endfacet
  facet normal 0 0 1
    outer loop
      vertex 8.534157043330929 8.759160269451279 38.739999999999995
      vertex 8.759160269451275 8.534157043330925 38.739999999999995
      vertex 9.255403065736502 9.04366938601106 38.739999999999995
    endloop
  endfacet
  facet normal 0.33923886611803555 0.9407002666710313 0
    outer loop
      vertex 7.58259480252358 10.090332643857522 34.98
      vertex 7.58259480252358 10.090332643857522 34.99
      vertex 7.957991354217359 9.95495572832641 34.98
    endloop
  endfacet
  facet normal 0.3392388661158257 0.9407002666718284 -2.506248698936763e-13
    outer loop
      vertex 7.957991354217359 9.95495572832641 34.98
      vertex 7.9570919988347875 9.955280057245016 34.99
      vertex 7.958002334951164 9.954951768412911 34.98110577167893
    endloop
  endfacet
  facet normal 0.4373073204593061 0.8993121301710001 0
    outer loop
      vertex 7.95809065802495 9.954919917014049 34.99
      vertex 7.95904537905081 9.954455666083145 34.99
      vertex 7.95809065802495 9.954919917014049 34.98
    endloop
  endfacet
  facet normal 0.43730732037512593 0.8993121302119341 1.1906330295637827e-12
    outer loop
      vertex 8.316947042791252 9.780419297277245 34.98
      vertex 8.317065763747436 9.780361566994856 34.99
      vertex 8.316968849806301 9.780408693208873 34.98
    endloop
  endfacet
  facet normal 0.33923886611803555 0.9407002666710313 0
    outer loop
      vertex 7.58259480252358 10.090332643857522 34.99
      vertex 7.58259480252358 10.090332643857522 38.739999999999995
      vertex 7.957991354217359 9.95495572832641 34.98
    endloop
  endfacet
  facet normal 0.33923886611581516 0.9407002666718322 -2.546352592024066e-13
    outer loop
      vertex 7.58259480252358 10.090332643857522 38.739999999999995
      vertex 7.9570919988347875 9.955280057245016 34.99
      vertex 7.957991354217359 9.95495572832641 34.98
    endloop
  endfacet
  facet normal 0.3392388661183595 0.9407002666709147 0
    outer loop
      vertex 7.95809065802495 9.954919917014049 34.99
      vertex 7.9570919988347875 9.955280057245016 34.99
      vertex 7.95809065802495 9.954919917014049 38.739999999999995
    endloop
  endfacet
  facet normal 0.43730732045930604 0.8993121301710001 0
    outer loop
      vertex 7.95809065802495 9.954919917014049 34.99
      vertex 7.95809065802495 9.954919917014049 38.739999999999995
      vertex 7.95904537905081 9.954455666083145 34.99
    endloop
  endfacet
  facet normal 0.43730732045885296 0.8993121301712204 -6.735387627778266e-19
    outer loop
      vertex 7.95904537905081 9.954455666083145 34.99
      vertex 8.317065763747436 9.780361566994856 38.739999999999995
      vertex 8.317065763747436 9.780361566994856 34.99
    endloop
  endfacet
  facet normal 0.617524614946193 0.7865515558026418 2.4835669703849236e-18
    outer loop
      vertex 8.655452788304025 9.568635409655634 34.99
      vertex 8.969417671493893 9.32214038696052 38.739999999999995
      vertex 8.969417671493893 9.32214038696052 34.99
    endloop
  endfacet
  facet normal 0.5304209081197421 0.8477344278896712 -3.97159639431537e-18
    outer loop
      vertex 8.317065763747436 9.780361566994856 34.99
      vertex 8.655452788304025 9.568635409655634 38.739999999999995
      vertex 8.655452788304025 9.568635409655634 34.99
    endloop
  endfacet
  facet normal -0.32123980948749653 -0.6304686248866431 0.7066217501846247
    outer loop
      vertex 7.534138525261138 8.822713157047584 38.242526086267596
      vertex 8.02 9.132717227504696 38.739999999999995
      vertex 7.7364793949504325 9.277178191233507 38.739999999999995
    endloop
  endfacet
  facet normal 0 0 1
    outer loop
      vertex 6.400173044608344 10.248671041712946 38.739999999999995
      vertex 7.439411662899843 9.391211809537268 38.739999999999995
      vertex 9.255403065736502 9.04366938601106 38.739999999999995
    endloop
  endfacet
  facet normal 0 0 1
    outer loop
      vertex 7.439411662899843 9.391211809537268 38.739999999999995
      vertex 7.7364793949504325 9.277178191233507 38.739999999999995
      vertex 9.255403065736502 9.04366938601106 38.739999999999995
    endloop
  endfacet
  facet normal 0.33923886611803583 0.9407002666710313 9.526394093227027e-17
    outer loop
      vertex 7.58259480252358 10.090332643857522 38.739999999999995
      vertex 7.95809065802495 9.954919917014049 38.739999999999995
      vertex 7.9570919988347875 9.955280057245016 34.99
    endloop
  endfacet
  facet normal 0.4373073204588541 0.8993121301712198 -1.4225125807085706e-16
    outer loop
      vertex 7.95904537905081 9.954455666083145 34.99
      vertex 7.95809065802495 9.954919917014049 38.739999999999995
      vertex 8.317065763747436 9.780361566994856 38.739999999999995
    endloop
  endfacet
  facet normal 0 0 1
    outer loop
      vertex 6.400173044608344 10.248671041712946 38.739999999999995
      vertex 9.255403065736502 9.04366938601106 38.739999999999995
      vertex 7.95809065802495 9.954919917014049 38.739999999999995
    endloop
  endfacet
  facet normal 0 0 1
    outer loop
      vertex 7.95809065802495 9.954919917014049 38.739999999999995
      vertex 8.655452788304025 9.568635409655634 38.739999999999995
      vertex 8.317065763747436 9.780361566994856 38.739999999999995
    endloop
  endfacet
  facet normal 0.617524614946193 0.7865515558026418 0
    outer loop
      vertex 8.655452788304025 9.568635409655634 34.99
      vertex 8.655452788304025 9.568635409655634 38.739999999999995
      vertex 8.969417671493893 9.32214038696052 38.739999999999995
    endloop
  endfacet
  facet normal 0 0 1
    outer loop
      vertex 7.7364793949504325 9.277178191233507 38.739999999999995
      vertex 8.02 9.132717227504696 38.739999999999995
      vertex 9.255403065736502 9.04366938601106 38.739999999999995
    endloop
  endfacet
  facet normal 0 0 1
    outer loop
      vertex 8.28686716696912 8.95941166289984 38.739999999999995
      vertex 9.255403065736502 9.04366938601106 38.739999999999995
      vertex 8.02 9.132717227504696 38.739999999999995
    endloop
  endfacet
  facet normal 0 0 1
    outer loop
      vertex 7.95809065802495 9.954919917014049 38.739999999999995
      vertex 9.255403065736502 9.04366938601106 38.739999999999995
      vertex 8.655452788304025 9.568635409655634 38.739999999999995
    endloop
  endfacet
  facet normal 0 0 1
    outer loop
      vertex 8.655452788304025 9.568635409655634 38.739999999999995
      vertex 9.255403065736502 9.04366938601106 38.739999999999995
      vertex 8.969417671493893 9.32214038696052 38.739999999999995
    endloop
  endfacet
  facet normal 0.5304209081197421 0.8477344278896712 0
    outer loop
      vertex 8.317065763747436 9.780361566994856 34.99
      vertex 8.317065763747436 9.780361566994856 38.739999999999995
      vertex 8.655452788304025 9.568635409655634 38.739999999999995
    endloop
  endfacet
  facet normal 0.8333139190825137 0.5528000653611951 0
    outer loop
      vertex 9.510168642241112 8.736377594519382 34.99
      vertex 9.730762146954074 8.403845727294662 34.98
      vertex 9.510168642241112 8.736377594519382 34.98
    endloop
  endfacet
  facet normal 0.8333139190825137 0.5528000653611951 0
    outer loop
      vertex 9.510168642241112 8.736377594519382 34.99
      vertex 9.510168642241112 8.736377594519382 38.739999999999995
      vertex 9.730762146954074 8.403845727294662 34.98
    endloop
  endfacet
  facet normal 0.7698339834299065 0.6382441836448199 0
    outer loop
      vertex 9.510168642241112 8.736377594519382 34.99
      vertex 9.255403065736502 9.04366938601106 34.99
      vertex 9.510168642241112 8.736377594519382 38.739999999999995
    endloop
  endfacet
  facet normal 0.8873520750565725 0.4610925014493242 -7.484568289923158e-16
    outer loop
      vertex 9.914880398205923 8.04954569663142 34.99
      vertex 9.730827805226774 8.40374675127065 34.98
      vertex 9.730827805226774 8.40374675127065 34.99
    endloop
  endfacet
  facet normal 0.8873520750565725 0.4610925014493242 0
    outer loop
      vertex 9.914880398205923 8.04954569663142 34.99
      vertex 9.914880398205923 8.04954569663142 34.98
      vertex 9.730827805226774 8.40374675127065 34.98
    endloop
  endfacet
  facet normal 0.8873520750565725 0.4610925014493241 0
    outer loop
      vertex 9.914880398205923 8.04954569663142 34.99
      vertex 9.730827805226774 8.40374675127065 34.99
      vertex 9.914880398205923 8.04954569663142 38.739999999999995
    endloop
  endfacet
  facet normal 0.9313361774523373 0.36416057525282497 0
    outer loop
      vertex 10.06024103175643 7.67778767008231 34.99
      vertex 9.914880398205923 8.04954569663142 34.99
      vertex 10.06024103175643 7.67778767008231 38.739999999999995
    endloop
  endfacet
  facet normal 0.833313919082554 0.5528000653611347 7.704859244624011e-15
    outer loop
      vertex 9.730762146954074 8.403845727294662 34.98
      vertex 9.510168642241112 8.736377594519382 38.739999999999995
      vertex 9.730827805226774 8.40374675127065 34.99
    endloop
  endfacet
  facet normal -0.630468624886641 -0.3212398094874955 0.706621750184627
    outer loop
      vertex 8.702064564151396 7.7713625688857455 38.24272513777149
      vertex 9.277178191233507 7.7364793949504325 38.739999999999995
      vertex 9.132717227504696 8.02 38.739999999999995
    endloop
  endfacet
  facet normal 0 0 1
    outer loop
      vertex 9.277178191233507 7.7364793949504325 38.739999999999995
      vertex 9.255403065736502 9.04366938601106 38.739999999999995
      vertex 9.132717227504696 8.02 38.739999999999995
    endloop
  endfacet
  facet normal 0 0 1
    outer loop
      vertex 9.473568706230768 7.1320515400859925 38.739999999999995
      vertex 9.255403065736502 9.04366938601106 38.739999999999995
      vertex 9.391211809537268 7.43941166289984 38.739999999999995
    endloop
  endfacet
  facet normal 0 0 1
    outer loop
      vertex 9.391211809537268 7.43941166289984 38.739999999999995
      vertex 9.255403065736502 9.04366938601106 38.739999999999995
      vertex 9.277178191233507 7.7364793949504325 38.739999999999995
    endloop
  endfacet
  facet normal 0.7698339834299065 0.6382441836448199 3.54916406132016e-18
    outer loop
      vertex 9.510168642241112 8.736377594519382 38.739999999999995
      vertex 9.255403065736502 9.04366938601106 34.99
      vertex 9.255403065736502 9.04366938601106 38.739999999999995
    endloop
  endfacet
  facet normal 0 0 1
    outer loop
      vertex 8.95941166289984 8.286867166969117 38.739999999999995
      vertex 9.132717227504696 8.02 38.739999999999995
      vertex 9.255403065736502 9.04366938601106 38.739999999999995
    endloop
  endfacet
  facet normal 0 0 1
    outer loop
      vertex 8.95941166289984 8.286867166969117 38.739999999999995
      vertex 9.255403065736502 9.04366938601106 38.739999999999995
      vertex 8.759160269451275 8.534157043330925 38.739999999999995
    endloop
  endfacet
  facet normal 0.8873520750565725 0.4610925014493241 0
    outer loop
      vertex 9.730827805226774 8.40374675127065 34.99
      vertex 9.730827805226774 8.40374675127065 38.739999999999995
      vertex 9.914880398205923 8.04954569663142 38.739999999999995
    endloop
  endfacet
  facet normal 0.9313361774523373 0.36416057525282497 -1.4332553415821658e-18
    outer loop
      vertex 10.06024103175643 7.67778767008231 38.739999999999995
      vertex 9.914880398205923 8.04954569663142 34.99
      vertex 9.914880398205923 8.04954569663142 38.739999999999995
    endloop
  endfacet
  facet normal 0 0 1
    outer loop
      vertex 10.165262711817 7.292684838611091 38.739999999999995
      vertex 9.914880398205923 8.04954569663142 38.739999999999995
      vertex 9.510168642241112 8.736377594519382 38.739999999999995
    endloop
  endfacet
  facet normal 0.833313919082514 0.552800065361195 0
    outer loop
      vertex 9.730827805226774 8.40374675127065 34.99
      vertex 9.510168642241112 8.736377594519382 38.739999999999995
      vertex 9.730827805226774 8.40374675127065 38.739999999999995
    endloop
  endfacet
  facet normal 0 0 1
    outer loop
      vertex 10.165262711817 7.292684838611091 38.739999999999995
      vertex 9.510168642241112 8.736377594519382 38.739999999999995
      vertex 9.255403065736502 9.04366938601106 38.739999999999995
    endloop
  endfacet
  facet normal 0 0 1
    outer loop
      vertex 9.510168642241112 8.736377594519382 38.739999999999995
      vertex 9.914880398205923 8.04954569663142 38.739999999999995
      vertex 9.730827805226774 8.40374675127065 38.739999999999995
    endloop
  endfacet
  facet normal 0.7698339833671933 0.6382441837204628 0
    outer loop
      vertex 9.255403065736502 9.04366938601106 34.98
      vertex 9.255403065736502 9.04366938601106 34.99
      vertex 9.255412906534414 9.043657516289645 34.98
    endloop
  endfacet
  facet normal 0.6976315211529126 0.7164567402808584 0
    outer loop
      vertex 8.969417671493893 9.32214038696052 34.98
      vertex 8.969417671493893 9.32214038696052 34.99
      vertex 8.969430295213222 9.322128094935024 34.98
    endloop
  endfacet
  facet normal 0.6976315211349831 0.7164567402983169 0
    outer loop
      vertex 9.255403065736502 9.04366938601106 34.99
      vertex 8.969417671493893 9.32214038696052 34.99
      vertex 9.255403065736502 9.04366938601106 38.739999999999995
    endloop
  endfacet
  facet normal 0.6976315211349831 0.7164567402983169 0
    outer loop
      vertex 8.969417671493893 9.32214038696052 34.99
      vertex 8.969417671493893 9.32214038696052 38.739999999999995
      vertex 9.255403065736502 9.04366938601106 38.739999999999995
    endloop
  endfacet
  facet normal -0.6585113790650394 -0.7525707698561378 -3.282586854931514e-17
    outer loop
      vertex -9.005936036387082 -9.283123923372957 4.745062641841159
      vertex -8.81571730604822 -9.449568334259908 4.754718951443891
      vertex -9.116118204256193 -9.186712776118682 34.99
    endloop
  endfacet
  facet normal -0.7347741508630706 -0.6783118362696123 7.155389385522826e-17
    outer loop
      vertex -9.283058162486668 -9.005876825019111 4.74497415184024
      vertex -9.11617340009536 -9.186652985807374 34.98
      vertex -9.386877437862148 -8.893415688668076 4.754896394201655
    endloop
  endfacet
  facet normal -0.7347741508630637 -0.67831183626962 -1.1787312610154601e-17
    outer loop
      vertex -9.283058162486668 -9.005876825019111 4.74497415184024
      vertex -9.116118204256193 -9.186712776118682 4.7548135872335395
      vertex -9.11617340009536 -9.186652985807374 34.98
    endloop
  endfacet
  facet normal -0.6585113790650344 -0.7525707698561422 0
    outer loop
      vertex -9.116118204256193 -9.186712776118682 4.7548135872335395
      vertex -9.005936036387082 -9.283123923372957 4.745062641841159
      vertex -9.116118204256193 -9.186712776118682 34.98
    endloop
  endfacet
  facet normal -0.8615540813938057 -0.5076658003388408 0
    outer loop
      vertex -9.624927196559431 -8.573000245104474 4.75496737208737
      vertex -9.624927196559431 -8.573000245104474 34.99
      vertex -9.743120142944854 -8.372416287543508 4.744832575087018
    endloop
  endfacet
  facet normal -0.8615540813938051 -0.5076658003388417 -9.154631248256044e-18
    outer loop
      vertex -9.743120142944854 -8.372416287543508 4.744832575087018
      vertex -9.624927196559431 -8.573000245104474 34.99
      vertex -9.827570281462144 -8.229096880434971 4.755026520667085
    endloop
  endfacet
  facet normal -0.9106347728549139 -0.4132121857683766 0
    outer loop
      vertex -9.827570281462144 -8.229096880434971 4.755026520667085
      vertex -9.827570281462144 -8.229096880434971 34.98
      vertex -9.921026289403816 -8.0231390372372 4.744779486104343
    endloop
  endfacet
  facet normal -0.9106347728549145 -0.41321218576837543 9.924575648656407e-18
    outer loop
      vertex -9.992510665446268 -7.865602157198084 4.755073839754461
      vertex -9.921026289403816 -8.0231390372372 4.744779486104343
      vertex -9.827570281462144 -8.229096880434971 34.98
    endloop
  endfacet
  facet normal -0.802711637930966 -0.5963673585384983 -6.708256207773382e-19
    outer loop
      vertex -9.529685690021486 -8.701195500289876 4.744897463324912
      vertex -9.386877437862148 -8.893415688668076 4.754896394201655
      vertex -9.62489570666568 -8.57304263056342 34.98
    endloop
  endfacet
  facet normal -0.8027116379309646 -0.5963673585385003 1.2768546090469578e-17
    outer loop
      vertex -9.624927196559431 -8.573000245104474 4.75496737208737
      vertex -9.529685690021486 -8.701195500289876 4.744897463324912
      vertex -9.62489570666568 -8.57304263056342 34.98
    endloop
  endfacet
  facet normal -0.4845508703326548 -0.8747630845319586 3.350444569784533e-17
    outer loop
      vertex -8.489078405449034 -9.679004104586266 4.754612487130844
      vertex -8.372637516031226 -9.743503321925662 4.745275032062453
      vertex -8.139902451720708 -9.872420488142073 34.99
    endloop
  endfacet
  facet normal -0.5747874102144028 -0.8183027759081718 0
    outer loop
      vertex -8.81571730604822 -9.449568334259908 4.754718951443891
      vertex -8.701351540461888 -9.52990046089311 4.745162934721827
      vertex -8.81571730604822 -9.449568334259908 34.99
    endloop
  endfacet
  facet normal -0.5747874102144087 -0.8183027759081678 -3.2852867356741746e-17
    outer loop
      vertex -8.489078405449034 -9.679004104586266 4.754612487130844
      vertex -8.81571730604822 -9.449568334259908 34.99
      vertex -8.701351540461888 -9.52990046089311 4.745162934721827
    endloop
  endfacet
  facet normal -0.48455087033265154 -0.8747630845319606 1.7893807368508207e-19
    outer loop
      vertex -8.372637516031226 -9.743503321925662 4.745275032062453
      vertex -8.139902451720708 -9.872420488142073 4.754494194629793
      vertex -8.139902451720708 -9.872420488142073 34.99
    endloop
  endfacet
  facet normal -0.38882417547332127 -0.9213119778704127 0
    outer loop
      vertex -8.139902451720708 -9.872420488142073 4.754494194629793
      vertex -8.023390990057557 -9.921592184703623 4.745398935629348
      vertex -8.139902451720708 -9.872420488142073 34.99
    endloop
  endfacet
  facet normal -0.3888241754733167 -0.9213119778704146 2.08444984166516e-17
    outer loop
      vertex -8.023390990057557 -9.921592184703623 4.745398935629348
      vertex -7.772145747942614 -10.027626000016374 4.754364074313394
      vertex -8.139902451720708 -9.872420488142073 34.99
    endloop
  endfacet
  facet normal -0.9493976084683805 -0.31407671202195103 0
    outer loop
      vertex -10.117879508054436 -7.4866346158532044 4.755109329200433
      vertex -10.061457662688232 -7.657187741907017 4.744738195540589
      vertex -10.117879508054436 -7.4866346158532044 34.98
    endloop
  endfacet
  facet normal -0.9493976084683791 -0.3140767120219556 2.7953553736444884e-17
    outer loop
      vertex -9.992510665446268 -7.865602157198084 4.755073839754461
      vertex -10.117879508054436 -7.4866346158532044 34.99
      vertex -10.061457662688232 -7.657187741907017 4.744738195540589
    endloop
  endfacet
  facet normal -0.9774033898178667 -0.21138262362962465 4.178327366919781e-17
    outer loop
      vertex -10.117879508054436 -7.4866346158532044 4.755109329200433
      vertex -10.202243310493385 -7.09654831137894 34.98
      vertex -10.162877833037347 -7.27856871800776 4.7447087027453305
    endloop
  endfacet
  facet normal -0.9774033898178679 -0.21138262362961824 1.4379228720015515e-18
    outer loop
      vertex -10.162877833037347 -7.27856871800776 4.7447087027453305
      vertex -10.202243310493385 -7.09654831137894 34.98
      vertex -10.202256330205042 -7.096488110071521 4.75513298889319
    endloop
  endfacet
  facet normal -0.9943348002101373 -0.10629348564736375 0
    outer loop
      vertex -10.202256330205042 -7.096488110071521 4.75513298889319
      vertex -10.202256330205042 -7.096488110071521 34.99
      vertex -10.224177198102774 -6.891426796400462 4.744691007253999
    endloop
  endfacet
  facet normal -0.994334800210137 -0.10629348564736754 -2.591864115533175e-17
    outer loop
      vertex -10.224177198102774 -6.891426796400462 4.744691007253999
      vertex -10.202256330205042 -7.096488110071521 34.99
      vertex -10.244685108787857 -6.69958315565817 4.755144818758205
    endloop
  endfacet
  facet normal -1 0 0
    outer loop
      vertex -10.244685108787857 -6.69958315565817 4.755144818758205
      vertex -10.244685108787857 -6.69958315565817 34.99
      vertex -10.244685108787857 -6.5 4.744685108787858
    endloop
  endfacet
  facet normal -0.2886919473396227 -0.9574220383620049 -6.5660788945222514e-18
    outer loop
      vertex -7.772145747942614 -10.027626000016374 4.754364074313394
      vertex -7.657433859059054 -10.062215133395274 4.745534647375011
      vertex -7.389975124516679 -10.142862099742663 34.99
    endloop
  endfacet
  facet normal -0.28869194733962344 -0.9574220383620048 -1.7527402323980404e-19
    outer loop
      vertex -7.657433859059054 -10.062215133395274 4.745534647375011
      vertex -7.389975124516679 -10.142862099742663 4.75422212659157
      vertex -7.389975124516679 -10.142862099742663 34.98
    endloop
  endfacet
  facet normal -0.1852887240871095 -0.9826841245925219 -2.5494917408541194e-17
    outer loop
      vertex -7.389975124516679 -10.142862099742663 4.75422212659157
      vertex -7.278771113113826 -10.163830027147359 4.745682169438187
      vertex -7.389845393307544 -10.142886561041685 34.98
    endloop
  endfacet
  facet normal -0.18528872408711192 -0.9826841245925215 -3.453515826222172e-17
    outer loop
      vertex -7.278771113113826 -10.163830027147359 4.745682169438187
      vertex -6.9977207273139586 -10.216823116265026 4.754068351911495
      vertex -7.389845393307544 -10.142886561041685 34.98
    endloop
  endfacet
  facet normal -0.07978610555309223 -0.9968120070307495 7.427438440926578e-17
    outer loop
      vertex -6.9977207273139586 -10.216823116265026 4.754068351911495
      vertex -6.891547056072364 -10.225321392450397 4.745841504143962
      vertex -6.599826955391656 -10.248671041712948 34.99
    endloop
  endfacet
  facet normal -0.0797861055530846 -0.9968120070307501 -3.422703848183645e-20
    outer loop
      vertex -6.891547056072364 -10.225321392450397 4.745841504143962
      vertex -6.599826955391656 -10.248671041712948 4.753902750757613
      vertex -6.599826955391656 -10.248671041712948 34.99
    endloop
  endfacet
  facet normal 0 -1 0
    outer loop
      vertex -6.599826955391656 -10.248671041712948 4.753902750757613
      vertex -6.5 -10.248671041712948 4.7486710417129485
      vertex -6.59979394528303 -10.248671041712948 34.98
    endloop
  endfacet
  facet normal -0.7347741508630664 -0.678311836269617 0
    outer loop
      vertex -9.386877437862148 -8.893415688668076 4.754896394201655
      vertex -9.116118204256193 -9.186712776118682 34.99
      vertex -9.386877437862148 -8.893415688668076 34.99
    endloop
  endfacet
  facet normal -0.7347741508679143 -0.6783118362643656 9.150258837548858e-14
    outer loop
      vertex -9.386877437862148 -8.893415688668076 4.754896394201655
      vertex -9.11617340009536 -9.186652985807374 34.98
      vertex -9.116118204256193 -9.186712776118682 34.99
    endloop
  endfacet
  facet normal -0.6585113790650375 -0.7525707698561395 5.869329605497422e-16
    outer loop
      vertex -9.005936036387082 -9.283123923372957 4.745062641841159
      vertex -9.116118204256193 -9.186712776118682 34.99
      vertex -9.116118204256193 -9.186712776118682 34.98
    endloop
  endfacet
  facet normal -0.7347741508600772 -0.6783118362728551 0
    outer loop
      vertex -9.116118204256193 -9.186712776118682 4.7548135872335395
      vertex -9.116118204256193 -9.186712776118682 34.98
      vertex -9.11617340009536 -9.186652985807374 34.98
    endloop
  endfacet
  facet normal -0.8027116379266057 -0.5963673585443672 0
    outer loop
      vertex -9.624927196559431 -8.573000245104474 4.75496737208737
      vertex -9.62489570666568 -8.57304263056342 34.98
      vertex -9.624927196559431 -8.573000245104474 34.99
    endloop
  endfacet
  facet normal -0.8615540813938055 -0.5076658003388412 0
    outer loop
      vertex -9.827570281462144 -8.229096880434971 4.755026520667085
      vertex -9.624927196559431 -8.573000245104474 34.99
      vertex -9.827570281462144 -8.229096880434971 34.98
    endloop
  endfacet
  facet normal -0.9106347728549138 -0.41321218576837676 0
    outer loop
      vertex -9.992510665446268 -7.865602157198084 4.755073839754461
      vertex -9.827624834393118 -8.2289766569817 34.98
      vertex -9.992510665446268 -7.865602157198084 34.99
    endloop
  endfacet
  facet normal -0.9493976084683797 -0.3140767120219535 0
    outer loop
      vertex -9.992510665446268 -7.865602157198084 4.755073839754461
      vertex -9.992510665446268 -7.865602157198084 34.99
      vertex -10.117879508054436 -7.4866346158532044 34.99
    endloop
  endfacet
  facet normal -0.9106347728558485 -0.4132121857663171 3.0374334530492995e-14
    outer loop
      vertex -9.992510665446268 -7.865602157198084 4.755073839754461
      vertex -9.827570281462144 -8.229096880434971 34.98
      vertex -9.827624834393118 -8.2289766569817 34.98
    endloop
  endfacet
  facet normal -0.8027116379301502 -0.5963673585395963 1.810790371692289e-14
    outer loop
      vertex -9.386877437862148 -8.893415688668076 4.754896394201655
      vertex -9.624848463652873 -8.573106219751606 34.98
      vertex -9.62489570666568 -8.57304263056342 34.98
    endloop
  endfacet
  facet normal -0.8027116379309661 -0.5963673585384981 0
    outer loop
      vertex -9.386877437862148 -8.893415688668076 4.754896394201655
      vertex -9.386877437862148 -8.893415688668076 34.99
      vertex -9.624848463652873 -8.573106219751606 34.98
    endloop
  endfacet
  facet normal -0.4845508703326526 -0.87476308453196 0
    outer loop
      vertex -8.489078405449034 -9.679004104586266 4.754612487130844
      vertex -8.139902451720708 -9.872420488142073 34.99
      vertex -8.489078405449034 -9.679004104586266 34.99
    endloop
  endfacet
  facet normal -0.6585113790650376 -0.7525707698561395 0
    outer loop
      vertex -8.81571730604822 -9.449568334259908 4.754718951443891
      vertex -8.81571730604822 -9.449568334259908 34.99
      vertex -9.116118204256193 -9.186712776118682 34.99
    endloop
  endfacet
  facet normal -0.5747874102144066 -0.8183027759081692 0
    outer loop
      vertex -8.489078405449034 -9.679004104586266 4.754612487130844
      vertex -8.489078405449034 -9.679004104586266 34.99
      vertex -8.81571730604822 -9.449568334259908 34.99
    endloop
  endfacet
  facet normal -0.3888241754733182 -0.9213119778704142 0
    outer loop
      vertex -7.772145747942614 -10.027626000016374 4.754364074313394
      vertex -7.772145747942614 -10.027626000016374 34.99
      vertex -8.139902451720708 -9.872420488142073 34.99
    endloop
  endfacet
  facet normal -0.9493976084683784 -0.3140767120219577 -3.8194220612741653e-16
    outer loop
      vertex -10.061457662688232 -7.657187741907017 4.744738195540589
      vertex -10.117879508054436 -7.4866346158532044 34.99
      vertex -10.117879508054436 -7.4866346158532044 34.98
    endloop
  endfacet
  facet normal -0.9774033898178672 -0.2113826236296215 0
    outer loop
      vertex -10.117879508054436 -7.4866346158532044 4.755109329200433
      vertex -10.117879508054436 -7.4866346158532044 34.98
      vertex -10.202243310493385 -7.09654831137894 34.98
    endloop
  endfacet
  facet normal -0.9774033898177121 -0.21138262363033888 0
    outer loop
      vertex -10.202256330205042 -7.096488110071521 4.75513298889319
      vertex -10.202243310493385 -7.09654831137894 34.98
      vertex -10.202256330205042 -7.096488110071521 34.99
    endloop
  endfacet
  facet normal -0.994334800210137 -0.10629348564736557 0
    outer loop
      vertex -10.244685108787857 -6.69958315565817 4.755144818758205
      vertex -10.202256330205042 -7.096488110071521 34.99
      vertex -10.244685108787857 -6.69958315565817 34.99
    endloop
  endfacet
  facet normal -0.28869194733962317 -0.9574220383620049 0
    outer loop
      vertex -7.772145747942614 -10.027626000016374 4.754364074313394
      vertex -7.389975124516679 -10.142862099742663 34.99
      vertex -7.772145747942614 -10.027626000016374 34.99
    endloop
  endfacet
  facet normal -0.28869194733953846 -0.9574220383620304 -5.297793693421633e-16
    outer loop
      vertex -7.657433859059054 -10.062215133395274 4.745534647375011
      vertex -7.389975124516679 -10.142862099742663 34.98
      vertex -7.389975124516679 -10.142862099742663 34.99
    endloop
  endfacet
  facet normal -0.18528872409284555 -0.9826841245914402 0
    outer loop
      vertex -7.389975124516679 -10.142862099742663 4.75422212659157
      vertex -7.389845393307544 -10.142886561041685 34.98
      vertex -7.389975124516679 -10.142862099742663 34.98
    endloop
  endfacet
  facet normal -0.1852887240871093 -0.9826841245925219 0
    outer loop
      vertex -6.9977207273139586 -10.216823116265026 4.754068351911495
      vertex -6.9977207273139586 -10.216823116265026 34.99
      vertex -7.389845393307544 -10.142886561041685 34.98
    endloop
  endfacet
  facet normal -0.07978610555308664 -0.9968120070307498 0
    outer loop
      vertex -6.9977207273139586 -10.216823116265026 4.754068351911495
      vertex -6.599826955391656 -10.248671041712948 34.99
      vertex -6.9977207273139586 -10.216823116265026 34.99
    endloop
  endfacet
  facet normal 0 -1 0
    outer loop
      vertex -6.599826955391656 -10.248671041712948 4.753902750757613
      vertex -6.59979394528303 -10.248671041712948 34.98
      vertex -6.599826955391656 -10.248671041712948 34.99
    endloop
  endfacet
  facet normal -0.8615540813938054 -0.5076658003388411 8.523726689157857e-16
    outer loop
      vertex -9.624927196559431 -8.573000245104474 34.99
      vertex -9.827570281462144 -8.229096880434971 34.99
      vertex -9.827570281462144 -8.229096880434971 34.98
    endloop
  endfacet
  facet normal -0.910634772854914 -0.41321218576837604 -2.9420309628803454e-14
    outer loop
      vertex -9.992510665446268 -7.865602157198084 34.99
      vertex -9.827624834393118 -8.2289766569817 34.98
      vertex -9.827570281462144 -8.229096880434971 34.99
    endloop
  endfacet
  facet normal -0.8027116379309653 -0.596367358538499 -5.057163303275646e-14
    outer loop
      vertex -9.624848463652873 -8.573106219751606 34.98
      vertex -9.386877437862148 -8.893415688668076 34.99
      vertex -9.624927196559431 -8.573000245104474 34.99
    endloop
  endfacet
  facet normal -0.18528872408711122 -0.9826841245925214 7.703745861851955e-14
    outer loop
      vertex -7.389845393307544 -10.142886561041685 34.98
      vertex -6.9977207273139586 -10.216823116265026 34.99
      vertex -7.389975124516679 -10.142862099742663 34.99
    endloop
  endfacet
  facet normal -1 0 0
    outer loop
      vertex -10.244685108787857 -6.5 4.744685108787858
      vertex -10.244685108787857 -6.69958315565817 34.99
      vertex -10.244685108787857 6.699583155658171 34.98
    endloop
  endfacet
  facet normal 0 -1 0
    outer loop
      vertex -6.5 -10.248671041712948 4.7486710417129485
      vertex 6.400173044608344 -10.248671041712948 34.98
      vertex -6.59979394528303 -10.248671041712948 34.98
    endloop
  endfacet
  facet normal -1 0 0
    outer loop
      vertex -10.244685108787857 -6.5 4.744685108787858
      vertex -10.244685108787857 6.699583155658171 34.98
      vertex -10.244685108787857 6.5 4.744685108787858
    endloop
  endfacet
  facet normal -1 0 0
    outer loop
      vertex -10.244685108787857 6.5 4.744685108787858
      vertex -10.244685108787857 6.699583155658171 34.98
      vertex -10.244685108787857 6.699583155658171 4.755144818758205
    endloop
  endfacet
  facet normal -0.9943348002101366 0.10629348564736948 2.2952097552571457e-18
    outer loop
      vertex -10.244685108787857 6.699583155658171 4.755144818758205
      vertex -10.244678328261763 6.699646584879805 34.98
      vertex -10.224177198102774 6.891426796400459 4.744691007254
    endloop
  endfacet
  facet normal -0.9943348002101374 0.10629348564736332 -3.737289618231457e-17
    outer loop
      vertex -10.224177198102774 6.891426796400459 4.744691007254
      vertex -10.244678328261763 6.699646584879805 34.98
      vertex -10.202256330205042 7.096488110071519 4.755132988893191
    endloop
  endfacet
  facet normal -0.9774033898178679 0.21138262362961818 2.7418235741894282e-17
    outer loop
      vertex -10.202256330205042 7.096488110071519 4.755132988893191
      vertex -10.117879508054436 7.486634615853205 34.99
      vertex -10.162877833037347 7.278568718007758 4.7447087027453305
    endloop
  endfacet
  facet normal -0.9774033898178672 0.21138262362962204 -8.49825083322366e-20
    outer loop
      vertex -10.162877833037347 7.278568718007758 4.7447087027453305
      vertex -10.117879508054436 7.486634615853205 34.99
      vertex -10.117879508054436 7.486634615853205 4.755109329200433
    endloop
  endfacet
  facet normal -0.9493976084683795 0.314076712021954 1.1878640694478836e-17
    outer loop
      vertex -10.117879508054436 7.486634615853205 4.755109329200433
      vertex -9.992510665446268 7.865602157198083 34.99
      vertex -10.061457662688232 7.657187741907016 4.744738195540589
    endloop
  endfacet
  facet normal -0.9493976084683791 0.31407671202195553 4.173576055029535e-20
    outer loop
      vertex -10.061457662688232 7.657187741907016 4.744738195540589
      vertex -9.992510665446268 7.865602157198083 34.99
      vertex -9.992510665446268 7.865602157198083 4.75507383975446
    endloop
  endfacet
  facet normal -0.9106347728549153 0.41321218576837343 1.1287862844603837e-17
    outer loop
      vertex -9.992510665446268 7.865602157198083 4.75507383975446
      vertex -9.82760118089232 8.229028784438416 34.98
      vertex -9.921026289403816 8.0231390372372 4.744779486104342
    endloop
  endfacet
  facet normal -0.9106347728549152 0.41321218576837365 9.568270722430972e-18
    outer loop
      vertex -9.921026289403816 8.0231390372372 4.744779486104342
      vertex -9.82760118089232 8.229028784438416 34.98
      vertex -9.827570281462144 8.229096880434973 4.755026520667086
    endloop
  endfacet
  facet normal -0.8615540813938024 0.5076658003388465 -5.023992976926698e-17
    outer loop
      vertex -9.827570281462144 8.229096880434973 4.755026520667086
      vertex -9.624927196559431 8.573000245104474 34.99
      vertex -9.743120142944854 8.372416287543508 4.744832575087018
    endloop
  endfacet
  facet normal -0.8615540813938057 0.5076658003388408 -1.9969714009003305e-19
    outer loop
      vertex -9.743120142944854 8.372416287543508 4.744832575087018
      vertex -9.624927196559431 8.573000245104474 34.99
      vertex -9.624927196559431 8.573000245104474 4.75496737208737
    endloop
  endfacet
  facet normal -0.8027116379309684 0.596367358538495 3.2067734284096375e-17
    outer loop
      vertex -9.624927196559431 8.573000245104474 4.75496737208737
      vertex -9.386877437862148 8.893415688668078 34.99
      vertex -9.529685690021486 8.701195500289877 4.744897463324912
    endloop
  endfacet
  facet normal -0.802711637930966 0.5963673585384983 8.361732191219897e-21
    outer loop
      vertex -9.529685690021486 8.701195500289877 4.744897463324912
      vertex -9.386877437862148 8.893415688668078 34.99
      vertex -9.386877437862148 8.893415688668078 4.754896394201655
    endloop
  endfacet
  facet normal -0.7347741508630652 0.6783118362696181 7.910399472045224e-18
    outer loop
      vertex -9.386877437862148 8.893415688668078 4.754896394201655
      vertex -9.11617340009536 9.186652985807374 34.98
      vertex -9.283058162486668 9.005876825019111 4.744974151840241
    endloop
  endfacet
  facet normal -0.7347741508630637 0.6783118362696199 -1.1726096179267558e-17
    outer loop
      vertex -9.283058162486668 9.005876825019111 4.744974151840241
      vertex -9.11617340009536 9.186652985807374 34.98
      vertex -9.116118204256193 9.186712776118682 4.754813587233539
    endloop
  endfacet
  facet normal -0.6585113790650334 0.7525707698561429 0
    outer loop
      vertex -9.116118204256193 9.186712776118682 4.754813587233539
      vertex -9.116118204256193 9.186712776118682 34.98
      vertex -9.005936036387084 9.283123923372955 4.74506264184116
    endloop
  endfacet
  facet normal -0.65851137906504 0.7525707698561372 -3.7212160524158783e-20
    outer loop
      vertex -9.005936036387084 9.283123923372955 4.74506264184116
      vertex -8.81571730604822 9.449568334259908 34.99
      vertex -8.81571730604822 9.449568334259908 4.75471895144389
    endloop
  endfacet
  facet normal -0.5747874102144088 0.8183027759081676 -5.3087137064821246e-17
    outer loop
      vertex -8.81571730604822 9.449568334259908 4.75471895144389
      vertex -8.489148590365078 9.678954805711431 34.98
      vertex -8.70135154046189 9.52990046089311 4.745162934721828
    endloop
  endfacet
  facet normal -0.5747874102144087 0.8183027759081678 -5.582626624747227e-17
    outer loop
      vertex -8.70135154046189 9.52990046089311 4.745162934721828
      vertex -8.489148590365078 9.678954805711431 34.98
      vertex -8.489078405449035 9.679004104586266 4.754612487130844
    endloop
  endfacet
  facet normal -0.4845508703326492 0.8747630845319619 0
    outer loop
      vertex -8.489078405449035 9.679004104586266 4.754612487130844
      vertex -8.489078405449035 9.679004104586266 34.98
      vertex -8.372637516031226 9.743503321925662 4.745275032062451
    endloop
  endfacet
  facet normal -0.4845508703326515 0.8747630845319605 -1.7893807368508207e-19
    outer loop
      vertex -8.372637516031226 9.743503321925662 4.745275032062451
      vertex -8.139902451720708 9.872420488142073 34.99
      vertex -8.139902451720708 9.872420488142073 4.754494194629793
    endloop
  endfacet
  facet normal -0.3888241754733213 0.9213119778704127 -9.711473538839615e-18
    outer loop
      vertex -8.139902451720708 9.872420488142073 4.754494194629793
      vertex -7.772145747942614 10.027626000016376 34.99
      vertex -8.023390990057557 9.921592184703623 4.745398935629348
    endloop
  endfacet
  facet normal -0.38882417547332226 0.9213119778704123 -1.6021687548491908e-19
    outer loop
      vertex -8.023390990057557 9.921592184703623 4.745398935629348
      vertex -7.772145747942614 10.027626000016376 34.99
      vertex -7.772145747942614 10.027626000016376 4.754364074313395
    endloop
  endfacet
  facet normal -0.28869194733960907 0.9574220383620091 -9.001194743512454e-17
    outer loop
      vertex -7.772145747942614 10.027626000016376 4.754364074313395
      vertex -7.38997512451668 10.142862099742661 34.99
      vertex -7.657433859059054 10.062215133395274 4.74553464737501
    endloop
  endfacet
  facet normal -0.2886919473396184 0.9574220383620063 -6.486997568626393e-20
    outer loop
      vertex -7.657433859059054 10.062215133395274 4.74553464737501
      vertex -7.38997512451668 10.142862099742661 34.99
      vertex -7.38997512451668 10.142862099742661 4.75422212659157
    endloop
  endfacet
  facet normal -0.18528872408709438 0.9826841245925247 -2.1887418510786887e-16
    outer loop
      vertex -7.38997512451668 10.142862099742661 4.75422212659157
      vertex -6.997850459182885 10.216798654841597 34.98
      vertex -7.278771113113827 10.163830027147355 4.745682169438188
    endloop
  endfacet
  facet normal -0.18528872408712221 0.9826841245925194 4.8818802650836094e-17
    outer loop
      vertex -7.278771113113827 10.163830027147355 4.745682169438188
      vertex -6.997850459182885 10.216798654841597 34.98
      vertex -6.997720727313957 10.216823116265026 4.754068351911496
    endloop
  endfacet
  facet normal -0.07978610555309358 0.9968120070307493 0
    outer loop
      vertex -6.997720727313957 10.216823116265026 4.754068351911496
      vertex -6.997720727313957 10.216823116265026 34.98
      vertex -6.891547056072364 10.225321392450397 4.745841504143961
    endloop
  endfacet
  facet normal -0.07978610555307858 0.9968120070307505 -9.173576841726532e-21
    outer loop
      vertex -6.891547056072364 10.225321392450397 4.745841504143961
      vertex -6.599826955391656 10.248671041712946 34.99
      vertex -6.599826955391656 10.248671041712946 4.75390275075761
    endloop
  endfacet
  facet normal 0 1 0
    outer loop
      vertex -6.599826955391656 10.248671041712946 4.75390275075761
      vertex -6.59979394528303 10.248671041712946 34.98
      vertex -6.5 10.248671041712946 4.748671041712946
    endloop
  endfacet
  facet normal 0 1 0
    outer loop
      vertex -6.5 10.248671041712946 4.748671041712946
      vertex -6.59979394528303 10.248671041712946 34.98
      vertex 6.400173044608344 10.248671041712946 4.748671041712945
    endloop
  endfacet
  facet normal -1 0 0
    outer loop
      vertex -10.244685108787857 -6.69958315565817 34.99
      vertex -10.244685108787857 6.698552254082017 34.99
      vertex -10.244685108787857 6.698749535710824 34.988089856512154
    endloop
  endfacet
  facet normal -1 0 0
    outer loop
      vertex -10.244685108787857 -6.69958315565817 34.99
      vertex -10.244685108787857 6.698749535710824 34.988089856512154
      vertex -10.244685108787857 6.699583155658171 34.98
    endloop
  endfacet
  facet normal -0.9943348002100212 0.10629348564845083 0
    outer loop
      vertex -10.244685108787857 6.699583155658171 4.755144818758205
      vertex -10.244685108787857 6.699583155658171 34.98
      vertex -10.244678328261763 6.699646584879805 34.98
    endloop
  endfacet
  facet normal -0.9943348002104877 0.10629348564408621 -4.3808468146113495e-14
    outer loop
      vertex -10.202256330205042 7.096488110071519 4.755132988893191
      vertex -10.244678328261763 6.699646584879805 34.98
      vertex -10.244671075725114 6.699714429579192 34.98
    endloop
  endfacet
  facet normal -0.994334800210137 0.10629348564736667 0
    outer loop
      vertex -10.202256330205042 7.096488110071519 4.755132988893191
      vertex -10.244671075725114 6.699714429579192 34.98
      vertex -10.202256330205042 7.096488110071519 34.99
    endloop
  endfacet
  facet normal -0.9774033898178676 0.2113826236296203 0
    outer loop
      vertex -10.202256330205042 7.096488110071519 4.755132988893191
      vertex -10.202256330205042 7.096488110071519 34.99
      vertex -10.117879508054436 7.486634615853205 34.99
    endloop
  endfacet
  facet normal -0.9493976084683793 0.31407671202195486 0
    outer loop
      vertex -10.117879508054436 7.486634615853205 4.755109329200433
      vertex -10.117879508054436 7.486634615853205 34.99
      vertex -9.992510665446268 7.865602157198083 34.99
    endloop
  endfacet
  facet normal -0.9106347728549153 0.4132121857683736 0
    outer loop
      vertex -9.992510665446268 7.865602157198083 4.75507383975446
      vertex -9.992510665446268 7.865602157198083 34.99
      vertex -9.827570281462144 8.229096880434973 34.99
    endloop
  endfacet
  facet normal -0.9106347728528443 0.4132121857729376 -6.642938157758937e-14
    outer loop
      vertex -9.992510665446268 7.865602157198083 4.75507383975446
      vertex -9.827570281462144 8.229096880434973 34.99
      vertex -9.82760118089232 8.229028784438416 34.98
    endloop
  endfacet
  facet normal -0.9106347728565367 0.4132121857648003 0
    outer loop
      vertex -9.827570281462144 8.229096880434973 4.755026520667086
      vertex -9.82760118089232 8.229028784438416 34.98
      vertex -9.827570281462144 8.229096880434973 34.98
    endloop
  endfacet
  facet normal -0.8615540813938042 0.5076658003388431 0
    outer loop
      vertex -9.827570281462144 8.229096880434973 4.755026520667086
      vertex -9.827570281462144 8.229096880434973 34.98
      vertex -9.624927196559431 8.573000245104474 34.99
    endloop
  endfacet
  facet normal -0.802711637930967 0.5963673585384969 0
    outer loop
      vertex -9.624927196559431 8.573000245104474 4.75496737208737
      vertex -9.624927196559431 8.573000245104474 34.99
      vertex -9.386877437862148 8.893415688668078 34.99
    endloop
  endfacet
  facet normal -0.7347741508630643 0.6783118362696193 0
    outer loop
      vertex -9.386877437862148 8.893415688668078 4.754896394201655
      vertex -9.386877437862148 8.893415688668078 34.99
      vertex -9.116118204256193 9.186712776118682 34.99
    endloop
  endfacet
  facet normal -0.7347741508677751 0.6783118362645165 9.569857045975971e-14
    outer loop
      vertex -9.386877437862148 8.893415688668078 4.754896394201655
      vertex -9.116118204256193 9.186712776118682 34.99
      vertex -9.11617340009536 9.186652985807374 34.98
    endloop
  endfacet
  facet normal -0.7347741508600772 0.6783118362728551 0
    outer loop
      vertex -9.116118204256193 9.186712776118682 4.754813587233539
      vertex -9.11617340009536 9.186652985807374 34.98
      vertex -9.116118204256193 9.186712776118682 34.98
    endloop
  endfacet
  facet normal -0.6585113790649688 0.7525707698561994 -5.558896295103916e-17
    outer loop
      vertex -9.005936036387084 9.283123923372955 4.74506264184116
      vertex -9.116118204256193 9.186712776118682 34.98
      vertex -9.116118204256193 9.186712776118682 34.99
    endloop
  endfacet
  facet normal -0.6585113790650376 0.7525707698561394 -2.6282015534915517e-17
    outer loop
      vertex -9.005936036387084 9.283123923372955 4.74506264184116
      vertex -9.116118204256193 9.186712776118682 34.99
      vertex -8.81571730604822 9.449568334259908 34.99
    endloop
  endfacet
  facet normal -0.5747874102144087 0.8183027759081678 0
    outer loop
      vertex -8.81571730604822 9.449568334259908 4.75471895144389
      vertex -8.81571730604822 9.449568334259908 34.99
      vertex -8.489078405449035 9.679004104586266 34.99
    endloop
  endfacet
  facet normal -0.5747874102444179 0.8183027758870889 4.737563168142319e-13
    outer loop
      vertex -8.81571730604822 9.449568334259908 4.75471895144389
      vertex -8.489078405449035 9.679004104586266 34.99
      vertex -8.489148590365078 9.678954805711431 34.98
    endloop
  endfacet
  facet normal -0.5747874101984202 0.8183027759193985 0
    outer loop
      vertex -8.489078405449035 9.679004104586266 4.754612487130844
      vertex -8.489148590365078 9.678954805711431 34.98
      vertex -8.489078405449035 9.679004104586266 34.98
    endloop
  endfacet
  facet normal -0.48455087033266764 0.8747630845319515 -2.541654092447459e-16
    outer loop
      vertex -8.372637516031226 9.743503321925662 4.745275032062451
      vertex -8.489078405449035 9.679004104586266 34.98
      vertex -8.489078405449035 9.679004104586266 34.99
    endloop
  endfacet
  facet normal -0.4845508703326507 0.8747630845319609 -7.823764787706419e-18
    outer loop
      vertex -8.372637516031226 9.743503321925662 4.745275032062451
      vertex -8.489078405449035 9.679004104586266 34.99
      vertex -8.139902451720708 9.872420488142073 34.99
    endloop
  endfacet
  facet normal -0.388824175473322 0.9213119778704125 0
    outer loop
      vertex -8.139902451720708 9.872420488142073 4.754494194629793
      vertex -8.139902451720708 9.872420488142073 34.99
      vertex -7.772145747942614 10.027626000016376 34.99
    endloop
  endfacet
  facet normal -0.28869194733961556 0.957422038362007 0
    outer loop
      vertex -7.772145747942614 10.027626000016376 4.754364074313395
      vertex -7.772145747942614 10.027626000016376 34.99
      vertex -7.38997512451668 10.142862099742661 34.99
    endloop
  endfacet
  facet normal -0.18528872408711064 0.9826841245925216 0
    outer loop
      vertex -7.38997512451668 10.142862099742661 4.75422212659157
      vertex -7.38997512451668 10.142862099742661 34.99
      vertex -6.997850459182885 10.216798654841597 34.98
    endloop
  endfacet
  facet normal -0.18528872409812436 0.982684124590445 0
    outer loop
      vertex -6.997720727313957 10.216823116265026 4.754068351911496
      vertex -6.997850459182885 10.216798654841597 34.98
      vertex -6.997720727313957 10.216823116265026 34.98
    endloop
  endfacet
  facet normal -0.07978610555310639 0.9968120070307483 -4.5702489404215584e-17
    outer loop
      vertex -6.891547056072364 10.225321392450397 4.745841504143961
      vertex -6.997720727313957 10.216823116265026 34.98
      vertex -6.997720727313957 10.216823116265026 34.99
    endloop
  endfacet
  facet normal -0.07978610555308258 0.9968120070307501 3.889045798385683e-17
    outer loop
      vertex -6.891547056072364 10.225321392450397 4.745841504143961
      vertex -6.997720727313957 10.216823116265026 34.99
      vertex -6.599826955391656 10.248671041712946 34.99
    endloop
  endfacet
  facet normal 0 1 0
    outer loop
      vertex -6.599826955391656 10.248671041712946 4.75390275075761
      vertex -6.599826955391656 10.248671041712946 34.99
      vertex -6.59979394528303 10.248671041712946 34.98
    endloop
  endfacet
  facet normal -1 0 0
    outer loop
      vertex -10.244685108787857 6.698749535710824 34.988089856512154
      vertex -10.244685108787857 6.6995275387139515 34.98157167354309
      vertex -10.244685108787857 6.699583155658171 34.98
    endloop
  endfacet
  facet normal -0.9943348002100211 0.10629348564845081 -3.2033952134961234e-20
    outer loop
      vertex -10.244678328261763 6.699646584879805 34.98
      vertex -10.244685108787857 6.699583155658171 34.98
      vertex -10.244685108787857 6.699583155658171 34.99
    endloop
  endfacet
  facet normal -0.994334800210137 0.10629348564736629 1.534337623055441e-14
    outer loop
      vertex -10.244685108787857 6.699583155658171 34.99
      vertex -10.202256330205042 7.096488110071519 34.99
      vertex -10.244671075725114 6.699714429579192 34.98
    endloop
  endfacet
  facet normal -0.8615540813938042 0.507665800338843 0
    outer loop
      vertex -9.827570281462144 8.229096880434973 34.99
      vertex -9.624927196559431 8.573000245104474 34.99
      vertex -9.827570281462144 8.229096880434973 34.98
    endloop
  endfacet
  facet normal -0.1852887240871143 0.982684124592521 -1.4824767774086485e-13
    outer loop
      vertex -7.38997512451668 10.142862099742661 34.99
      vertex -6.997720727313957 10.216823116265026 34.99
      vertex -6.997850459182885 10.216798654841597 34.98
    endloop
  endfacet
  facet normal 0 -1 0
    outer loop
      vertex -6.5 -10.248671041712948 4.7486710417129485
      vertex 6.400173044608344 -10.248671041712948 4.7486710417129485
      vertex 6.400173044608344 -10.248671041712948 34.98
    endloop
  endfacet
  facet normal 0.026620521437784435 -0.9996456111234523 0
    outer loop
      vertex 6.400173044608344 -10.248671041712948 4.7486710417129485
      vertex 6.5 -10.246012654003842 4.746012654003843
      vertex 6.400173044608344 -10.248671041712948 34.98
    endloop
  endfacet
  facet normal 0.026620521437772906 -0.9996456111234526 -3.8065141140195413e-17
    outer loop
      vertex 6.5 -10.246012654003842 4.746012654003843
      vertex 6.7991978958240615 -10.238045026365313 4.7537253236516115
      vertex 6.400173044608344 -10.248671041712948 34.99
    endloop
  endfacet
  facet normal 0.1327255272837197 -0.9911528310040074 0
    outer loop
      vertex 6.7991978958240615 -10.238045026365313 4.7537253236516115
      vertex 6.891584071437968 -10.225673570129183 4.746195621715859
      vertex 6.7991978958240615 -10.238045026365313 34.99
    endloop
  endfacet
  facet normal 0.13272552728372444 -0.9911528310040068 1.4771921206361105e-17
    outer loop
      vertex 6.891584071437968 -10.225673570129183 4.746195621715859
      vertex 7.194832715326676 -10.185065467221953 4.753536071152445
      vertex 6.7991978958240615 -10.238045026365313 34.99
    endloop
  endfacet
  facet normal 0.23732669987111663 -0.9714298932647094 -5.399944288988127e-17
    outer loop
      vertex 7.194832715326676 -10.185065467221953 4.753536071152445
      vertex 7.278918364640774 -10.164522791114706 4.746390410164667
      vertex 7.58259480252358 -10.09033264385752 34.99
    endloop
  endfacet
  facet normal 0.23732669987111157 -0.9714298932647107 4.53850878126528e-20
    outer loop
      vertex 7.278918364640774 -10.164522791114706 4.746390410164667
      vertex 7.58259480252358 -10.09033264385752 4.753334993856318
      vertex 7.58259480252358 -10.09033264385752 34.99
    endloop
  endfacet
  facet normal 0.33923886611803056 -0.9407002666710331 -2.1096634514543216e-17
    outer loop
      vertex 7.58259480252358 -10.09033264385752 4.753334993856318
      vertex 7.657762151002867 -10.063225512106138 4.746597022421659
      vertex 7.958090658024954 -9.954919917014049 34.98
    endloop
  endfacet
  facet normal 0.3392388661180286 -0.9407002666710339 2.2255038359737653e-19
    outer loop
      vertex 7.657762151002867 -10.063225512106138 4.746597022421659
      vertex 7.958090658024954 -9.954919917014049 4.753122092396683
      vertex 7.958090658024954 -9.954919917014049 34.98
    endloop
  endfacet
  facet normal 0.4373073204588604 -0.8993121301712167 0
    outer loop
      vertex 7.958090658024954 -9.954919917014049 4.753122092396683
      vertex 8.023967143134701 -9.92288624570228 4.746815461745078
      vertex 7.958090658024954 -9.954919917014049 34.98
    endloop
  endfacet
  facet normal 0.43730732045885706 -0.8993121301712184 -9.134800979819459e-18
    outer loop
      vertex 8.023967143134701 -9.92288624570228 4.746815461745078
      vertex 8.317065763747436 -9.780361566994856 4.752897367444247
      vertex 7.958090658024954 -9.954919917014049 34.99
    endloop
  endfacet
  facet normal 0.5304209081197389 -0.8477344278896732 4.9868119344878416e-17
    outer loop
      vertex 8.317065763747436 -9.780361566994856 4.752897367444247
      vertex 8.373522865790079 -9.745036792690462 4.747045731580156
      vertex 8.655452788304025 -9.568635409655634 34.99
    endloop
  endfacet
  facet normal 0.5304209081197426 -0.8477344278896707 8.160105019875841e-20
    outer loop
      vertex 8.373522865790079 -9.745036792690462 4.747045731580156
      vertex 8.655452788304025 -9.568635409655634 4.752660819706963
      vertex 8.655452788304025 -9.568635409655634 34.99
    endloop
  endfacet
  facet normal 0.6175246149462015 -0.786551555802635 -1.4189363834302055e-16
    outer loop
      vertex 8.655452788304025 -9.568635409655634 4.752660819706963
      vertex 8.702600525836697 -9.531619541781929 4.747287835559227
      vertex 8.969417671493893 -9.32214038696052 34.99
    endloop
  endfacet
  facet normal 0.6175246149461915 -0.7865515558026429 1.5290345412936276e-19
    outer loop
      vertex 8.702600525836697 -9.531619541781929 4.747287835559227
      vertex 8.969417671493893 -9.32214038696052 4.752412449930031
      vertex 8.969417671493893 -9.32214038696052 34.99
    endloop
  endfacet
  facet normal 0.6976315211349807 -0.7164567402983191 0
    outer loop
      vertex 8.969417671493893 -9.32214038696052 4.752412449930031
      vertex 9.007594901934993 -9.284966280210885 4.7475417775018895
      vertex 8.969417671493893 -9.32214038696052 34.99
    endloop
  endfacet
  facet normal 0.6976315211349834 -0.7164567402983164 6.704111843376297e-18
    outer loop
      vertex 9.007594901934993 -9.284966280210885 4.7475417775018895
      vertex 9.255403065736502 -9.04366938601106 4.75215225889589
      vertex 8.969417671493893 -9.32214038696052 34.99
    endloop
  endfacet
  facet normal 0.7698339834299012 -0.6382441836448264 1.4799988612873062e-16
    outer loop
      vertex 9.255403065736502 -9.04366938601106 4.75215225889589
      vertex 9.285163796150705 -9.00777274608602 4.747807561415131
      vertex 9.510168642241112 -8.73637759451938 34.99
    endloop
  endfacet
  facet normal 0.7698339834299092 -0.6382441836448165 1.9556866986787314e-19
    outer loop
      vertex 9.285163796150705 -9.00777274608602 4.747807561415131
      vertex 9.510168642241112 -8.73637759451938 4.7518802474242205
      vertex 9.510168642241112 -8.73637759451938 34.99
    endloop
  endfacet
  facet normal 0.833313919082496 -0.5528000653612221 0
    outer loop
      vertex 9.510168642241112 -8.73637759451938 4.7518802474242205
      vertex 9.532264616283317 -8.703069199895687 4.7480851914934945
      vertex 9.510168642241112 -8.73637759451938 34.99
    endloop
  endfacet
  facet normal 0.8333139190825144 -0.5528000653611942 4.415159837493513e-17
    outer loop
      vertex 9.532264616283317 -8.703069199895687 4.7480851914934945
      vertex 9.730827805226774 -8.40374675127065 4.751596416371947
      vertex 9.510168642241112 -8.73637759451938 34.99
    endloop
  endfacet
  facet normal 0.8873520750565538 -0.4610925014493602 5.701901766264604e-16
    outer loop
      vertex 9.730827805226774 -8.40374675127065 4.751596416371947
      vertex 9.746187688957438 -8.374187336059624 4.7483746721192475
      vertex 9.914819531039946 -8.049662832793604 34.98
    endloop
  endfacet
  facet normal 0.8873520750565741 -0.46109250144932085 -1.505194646256357e-19
    outer loop
      vertex 9.746187688957438 -8.374187336059624 4.7483746721192475
      vertex 9.914880398205923 -8.04954569663142 4.751300766633221
      vertex 9.914880398205923 -8.04954569663142 34.98
    endloop
  endfacet
  facet normal 0.931336177452341 -0.36416057525281564 1.5949630016101857e-17
    outer loop
      vertex 9.914880398205923 -8.04954569663142 4.751300766633221
      vertex 9.924585939156618 -8.0247238954168 4.748676007862534
      vertex 9.914928468777482 -8.04942275673785 34.98
    endloop
  endfacet
  facet normal 0.9313361774523378 -0.364160575252824 8.053892312970186e-18
    outer loop
      vertex 9.924585939156618 -8.0247238954168 4.748676007862534
      vertex 10.06024103175643 -7.677787670082308 4.750993299139435
      vertex 9.914928468777482 -8.04942275673785 34.98
    endloop
  endfacet
  facet normal 0.9647678688145127 -0.263102564227533 0
    outer loop
      vertex 10.06024103175643 -7.677787670082308 4.750993299139435
      vertex 10.06550061149132 -7.6585013756040015 4.748989203481565
      vertex 10.06024103175643 -7.677787670082308 34.99
    endloop
  endfacet
  facet normal 0.9647678688145161 -0.26310256422752054 -1.209124321397891e-19
    outer loop
      vertex 10.06550061149132 -7.6585013756040015 4.748989203481565
      vertex 10.165262711817 -7.29268483861109 4.7506740148592055
      vertex 10.165262711817 -7.29268483861109 34.98
    endloop
  endfacet
  facet normal 0.9872683547213644 -0.1590634960189494 5.4919463310700826e-17
    outer loop
      vertex 10.165262711817 -7.29268483861109 4.7506740148592055
      vertex 10.167382751653108 -7.27952626801933 4.74931426392279
      vertex 10.165283708347744 -7.292554518261781 34.98
    endloop
  endfacet
  facet normal 0.9872683547213434 -0.1590634960190786 -2.2164508953353292e-18
    outer loop
      vertex 10.167382751653108 -7.27952626801933 4.74931426392279
      vertex 10.228755500788015 -6.898600571177622 4.7503429147983685
      vertex 10.165283708347744 -7.292554518261781 34.98
    endloop
  endfacet
  facet normal 0.9985826956767486 -0.05322217484242983 3.350911790732582e-15
    outer loop
      vertex 10.228755500788015 -6.898600571177622 4.7503429147983685
      vertex 10.229110212746125 -6.8919452771321055 4.749651194321093
      vertex 10.25 -6.5 34.99
    endloop
  endfacet
  facet normal 0.9985826956767623 -0.053222174842172 -5.1395995581502115e-20
    outer loop
      vertex 10.229110212746125 -6.8919452771321055 4.749651194321093
      vertex 10.25 -6.5 4.75
      vertex 10.25 -6.5 34.99
    endloop
  endfacet
  facet normal 1 0 0
    outer loop
      vertex 10.25 -6.5 4.75
      vertex 10.25 6.5 4.750000000000001
      vertex 10.25 -6.5 34.99
    endloop
  endfacet
  facet normal 0.026620521437787845 -0.9996456111234522 1.654031491979156e-17
    outer loop
      vertex 6.5 -10.246012654003842 4.746012654003843
      vertex 6.400173044608344 -10.248671041712948 34.99
      vertex 6.400173044608344 -10.248671041712948 34.98
    endloop
  endfacet
  facet normal 0.02662052143777579 -0.9996456111234525 0
    outer loop
      vertex 6.7991978958240615 -10.238045026365313 4.7537253236516115
      vertex 6.7991978958240615 -10.238045026365313 34.99
      vertex 6.400173044608344 -10.248671041712948 34.99
    endloop
  endfacet
  facet normal 0.1327255272837233 -0.991152831004007 0
    outer loop
      vertex 7.194832715326676 -10.185065467221953 4.753536071152445
      vertex 7.194832715326676 -10.185065467221953 34.99
      vertex 6.7991978958240615 -10.238045026365313 34.99
    endloop
  endfacet
  facet normal 0.23732669987111268 -0.9714298932647105 0
    outer loop
      vertex 7.194832715326676 -10.185065467221953 4.753536071152445
      vertex 7.58259480252358 -10.09033264385752 34.99
      vertex 7.194832715326676 -10.185065467221953 34.99
    endloop
  endfacet
  facet normal 0.33923886611802656 -0.9407002666710346 0
    outer loop
      vertex 7.58259480252358 -10.09033264385752 4.753334993856318
      vertex 7.957966472419358 -9.954964701293935 34.98
      vertex 7.58259480252358 -10.09033264385752 34.99
    endloop
  endfacet
  facet normal 0.33923886612563087 -0.9407002666682924 -1.0627706014984938e-13
    outer loop
      vertex 7.58259480252358 -10.09033264385752 4.753334993856318
      vertex 7.958090658024954 -9.954919917014049 34.98
      vertex 7.957966472419358 -9.954964701293935 34.98
    endloop
  endfacet
  facet normal 0.4373073204588662 -0.899312130171214 -1.7102774260721108e-16
    outer loop
      vertex 8.023967143134701 -9.92288624570228 4.746815461745078
      vertex 7.958090658024954 -9.954919917014049 34.99
      vertex 7.958090658024954 -9.954919917014049 34.98
    endloop
  endfacet
  facet normal 0.4373073204588577 -0.8993121301712181 0
    outer loop
      vertex 8.317065763747436 -9.780361566994856 4.752897367444247
      vertex 8.317065763747436 -9.780361566994856 34.99
      vertex 7.958090658024954 -9.954919917014049 34.99
    endloop
  endfacet
  facet normal 0.5304209081197421 -0.8477344278896712 0
    outer loop
      vertex 8.317065763747436 -9.780361566994856 4.752897367444247
      vertex 8.655452788304025 -9.568635409655634 34.99
      vertex 8.317065763747436 -9.780361566994856 34.99
    endloop
  endfacet
  facet normal 0.6175246149461929 -0.7865515558026417 0
    outer loop
      vertex 8.655452788304025 -9.568635409655634 4.752660819706963
      vertex 8.969417671493893 -9.32214038696052 34.99
      vertex 8.655452788304025 -9.568635409655634 34.99
    endloop
  endfacet
  facet normal 0.6976315211349831 -0.7164567402983169 0
    outer loop
      vertex 9.255403065736502 -9.04366938601106 4.75215225889589
      vertex 9.255403065736502 -9.04366938601106 34.99
      vertex 8.969417671493893 -9.32214038696052 34.99
    endloop
  endfacet
  facet normal 0.7698339834299083 -0.6382441836448177 0
    outer loop
      vertex 9.255403065736502 -9.04366938601106 4.75215225889589
      vertex 9.510168642241112 -8.73637759451938 34.99
      vertex 9.255403065736502 -9.04366938601106 34.99
    endloop
  endfacet
  facet normal 0.8333139190825126 -0.5528000653611971 0
    outer loop
      vertex 9.730827805226774 -8.40374675127065 4.751596416371947
      vertex 9.730827805226774 -8.40374675127065 34.98
      vertex 9.510168642241112 -8.73637759451938 34.99
    endloop
  endfacet
  facet normal 0.8873520750565735 -0.4610925014493218 0
    outer loop
      vertex 9.730827805226774 -8.40374675127065 4.751596416371947
      vertex 9.914819531039946 -8.049662832793604 34.98
      vertex 9.730827805226774 -8.40374675127065 34.98
    endloop
  endfacet
  facet normal 0.8873520750137679 -0.4610925015316994 1.112044421285653e-12
    outer loop
      vertex 9.746187688957438 -8.374187336059624 4.7483746721192475
      vertex 9.914880398205923 -8.04954569663142 34.99
      vertex 9.914819531039946 -8.049662832793604 34.98
    endloop
  endfacet
  facet normal 0.8873520750565459 -0.4610925014493753 -4.550007624932884e-16
    outer loop
      vertex 9.746187688957438 -8.374187336059624 4.7483746721192475
      vertex 9.914880398205923 -8.04954569663142 34.98
      vertex 9.914880398205923 -8.04954569663142 34.99
    endloop
  endfacet
  facet normal 0.931336177453671 -0.364160575249414 0
    outer loop
      vertex 9.914880398205923 -8.04954569663142 4.751300766633221
      vertex 9.914928468777482 -8.04942275673785 34.98
      vertex 9.914880398205923 -8.04954569663142 34.98
    endloop
  endfacet
  facet normal 0.9313361774523374 -0.3641605752528245 0
    outer loop
      vertex 10.06024103175643 -7.677787670082308 4.750993299139435
      vertex 10.06024103175643 -7.677787670082308 34.99
      vertex 9.914928468777482 -8.04942275673785 34.98
    endloop
  endfacet
  facet normal 0.964767868814516 -0.26310256422752115 8.135055894886921e-18
    outer loop
      vertex 10.06550061149132 -7.6585013756040015 4.748989203481565
      vertex 10.165262711817 -7.29268483861109 34.99
      vertex 10.06024103175643 -7.677787670082308 34.99
    endloop
  endfacet
  facet normal 0.9647678688145381 -0.26310256422743994 -3.6551013268076967e-16
    outer loop
      vertex 10.06550061149132 -7.6585013756040015 4.748989203481565
      vertex 10.165262711817 -7.29268483861109 34.98
      vertex 10.165262711817 -7.29268483861109 34.99
    endloop
  endfacet
  facet normal 0.9872683547233648 -0.15906349600653247 0
    outer loop
      vertex 10.165262711817 -7.29268483861109 4.7506740148592055
      vertex 10.165283708347744 -7.292554518261781 34.98
      vertex 10.165262711817 -7.29268483861109 34.98
    endloop
  endfacet
  facet normal 0.9872683547213436 -0.15906349601907843 0
    outer loop
      vertex 10.228755500788015 -6.898600571177622 4.7503429147983685
      vertex 10.228755500788015 -6.898600571177622 34.99
      vertex 10.165283708347744 -7.292554518261781 34.98
    endloop
  endfacet
  facet normal 0.998582695676762 -0.05322217484217632 0
    outer loop
      vertex 10.228755500788015 -6.898600571177622 4.7503429147983685
      vertex 10.25 -6.5 34.99
      vertex 10.228755500788015 -6.898600571177622 34.99
    endloop
  endfacet
  facet normal 0.33923886611802906 -0.9407002666710338 1.0625086969576042e-13
    outer loop
      vertex 7.58259480252358 -10.09033264385752 34.99
      vertex 7.957966472419358 -9.954964701293935 34.98
      vertex 7.958090658024954 -9.954919917014049 34.99
    endloop
  endfacet
  facet normal 0.8333139190825125 -0.552800065361197 1.1418403579049114e-15
    outer loop
      vertex 9.510168642241112 -8.73637759451938 34.99
      vertex 9.730827805226774 -8.40374675127065 34.98
      vertex 9.730827805226774 -8.40374675127065 34.99
    endloop
  endfacet
  facet normal 0.931336177452338 -0.36416057525282347 -4.8324470918203435e-14
    outer loop
      vertex 9.914928468777482 -8.04942275673785 34.98
      vertex 10.06024103175643 -7.677787670082308 34.99
      vertex 9.914880398205923 -8.04954569663142 34.99
    endloop
  endfacet
  facet normal 0.9872683547213441 -0.15906349601907427 -1.6768799910452645e-13
    outer loop
      vertex 10.165283708347744 -7.292554518261781 34.98
      vertex 10.228755500788015 -6.898600571177622 34.99
      vertex 10.165262711817 -7.29268483861109 34.99
    endloop
  endfacet
  facet normal 0.026620521437769832 0.9996456111234527 1.1937535763017066e-13
    outer loop
      vertex 6.400173044608344 10.248671041712946 4.748671041712945
      vertex 6.7991978958240615 10.238045026365313 4.7537253236516115
      vertex 6.5 10.246012654003842 4.7460126540038425
    endloop
  endfacet
  facet normal 0.026620521437771338 0.9996456111234525 -2.0149857878311873e-20
    outer loop
      vertex 6.400173044608344 10.248671041712946 4.748671041712945
      vertex 6.7991978958240615 10.238045026365313 34.99
      vertex 6.7991978958240615 10.238045026365313 4.7537253236516115
    endloop
  endfacet
  facet normal 0.13272552728370096 0.9911528310040101 0
    outer loop
      vertex 6.7991978958240615 10.238045026365313 4.7537253236516115
      vertex 6.7991978958240615 10.238045026365313 34.99
      vertex 6.891584071437968 10.225673570129185 4.7461956217158585
    endloop
  endfacet
  facet normal 0.13272552728372863 0.9911528310040063 -8.179566391409119e-20
    outer loop
      vertex 6.891584071437968 10.225673570129185 4.7461956217158585
      vertex 7.19483271532668 10.185065467221953 34.99
      vertex 7.19483271532668 10.185065467221953 4.753536071152446
    endloop
  endfacet
  facet normal 0.23732669987112612 0.9714298932647071 -2.1201435814535027e-16
    outer loop
      vertex 7.19483271532668 10.185065467221953 4.753536071152446
      vertex 7.58259480252358 10.090332643857522 34.99
      vertex 7.278918364640774 10.164522791114706 4.746390410164669
    endloop
  endfacet
  facet normal 0.23732669987110622 0.9714298932647121 1.3170058174084702e-19
    outer loop
      vertex 7.278918364640774 10.164522791114706 4.746390410164669
      vertex 7.58259480252358 10.090332643857522 34.98
      vertex 7.58259480252358 10.090332643857522 4.753334993856318
    endloop
  endfacet
  facet normal 0.3392388661180306 0.9407002666710331 3.397576808173494e-21
    outer loop
      vertex 7.657762151002867 10.06322551210614 4.74659702242166
      vertex 7.58259480252358 10.090332643857522 4.753334993856318
      vertex 7.58259480252358 10.090332643857522 34.98
    endloop
  endfacet
  facet normal 0.9985826956767624 0.053222174842172496 0
    outer loop
      vertex 10.25 6.5 4.750000000000001
      vertex 10.229110212746125 6.891945277132102 4.749651194321093
      vertex 10.25 6.5 34.99
    endloop
  endfacet
  facet normal 0.9985826956767496 0.0532221748424086 3.0689024195477715e-15
    outer loop
      vertex 10.228755500788015 6.898600571177621 4.750342914798369
      vertex 10.25 6.5 34.99
      vertex 10.229110212746125 6.891945277132102 4.749651194321093
    endloop
  endfacet
  facet normal 0.9872683547213449 0.15906349601907 0
    outer loop
      vertex 10.228755500788015 6.898600571177621 4.750342914798369
      vertex 10.167382751653111 7.279526268019328 4.749314263922791
      vertex 10.228755500788015 6.898600571177621 34.99
    endloop
  endfacet
  facet normal 0.9872683547213275 0.1590634960191778 1.9711021882717362e-22
    outer loop
      vertex 10.167382751653111 7.279526268019328 4.749314263922791
      vertex 10.165262711817 7.292684838611091 4.750674014859206
      vertex 10.165262711817 7.292684838611091 34.99
    endloop
  endfacet
  facet normal 0.9647678688145219 0.26310256422749917 -6.669591671137755e-21
    outer loop
      vertex 10.06550061149132 7.658501375604001 4.748989203481566
      vertex 10.06024103175643 7.67778767008231 4.750993299139436
      vertex 10.06024103175643 7.67778767008231 34.98
    endloop
  endfacet
  facet normal 0.9647678688145158 0.26310256422752176 -3.333228202418167e-17
    outer loop
      vertex 10.165262711817 7.292684838611091 4.750674014859206
      vertex 10.06550061149132 7.658501375604001 4.748989203481566
      vertex 10.165229722807144 7.2928058056447185 34.98
    endloop
  endfacet
  facet normal 0.33923886611803716 0.9407002666710309 -3.4410519106466286e-18
    outer loop
      vertex 7.657762151002867 10.06322551210614 4.74659702242166
      vertex 7.957991354217359 9.95495572832641 34.98
      vertex 7.95809065802495 9.954919917014049 4.753122092396682
    endloop
  endfacet
  facet normal 0.43730732045884135 0.899312130171226 1.2602294372993548e-16
    outer loop
      vertex 7.95809065802495 9.954919917014049 4.753122092396682
      vertex 8.316968849806301 9.780408693208873 34.98
      vertex 8.023967143134701 9.92288624570228 4.746815461745077
    endloop
  endfacet
  facet normal 0.43730732045885695 0.8993121301712184 -6.193439273626013e-17
    outer loop
      vertex 8.023967143134701 9.92288624570228 4.746815461745077
      vertex 8.316968849806301 9.780408693208873 34.98
      vertex 8.317065763747436 9.780361566994856 4.752897367444245
    endloop
  endfacet
  facet normal 0.6175246149462015 0.786551555802635 -1.4181839430902722e-16
    outer loop
      vertex 8.655452788304025 9.568635409655634 4.752660819706964
      vertex 8.969417671493893 9.32214038696052 34.99
      vertex 8.702600525836697 9.531619541781929 4.747287835559227
    endloop
  endfacet
  facet normal 0.6175246149461915 0.7865515558026428 -1.5295403820388611e-19
    outer loop
      vertex 8.702600525836697 9.531619541781929 4.747287835559227
      vertex 8.969417671493893 9.32214038696052 34.98
      vertex 8.969417671493893 9.32214038696052 4.752412449930031
    endloop
  endfacet
  facet normal 0.5304209081197417 0.8477344278896715 -5.016517206345338e-18
    outer loop
      vertex 8.655452788304025 9.568635409655634 4.752660819706964
      vertex 8.373522865790076 9.745036792690463 4.747045731580155
      vertex 8.317065763747436 9.780361566994856 34.99
    endloop
  endfacet
  facet normal 0.5304209081197437 0.8477344278896702 0
    outer loop
      vertex 8.317065763747436 9.780361566994856 4.752897367444245
      vertex 8.317065763747436 9.780361566994856 34.99
      vertex 8.373522865790076 9.745036792690463 4.747045731580155
    endloop
  endfacet
  facet normal 0.769833983429905 0.6382441836448215 0
    outer loop
      vertex 9.510168642241112 8.736377594519382 4.751880247424221
      vertex 9.285163796150705 9.007772746086019 4.747807561415131
      vertex 9.510168642241112 8.736377594519382 34.98
    endloop
  endfacet
  facet normal 0.8333139190825096 0.5528000653612016 0
    outer loop
      vertex 9.510168642241112 8.736377594519382 4.751880247424221
      vertex 9.510168642241112 8.736377594519382 34.98
      vertex 9.532264616283317 8.703069199895687 4.748085191493496
    endloop
  endfacet
  facet normal 0.8873520750565702 0.46109250144932845 0
    outer loop
      vertex 9.914880398205923 8.04954569663142 4.751300766633221
      vertex 9.746187688957434 8.374187336059624 4.748374672119247
      vertex 9.914880398205923 8.04954569663142 34.98
    endloop
  endfacet
  facet normal 0.8873520750565973 0.4610925014492763 -7.114972168036312e-16
    outer loop
      vertex 9.746187688957434 8.374187336059624 4.748374672119247
      vertex 9.730827805226774 8.40374675127065 4.751596416371947
      vertex 9.914880398205923 8.04954569663142 34.98
    endloop
  endfacet
  facet normal 0.9313361774523377 0.364160575252824 0
    outer loop
      vertex 10.06024103175643 7.67778767008231 4.750993299139436
      vertex 9.924585939156618 8.024723895416802 4.748676007862533
      vertex 10.06024103175643 7.67778767008231 34.98
    endloop
  endfacet
  facet normal 0.9313361774523321 0.36416057525283824 1.8784515920491214e-16
    outer loop
      vertex 9.924585939156618 8.024723895416802 4.748676007862533
      vertex 9.914880398205923 8.04954569663142 4.751300766633221
      vertex 10.06024103175643 7.67778767008231 34.99
    endloop
  endfacet
  facet normal 0.8333139190825145 0.5528000653611942 -2.704975005163954e-18
    outer loop
      vertex 9.532264616283317 8.703069199895687 4.748085191493496
      vertex 9.730762146954074 8.403845727294662 34.98
      vertex 9.730827805226774 8.40374675127065 4.751596416371947
    endloop
  endfacet
  facet normal 0.6976315211349833 0.7164567402983164 1.173119499370594e-19
    outer loop
      vertex 9.007594901934993 9.284966280210885 4.747541777501891
      vertex 9.255403065736502 9.04366938601106 34.98
      vertex 9.255403065736502 9.04366938601106 4.752152258895889
    endloop
  endfacet
  facet normal 0.7698339834299165 0.6382441836448076 -5.012768819141755e-17
    outer loop
      vertex 9.255403065736502 9.04366938601106 4.752152258895889
      vertex 9.255412906534414 9.043657516289645 34.98
      vertex 9.285163796150705 9.007772746086019 4.747807561415131
    endloop
  endfacet
  facet normal 0.6976315211349807 0.7164567402983191 1.4553431859908356e-17
    outer loop
      vertex 9.007594901934993 9.284966280210885 4.747541777501891
      vertex 8.969417671493893 9.32214038696052 4.752412449930031
      vertex 8.969430295213222 9.322128094935024 34.98
    endloop
  endfacet
  facet normal 0 1 0
    outer loop
      vertex -6.59979394528303 10.248671041712946 34.98
      vertex 6.400173044608344 10.248671041712946 34.98
      vertex 6.400173044608344 10.248671041712946 4.748671041712945
    endloop
  endfacet
  facet normal 1 0 0
    outer loop
      vertex 10.25 -6.5 34.99
      vertex 10.25 6.5 4.750000000000001
      vertex 10.25 6.5 34.99
    endloop
  endfacet
  facet normal 0.02662052143777134 0.9996456111234526 0
    outer loop
      vertex 6.400173044608344 10.248671041712946 4.748671041712945
      vertex 6.400173044608344 10.248671041712946 34.98
      vertex 6.7991978958240615 10.238045026365313 34.99
    endloop
  endfacet
  facet normal 0.13272552728372217 0.9911528310040071 6.589238099969501e-17
    outer loop
      vertex 6.891584071437968 10.225673570129185 4.7461956217158585
      vertex 6.7991978958240615 10.238045026365313 34.99
      vertex 7.19483271532668 10.185065467221953 34.99
    endloop
  endfacet
  facet normal 0.23732669987111055 0.971429893264711 0
    outer loop
      vertex 7.19483271532668 10.185065467221953 4.753536071152446
      vertex 7.19483271532668 10.185065467221953 34.99
      vertex 7.58259480252358 10.090332643857522 34.99
    endloop
  endfacet
  facet normal 0.23732669987101151 0.9714298932647353 3.980869365392079e-16
    outer loop
      vertex 7.278918364640774 10.164522791114706 4.746390410164669
      vertex 7.58259480252358 10.090332643857522 34.99
      vertex 7.58259480252358 10.090332643857522 34.98
    endloop
  endfacet
  facet normal 0.998582695676762 0.053222174842176444 0
    outer loop
      vertex 10.228755500788015 6.898600571177621 4.750342914798369
      vertex 10.228755500788015 6.898600571177621 34.99
      vertex 10.25 6.5 34.99
    endloop
  endfacet
  facet normal 0.9872683547213443 0.1590634960190736 4.651781969857353e-17
    outer loop
      vertex 10.167382751653111 7.279526268019328 4.749314263922791
      vertex 10.165262711817 7.292684838611091 34.99
      vertex 10.228755500788015 6.898600571177621 34.99
    endloop
  endfacet
  facet normal 0.9647678688166301 0.26310256421976874 0
    outer loop
      vertex 10.165262711817 7.292684838611091 4.750674014859206
      vertex 10.165229722807144 7.2928058056447185 34.98
      vertex 10.165262711817 7.292684838611091 34.99
    endloop
  endfacet
  facet normal 0.9647678688145154 0.26310256422752304 -1.6344361505715023e-17
    outer loop
      vertex 10.06550061149132 7.658501375604001 4.748989203481566
      vertex 10.06024103175643 7.67778767008231 34.98
      vertex 10.165229722807144 7.2928058056447185 34.98
    endloop
  endfacet
  facet normal 0.3392388661180355 0.9407002666710313 1.4106898006691554e-17
    outer loop
      vertex 7.657762151002867 10.06322551210614 4.74659702242166
      vertex 7.58259480252358 10.090332643857522 34.98
      vertex 7.957991354217359 9.95495572832641 34.98
    endloop
  endfacet
  facet normal 0.33923886611897336 0.9407002666706932 0
    outer loop
      vertex 7.95809065802495 9.954919917014049 4.753122092396682
      vertex 7.957991354217359 9.95495572832641 34.98
      vertex 7.95809065802495 9.954919917014049 34.98
    endloop
  endfacet
  facet normal 0.43730732045885506 0.8993121301712194 0
    outer loop
      vertex 7.95809065802495 9.954919917014049 4.753122092396682
      vertex 7.95809065802495 9.954919917014049 34.98
      vertex 8.316947042791252 9.780419297277245 34.98
    endloop
  endfacet
  facet normal 0.43730732037438136 0.8993121302122964 1.2308278584490515e-12
    outer loop
      vertex 7.95809065802495 9.954919917014049 4.753122092396682
      vertex 8.316947042791252 9.780419297277245 34.98
      vertex 8.316968849806301 9.780408693208873 34.98
    endloop
  endfacet
  facet normal 0.4373073204744862 0.8993121301636184 0
    outer loop
      vertex 8.317065763747436 9.780361566994856 4.752897367444245
      vertex 8.316968849806301 9.780408693208873 34.98
      vertex 8.317065763747436 9.780361566994856 34.99
    endloop
  endfacet
  facet normal 0.6175246149461929 0.7865515558026417 0
    outer loop
      vertex 8.655452788304025 9.568635409655634 4.752660819706964
      vertex 8.655452788304025 9.568635409655634 34.99
      vertex 8.969417671493893 9.32214038696052 34.99
    endloop
  endfacet
  facet normal 0.6175246149461606 0.7865515558026669 -4.623431580941533e-16
    outer loop
      vertex 8.702600525836697 9.531619541781929 4.747287835559227
      vertex 8.969417671493893 9.32214038696052 34.99
      vertex 8.969417671493893 9.32214038696052 34.98
    endloop
  endfacet
  facet normal 0.5304209081197421 0.8477344278896711 0
    outer loop
      vertex 8.655452788304025 9.568635409655634 4.752660819706964
      vertex 8.317065763747436 9.780361566994856 34.99
      vertex 8.655452788304025 9.568635409655634 34.99
    endloop
  endfacet
  facet normal 0.833313919082514 0.5528000653611952 1.02796442541118e-17
    outer loop
      vertex 9.532264616283317 8.703069199895687 4.748085191493496
      vertex 9.510168642241112 8.736377594519382 34.98
      vertex 9.730762146954074 8.403845727294662 34.98
    endloop
  endfacet
  facet normal 0.7698339834299088 0.6382441836448169 -6.878377389787479e-17
    outer loop
      vertex 9.285163796150705 9.007772746086019 4.747807561415131
      vertex 9.255412906534414 9.043657516289645 34.98
      vertex 9.510168642241112 8.736377594519382 34.99
    endloop
  endfacet
  facet normal 0.7698339834297825 0.6382441836449694 -1.9282469665047378e-16
    outer loop
      vertex 9.285163796150705 9.007772746086019 4.747807561415131
      vertex 9.510168642241112 8.736377594519382 34.99
      vertex 9.510168642241112 8.736377594519382 34.98
    endloop
  endfacet
  facet normal 0.8873520750565724 0.4610925014493241 0
    outer loop
      vertex 9.730827805226774 8.40374675127065 4.751596416371947
      vertex 9.730827805226774 8.40374675127065 34.98
      vertex 9.914880398205923 8.04954569663142 34.98
    endloop
  endfacet
  facet normal 0.9313361774523703 0.36416057525274054 6.622869981639865e-16
    outer loop
      vertex 9.924585939156618 8.024723895416802 4.748676007862533
      vertex 10.06024103175643 7.67778767008231 34.99
      vertex 10.06024103175643 7.67778767008231 34.98
    endloop
  endfacet
  facet normal 0.9313361774523374 0.36416057525282497 0
    outer loop
      vertex 9.914880398205923 8.04954569663142 4.751300766633221
      vertex 9.914880398205923 8.04954569663142 34.98
      vertex 10.06024103175643 7.67778767008231 34.99
    endloop
  endfacet
  facet normal 0.8333139190829126 0.5528000653605941 0
    outer loop
      vertex 9.730827805226774 8.40374675127065 4.751596416371947
      vertex 9.730762146954074 8.403845727294662 34.98
      vertex 9.730827805226774 8.40374675127065 34.98
    endloop
  endfacet
  facet normal 0.6976315211349823 0.7164567402983176 1.8402811388886968e-17
    outer loop
      vertex 9.007594901934993 9.284966280210885 4.747541777501891
      vertex 8.969430295213222 9.322128094935024 34.98
      vertex 9.255403065736502 9.04366938601106 34.99
    endloop
  endfacet
  facet normal 0.6976315211350786 0.7164567402982236 3.5460877609075726e-16
    outer loop
      vertex 9.007594901934993 9.284966280210885 4.747541777501891
      vertex 9.255403065736502 9.04366938601106 34.99
      vertex 9.255403065736502 9.04366938601106 34.98
    endloop
  endfacet
  facet normal 0.7698339833671933 0.6382441837204628 0
    outer loop
      vertex 9.255403065736502 9.04366938601106 4.752152258895889
      vertex 9.255403065736502 9.04366938601106 34.98
      vertex 9.255412906534414 9.043657516289645 34.98
    endloop
  endfacet
  facet normal 0.6976315211529126 0.7164567402808583 0
    outer loop
      vertex 8.969417671493893 9.32214038696052 4.752412449930031
      vertex 8.969417671493893 9.32214038696052 34.98
      vertex 8.969430295213222 9.322128094935024 34.98
    endloop
  endfacet
  facet normal 0.02662052143777134 0.9996456111234527 0
    outer loop
      vertex 6.400173044608344 10.248671041712946 34.99
      vertex 6.7991978958240615 10.238045026365313 34.99
      vertex 6.400173044608344 10.248671041712946 34.98
    endloop
  endfacet
  facet normal 0.3392388661221413 0.9407002666695506 0
    outer loop
      vertex 7.95809065802495 9.954919917014049 34.99
      vertex 7.95809065802495 9.954919917014049 34.98
      vertex 7.958002334951164 9.954951768412911 34.98110577167893
    endloop
  endfacet
  facet normal 0.33923886611897336 0.9407002666706932 -2.8594730589483843e-13
    outer loop
      vertex 7.957991354217359 9.95495572832641 34.98
      vertex 7.958002334951164 9.954951768412911 34.98110577167893
      vertex 7.95809065802495 9.954919917014049 34.98
    endloop
  endfacet
  facet normal 0.33923886611835946 0.9407002666709146 4.243873932756545e-14
    outer loop
      vertex 7.95809065802495 9.954919917014049 34.99
      vertex 7.958002334951164 9.954951768412911 34.98110577167893
      vertex 7.9570919988347875 9.955280057245016 34.99
    endloop
  endfacet
  facet normal 0.43730732045885506 0.8993121301712195 5.323997003161695e-14
    outer loop
      vertex 7.95904537905081 9.954455666083145 34.99
      vertex 8.316947042791252 9.780419297277245 34.98
      vertex 7.95809065802495 9.954919917014049 34.98
    endloop
  endfacet
  facet normal 0.4373073204588529 0.8993121301712204 -3.8855159628099874e-14
    outer loop
      vertex 7.95904537905081 9.954455666083145 34.99
      vertex 8.317065763747436 9.780361566994856 34.99
      vertex 8.316947042791252 9.780419297277245 34.98
    endloop
  endfacet
  facet normal 0.7698339834299065 0.6382441836448199 1.5178896643451827e-13
    outer loop
      vertex 9.510168642241112 8.736377594519382 34.99
      vertex 9.255412906534414 9.043657516289645 34.98
      vertex 9.255403065736502 9.04366938601106 34.99
    endloop
  endfacet
  facet normal 0.9313361774523373 0.3641605752528249 -5.374707530930361e-16
    outer loop
      vertex 10.06024103175643 7.67778767008231 34.99
      vertex 9.914880398205923 8.04954569663142 34.98
      vertex 9.914880398205923 8.04954569663142 34.99
    endloop
  endfacet
  facet normal 0.8333139190829125 0.5528000653605941 0
    outer loop
      vertex 9.730827805226774 8.40374675127065 34.98
      vertex 9.730762146954074 8.403845727294662 34.98
      vertex 9.730827805226774 8.40374675127065 34.99
    endloop
  endfacet
  facet normal 0.6976315211349831 0.7164567402983169 -4.39131896601036e-14
    outer loop
      vertex 9.255403065736502 9.04366938601106 34.99
      vertex 8.969430295213222 9.322128094935024 34.98
      vertex 8.969417671493893 9.32214038696052 34.99
    endloop
  endfacet
  facet normal -0.5934361481663719 -0.38538194069712034 -0.706621750184624
    outer loop
      vertex -9.624927196559431 -8.573000245104474 4.75496737208737
      vertex -7.794427190999916 -7.440456403667957 2.6
      vertex -9.529685690021486 -8.701195500289876 4.744897463324912
    endloop
  endfacet
  facet normal -0.59343614816637 -0.385381940697123 -0.706621750184624
    outer loop
      vertex -9.624927196559431 -8.573000245104474 4.75496737208737
      vertex -9.743120142944854 -8.372416287543508 4.744832575087018
      vertex -7.885640646055101 -7.3 2.6
    endloop
  endfacet
  facet normal -0.630468624886641 -0.32123980948750214 -0.7066217501846241
    outer loop
      vertex -9.743120142944854 -8.372416287543508 4.744832575087018
      vertex -9.827570281462144 -8.229096880434971 4.755026520667085
      vertex -7.885640646055101 -7.3 2.6
    endloop
  endfacet
  facet normal -0.6304686248866417 -0.32123980948750075 -0.706621750184624
    outer loop
      vertex -9.827570281462144 -8.229096880434971 4.755026520667085
      vertex -9.921026289403816 -8.0231390372372 4.744779486104343
      vertex -7.961672732228162 -7.15077862892128 2.6
    endloop
  endfacet
  facet normal -0.3853819406971234 -0.5934361481663697 -0.706621750184624
    outer loop
      vertex -8.489078405449034 -9.679004104586266 4.754612487130844
      vertex -8.701351540461888 -9.52990046089311 4.745162934721827
      vertex -7.440456403667957 -7.794427190999916 2.6
    endloop
  endfacet
  facet normal -0.3853819406971216 -0.5934361481663708 -0.7066217501846241
    outer loop
      vertex -8.489078405449034 -9.679004104586266 4.754612487130844
      vertex -7.3 -7.885640646055101 2.6
      vertex -8.372637516031226 -9.743503321925662 4.745275032062453
    endloop
  endfacet
  facet normal -0.32123980948750164 -0.6304686248866412 -0.7066217501846241
    outer loop
      vertex -8.372637516031226 -9.743503321925662 4.745275032062453
      vertex -7.3 -7.885640646055101 2.6
      vertex -8.139902451720708 -9.872420488142073 4.754494194629793
    endloop
  endfacet
  facet normal -0.3212398094875039 -0.6304686248866401 -0.706621750184624
    outer loop
      vertex -8.139902451720708 -9.872420488142073 4.754494194629793
      vertex -7.15077862892128 -7.961672732228162 2.6
      vertex -8.023390990057557 -9.921592184703623 4.745398935629348
    endloop
  endfacet
  facet normal -0.5499018608222888 -0.44530174671811346 -0.7066217501846241
    outer loop
      vertex -9.529685690021486 -8.701195500289876 4.744897463324912
      vertex -7.794427190999916 -7.440456403667957 2.6
      vertex -9.386877437862148 -8.893415688668076 4.754896394201655
    endloop
  endfacet
  facet normal -0.5499018608222912 -0.44530174671811024 -0.7066217501846241
    outer loop
      vertex -9.283058162486668 -9.005876825019111 4.74497415184024
      vertex -9.386877437862148 -8.893415688668076 4.754896394201655
      vertex -7.689031720763831 -7.570608970174173 2.6
    endloop
  endfacet
  facet normal -0.5003427336166747 -0.5003427336166801 -0.7066217501846243
    outer loop
      vertex -9.283058162486668 -9.005876825019111 4.74497415184024
      vertex -7.689031720763831 -7.570608970174173 2.6
      vertex -9.116118204256193 -9.186712776118682 4.7548135872335395
    endloop
  endfacet
  facet normal -0.5003427336166772 -0.5003427336166775 -0.706621750184624
    outer loop
      vertex -9.116118204256193 -9.186712776118682 4.7548135872335395
      vertex -7.570608970174173 -7.689031720763831 2.6
      vertex -9.005936036387082 -9.283123923372957 4.745062641841159
    endloop
  endfacet
  facet normal -0.4453017467181138 -0.5499018608222885 -0.706621750184624
    outer loop
      vertex -9.005936036387082 -9.283123923372957 4.745062641841159
      vertex -7.570608970174173 -7.689031720763831 2.6
      vertex -8.81571730604822 -9.449568334259908 4.754718951443891
    endloop
  endfacet
  facet normal -0.5934361481663715 -0.3853819406971213 -0.706621750184624
    outer loop
      vertex -9.624927196559431 -8.573000245104474 4.75496737208737
      vertex -7.885640646055101 -7.3 2.6
      vertex -7.794427190999916 -7.440456403667957 2.6
    endloop
  endfacet
  facet normal -0.38538194069711385 -0.5934361481663736 -0.7066217501846263
    outer loop
      vertex -8.489078405449034 -9.679004104586266 4.754612487130844
      vertex -7.440456403667957 -7.794427190999916 2.6
      vertex -7.41675239910113 -7.809820751554802 2.6
    endloop
  endfacet
  facet normal -0.38538194069711534 -0.593436148166376 -0.7066217501846231
    outer loop
      vertex -8.489078405449034 -9.679004104586266 4.754612487130844
      vertex -7.408903594769849 -7.816774185429851 2.6015590116914877
      vertex -7.394001099184187 -7.824595618475978 2.6
    endloop
  endfacet
  facet normal -0.38538194069715453 -0.5934361481663545 -0.7066217501846198
    outer loop
      vertex -8.489078405449034 -9.679004104586266 4.754612487130844
      vertex -7.41675239910113 -7.809820751554802 2.6
      vertex -7.408903594769849 -7.816774185429851 2.6015590116914877
    endloop
  endfacet
  facet normal -0.3853819406971206 -0.5934361481663715 -0.7066217501846241
    outer loop
      vertex -8.489078405449034 -9.679004104586266 4.754612487130844
      vertex -7.394001099184187 -7.824595618475978 2.6
      vertex -7.3 -7.885640646055101 2.6
    endloop
  endfacet
  facet normal -0.44530174671811223 -0.5499018608222899 -0.706621750184624
    outer loop
      vertex -8.81571730604822 -9.449568334259908 4.754718951443891
      vertex -7.440456403667957 -7.794427190999916 2.6
      vertex -8.701351540461888 -9.52990046089311 4.745162934721827
    endloop
  endfacet
  facet normal -0.5499018608222881 -0.44530174671810985 -0.7066217501846268
    outer loop
      vertex -9.386877437862148 -8.893415688668076 4.754896394201655
      vertex -7.694781851227725 -7.563508150414605 2.6
      vertex -7.689031720763831 -7.570608970174173 2.6
    endloop
  endfacet
  facet normal -0.5003427336166774 -0.5003427336166777 -0.7066217501846238
    outer loop
      vertex -9.116118204256193 -9.186712776118682 4.7548135872335395
      vertex -7.689031720763831 -7.570608970174173 2.6
      vertex -7.570608970174173 -7.689031720763831 2.6
    endloop
  endfacet
  facet normal -0.5499018608222898 -0.44530174671811273 -0.7066217501846239
    outer loop
      vertex -9.386877437862148 -8.893415688668076 4.754896394201655
      vertex -7.794427190999916 -7.440456403667957 2.6
      vertex -7.702244036520372 -7.554293119015178 2.6
    endloop
  endfacet
  facet normal -0.5499018608222849 -0.4453017467181096 -0.7066217501846296
    outer loop
      vertex -9.386877437862148 -8.893415688668076 4.754896394201655
      vertex -7.697617197073762 -7.560996253185273 2.6006235439722847
      vertex -7.694781851227725 -7.563508150414605 2.6
    endloop
  endfacet
  facet normal -0.5499018608222751 -0.44530174671813744 -0.7066217501846196
    outer loop
      vertex -9.386877437862148 -8.893415688668076 4.754896394201655
      vertex -7.702244036520372 -7.554293119015178 2.6
      vertex -7.697617197073762 -7.560996253185273 2.6006235439722847
    endloop
  endfacet
  facet normal -0.44530174671811373 -0.5499018608222888 -0.7066217501846238
    outer loop
      vertex -8.81571730604822 -9.449568334259908 4.754718951443891
      vertex -7.570608970174173 -7.689031720763831 2.6
      vertex -7.440456403667957 -7.794427190999916 2.6
    endloop
  endfacet
  facet normal -0.6605935554186139 -0.2535781077013816 -0.7066217501846241
    outer loop
      vertex -9.992510665446268 -7.865602157198084 4.755073839754461
      vertex -7.961672732228162 -7.15077862892128 2.6
      vertex -9.921026289403816 -8.0231390372372 4.744779486104343
    endloop
  endfacet
  facet normal -0.6834808847193323 -0.18313815110265128 -0.706621750184624
    outer loop
      vertex -10.117879508054436 -7.4866346158532044 4.755109329200433
      vertex -8.021690426072245 -6.994427190999916 2.6
      vertex -10.061457662688232 -7.657187741907017 4.744738195540589
    endloop
  endfacet
  facet normal -0.6605935554186144 -0.25357810770138 -0.7066217501846241
    outer loop
      vertex -9.992510665446268 -7.865602157198084 4.755073839754461
      vertex -10.061457662688232 -7.657187741907017 4.744738195540589
      vertex -8.021690426072245 -6.994427190999916 2.6
    endloop
  endfacet
  facet normal -0.6834808847193302 -0.18313815110265838 -0.7066217501846241
    outer loop
      vertex -10.117879508054436 -7.4866346158532044 4.755109329200433
      vertex -10.162877833037347 -7.27856871800776 4.7447087027453305
      vertex -8.065036161174088 -6.832658705308415 2.6
    endloop
  endfacet
  facet normal -0.6988798544194937 -0.11069169459632308 -0.7066217501846243
    outer loop
      vertex -10.162877833037347 -7.27856871800776 4.7447087027453305
      vertex -10.202256330205042 -7.096488110071521 4.75513298889319
      vertex -8.065036161174088 -6.832658705308415 2.6
    endloop
  endfacet
  facet normal -0.6988798544194945 -0.11069169459632049 -0.7066217501846241
    outer loop
      vertex -10.202256330205042 -7.096488110071521 4.75513298889319
      vertex -10.224177198102774 -6.891426796400462 4.744691007253999
      vertex -8.091235032589237 -6.667245541228246 2.6
    endloop
  endfacet
  facet normal -0.7066217501846241 -0.037032476720272094 -0.7066217501846238
    outer loop
      vertex -10.224177198102774 -6.891426796400462 4.744691007253999
      vertex -10.244685108787857 -6.69958315565817 4.755144818758205
      vertex -8.091235032589237 -6.667245541228246 2.6
    endloop
  endfacet
  facet normal -0.706621750184624 -0.03703247672027296 -0.7066217501846239
    outer loop
      vertex -10.244685108787857 -6.69958315565817 4.755144818758205
      vertex -10.244685108787857 -6.5 4.744685108787858
      vertex -8.1 -6.5 2.6
    endloop
  endfacet
  facet normal -0.822983865893657 -0.568064746731155 -1.1087934145695379e-16
    outer loop
      vertex -7.697617197073762 -7.560996253185273 0.8
      vertex -7.702244036520372 -7.554293119015178 2.6
      vertex -7.916729641045136 -7.243557075270029 0.8
    endloop
  endfacet
  facet normal -0.6631226582407704 -0.7485107481711231 0
    outer loop
      vertex -7.697617197073762 -7.560996253185273 0.8
      vertex -7.694781851227725 -7.563508150414605 2.6
      vertex -7.697617197073762 -7.560996253185273 2.6006235439722847
    endloop
  endfacet
  facet normal -0.822983865893643 -0.5680647467311751 0
    outer loop
      vertex -7.697617197073762 -7.560996253185273 0.8
      vertex -7.697617197073762 -7.560996253185273 2.6006235439722847
      vertex -7.702244036520372 -7.554293119015178 2.6
    endloop
  endfacet
  facet normal -0.9350162426854152 -0.3546048870425349 1.8100763783856337e-17
    outer loop
      vertex -7.916729641045136 -7.243557075270029 0.8
      vertex -7.923512269342176 -7.225672754276255 2.6
      vertex -8.053506907881683 -6.882905062860092 0.8
    endloop
  endfacet
  facet normal -0.8229838658936591 -0.5680647467311518 0
    outer loop
      vertex -7.916729641045136 -7.243557075270029 0.8
      vertex -7.907830991708053 -7.256448994500727 2.6
      vertex -7.916729641045136 -7.243557075270029 2.6020787946775172
    endloop
  endfacet
  facet normal -0.9350162426854158 -0.3546048870425333 0
    outer loop
      vertex -7.916729641045136 -7.243557075270029 0.8
      vertex -7.916729641045136 -7.243557075270029 2.6020787946775172
      vertex -7.923512269342176 -7.225672754276255 2.6
    endloop
  endfacet
  facet normal -0.8229838658936571 -0.5680647467311546 -2.9335092013735207e-17
    outer loop
      vertex -7.916729641045136 -7.243557075270029 0.8
      vertex -7.702244036520372 -7.554293119015178 2.6
      vertex -7.907830991708053 -7.256448994500727 2.6
    endloop
  endfacet
  facet normal -0.6635709899475992 -0.2516592816176774 -0.7045148311253906
    outer loop
      vertex -7.916729641045136 -7.243557075270029 0.8
      vertex -8.053506907881683 -6.882905062860092 0.8
      vertex -7.276753453940842 -6.691452531430046 0
    endloop
  endfacet
  facet normal -0.7045148311253907 -0.08554358800474031 -0.7045148311253904
    outer loop
      vertex -8.053506907881683 -6.882905062860092 0.8
      vertex -8.1 -6.5 0.8
      vertex -7.276753453940842 -6.691452531430046 0
    endloop
  endfacet
  facet normal -0.9927088740980541 -0.12053668025532226 -1.9185210910186814e-16
    outer loop
      vertex -8.053506907881683 -6.882905062860092 0.8
      vertex -8.05510972651609 -6.869704663790079 2.6
      vertex -8.1 -6.5 0.8
    endloop
  endfacet
  facet normal -0.9350162426854149 -0.3546048870425357 -1.5133885012144572e-16
    outer loop
      vertex -8.053506907881683 -6.882905062860092 0.8
      vertex -7.923512269342176 -7.225672754276255 2.6
      vertex -8.046916190625774 -6.900283356026376 2.6
    endloop
  endfacet
  facet normal -0.93501624268542 -0.35460488704252197 0
    outer loop
      vertex -8.053506907881683 -6.882905062860092 0.8
      vertex -8.046916190625774 -6.900283356026376 2.6
      vertex -8.053506907881683 -6.882905062860092 2.6018708747372483
    endloop
  endfacet
  facet normal -0.992708874098051 -0.12053668025534803 0
    outer loop
      vertex -8.053506907881683 -6.882905062860092 0.8
      vertex -8.053506907881683 -6.882905062860092 2.6018708747372483
      vertex -8.05510972651609 -6.869704663790079 2.6
    endloop
  endfacet
  facet normal -0.9927088740980541 -0.12053668025532131 0
    outer loop
      vertex -8.1 -6.5 0.8
      vertex -8.05510972651609 -6.869704663790079 2.6
      vertex -8.1 -6.5 2.6
    endloop
  endfacet
  facet normal -0.6605935554186146 -0.25357810770137956 -0.7066217501846241
    outer loop
      vertex -9.992510665446268 -7.865602157198084 4.755073839754461
      vertex -8.021690426072245 -6.994427190999916 2.6
      vertex -7.961672732228162 -7.15077862892128 2.6
    endloop
  endfacet
  facet normal -0.6834808847193322 -0.18313815110265189 -0.7066217501846241
    outer loop
      vertex -10.117879508054436 -7.4866346158532044 4.755109329200433
      vertex -8.046916190625774 -6.900283356026376 2.6
      vertex -8.021690426072245 -6.994427190999916 2.6
    endloop
  endfacet
  facet normal -0.6834808847193311 -0.18313815110265785 -0.7066217501846235
    outer loop
      vertex -10.117879508054436 -7.4866346158532044 4.755109329200433
      vertex -8.053506907881683 -6.882905062860092 2.6018708747372483
      vertex -8.046916190625774 -6.900283356026376 2.6
    endloop
  endfacet
  facet normal -0.6834808847193343 -0.183138151102645 -0.7066217501846236
    outer loop
      vertex -10.117879508054436 -7.4866346158532044 4.755109329200433
      vertex -8.065036161174088 -6.832658705308415 2.6
      vertex -8.05510972651609 -6.869704663790079 2.6
    endloop
  endfacet
  facet normal -0.6834808847193296 -0.1831381511026541 -0.706621750184626
    outer loop
      vertex -10.117879508054436 -7.4866346158532044 4.755109329200433
      vertex -8.05510972651609 -6.869704663790079 2.6
      vertex -8.053506907881683 -6.882905062860092 2.6018708747372483
    endloop
  endfacet
  facet normal -0.6304686248866401 -0.3212398094875016 -0.706621750184625
    outer loop
      vertex -9.827570281462144 -8.229096880434971 4.755026520667085
      vertex -7.961672732228162 -7.15077862892128 2.6
      vertex -7.923512269342176 -7.225672754276255 2.6
    endloop
  endfacet
  facet normal -0.6304686248866389 -0.3212398094875098 -0.7066217501846226
    outer loop
      vertex -9.827570281462144 -8.229096880434971 4.755026520667085
      vertex -7.916729641045136 -7.243557075270029 2.6020787946775172
      vertex -7.907830991708053 -7.256448994500727 2.6
    endloop
  endfacet
  facet normal -0.6304686248866387 -0.3212398094875059 -0.7066217501846244
    outer loop
      vertex -9.827570281462144 -8.229096880434971 4.755026520667085
      vertex -7.907830991708053 -7.256448994500727 2.6
      vertex -7.885640646055101 -7.3 2.6
    endloop
  endfacet
  facet normal -0.6304686248866407 -0.3212398094875021 -0.7066217501846245
    outer loop
      vertex -9.827570281462144 -8.229096880434971 4.755026520667085
      vertex -7.923512269342176 -7.225672754276255 2.6
      vertex -7.916729641045136 -7.243557075270029 2.6020787946775172
    endloop
  endfacet
  facet normal -0.6988798544194932 -0.11069169459632755 -0.7066217501846244
    outer loop
      vertex -10.202256330205042 -7.096488110071521 4.75513298889319
      vertex -8.091235032589237 -6.667245541228246 2.6
      vertex -8.065036161174088 -6.832658705308415 2.6
    endloop
  endfacet
  facet normal -0.7066217501846243 -0.03703247672027093 -0.7066217501846239
    outer loop
      vertex -10.244685108787857 -6.69958315565817 4.755144818758205
      vertex -8.1 -6.5 2.6
      vertex -8.091235032589237 -6.667245541228246 2.6
    endloop
  endfacet
  facet normal 0 0 -1
    outer loop
      vertex -7.702244036520372 -7.554293119015178 2.6
      vertex -7.885640646055101 -7.3 2.6
      vertex -7.907830991708053 -7.256448994500727 2.6
    endloop
  endfacet
  facet normal 0 0 -1
    outer loop
      vertex -7.702244036520372 -7.554293119015178 2.6
      vertex -7.794427190999916 -7.440456403667957 2.6
      vertex -7.885640646055101 -7.3 2.6
    endloop
  endfacet
  facet normal 0 0 -1
    outer loop
      vertex -7.923512269342176 -7.225672754276255 2.6
      vertex -7.961672732228162 -7.15077862892128 2.6
      vertex -8.021690426072245 -6.994427190999916 2.6
    endloop
  endfacet
  facet normal 0 0 -1
    outer loop
      vertex -8.05510972651609 -6.869704663790079 2.6
      vertex -8.065036161174088 -6.832658705308415 2.6
      vertex -8.1 -6.5 2.6
    endloop
  endfacet
  facet normal 0 0 -1
    outer loop
      vertex -8.065036161174088 -6.832658705308415 2.6
      vertex -8.091235032589237 -6.667245541228246 2.6
      vertex -8.1 -6.5 2.6
    endloop
  endfacet
  facet normal 0 0 -1
    outer loop
      vertex -7.923512269342176 -7.225672754276255 2.6
      vertex -8.021690426072245 -6.994427190999916 2.6
      vertex -8.046916190625774 -6.900283356026376 2.6
    endloop
  endfacet
  facet normal -0.2535781077013788 -0.6605935554186149 -0.7066217501846241
    outer loop
      vertex -8.023390990057557 -9.921592184703623 4.745398935629348
      vertex -7.15077862892128 -7.961672732228162 2.6
      vertex -7.772145747942614 -10.027626000016374 4.754364074313394
    endloop
  endfacet
  facet normal -0.2535781077013791 -0.6605935554186149 -0.7066217501846241
    outer loop
      vertex -7.772145747942614 -10.027626000016374 4.754364074313394
      vertex -6.994427190999916 -8.021690426072245 2.6
      vertex -7.657433859059054 -10.062215133395274 4.745534647375011
    endloop
  endfacet
  facet normal -0.18313815110265524 -0.6834808847193313 -0.7066217501846241
    outer loop
      vertex -7.657433859059054 -10.062215133395274 4.745534647375011
      vertex -6.994427190999916 -8.021690426072245 2.6
      vertex -7.389975124516679 -10.142862099742663 4.75422212659157
    endloop
  endfacet
  facet normal -0.18313815110265239 -0.6834808847193318 -0.7066217501846241
    outer loop
      vertex -7.389975124516679 -10.142862099742663 4.75422212659157
      vertex -6.832658705308415 -8.065036161174088 2.6
      vertex -7.278771113113826 -10.163830027147359 4.745682169438187
    endloop
  endfacet
  facet normal -0.11069169459632497 -0.6988798544194936 -0.7066217501846241
    outer loop
      vertex -7.278771113113826 -10.163830027147359 4.745682169438187
      vertex -6.832658705308415 -8.065036161174088 2.6
      vertex -6.9977207273139586 -10.216823116265026 4.754068351911495
    endloop
  endfacet
  facet normal -0.1106916945963266 -0.6988798544194935 -0.706621750184624
    outer loop
      vertex -6.9977207273139586 -10.216823116265026 4.754068351911495
      vertex -6.667245541228246 -8.091235032589237 2.6
      vertex -6.891547056072364 -10.225321392450397 4.745841504143962
    endloop
  endfacet
  facet normal -0.03703247672026932 -0.7066217501846243 -0.7066217501846239
    outer loop
      vertex -6.891547056072364 -10.225321392450397 4.745841504143962
      vertex -6.667245541228246 -8.091235032589237 2.6
      vertex -6.599826955391656 -10.248671041712948 4.753902750757613
    endloop
  endfacet
  facet normal -0.037032476720273357 -0.7066217501846241 -0.706621750184624
    outer loop
      vertex -6.599826955391656 -10.248671041712948 4.753902750757613
      vertex -6.5 -8.1 2.6
      vertex -6.5 -10.248671041712948 4.7486710417129485
    endloop
  endfacet
  facet normal -0.3298090463530314 -0.6283986359533783 -0.7045148311253905
    outer loop
      vertex -7.408903594769849 -7.816774185429851 0.8
      vertex -6.7836839096340285 -7.248012994148332 0
      vertex -7.067367819268057 -7.9960259882966636 0.8
    endloop
  endfacet
  facet normal -0.6631226582407942 -0.748510748171102 2.4258554910759797e-16
    outer loop
      vertex -7.697617197073762 -7.560996253185273 0.8
      vertex -7.408903594769849 -7.816774185429851 0.8
      vertex -7.41675239910113 -7.809820751554802 2.6
    endloop
  endfacet
  facet normal -0.4647231720437686 -0.8854560256532099 0
    outer loop
      vertex -7.408903594769849 -7.816774185429851 0.8
      vertex -7.394001099184187 -7.824595618475978 2.6
      vertex -7.408903594769849 -7.816774185429851 2.6015590116914877
    endloop
  endfacet
  facet normal -0.6631226582408256 -0.7485107481710741 0
    outer loop
      vertex -7.408903594769849 -7.816774185429851 0.8
      vertex -7.408903594769849 -7.816774185429851 2.6015590116914877
      vertex -7.41675239910113 -7.809820751554802 2.6
    endloop
  endfacet
  facet normal -0.4647231720437675 -0.8854560256532105 -2.985965366564986e-16
    outer loop
      vertex -7.408903594769849 -7.816774185429851 0.8
      vertex -7.067367819268057 -7.9960259882966636 0.8
      vertex -7.083929777459431 -7.987333602087791 2.6
    endloop
  endfacet
  facet normal -0.4647231720437688 -0.8854560256532097 2.1981105677465527e-18
    outer loop
      vertex -7.408903594769849 -7.816774185429851 0.8
      vertex -7.083929777459431 -7.987333602087791 2.6
      vertex -7.394001099184187 -7.824595618475978 2.6
    endloop
  endfacet
  facet normal -0.46472317204374236 -0.8854560256532237 0
    outer loop
      vertex -7.067367819268057 -7.9960259882966636 0.8
      vertex -7.067367819268057 -7.9960259882966636 2.602182758020667
      vertex -7.083929777459431 -7.987333602087791 2.6
    endloop
  endfacet
  facet normal -0.23931566428749976 -0.9709418174260663 0
    outer loop
      vertex -7.067367819268057 -7.9960259882966636 0.8
      vertex -7.050373051342023 -8.000214822377796 2.6
      vertex -7.067367819268057 -7.9960259882966636 2.602182758020667
    endloop
  endfacet
  facet normal -0.1698397578689879 -0.6890669846766466 -0.7045148311253905
    outer loop
      vertex -7.067367819268057 -7.9960259882966636 0.8
      vertex -6.7836839096340285 -7.248012994148332 0
      vertex -6.692858688408516 -8.088334198556886 0.8
    endloop
  endfacet
  facet normal -0.23931566428755727 -0.9709418174260521 5.041903127770897e-17
    outer loop
      vertex -7.067367819268057 -7.9960259882966636 0.8
      vertex -6.692858688408516 -8.088334198556886 0.8
      vertex -6.705979871729827 -8.085100117331399 2.6
    endloop
  endfacet
  facet normal -0.23931566428755988 -0.9709418174260513 6.023487994595393e-16
    outer loop
      vertex -7.067367819268057 -7.9960259882966636 0.8
      vertex -6.705979871729827 -8.085100117331399 2.6
      vertex -7.050373051342023 -8.000214822377796 2.6
    endloop
  endfacet
  facet normal 0 -1 0
    outer loop
      vertex -6.692858688408516 -8.088334198556886 0.8
      vertex -6.685560686493823 -8.088334198556886 2.6
      vertex -6.692858688408516 -8.088334198556886 2.6011432257765823
    endloop
  endfacet
  facet normal -0.23931566428756323 -0.9709418174260508 0
    outer loop
      vertex -6.692858688408516 -8.088334198556886 0.8
      vertex -6.692858688408516 -8.088334198556886 2.6011432257765823
      vertex -6.705979871729827 -8.085100117331399 2.6
    endloop
  endfacet
  facet normal -0.32123980948750297 -0.6304686248866405 -0.7066217501846241
    outer loop
      vertex -8.139902451720708 -9.872420488142073 4.754494194629793
      vertex -7.3 -7.885640646055101 2.6
      vertex -7.15077862892128 -7.961672732228162 2.6
    endloop
  endfacet
  facet normal -0.25357810770138683 -0.6605935554186128 -0.7066217501846234
    outer loop
      vertex -7.772145747942614 -10.027626000016374 4.754364074313394
      vertex -7.15077862892128 -7.961672732228162 2.6
      vertex -7.083929777459431 -7.987333602087791 2.6
    endloop
  endfacet
  facet normal -0.25357810770136013 -0.6605935554186203 -0.7066217501846256
    outer loop
      vertex -7.772145747942614 -10.027626000016374 4.754364074313394
      vertex -7.083929777459431 -7.987333602087791 2.6
      vertex -7.067367819268057 -7.9960259882966636 2.602182758020667
    endloop
  endfacet
  facet normal -0.2535781077013349 -0.6605935554186311 -0.7066217501846248
    outer loop
      vertex -7.772145747942614 -10.027626000016374 4.754364074313394
      vertex -7.067367819268057 -7.9960259882966636 2.602182758020667
      vertex -7.050373051342023 -8.000214822377796 2.6
    endloop
  endfacet
  facet normal -0.2535781077013893 -0.6605935554186106 -0.7066217501846241
    outer loop
      vertex -7.772145747942614 -10.027626000016374 4.754364074313394
      vertex -7.050373051342023 -8.000214822377796 2.6
      vertex -6.994427190999916 -8.021690426072245 2.6
    endloop
  endfacet
  facet normal -0.18313815110265116 -0.6834808847193322 -0.7066217501846241
    outer loop
      vertex -7.389975124516679 -10.142862099742663 4.75422212659157
      vertex -6.994427190999916 -8.021690426072245 2.6
      vertex -6.832658705308415 -8.065036161174088 2.6
    endloop
  endfacet
  facet normal 0 0 -1
    outer loop
      vertex -7.689031720763831 -7.570608970174173 2.6
      vertex -7.41675239910113 -7.809820751554802 2.6
      vertex -7.440456403667957 -7.794427190999916 2.6
    endloop
  endfacet
  facet normal 0 0 -1
    outer loop
      vertex -7.394001099184187 -7.824595618475978 2.6
      vertex -7.083929777459431 -7.987333602087791 2.6
      vertex -7.3 -7.885640646055101 2.6
    endloop
  endfacet
  facet normal 0 0 -1
    outer loop
      vertex -7.3 -7.885640646055101 2.6
      vertex -7.083929777459431 -7.987333602087791 2.6
      vertex -7.15077862892128 -7.961672732228162 2.6
    endloop
  endfacet
  facet normal -0.11069169459632665 -0.6988798544194933 -0.7066217501846241
    outer loop
      vertex -6.9977207273139586 -10.216823116265026 4.754068351911495
      vertex -6.832658705308415 -8.065036161174088 2.6
      vertex -6.705979871729827 -8.085100117331399 2.6
    endloop
  endfacet
  facet normal -0.11069169459631227 -0.6988798544194949 -0.7066217501846247
    outer loop
      vertex -6.9977207273139586 -10.216823116265026 4.754068351911495
      vertex -6.705979871729827 -8.085100117331399 2.6
      vertex -6.692858688408516 -8.088334198556886 2.6011432257765823
    endloop
  endfacet
  facet normal -0.1106916945963373 -0.6988798544194899 -0.7066217501846259
    outer loop
      vertex -6.9977207273139586 -10.216823116265026 4.754068351911495
      vertex -6.692858688408516 -8.088334198556886 2.6011432257765823
      vertex -6.685560686493823 -8.088334198556886 2.6
    endloop
  endfacet
  facet normal -0.11069169459631857 -0.6988798544194945 -0.7066217501846243
    outer loop
      vertex -6.9977207273139586 -10.216823116265026 4.754068351911495
      vertex -6.685560686493823 -8.088334198556886 2.6
      vertex -6.667245541228246 -8.091235032589237 2.6
    endloop
  endfacet
  facet normal -0.03703247672027114 -0.7066217501846243 -0.706621750184624
    outer loop
      vertex -6.599826955391656 -10.248671041712948 4.753902750757613
      vertex -6.667245541228246 -8.091235032589237 2.6
      vertex -6.5 -8.1 2.6
    endloop
  endfacet
  facet normal 0 0 -1
    outer loop
      vertex -7.050373051342023 -8.000214822377796 2.6
      vertex -6.705979871729827 -8.085100117331399 2.6
      vertex -6.994427190999916 -8.021690426072245 2.6
    endloop
  endfacet
  facet normal 0 0 -1
    outer loop
      vertex -6.994427190999916 -8.021690426072245 2.6
      vertex -6.705979871729827 -8.085100117331399 2.6
      vertex -6.832658705308415 -8.065036161174088 2.6
    endloop
  endfacet
  facet normal -0.4706110318701431 -0.5312100426446035 -0.7045148311253908
    outer loop
      vertex -7.697617197073762 -7.560996253185273 0.8
      vertex -7.0988085985368805 -7.0304981265926365 0
      vertex -7.408903594769849 -7.816774185429851 0.8
    endloop
  endfacet
  facet normal -0.5840628148164625 -0.4031494525272642 -0.7045148311253908
    outer loop
      vertex -7.697617197073762 -7.560996253185273 0.8
      vertex -7.916729641045136 -7.243557075270029 0.8
      vertex -7.0988085985368805 -7.0304981265926365 0
    endloop
  endfacet
  facet normal -0.39588933772540863 -0.5735447226784708 -0.7171597335064298
    outer loop
      vertex -7.408903594769849 -7.816774185429851 0.8
      vertex -7.0988085985368805 -7.0304981265926365 0
      vertex -6.7836839096340285 -7.248012994148332 0
    endloop
  endfacet
  facet normal -0.6631226582407935 -0.7485107481711025 6.51708892329127e-17
    outer loop
      vertex -7.697617197073762 -7.560996253185273 0.8
      vertex -7.41675239910113 -7.809820751554802 2.6
      vertex -7.694781851227725 -7.563508150414605 2.6
    endloop
  endfacet
  facet normal -0.6170821224129244 -0.32386968187119214 -0.7171597335064299
    outer loop
      vertex -7.916729641045136 -7.243557075270029 0.8
      vertex -7.276753453940842 -6.691452531430046 0
      vertex -7.0988085985368805 -7.0304981265926365 0
    endloop
  endfacet
  facet normal -0.08400307674871946 -0.6918275794833099 -0.7171597335064297
    outer loop
      vertex -6.692858688408516 -8.088334198556886 0.8
      vertex -6.7836839096340285 -7.248012994148332 0
      vertex -6.4035706557957415 -7.294167099278443 0
    endloop
  endfacet
  facet normal 0 0 -1
    outer loop
      vertex -7.689031720763831 -7.570608970174173 2.6
      vertex -7.694781851227725 -7.563508150414605 2.6
      vertex -7.41675239910113 -7.809820751554802 2.6
    endloop
  endfacet
  facet normal 0 0 -1
    outer loop
      vertex -7.689031720763831 -7.570608970174173 2.6
      vertex -7.440456403667957 -7.794427190999916 2.6
      vertex -7.570608970174173 -7.689031720763831 2.6
    endloop
  endfacet
  facet normal -1 0 0
    outer loop
      vertex -8.1 -6.5 0.8
      vertex -8.1 -6.5 2.6
      vertex -8.1 6.5 0.8
    endloop
  endfacet
  facet normal -0.7071067811865477 5.977520352048914e-19 -0.7071067811865475
    outer loop
      vertex -10.244685108787857 -6.5 4.744685108787858
      vertex -8.1 6.5 2.6
      vertex -8.1 -6.5 2.6
    endloop
  endfacet
  facet normal -0.6969088295013823 3.4016629950639414e-18 -0.7171597335064296
    outer loop
      vertex -8.1 -6.5 0.8
      vertex -7.276753453940842 6.691452531430045 0
      vertex -7.276753453940842 -6.691452531430046 0
    endloop
  endfacet
  facet normal 0 0 -1
    outer loop
      vertex -7.0988085985368805 -7.0304981265926365 0
      vertex -7.276753453940842 -6.691452531430046 0
      vertex -7.276753453940842 6.691452531430045 0
    endloop
  endfacet
  facet normal 0 0 -1
    outer loop
      vertex -7.0988085985368805 -7.0304981265926365 0
      vertex -7.276753453940842 6.691452531430045 0
      vertex -7.0988085985368805 -5.9695018734073635 0
    endloop
  endfacet
  facet normal 0 -0.7071067811865476 -0.7071067811865476
    outer loop
      vertex -6.5 -10.248671041712948 4.7486710417129485
      vertex -6.5 -8.1 2.6
      vertex 6.400173044608344 -10.248671041712948 4.7486710417129485
    endloop
  endfacet
  facet normal 0 -0.7096892649070876 -0.7045148311253905
    outer loop
      vertex -6.692858688408516 -8.088334198556886 0.8
      vertex -6.4035706557957415 -7.294167099278443 0
      vertex 6.692858688408517 -8.088334198556886 0.8
    endloop
  endfacet
  facet normal 0 -1 0
    outer loop
      vertex -6.692858688408516 -8.088334198556886 0.8
      vertex 6.685560686493826 -8.088334198556886 2.6
      vertex -6.685560686493823 -8.088334198556886 2.6
    endloop
  endfacet
  facet normal 0 0 -1
    outer loop
      vertex -6.685560686493823 -8.088334198556886 2.6
      vertex 6.685560686493826 -8.088334198556886 2.6
      vertex -6.667245541228246 -8.091235032589237 2.6
    endloop
  endfacet
  facet normal 0 0 -1
    outer loop
      vertex -6.667245541228246 -8.091235032589237 2.6
      vertex 6.685560686493826 -8.088334198556886 2.6
      vertex -6.5 -8.1 2.6
    endloop
  endfacet
  facet normal 0 0 -1
    outer loop
      vertex -7.0988085985368805 -7.0304981265926365 0
      vertex 6.59642934420426 -7.294167099278443 0
      vertex -6.7836839096340285 -7.248012994148332 0
    endloop
  endfacet
  facet normal 0 0 -1
    outer loop
      vertex -6.7836839096340285 -7.248012994148332 0
      vertex 6.59642934420426 -7.294167099278443 0
      vertex -6.4035706557957415 -7.294167099278443 0
    endloop
  endfacet
  facet normal 0 0 -1
    outer loop
      vertex -7.0988085985368805 -7.0304981265926365 0
      vertex -7.0988085985368805 -5.9695018734073635 0
      vertex 6.954451797384927 7.158387092714925 0
    endloop
  endfacet
  facet normal -0.7071067811865477 0 -0.7071067811865475
    outer loop
      vertex -10.244685108787857 -6.5 4.744685108787858
      vertex -10.244685108787857 6.5 4.744685108787858
      vertex -8.1 6.5 2.6
    endloop
  endfacet
  facet normal -0.6969088295013823 0 -0.7171597335064296
    outer loop
      vertex -8.1 -6.5 0.8
      vertex -8.1 6.5 0.8
      vertex -7.276753453940842 6.691452531430045 0
    endloop
  endfacet
  facet normal -1 0 0
    outer loop
      vertex -8.1 -6.5 2.6
      vertex -8.1 6.5 2.6
      vertex -8.1 6.5 0.8
    endloop
  endfacet
  facet normal 0 0 -1
    outer loop
      vertex -7.0988085985368805 -5.9695018734073635 0
      vertex -7.276753453940842 6.691452531430045 0
      vertex -6.7836839096340285 7.248012994148333 0
    endloop
  endfacet
  facet normal -0.706621750184624 0.037032476720272794 -0.7066217501846239
    outer loop
      vertex -10.244685108787857 6.5 4.744685108787858
      vertex -10.244685108787857 6.699583155658171 4.755144818758205
      vertex -8.1 6.5 2.6
    endloop
  endfacet
  facet normal -0.7066217501846241 0.03703247672027604 -0.7066217501846238
    outer loop
      vertex -10.244685108787857 6.699583155658171 4.755144818758205
      vertex -10.224177198102774 6.891426796400459 4.744691007254
      vertex -8.091235032589237 6.667245541228247 2.6
    endloop
  endfacet
  facet normal -0.6988798544194947 0.11069169459632 -0.7066217501846237
    outer loop
      vertex -10.224177198102774 6.891426796400459 4.744691007254
      vertex -10.202256330205042 7.096488110071519 4.755132988893191
      vertex -8.091235032589237 6.667245541228247 2.6
    endloop
  endfacet
  facet normal -0.6988798544194944 0.1106916945963198 -0.7066217501846241
    outer loop
      vertex -10.202256330205042 7.096488110071519 4.755132988893191
      vertex -10.162877833037347 7.278568718007758 4.7447087027453305
      vertex -8.065036161174088 6.832658705308415 2.6
    endloop
  endfacet
  facet normal -0.6834808847193309 0.18313815110265616 -0.7066217501846241
    outer loop
      vertex -10.162877833037347 7.278568718007758 4.7447087027453305
      vertex -10.117879508054436 7.486634615853205 4.755109329200433
      vertex -8.065036161174088 6.832658705308415 2.6
    endloop
  endfacet
  facet normal -0.6834808847193318 0.183138151102653 -0.7066217501846241
    outer loop
      vertex -10.117879508054436 7.486634615853205 4.755109329200433
      vertex -10.061457662688232 7.657187741907016 4.744738195540589
      vertex -8.021690426072245 6.9944271909999145 2.6
    endloop
  endfacet
  facet normal -0.6605935554186153 0.25357810770137734 -0.7066217501846244
    outer loop
      vertex -10.061457662688232 7.657187741907016 4.744738195540589
      vertex -9.992510665446268 7.865602157198083 4.75507383975446
      vertex -8.021690426072245 6.9944271909999145 2.6
    endloop
  endfacet
  facet normal -0.6605935554186142 0.2535781077013805 -0.7066217501846241
    outer loop
      vertex -7.961672732228162 7.15077862892128 2.6
      vertex -9.992510665446268 7.865602157198083 4.75507383975446
      vertex -9.921026289403816 8.0231390372372 4.744779486104342
    endloop
  endfacet
  facet normal -0.7045148311253906 0.0855435880047401 -0.7045148311253906
    outer loop
      vertex -8.1 6.5 0.8
      vertex -8.053506907881683 6.882905062860093 0.8
      vertex -7.276753453940842 6.691452531430045 0
    endloop
  endfacet
  facet normal -0.6635709899475988 0.25165928161767787 -0.7045148311253908
    outer loop
      vertex -8.053506907881683 6.882905062860093 0.8
      vertex -7.916729641045136 7.243557075270029 0.8
      vertex -7.276753453940842 6.691452531430045 0
    endloop
  endfacet
  facet normal -0.9927088740980541 0.12053668025532198 0
    outer loop
      vertex -8.1 6.5 0.8
      vertex -8.1 6.5 2.6
      vertex -8.053506907881683 6.882905062860093 0.8
    endloop
  endfacet
  facet normal -0.9350162426854148 0.3546048870425356 -1.0313481630725738e-16
    outer loop
      vertex -8.053506907881683 6.882905062860093 0.8
      vertex -8.046916190625772 6.900283356026382 2.6
      vertex -7.916729641045136 7.243557075270029 0.8
    endloop
  endfacet
  facet normal -0.9927088740980541 0.1205366802553219 -1.6145160545882666e-17
    outer loop
      vertex -8.053506907881683 6.882905062860093 0.8
      vertex -8.1 6.5 2.6
      vertex -8.05510972651609 6.869704663790078 2.6
    endloop
  endfacet
  facet normal -0.9927088740980539 0.12053668025532407 0
    outer loop
      vertex -8.053506907881683 6.882905062860093 0.8
      vertex -8.05510972651609 6.869704663790078 2.6
      vertex -8.053506907881683 6.882905062860093 2.601870874737249
    endloop
  endfacet
  facet normal -0.9350162426854184 0.3546048870425263 0
    outer loop
      vertex -8.053506907881683 6.882905062860093 0.8
      vertex -8.053506907881683 6.882905062860093 2.601870874737249
      vertex -8.046916190625772 6.900283356026382 2.6
    endloop
  endfacet
  facet normal -0.822983865893657 0.568064746731155 -1.5874814343267082e-16
    outer loop
      vertex -7.916729641045136 7.243557075270029 0.8
      vertex -7.907830991708054 7.256448994500726 2.6
      vertex -7.697617197073762 7.560996253185273 0.8
    endloop
  endfacet
  facet normal -0.9350162426854153 0.35460488704253457 -3.354399942156205e-16
    outer loop
      vertex -7.916729641045136 7.243557075270029 0.8
      vertex -8.046916190625772 6.900283356026382 2.6
      vertex -7.923512269342176 7.225672754276257 2.6
    endloop
  endfacet
  facet normal -0.9350162426854041 0.3546048870425641 0
    outer loop
      vertex -7.916729641045136 7.243557075270029 0.8
      vertex -7.923512269342176 7.225672754276257 2.6
      vertex -7.916729641045136 7.243557075270029 2.602078794677517
    endloop
  endfacet
  facet normal -0.8229838658936673 0.5680647467311399 0
    outer loop
      vertex -7.916729641045136 7.243557075270029 0.8
      vertex -7.916729641045136 7.243557075270029 2.602078794677517
      vertex -7.907830991708054 7.256448994500726 2.6
    endloop
  endfacet
  facet normal -0.822983865893656 0.5680647467311563 1.8782612066756094e-16
    outer loop
      vertex -7.697617197073762 7.560996253185273 0.8
      vertex -7.907830991708054 7.256448994500726 2.6
      vertex -7.702244036520364 7.554293119015188 2.6
    endloop
  endfacet
  facet normal -0.8229838658936796 0.5680647467311222 0
    outer loop
      vertex -7.697617197073762 7.560996253185273 0.8
      vertex -7.702244036520364 7.554293119015188 2.6
      vertex -7.697617197073762 7.560996253185273 2.6006235439722833
    endloop
  endfacet
  facet normal -0.6631226582409583 0.7485107481709568 0
    outer loop
      vertex -7.697617197073762 7.560996253185273 0.8
      vertex -7.697617197073762 7.560996253185273 2.6006235439722833
      vertex -7.694781851227729 7.563508150414602 2.6
    endloop
  endfacet
  facet normal -0.7066217501846244 0.03703247672027023 -0.7066217501846239
    outer loop
      vertex -10.244685108787857 6.699583155658171 4.755144818758205
      vertex -8.091235032589237 6.667245541228247 2.6
      vertex -8.1 6.5 2.6
    endloop
  endfacet
  facet normal -0.6988798544194933 0.11069169459632822 -0.706621750184624
    outer loop
      vertex -10.202256330205042 7.096488110071519 4.755132988893191
      vertex -8.065036161174088 6.832658705308415 2.6
      vertex -8.091235032589237 6.667245541228247 2.6
    endloop
  endfacet
  facet normal -0.6834808847193308 0.18313815110265436 -0.7066217501846247
    outer loop
      vertex -10.117879508054436 7.486634615853205 4.755109329200433
      vertex -8.05510972651609 6.869704663790078 2.6
      vertex -8.065036161174088 6.832658705308415 2.6
    endloop
  endfacet
  facet normal -0.6834808847193278 0.18313815110265733 -0.706621750184627
    outer loop
      vertex -10.117879508054436 7.486634615853205 4.755109329200433
      vertex -8.053506907881683 6.882905062860093 2.601870874737249
      vertex -8.05510972651609 6.869704663790078 2.6
    endloop
  endfacet
  facet normal -0.6834808847193361 0.18313815110264003 -0.7066217501846233
    outer loop
      vertex -10.117879508054436 7.486634615853205 4.755109329200433
      vertex -8.046916190625772 6.900283356026382 2.6
      vertex -8.053506907881683 6.882905062860093 2.601870874737249
    endloop
  endfacet
  facet normal -0.6834808847193317 0.18313815110265486 -0.7066217501846238
    outer loop
      vertex -10.117879508054436 7.486634615853205 4.755109329200433
      vertex -8.021690426072245 6.9944271909999145 2.6
      vertex -8.046916190625772 6.900283356026382 2.6
    endloop
  endfacet
  facet normal -0.6605935554186155 0.25357810770137684 -0.7066217501846243
    outer loop
      vertex -8.021690426072245 6.9944271909999145 2.6
      vertex -9.992510665446268 7.865602157198083 4.75507383975446
      vertex -7.961672732228162 7.15077862892128 2.6
    endloop
  endfacet
  facet normal -0.6304686248866439 0.32123980948749653 -0.7066217501846238
    outer loop
      vertex -7.961672732228162 7.15077862892128 2.6
      vertex -9.827570281462144 8.229096880434973 4.755026520667086
      vertex -7.923512269342176 7.225672754276257 2.6
    endloop
  endfacet
  facet normal -0.630468624886634 0.3212398094875159 -0.7066217501846241
    outer loop
      vertex -7.923512269342176 7.225672754276257 2.6
      vertex -9.827570281462144 8.229096880434973 4.755026520667086
      vertex -7.916729641045136 7.243557075270029 2.602078794677517
    endloop
  endfacet
  facet normal -0.6304686248866402 0.3212398094875036 -0.7066217501846239
    outer loop
      vertex -7.916729641045136 7.243557075270029 2.602078794677517
      vertex -9.827570281462144 8.229096880434973 4.755026520667086
      vertex -7.907830991708054 7.256448994500726 2.6
    endloop
  endfacet
  facet normal -0.6304686248866397 0.3212398094875046 -0.7066217501846239
    outer loop
      vertex -7.907830991708054 7.256448994500726 2.6
      vertex -9.827570281462144 8.229096880434973 4.755026520667086
      vertex -7.885640646055101 7.300000000000001 2.6
    endloop
  endfacet
  facet normal 0 0 -1
    outer loop
      vertex -8.1 6.5 2.6
      vertex -8.091235032589237 6.667245541228247 2.6
      vertex -8.065036161174088 6.832658705308415 2.6
    endloop
  endfacet
  facet normal 0 0 -1
    outer loop
      vertex -8.1 6.5 2.6
      vertex -8.065036161174088 6.832658705308415 2.6
      vertex -8.05510972651609 6.869704663790078 2.6
    endloop
  endfacet
  facet normal 0 0 -1
    outer loop
      vertex -8.046916190625772 6.900283356026382 2.6
      vertex -8.021690426072245 6.9944271909999145 2.6
      vertex -7.961672732228162 7.15077862892128 2.6
    endloop
  endfacet
  facet normal 0 0 -1
    outer loop
      vertex -8.046916190625772 6.900283356026382 2.6
      vertex -7.961672732228162 7.15077862892128 2.6
      vertex -7.923512269342176 7.225672754276257 2.6
    endloop
  endfacet
  facet normal 0 0 -1
    outer loop
      vertex -7.907830991708054 7.256448994500726 2.6
      vertex -7.885640646055101 7.300000000000001 2.6
      vertex -7.794427190999916 7.440456403667959 2.6
    endloop
  endfacet
  facet normal 0 0 -1
    outer loop
      vertex -7.907830991708054 7.256448994500726 2.6
      vertex -7.794427190999916 7.440456403667959 2.6
      vertex -7.702244036520364 7.554293119015188 2.6
    endloop
  endfacet
  facet normal -0.6304686248866401 0.3212398094875038 -0.706621750184624
    outer loop
      vertex -7.961672732228162 7.15077862892128 2.6
      vertex -9.921026289403816 8.0231390372372 4.744779486104342
      vertex -9.827570281462144 8.229096880434973 4.755026520667086
    endloop
  endfacet
  facet normal -0.6304686248866412 0.32123980948750175 -0.706621750184624
    outer loop
      vertex -7.885640646055101 7.300000000000001 2.6
      vertex -9.827570281462144 8.229096880434973 4.755026520667086
      vertex -9.743120142944854 8.372416287543508 4.744832575087018
    endloop
  endfacet
  facet normal -0.5934361481663701 0.3853819406971232 -0.7066217501846238
    outer loop
      vertex -7.885640646055101 7.300000000000001 2.6
      vertex -9.743120142944854 8.372416287543508 4.744832575087018
      vertex -9.624927196559431 8.573000245104474 4.75496737208737
    endloop
  endfacet
  facet normal -0.5934361481663742 0.38538194069711673 -0.7066217501846239
    outer loop
      vertex -7.794427190999916 7.440456403667959 2.6
      vertex -9.624927196559431 8.573000245104474 4.75496737208737
      vertex -9.529685690021486 8.701195500289877 4.744897463324912
    endloop
  endfacet
  facet normal -0.5934361481663726 0.38538194069711956 -0.706621750184624
    outer loop
      vertex -7.885640646055101 7.300000000000001 2.6
      vertex -9.624927196559431 8.573000245104474 4.75496737208737
      vertex -7.794427190999916 7.440456403667959 2.6
    endloop
  endfacet
  facet normal -0.5499018608222886 0.44530174671811373 -0.7066217501846241
    outer loop
      vertex -7.794427190999916 7.440456403667959 2.6
      vertex -9.529685690021486 8.701195500289877 4.744897463324912
      vertex -9.386877437862148 8.893415688668078 4.754896394201655
    endloop
  endfacet
  facet normal -0.5499018608222859 0.4453017467181171 -0.706621750184624
    outer loop
      vertex -7.689031720763831 7.570608970174174 2.6
      vertex -9.386877437862148 8.893415688668078 4.754896394201655
      vertex -9.283058162486668 9.005876825019111 4.744974151840241
    endloop
  endfacet
  facet normal -0.500342733616678 0.5003427336166767 -0.706621750184624
    outer loop
      vertex -7.689031720763831 7.570608970174174 2.6
      vertex -9.283058162486668 9.005876825019111 4.744974151840241
      vertex -9.116118204256193 9.186712776118682 4.754813587233539
    endloop
  endfacet
  facet normal -0.500342733616671 0.5003427336166832 -0.7066217501846243
    outer loop
      vertex -9.116118204256193 9.186712776118682 4.754813587233539
      vertex -9.005936036387084 9.283123923372955 4.74506264184116
      vertex -7.570608970174173 7.689031720763829 2.6
    endloop
  endfacet
  facet normal -0.4453017467181181 0.5499018608222848 -0.7066217501846243
    outer loop
      vertex -9.005936036387084 9.283123923372955 4.74506264184116
      vertex -8.81571730604822 9.449568334259908 4.75471895144389
      vertex -7.570608970174173 7.689031720763829 2.6
    endloop
  endfacet
  facet normal -0.5499018608222875 0.4453017467181148 -0.7066217501846241
    outer loop
      vertex -7.794427190999916 7.440456403667959 2.6
      vertex -9.386877437862148 8.893415688668078 4.754896394201655
      vertex -7.702244036520364 7.554293119015188 2.6
    endloop
  endfacet
  facet normal -0.5499018608223123 0.4453017467180839 -0.7066217501846244
    outer loop
      vertex -7.702244036520364 7.554293119015188 2.6
      vertex -9.386877437862148 8.893415688668078 4.754896394201655
      vertex -7.697617197073762 7.560996253185273 2.6006235439722833
    endloop
  endfacet
  facet normal -0.5499018608223467 0.4453017467180408 -0.7066217501846247
    outer loop
      vertex -7.694781851227729 7.563508150414602 2.6
      vertex -7.697617197073762 7.560996253185273 2.6006235439722833
      vertex -9.386877437862148 8.893415688668078 4.754896394201655
    endloop
  endfacet
  facet normal -0.5499018608222318 0.4453017467181849 -0.7066217501846234
    outer loop
      vertex -7.694781851227729 7.563508150414602 2.6
      vertex -9.386877437862148 8.893415688668078 4.754896394201655
      vertex -7.689031720763831 7.570608970174174 2.6
    endloop
  endfacet
  facet normal -0.5003427336166715 0.5003427336166828 -0.7066217501846244
    outer loop
      vertex -7.689031720763831 7.570608970174174 2.6
      vertex -9.116118204256193 9.186712776118682 4.754813587233539
      vertex -7.570608970174173 7.689031720763829 2.6
    endloop
  endfacet
  facet normal -0.4453017467181159 0.5499018608222868 -0.706621750184624
    outer loop
      vertex -8.81571730604822 9.449568334259908 4.75471895144389
      vertex -7.440456403667957 7.794427190999915 2.6
      vertex -7.570608970174173 7.689031720763829 2.6
    endloop
  endfacet
  facet normal -0.38538194069711584 0.5934361481663732 -0.7066217501846251
    outer loop
      vertex -8.489078405449035 9.679004104586266 4.754612487130844
      vertex -7.416752399101127 7.809820751554803 2.6
      vertex -7.440456403667957 7.794427190999915 2.6
    endloop
  endfacet
  facet normal -0.38538194069720344 0.5934361481663217 -0.7066217501846207
    outer loop
      vertex -8.489078405449035 9.679004104586266 4.754612487130844
      vertex -7.408903594769849 7.81677418542985 2.601559011691487
      vertex -7.416752399101127 7.809820751554803 2.6
    endloop
  endfacet
  facet normal -0.38538194069710746 0.5934361481663789 -0.7066217501846251
    outer loop
      vertex -8.489078405449035 9.679004104586266 4.754612487130844
      vertex -7.394001099184193 7.824595618475975 2.6
      vertex -7.408903594769849 7.81677418542985 2.601559011691487
    endloop
  endfacet
  facet normal -0.3853819406971204 0.593436148166371 -0.7066217501846247
    outer loop
      vertex -8.489078405449035 9.679004104586266 4.754612487130844
      vertex -7.3 7.885640646055101 2.6
      vertex -7.394001099184193 7.824595618475975 2.6
    endloop
  endfacet
  facet normal -0.44530174671810946 0.5499018608222916 -0.7066217501846244
    outer loop
      vertex -8.81571730604822 9.449568334259908 4.75471895144389
      vertex -8.70135154046189 9.52990046089311 4.745162934721828
      vertex -7.440456403667957 7.794427190999915 2.6
    endloop
  endfacet
  facet normal -0.3853819406971254 0.5934361481663682 -0.7066217501846243
    outer loop
      vertex -8.70135154046189 9.52990046089311 4.745162934721828
      vertex -8.489078405449035 9.679004104586266 4.754612487130844
      vertex -7.440456403667957 7.794427190999915 2.6
    endloop
  endfacet
  facet normal -0.38538194069712517 0.5934361481663684 -0.7066217501846243
    outer loop
      vertex -8.489078405449035 9.679004104586266 4.754612487130844
      vertex -8.372637516031226 9.743503321925662 4.745275032062451
      vertex -7.3 7.885640646055101 2.6
    endloop
  endfacet
  facet normal -0.32123980948749736 0.6304686248866432 -0.7066217501846244
    outer loop
      vertex -8.372637516031226 9.743503321925662 4.745275032062451
      vertex -8.139902451720708 9.872420488142073 4.754494194629793
      vertex -7.3 7.885640646055101 2.6
    endloop
  endfacet
  facet normal -0.321239809487504 0.6304686248866403 -0.7066217501846239
    outer loop
      vertex -8.139902451720708 9.872420488142073 4.754494194629793
      vertex -8.023390990057557 9.921592184703623 4.745398935629348
      vertex -7.15077862892128 7.961672732228163 2.6
    endloop
  endfacet
  facet normal -0.6170821224129247 0.32386968187119125 -0.71715973350643
    outer loop
      vertex -7.916729641045136 7.243557075270029 0.8
      vertex -7.0988085985368805 7.0304981265926365 0
      vertex -7.276753453940842 6.691452531430045 0
    endloop
  endfacet
  facet normal 0 0 -1
    outer loop
      vertex -7.276753453940842 6.691452531430045 0
      vertex -7.0988085985368805 7.0304981265926365 0
      vertex -6.7836839096340285 7.248012994148333 0
    endloop
  endfacet
  facet normal -0.5840628148164625 0.4031494525272642 -0.7045148311253908
    outer loop
      vertex -7.916729641045136 7.243557075270029 0.8
      vertex -7.697617197073762 7.560996253185273 0.8
      vertex -7.0988085985368805 7.0304981265926365 0
    endloop
  endfacet
  facet normal -0.4706110318701422 0.5312100426446043 -0.7045148311253907
    outer loop
      vertex -7.697617197073762 7.560996253185273 0.8
      vertex -7.408903594769849 7.81677418542985 0.8
      vertex -7.0988085985368805 7.0304981265926365 0
    endloop
  endfacet
  facet normal -0.39588933772541 0.5735447226784703 -0.7171597335064294
    outer loop
      vertex -7.0988085985368805 7.0304981265926365 0
      vertex -7.408903594769849 7.81677418542985 0.8
      vertex -6.7836839096340285 7.248012994148333 0
    endloop
  endfacet
  facet normal -0.663122658240793 0.7485107481711031 -4.646282017972061e-16
    outer loop
      vertex -7.697617197073762 7.560996253185273 0.8
      vertex -7.694781851227729 7.563508150414602 2.6
      vertex -7.408903594769849 7.81677418542985 0.8
    endloop
  endfacet
  facet normal -0.08400307674871794 0.6918275794833103 -0.7171597335064295
    outer loop
      vertex -6.7836839096340285 7.248012994148333 0
      vertex -6.692858688408517 8.088334198556886 0.8
      vertex -6.4035706557957415 7.294167099278443 0
    endloop
  endfacet
  facet normal 0 0 -1
    outer loop
      vertex -7.694781851227729 7.563508150414602 2.6
      vertex -7.689031720763831 7.570608970174174 2.6
      vertex -7.570608970174173 7.689031720763829 2.6
    endloop
  endfacet
  facet normal 0 0 -1
    outer loop
      vertex -7.694781851227729 7.563508150414602 2.6
      vertex -7.570608970174173 7.689031720763829 2.6
      vertex -7.440456403667957 7.794427190999915 2.6
    endloop
  endfacet
  facet normal -0.32980904635303515 0.6283986359533762 -0.7045148311253907
    outer loop
      vertex -6.7836839096340285 7.248012994148333 0
      vertex -7.408903594769849 7.81677418542985 0.8
      vertex -7.067367819268057 7.996025988296665 0.8
    endloop
  endfacet
  facet normal -0.6631226582407894 0.7485107481711062 5.146219240616846e-16
    outer loop
      vertex -7.694781851227729 7.563508150414602 2.6
      vertex -7.416752399101127 7.809820751554803 2.6
      vertex -7.408903594769849 7.81677418542985 0.8
    endloop
  endfacet
  facet normal -0.6631226582408567 0.7485107481710465 0
    outer loop
      vertex -7.408903594769849 7.81677418542985 0.8
      vertex -7.416752399101127 7.809820751554803 2.6
      vertex -7.408903594769849 7.81677418542985 2.601559011691487
    endloop
  endfacet
  facet normal -0.4647231720437748 0.8854560256532067 0
    outer loop
      vertex -7.408903594769849 7.81677418542985 0.8
      vertex -7.408903594769849 7.81677418542985 2.601559011691487
      vertex -7.394001099184193 7.824595618475975 2.6
    endloop
  endfacet
  facet normal -0.4647231720437729 0.8854560256532076 -1.9461739269819497e-17
    outer loop
      vertex -7.408903594769849 7.81677418542985 0.8
      vertex -7.394001099184193 7.824595618475975 2.6
      vertex -7.067367819268057 7.996025988296665 0.8
    endloop
  endfacet
  facet normal -0.4647231720437748 0.8854560256532067 -4.2380419900040076e-16
    outer loop
      vertex -7.067367819268057 7.996025988296665 0.8
      vertex -7.394001099184193 7.824595618475975 2.6
      vertex -7.083929777459435 7.987333602087791 2.6
    endloop
  endfacet
  facet normal -0.46472317204373853 0.8854560256532256 0
    outer loop
      vertex -7.067367819268057 7.996025988296665 0.8
      vertex -7.083929777459435 7.987333602087791 2.6
      vertex -7.067367819268057 7.996025988296665 2.6021827580206676
    endloop
  endfacet
  facet normal -0.23931566428754822 0.9709418174260543 0
    outer loop
      vertex -7.067367819268057 7.996025988296665 0.8
      vertex -7.067367819268057 7.996025988296665 2.6021827580206676
      vertex -7.050373051342019 8.0002148223778 2.6
    endloop
  endfacet
  facet normal -0.16983975786898511 0.6890669846766472 -0.7045148311253906
    outer loop
      vertex -6.7836839096340285 7.248012994148333 0
      vertex -7.067367819268057 7.996025988296665 0.8
      vertex -6.692858688408517 8.088334198556886 0.8
    endloop
  endfacet
  facet normal -0.23931566428755346 0.9709418174260531 5.2303138954645664e-17
    outer loop
      vertex -7.067367819268057 7.996025988296665 0.8
      vertex -7.050373051342019 8.0002148223778 2.6
      vertex -6.692858688408517 8.088334198556886 0.8
    endloop
  endfacet
  facet normal -0.23931566428755052 0.9709418174260538 6.75325075881543e-16
    outer loop
      vertex -6.692858688408517 8.088334198556886 0.8
      vertex -7.050373051342019 8.0002148223778 2.6
      vertex -6.7059798717298165 8.0851001173314 2.6
    endloop
  endfacet
  facet normal -0.23931566428763784 0.9709418174260322 0
    outer loop
      vertex -6.692858688408517 8.088334198556886 0.8
      vertex -6.7059798717298165 8.0851001173314 2.6
      vertex -6.692858688408517 8.088334198556886 2.601143225776581
    endloop
  endfacet
  facet normal 0 1 0
    outer loop
      vertex -6.692858688408517 8.088334198556886 0.8
      vertex -6.692858688408517 8.088334198556886 2.601143225776581
      vertex -6.685560686493833 8.088334198556886 2.6
    endloop
  endfacet
  facet normal 0 0 -1
    outer loop
      vertex -7.694781851227729 7.563508150414602 2.6
      vertex -7.440456403667957 7.794427190999915 2.6
      vertex -7.416752399101127 7.809820751554803 2.6
    endloop
  endfacet
  facet normal 0 0 -1
    outer loop
      vertex -7.394001099184193 7.824595618475975 2.6
      vertex -7.3 7.885640646055101 2.6
      vertex -7.15077862892128 7.961672732228163 2.6
    endloop
  endfacet
  facet normal 0 0 -1
    outer loop
      vertex -7.394001099184193 7.824595618475975 2.6
      vertex -7.15077862892128 7.961672732228163 2.6
      vertex -7.083929777459435 7.987333602087791 2.6
    endloop
  endfacet
  facet normal -0.32123980948750647 0.6304686248866391 -0.7066217501846239
    outer loop
      vertex -8.139902451720708 9.872420488142073 4.754494194629793
      vertex -7.15077862892128 7.961672732228163 2.6
      vertex -7.3 7.885640646055101 2.6
    endloop
  endfacet
  facet normal -0.2535781077013902 0.6605935554186112 -0.7066217501846233
    outer loop
      vertex -7.772145747942614 10.027626000016376 4.754364074313395
      vertex -7.083929777459435 7.987333602087791 2.6
      vertex -7.15077862892128 7.961672732228163 2.6
    endloop
  endfacet
  facet normal -0.2535781077013584 0.6605935554186229 -0.706621750184624
    outer loop
      vertex -7.772145747942614 10.027626000016376 4.754364074313395
      vertex -7.067367819268057 7.996025988296665 2.6021827580206676
      vertex -7.083929777459435 7.987333602087791 2.6
    endloop
  endfacet
  facet normal -0.25357810770136885 0.6605935554186181 -0.7066217501846246
    outer loop
      vertex -7.772145747942614 10.027626000016376 4.754364074313395
      vertex -7.050373051342019 8.0002148223778 2.6
      vertex -7.067367819268057 7.996025988296665 2.6021827580206676
    endloop
  endfacet
  facet normal -0.25357810770138467 0.6605935554186129 -0.706621750184624
    outer loop
      vertex -7.772145747942614 10.027626000016376 4.754364074313395
      vertex -6.994427190999916 8.021690426072247 2.6
      vertex -7.050373051342019 8.0002148223778 2.6
    endloop
  endfacet
  facet normal -0.18313815110264497 0.6834808847193341 -0.706621750184624
    outer loop
      vertex -6.994427190999916 8.021690426072247 2.6
      vertex -7.38997512451668 10.142862099742661 4.75422212659157
      vertex -6.832658705308415 8.065036161174088 2.6
    endloop
  endfacet
  facet normal 0 0 -1
    outer loop
      vertex -7.050373051342019 8.0002148223778 2.6
      vertex -6.994427190999916 8.021690426072247 2.6
      vertex -6.832658705308415 8.065036161174088 2.6
    endloop
  endfacet
  facet normal 0 0 -1
    outer loop
      vertex -7.050373051342019 8.0002148223778 2.6
      vertex -6.832658705308415 8.065036161174088 2.6
      vertex -6.7059798717298165 8.0851001173314 2.6
    endloop
  endfacet
  facet normal 0 0 -1
    outer loop
      vertex -6.685560686493833 8.088334198556886 2.6
      vertex -6.667245541228246 8.091235032589239 2.6
      vertex -6.5 8.100000000000001 2.6
    endloop
  endfacet
  facet normal -0.11069169459632806 0.6988798544194933 -0.7066217501846238
    outer loop
      vertex -6.832658705308415 8.065036161174088 2.6
      vertex -6.997720727313957 10.216823116265026 4.754068351911496
      vertex -6.7059798717298165 8.0851001173314 2.6
    endloop
  endfacet
  facet normal -0.11069169459639455 0.6988798544194835 -0.7066217501846231
    outer loop
      vertex -6.7059798717298165 8.0851001173314 2.6
      vertex -6.997720727313957 10.216823116265026 4.754068351911496
      vertex -6.692858688408517 8.088334198556886 2.601143225776581
    endloop
  endfacet
  facet normal -0.11069169459633307 0.6988798544194929 -0.7066217501846235
    outer loop
      vertex -6.685560686493833 8.088334198556886 2.6
      vertex -6.997720727313957 10.216823116265026 4.754068351911496
      vertex -6.667245541228246 8.091235032589239 2.6
    endloop
  endfacet
  facet normal -0.11069169459634715 0.6988798544194907 -0.7066217501846235
    outer loop
      vertex -6.692858688408517 8.088334198556886 2.601143225776581
      vertex -6.997720727313957 10.216823116265026 4.754068351911496
      vertex -6.685560686493833 8.088334198556886 2.6
    endloop
  endfacet
  facet normal -0.03703247672027087 0.7066217501846244 -0.7066217501846238
    outer loop
      vertex -6.667245541228246 8.091235032589239 2.6
      vertex -6.599826955391656 10.248671041712946 4.75390275075761
      vertex -6.5 8.100000000000001 2.6
    endloop
  endfacet
  facet normal -0.2535781077013807 0.6605935554186143 -0.706621750184624
    outer loop
      vertex -8.023390990057557 9.921592184703623 4.745398935629348
      vertex -7.772145747942614 10.027626000016376 4.754364074313395
      vertex -7.15077862892128 7.961672732228163 2.6
    endloop
  endfacet
  facet normal -0.2535781077013798 0.6605935554186148 -0.7066217501846239
    outer loop
      vertex -7.772145747942614 10.027626000016376 4.754364074313395
      vertex -7.657433859059054 10.062215133395274 4.74553464737501
      vertex -6.994427190999916 8.021690426072247 2.6
    endloop
  endfacet
  facet normal -0.18313815110264983 0.683480884719333 -0.7066217501846237
    outer loop
      vertex -6.994427190999916 8.021690426072247 2.6
      vertex -7.657433859059054 10.062215133395274 4.74553464737501
      vertex -7.38997512451668 10.142862099742661 4.75422212659157
    endloop
  endfacet
  facet normal -0.18313815110263562 0.6834808847193363 -0.7066217501846243
    outer loop
      vertex -6.832658705308415 8.065036161174088 2.6
      vertex -7.38997512451668 10.142862099742661 4.75422212659157
      vertex -7.278771113113827 10.163830027147355 4.745682169438188
    endloop
  endfacet
  facet normal -0.11069169459633262 0.6988798544194927 -0.7066217501846237
    outer loop
      vertex -6.832658705308415 8.065036161174088 2.6
      vertex -7.278771113113827 10.163830027147355 4.745682169438188
      vertex -6.997720727313957 10.216823116265026 4.754068351911496
    endloop
  endfacet
  facet normal -0.1106916945963392 0.6988798544194919 -0.7066217501846236
    outer loop
      vertex -6.667245541228246 8.091235032589239 2.6
      vertex -6.997720727313957 10.216823116265026 4.754068351911496
      vertex -6.891547056072364 10.225321392450397 4.745841504143961
    endloop
  endfacet
  facet normal -0.03703247672026931 0.7066217501846245 -0.7066217501846239
    outer loop
      vertex -6.667245541228246 8.091235032589239 2.6
      vertex -6.891547056072364 10.225321392450397 4.745841504143961
      vertex -6.599826955391656 10.248671041712946 4.75390275075761
    endloop
  endfacet
  facet normal -0.03703247672027307 0.7066217501846244 -0.7066217501846238
    outer loop
      vertex -6.5 8.100000000000001 2.6
      vertex -6.599826955391656 10.248671041712946 4.75390275075761
      vertex -6.5 10.248671041712946 4.748671041712946
    endloop
  endfacet
  facet normal 0 0 -1
    outer loop
      vertex -7.0988085985368805 -5.9695018734073635 0
      vertex -6.7836839096340285 7.248012994148333 0
      vertex 6.954451797384927 7.158387092714925 0
    endloop
  endfacet
  facet normal 0 0 -1
    outer loop
      vertex -6.7836839096340285 7.248012994148333 0
      vertex -6.4035706557957415 7.294167099278443 0
      vertex 6.59642934420426 7.294167099278443 0
    endloop
  endfacet
  facet normal 0 0.7096892649070877 -0.7045148311253905
    outer loop
      vertex -6.4035706557957415 7.294167099278443 0
      vertex -6.692858688408517 8.088334198556886 0.8
      vertex 6.59642934420426 7.294167099278443 0
    endloop
  endfacet
  facet normal 0 1 0
    outer loop
      vertex -6.692858688408517 8.088334198556886 0.8
      vertex -6.685560686493833 8.088334198556886 2.6
      vertex 6.692858688408517 8.088334198556886 0.8
    endloop
  endfacet
  facet normal 0 0 -1
    outer loop
      vertex -6.685560686493833 8.088334198556886 2.6
      vertex -6.5 8.100000000000001 2.6
      vertex 6.5 8.100000000000001 2.6
    endloop
  endfacet
  facet normal 0 0.7071067811865477 -0.7071067811865472
    outer loop
      vertex -6.5 8.100000000000001 2.6
      vertex -6.5 10.248671041712946 4.748671041712946
      vertex 6.5 8.100000000000001 2.6
    endloop
  endfacet
  facet normal 0 -1 0
    outer loop
      vertex -6.692858688408516 -8.088334198556886 0.8
      vertex 6.692858688408517 -8.088334198556886 0.8
      vertex 6.685560686493826 -8.088334198556886 2.6
    endloop
  endfacet
  facet normal 0 -0.7071067811865476 -0.7071067811865474
    outer loop
      vertex -6.5 -8.1 2.6
      vertex 6.5 -8.1 2.6
      vertex 6.400173044608344 -10.248671041712948 4.7486710417129485
    endloop
  endfacet
  facet normal 0 0 -1
    outer loop
      vertex -6.5 -8.1 2.6
      vertex 6.685560686493826 -8.088334198556886 2.6
      vertex 6.5 -8.1 2.6
    endloop
  endfacet
  facet normal 0 0 -1
    outer loop
      vertex -7.0988085985368805 -7.0304981265926365 0
      vertex 6.954451797384927 -7.158387092714925 0
      vertex 6.59642934420426 -7.294167099278443 0
    endloop
  endfacet
  facet normal 0 -0.7096892649070877 -0.7045148311253905
    outer loop
      vertex -6.4035706557957415 -7.294167099278443 0
      vertex 6.59642934420426 -7.294167099278443 0
      vertex 6.692858688408517 -8.088334198556886 0.8
    endloop
  endfacet
  facet normal 0 0 -1
    outer loop
      vertex -7.0988085985368805 -7.0304981265926365 0
      vertex 6.954451797384927 7.158387092714925 0
      vertex 6.954451797384927 -7.158387092714925 0
    endloop
  endfacet
  facet normal 6.3043169134707715e-15 -0.7071067811865477 -0.7071067811865472
    outer loop
      vertex 6.400173044608344 -10.248671041712948 4.7486710417129485
      vertex 6.5 -8.1 2.6
      vertex 6.5 -10.246012654003842 4.746012654003843
    endloop
  endfacet
  facet normal 0.03703247672026931 -0.7066217501846244 -0.7066217501846239
    outer loop
      vertex 6.5 -10.246012654003842 4.746012654003843
      vertex 6.5 -8.1 2.6
      vertex 6.7991978958240615 -10.238045026365313 4.7537253236516115
    endloop
  endfacet
  facet normal 0.03703247672026961 -0.7066217501846244 -0.706621750184624
    outer loop
      vertex 6.7991978958240615 -10.238045026365313 4.7537253236516115
      vertex 6.667245541228247 -8.091235032589237 2.6
      vertex 6.891584071437968 -10.225673570129183 4.746195621715859
    endloop
  endfacet
  facet normal 0.11069169459632579 -0.6988798544194937 -0.7066217501846239
    outer loop
      vertex 6.891584071437968 -10.225673570129183 4.746195621715859
      vertex 6.667245541228247 -8.091235032589237 2.6
      vertex 7.194832715326676 -10.185065467221953 4.753536071152445
    endloop
  endfacet
  facet normal 0.11069169459632394 -0.6988798544194939 -0.706621750184624
    outer loop
      vertex 7.194832715326676 -10.185065467221953 4.753536071152445
      vertex 6.832658705308415 -8.065036161174088 2.6
      vertex 7.278918364640774 -10.164522791114706 4.746390410164667
    endloop
  endfacet
  facet normal 0.1831381511026536 -0.6834808847193318 -0.7066217501846241
    outer loop
      vertex 7.278918364640774 -10.164522791114706 4.746390410164667
      vertex 6.832658705308415 -8.065036161174088 2.6
      vertex 7.58259480252358 -10.09033264385752 4.753334993856318
    endloop
  endfacet
  facet normal 0.1831381511026528 -0.6834808847193319 -0.7066217501846241
    outer loop
      vertex 7.58259480252358 -10.09033264385752 4.753334993856318
      vertex 6.9944271909999145 -8.021690426072245 2.6
      vertex 7.657762151002867 -10.063225512106138 4.746597022421659
    endloop
  endfacet
  facet normal 0.2535781077013772 -0.6605935554186153 -0.7066217501846243
    outer loop
      vertex 7.657762151002867 -10.063225512106138 4.746597022421659
      vertex 6.9944271909999145 -8.021690426072245 2.6
      vertex 7.958090658024954 -9.954919917014049 4.753122092396683
    endloop
  endfacet
  facet normal 0.1698397578689883 -0.6890669846766468 -0.7045148311253903
    outer loop
      vertex 6.692858688408517 -8.088334198556886 0.8
      vertex 6.59642934420426 -7.294167099278443 0
      vertex 7.067367819268057 -7.9960259882966636 0.8
    endloop
  endfacet
  facet normal 0 -1 0
    outer loop
      vertex 6.692858688408517 -8.088334198556886 0.8
      vertex 6.692858688408517 -8.088334198556886 2.6011432257765823
      vertex 6.685560686493826 -8.088334198556886 2.6
    endloop
  endfacet
  facet normal 0.23931566428757847 -0.9709418174260469 0
    outer loop
      vertex 6.692858688408517 -8.088334198556886 0.8
      vertex 6.705979871729827 -8.085100117331399 2.6
      vertex 6.692858688408517 -8.088334198556886 2.6011432257765823
    endloop
  endfacet
  facet normal 0.23931566428755785 -0.970941817426052 -1.4150833195233227e-16
    outer loop
      vertex 6.692858688408517 -8.088334198556886 0.8
      vertex 7.067367819268057 -7.9960259882966636 0.8
      vertex 7.050373051342021 -8.000214822377798 2.6
    endloop
  endfacet
  facet normal 0.23931566428755632 -0.9709418174260525 1.7139904547750395e-16
    outer loop
      vertex 6.692858688408517 -8.088334198556886 0.8
      vertex 7.050373051342021 -8.000214822377798 2.6
      vertex 6.705979871729827 -8.085100117331399 2.6
    endloop
  endfacet
  facet normal 0.4647231720437684 -0.88545602565321 9.951637205290463e-17
    outer loop
      vertex 7.067367819268057 -7.9960259882966636 0.8
      vertex 7.40890359476985 -7.81677418542985 0.8
      vertex 7.394001099184198 -7.824595618475972 2.6
    endloop
  endfacet
  facet normal 0.2393156642875718 -0.9709418174260485 0
    outer loop
      vertex 7.067367819268057 -7.9960259882966636 0.8
      vertex 7.067367819268057 -7.9960259882966636 2.6021827580206676
      vertex 7.050373051342021 -8.000214822377798 2.6
    endloop
  endfacet
  facet normal 0.46472317204373853 -0.8854560256532256 0
    outer loop
      vertex 7.067367819268057 -7.9960259882966636 0.8
      vertex 7.083929777459435 -7.987333602087789 2.6
      vertex 7.067367819268057 -7.9960259882966636 2.6021827580206676
    endloop
  endfacet
  facet normal 0.46472317204377045 -0.8854560256532089 -3.737078165340472e-16
    outer loop
      vertex 7.067367819268057 -7.9960259882966636 0.8
      vertex 7.394001099184198 -7.824595618475972 2.6
      vertex 7.083929777459435 -7.987333602087789 2.6
    endloop
  endfacet
  facet normal 0.46472317204375924 -0.8854560256532148 0
    outer loop
      vertex 7.40890359476985 -7.81677418542985 0.8
      vertex 7.40890359476985 -7.81677418542985 2.601559011691487
      vertex 7.394001099184198 -7.824595618475972 2.6
    endloop
  endfacet
  facet normal 0.6631226582408353 -0.7485107481710657 0
    outer loop
      vertex 7.40890359476985 -7.81677418542985 0.8
      vertex 7.416752399101124 -7.809820751554806 2.6
      vertex 7.40890359476985 -7.81677418542985 2.601559011691487
    endloop
  endfacet
  facet normal 0.6631226582407937 -0.7485107481711023 3.222888710118563e-16
    outer loop
      vertex 7.40890359476985 -7.81677418542985 0.8
      vertex 7.69478185122772 -7.5635081504146084 2.6
      vertex 7.416752399101124 -7.809820751554806 2.6
    endloop
  endfacet
  facet normal 0.03703247672027123 -0.7066217501846243 -0.7066217501846239
    outer loop
      vertex 6.7991978958240615 -10.238045026365313 4.7537253236516115
      vertex 6.5 -8.1 2.6
      vertex 6.667245541228247 -8.091235032589237 2.6
    endloop
  endfacet
  facet normal 0.11069169459632147 -0.698879854419494 -0.7066217501846244
    outer loop
      vertex 7.194832715326676 -10.185065467221953 4.753536071152445
      vertex 6.667245541228247 -8.091235032589237 2.6
      vertex 6.685560686493826 -8.088334198556886 2.6
    endloop
  endfacet
  facet normal 0.11069169459637457 -0.6988798544194835 -0.7066217501846265
    outer loop
      vertex 7.194832715326676 -10.185065467221953 4.753536071152445
      vertex 6.685560686493826 -8.088334198556886 2.6
      vertex 6.692858688408517 -8.088334198556886 2.6011432257765823
    endloop
  endfacet
  facet normal 0.11069169459632203 -0.6988798544194932 -0.706621750184625
    outer loop
      vertex 7.194832715326676 -10.185065467221953 4.753536071152445
      vertex 6.692858688408517 -8.088334198556886 2.6011432257765823
      vertex 6.705979871729827 -8.085100117331399 2.6
    endloop
  endfacet
  facet normal 0.11069169459632833 -0.6988798544194932 -0.706621750184624
    outer loop
      vertex 7.194832715326676 -10.185065467221953 4.753536071152445
      vertex 6.705979871729827 -8.085100117331399 2.6
      vertex 6.832658705308415 -8.065036161174088 2.6
    endloop
  endfacet
  facet normal 0 0 -1
    outer loop
      vertex 6.5 -8.1 2.6
      vertex 6.685560686493826 -8.088334198556886 2.6
      vertex 6.667245541228247 -8.091235032589237 2.6
    endloop
  endfacet
  facet normal 0 0 -1
    outer loop
      vertex 6.705979871729827 -8.085100117331399 2.6
      vertex 7.050373051342021 -8.000214822377798 2.6
      vertex 6.832658705308415 -8.065036161174088 2.6
    endloop
  endfacet
  facet normal 0 0 -1
    outer loop
      vertex 6.832658705308415 -8.065036161174088 2.6
      vertex 7.050373051342021 -8.000214822377798 2.6
      vertex 6.9944271909999145 -8.021690426072245 2.6
    endloop
  endfacet
  facet normal 0.183138151102654 -0.6834808847193317 -0.706621750184624
    outer loop
      vertex 7.58259480252358 -10.09033264385752 4.753334993856318
      vertex 6.832658705308415 -8.065036161174088 2.6
      vertex 6.9944271909999145 -8.021690426072245 2.6
    endloop
  endfacet
  facet normal 0.2535781077013716 -0.6605935554186179 -0.7066217501846239
    outer loop
      vertex 6.9944271909999145 -8.021690426072245 2.6
      vertex 7.050373051342021 -8.000214822377798 2.6
      vertex 7.958090658024954 -9.954919917014049 4.753122092396683
    endloop
  endfacet
  facet normal 0.2535781077013926 -0.660593555418609 -0.7066217501846247
    outer loop
      vertex 7.050373051342021 -8.000214822377798 2.6
      vertex 7.067367819268057 -7.9960259882966636 2.6021827580206676
      vertex 7.958090658024954 -9.954919917014049 4.753122092396683
    endloop
  endfacet
  facet normal 0.2535781077013598 -0.6605935554186227 -0.7066217501846236
    outer loop
      vertex 7.067367819268057 -7.9960259882966636 2.6021827580206676
      vertex 7.083929777459435 -7.987333602087789 2.6
      vertex 7.958090658024954 -9.954919917014049 4.753122092396683
    endloop
  endfacet
  facet normal 0.25357810770138206 -0.6605935554186135 -0.7066217501846243
    outer loop
      vertex 7.083929777459435 -7.987333602087789 2.6
      vertex 7.15077862892128 -7.961672732228162 2.6
      vertex 7.958090658024954 -9.954919917014049 4.753122092396683
    endloop
  endfacet
  facet normal 0.32123980948750175 -0.6304686248866411 -0.7066217501846243
    outer loop
      vertex 7.15077862892128 -7.961672732228162 2.6
      vertex 7.300000000000001 -7.885640646055101 2.6
      vertex 8.317065763747436 -9.780361566994856 4.752897367444247
    endloop
  endfacet
  facet normal 0 0 -1
    outer loop
      vertex 7.083929777459435 -7.987333602087789 2.6
      vertex 7.394001099184198 -7.824595618475972 2.6
      vertex 7.15077862892128 -7.961672732228162 2.6
    endloop
  endfacet
  facet normal 0 0 -1
    outer loop
      vertex 7.15077862892128 -7.961672732228162 2.6
      vertex 7.394001099184198 -7.824595618475972 2.6
      vertex 7.300000000000001 -7.885640646055101 2.6
    endloop
  endfacet
  facet normal 0 0 -1
    outer loop
      vertex 7.416752399101124 -7.809820751554806 2.6
      vertex 7.69478185122772 -7.5635081504146084 2.6
      vertex 7.440456403667959 -7.794427190999916 2.6
    endloop
  endfacet
  facet normal 0.24712727676428364 -0.651621075254673 -0.7171597335064295
    outer loop
      vertex 7.067367819268057 -7.9960259882966636 0.8
      vertex 6.59642934420426 -7.294167099278443 0
      vertex 6.954451797384927 -7.158387092714925 0
    endloop
  endfacet
  facet normal 0.3298090463530322 -0.6283986359533783 -0.7045148311253902
    outer loop
      vertex 7.067367819268057 -7.9960259882966636 0.8
      vertex 6.954451797384927 -7.158387092714925 0
      vertex 7.40890359476985 -7.81677418542985 0.8
    endloop
  endfacet
  facet normal 0.47061103187014425 -0.5312100426446034 -0.70451483112539
    outer loop
      vertex 7.40890359476985 -7.81677418542985 0.8
      vertex 6.954451797384927 -7.158387092714925 0
      vertex 7.697617197073761 -7.560996253185273 0.8
    endloop
  endfacet
  facet normal 0.5216437493771275 -0.4621360355704366 -0.7171597335064294
    outer loop
      vertex 6.954451797384927 -7.158387092714925 0
      vertex 7.2083648205225686 -6.871778537635015 0
      vertex 7.697617197073761 -7.560996253185273 0.8
    endloop
  endfacet
  facet normal 0.584062814816461 -0.40314945252726647 -0.7045148311253907
    outer loop
      vertex 7.2083648205225686 -6.871778537635015 0
      vertex 7.916729641045137 -7.243557075270029 0.8
      vertex 7.697617197073761 -7.560996253185273 0.8
    endloop
  endfacet
  facet normal 0.6631226582407953 -0.7485107481711011 -9.791668007131652e-17
    outer loop
      vertex 7.40890359476985 -7.81677418542985 0.8
      vertex 7.697617197073761 -7.560996253185273 0.8
      vertex 7.69478185122772 -7.5635081504146084 2.6
    endloop
  endfacet
  facet normal 0 0 -1
    outer loop
      vertex 6.954451797384927 -7.158387092714925 0
      vertex 7.300000000000001 -6.5 0
      vertex 7.2083648205225686 -6.871778537635015 0
    endloop
  endfacet
  facet normal 0.6766579254963347 -0.16678119947998787 -0.7171597335064295
    outer loop
      vertex 7.2083648205225686 -6.871778537635015 0
      vertex 7.300000000000001 -6.5 0
      vertex 8.053506907881683 -6.882905062860093 0.8
    endloop
  endfacet
  facet normal 0 0 -1
    outer loop
      vertex 7.440456403667959 -7.794427190999916 2.6
      vertex 7.689031720763829 -7.570608970174173 2.6
      vertex 7.570608970174174 -7.689031720763831 2.6
    endloop
  endfacet
  facet normal 0 0 -1
    outer loop
      vertex 7.440456403667959 -7.794427190999916 2.6
      vertex 7.69478185122772 -7.5635081504146084 2.6
      vertex 7.689031720763829 -7.570608970174173 2.6
    endloop
  endfacet
  facet normal 0.2535781077013848 -0.6605935554186128 -0.706621750184624
    outer loop
      vertex 7.15077862892128 -7.961672732228162 2.6
      vertex 8.023967143134701 -9.92288624570228 4.746815461745078
      vertex 7.958090658024954 -9.954919917014049 4.753122092396683
    endloop
  endfacet
  facet normal 0.32123980948750286 -0.6304686248866407 -0.706621750184624
    outer loop
      vertex 7.15077862892128 -7.961672732228162 2.6
      vertex 8.317065763747436 -9.780361566994856 4.752897367444247
      vertex 8.023967143134701 -9.92288624570228 4.746815461745078
    endloop
  endfacet
  facet normal 0.3212398094875059 -0.6304686248866391 -0.7066217501846239
    outer loop
      vertex 7.300000000000001 -7.885640646055101 2.6
      vertex 8.373522865790079 -9.745036792690462 4.747045731580156
      vertex 8.317065763747436 -9.780361566994856 4.752897367444247
    endloop
  endfacet
  facet normal 0.3853819406971215 -0.5934361481663708 -0.7066217501846243
    outer loop
      vertex 7.300000000000001 -7.885640646055101 2.6
      vertex 8.655452788304025 -9.568635409655634 4.752660819706963
      vertex 8.373522865790079 -9.745036792690462 4.747045731580156
    endloop
  endfacet
  facet normal 0.38538194069711984 -0.5934361481663722 -0.706621750184624
    outer loop
      vertex 7.300000000000001 -7.885640646055101 2.6
      vertex 7.394001099184198 -7.824595618475972 2.6
      vertex 8.655452788304025 -9.568635409655634 4.752660819706963
    endloop
  endfacet
  facet normal 0.3853819406971168 -0.5934361481663742 -0.7066217501846238
    outer loop
      vertex 7.394001099184198 -7.824595618475972 2.6
      vertex 7.40890359476985 -7.81677418542985 2.601559011691487
      vertex 8.655452788304025 -9.568635409655634 4.752660819706963
    endloop
  endfacet
  facet normal 0.3853819406971413 -0.5934361481663576 -0.7066217501846246
    outer loop
      vertex 7.40890359476985 -7.81677418542985 2.601559011691487
      vertex 7.416752399101124 -7.809820751554806 2.6
      vertex 8.655452788304025 -9.568635409655634 4.752660819706963
    endloop
  endfacet
  facet normal 0.3853819406971115 -0.5934361481663777 -0.7066217501846238
    outer loop
      vertex 7.416752399101124 -7.809820751554806 2.6
      vertex 7.440456403667959 -7.794427190999916 2.6
      vertex 8.655452788304025 -9.568635409655634 4.752660819706963
    endloop
  endfacet
  facet normal 0.38538194069712023 -0.5934361481663717 -0.7066217501846241
    outer loop
      vertex 7.440456403667959 -7.794427190999916 2.6
      vertex 8.702600525836697 -9.531619541781929 4.747287835559227
      vertex 8.655452788304025 -9.568635409655634 4.752660819706963
    endloop
  endfacet
  facet normal 0.44530174671811557 -0.5499018608222871 -0.706621750184624
    outer loop
      vertex 7.440456403667959 -7.794427190999916 2.6
      vertex 7.570608970174174 -7.689031720763831 2.6
      vertex 8.969417671493893 -9.32214038696052 4.752412449930031
    endloop
  endfacet
  facet normal 0.5003427336166827 -0.5003427336166715 -0.7066217501846243
    outer loop
      vertex 7.570608970174174 -7.689031720763831 2.6
      vertex 7.689031720763829 -7.570608970174173 2.6
      vertex 9.255403065736502 -9.04366938601106 4.75215225889589
    endloop
  endfacet
  facet normal 0.5499018608222862 -0.4453017467181176 -0.7066217501846236
    outer loop
      vertex 9.510168642241112 -8.73637759451938 4.7518802474242205
      vertex 7.689031720763829 -7.570608970174173 2.6
      vertex 7.69478185122772 -7.5635081504146084 2.6
    endloop
  endfacet
  facet normal 0.5499018608223526 -0.4453017467180495 -0.7066217501846147
    outer loop
      vertex 9.510168642241112 -8.73637759451938 4.7518802474242205
      vertex 7.69478185122772 -7.5635081504146084 2.6
      vertex 7.697617197073761 -7.560996253185273 2.6006235439722856
    endloop
  endfacet
  facet normal 0.5499018608222969 -0.44530174671810246 -0.7066217501846248
    outer loop
      vertex 9.510168642241112 -8.73637759451938 4.7518802474242205
      vertex 7.697617197073761 -7.560996253185273 2.6006235439722856
      vertex 7.702244036520376 -7.554293119015169 2.6
    endloop
  endfacet
  facet normal 0.44530174671811557 -0.5499018608222872 -0.706621750184624
    outer loop
      vertex 7.440456403667959 -7.794427190999916 2.6
      vertex 8.969417671493893 -9.32214038696052 4.752412449930031
      vertex 8.702600525836697 -9.531619541781929 4.747287835559227
    endloop
  endfacet
  facet normal 0.445301746718113 -0.5499018608222889 -0.7066217501846244
    outer loop
      vertex 7.570608970174174 -7.689031720763831 2.6
      vertex 9.007594901934993 -9.284966280210885 4.7475417775018895
      vertex 8.969417671493893 -9.32214038696052 4.752412449930031
    endloop
  endfacet
  facet normal 0.500342733616678 -0.5003427336166769 -0.7066217501846239
    outer loop
      vertex 7.570608970174174 -7.689031720763831 2.6
      vertex 9.255403065736502 -9.04366938601106 4.75215225889589
      vertex 9.007594901934993 -9.284966280210885 4.7475417775018895
    endloop
  endfacet
  facet normal 0.5003427336166772 -0.5003427336166772 -0.7066217501846241
    outer loop
      vertex 9.255403065736502 -9.04366938601106 4.75215225889589
      vertex 7.689031720763829 -7.570608970174173 2.6
      vertex 9.285163796150705 -9.00777274608602 4.747807561415131
    endloop
  endfacet
  facet normal 0.5499018608222883 -0.4453017467181138 -0.7066217501846243
    outer loop
      vertex 9.285163796150705 -9.00777274608602 4.747807561415131
      vertex 7.689031720763829 -7.570608970174173 2.6
      vertex 9.510168642241112 -8.73637759451938 4.7518802474242205
    endloop
  endfacet
  facet normal 0.5499018608222853 -0.44530174671811806 -0.7066217501846239
    outer loop
      vertex 9.510168642241112 -8.73637759451938 4.7518802474242205
      vertex 7.702244036520376 -7.554293119015169 2.6
      vertex 7.794427190999915 -7.440456403667957 2.6
    endloop
  endfacet
  facet normal 0.593436148166369 -0.38538194069712406 -0.7066217501846244
    outer loop
      vertex 9.730827805226774 -8.40374675127065 4.751596416371947
      vertex 7.794427190999915 -7.440456403667957 2.6
      vertex 7.885640646055101 -7.3 2.6
    endloop
  endfacet
  facet normal 0.5499018608222751 -0.4453017467181308 -0.7066217501846238
    outer loop
      vertex 9.510168642241112 -8.73637759451938 4.7518802474242205
      vertex 7.794427190999915 -7.440456403667957 2.6
      vertex 9.532264616283317 -8.703069199895687 4.7480851914934945
    endloop
  endfacet
  facet normal 0.5934361481663692 -0.38538194069712345 -0.7066217501846244
    outer loop
      vertex 9.532264616283317 -8.703069199895687 4.7480851914934945
      vertex 7.794427190999915 -7.440456403667957 2.6
      vertex 9.730827805226774 -8.40374675127065 4.751596416371947
    endloop
  endfacet
  facet normal 0.5934361481663519 -0.3853819406971513 -0.7066217501846237
    outer loop
      vertex 9.730827805226774 -8.40374675127065 4.751596416371947
      vertex 7.885640646055101 -7.3 2.6
      vertex 9.746187688957438 -8.374187336059624 4.7483746721192475
    endloop
  endfacet
  facet normal 0.6304686248866428 -0.32123980948749736 -0.7066217501846246
    outer loop
      vertex 9.746187688957438 -8.374187336059624 4.7483746721192475
      vertex 7.885640646055101 -7.3 2.6
      vertex 9.914880398205923 -8.04954569663142 4.751300766633221
    endloop
  endfacet
  facet normal 0.6304686248866467 -0.3212398094874905 -0.7066217501846244
    outer loop
      vertex 9.914880398205923 -8.04954569663142 4.751300766633221
      vertex 7.961672732228163 -7.15077862892128 2.6
      vertex 9.924585939156618 -8.0247238954168 4.748676007862534
    endloop
  endfacet
  facet normal 0.8229838658936891 -0.5680647467311085 0
    outer loop
      vertex 7.697617197073761 -7.560996253185273 0.8
      vertex 7.702244036520376 -7.554293119015169 2.6
      vertex 7.697617197073761 -7.560996253185273 2.6006235439722856
    endloop
  endfacet
  facet normal 0.6631226582408304 -0.74851074817107 0
    outer loop
      vertex 7.697617197073761 -7.560996253185273 0.8
      vertex 7.697617197073761 -7.560996253185273 2.6006235439722856
      vertex 7.69478185122772 -7.5635081504146084 2.6
    endloop
  endfacet
  facet normal 0.8229838658936565 -0.5680647467311557 2.6004526620464205e-16
    outer loop
      vertex 7.697617197073761 -7.560996253185273 0.8
      vertex 7.90783099170805 -7.25644899450073 2.6
      vertex 7.702244036520376 -7.554293119015169 2.6
    endloop
  endfacet
  facet normal 0.8229838658936548 -0.568064746731158 8.504738984272895e-16
    outer loop
      vertex 7.697617197073761 -7.560996253185273 0.8
      vertex 7.916729641045137 -7.243557075270029 0.8
      vertex 7.90783099170805 -7.25644899450073 2.6
    endloop
  endfacet
  facet normal 0.8229838658935997 -0.5680647467312379 0
    outer loop
      vertex 7.916729641045137 -7.243557075270029 0.8
      vertex 7.916729641045137 -7.243557075270029 2.6020787946775177
      vertex 7.90783099170805 -7.25644899450073 2.6
    endloop
  endfacet
  facet normal 0.9350162426854046 -0.35460488704256266 0
    outer loop
      vertex 7.916729641045137 -7.243557075270029 0.8
      vertex 7.923512269342179 -7.22567275427625 2.6
      vertex 7.916729641045137 -7.243557075270029 2.6020787946775177
    endloop
  endfacet
  facet normal 0.9350162426854159 -0.3546048870425329 -3.3900016818035714e-16
    outer loop
      vertex 7.916729641045137 -7.243557075270029 0.8
      vertex 8.046916190625776 -6.900283356026373 2.6
      vertex 7.923512269342179 -7.22567275427625 2.6
    endloop
  endfacet
  facet normal 0.6635709899475996 -0.2516592816176766 -0.7045148311253907
    outer loop
      vertex 7.2083648205225686 -6.871778537635015 0
      vertex 8.053506907881683 -6.882905062860093 0.8
      vertex 7.916729641045137 -7.243557075270029 0.8
    endloop
  endfacet
  facet normal 0.7045148311253902 -0.08554358800474324 -0.7045148311253907
    outer loop
      vertex 7.300000000000001 -6.5 0
      vertex 8.100000000000001 -6.5 0.8
      vertex 8.053506907881683 -6.882905062860093 0.8
    endloop
  endfacet
  facet normal 0.9350162426854156 -0.3546048870425336 -1.804889193935949e-16
    outer loop
      vertex 7.916729641045137 -7.243557075270029 0.8
      vertex 8.053506907881683 -6.882905062860093 0.8
      vertex 8.046916190625776 -6.900283356026373 2.6
    endloop
  endfacet
  facet normal 0.9350162426854216 -0.35460488704251764 0
    outer loop
      vertex 8.053506907881683 -6.882905062860093 0.8
      vertex 8.053506907881683 -6.882905062860093 2.6018708747372483
      vertex 8.046916190625776 -6.900283356026373 2.6
    endloop
  endfacet
  facet normal 0.9927088740980501 -0.12053668025535605 0
    outer loop
      vertex 8.053506907881683 -6.882905062860093 0.8
      vertex 8.05510972651609 -6.869704663790081 2.6
      vertex 8.053506907881683 -6.882905062860093 2.6018708747372483
    endloop
  endfacet
  facet normal 0.9927088740980536 -0.12053668025532543 -2.275671745544015e-16
    outer loop
      vertex 8.053506907881683 -6.882905062860093 0.8
      vertex 8.100000000000001 -6.5 2.6
      vertex 8.05510972651609 -6.869704663790081 2.6
    endloop
  endfacet
  facet normal 0.9927088740980536 -0.12053668025532652 -1.079485848889396e-18
    outer loop
      vertex 8.053506907881683 -6.882905062860093 0.8
      vertex 8.100000000000001 -6.5 0.8
      vertex 8.100000000000001 -6.5 2.6
    endloop
  endfacet
  facet normal 0 0 -1
    outer loop
      vertex 7.702244036520376 -7.554293119015169 2.6
      vertex 7.90783099170805 -7.25644899450073 2.6
      vertex 7.794427190999915 -7.440456403667957 2.6
    endloop
  endfacet
  facet normal 0 0 -1
    outer loop
      vertex 7.794427190999915 -7.440456403667957 2.6
      vertex 7.90783099170805 -7.25644899450073 2.6
      vertex 7.885640646055101 -7.3 2.6
    endloop
  endfacet
  facet normal 0 0 -1
    outer loop
      vertex 7.923512269342179 -7.22567275427625 2.6
      vertex 8.046916190625776 -6.900283356026373 2.6
      vertex 7.961672732228163 -7.15077862892128 2.6
    endloop
  endfacet
  facet normal 0 0 -1
    outer loop
      vertex 7.961672732228163 -7.15077862892128 2.6
      vertex 8.046916190625776 -6.900283356026373 2.6
      vertex 8.021690426072247 -6.994427190999916 2.6
    endloop
  endfacet
  facet normal 0 0 -1
    outer loop
      vertex 8.05510972651609 -6.869704663790081 2.6
      vertex 8.100000000000001 -6.5 2.6
      vertex 8.065036161174088 -6.832658705308415 2.6
    endloop
  endfacet
  facet normal 0 0 -1
    outer loop
      vertex 8.065036161174088 -6.832658705308415 2.6
      vertex 8.100000000000001 -6.5 2.6
      vertex 8.091235032589239 -6.667245541228246 2.6
    endloop
  endfacet
  facet normal 0.6304686248866482 -0.3212398094874849 -0.7066217501846255
    outer loop
      vertex 9.914880398205923 -8.04954569663142 4.751300766633221
      vertex 7.885640646055101 -7.3 2.6
      vertex 7.90783099170805 -7.25644899450073 2.6
    endloop
  endfacet
  facet normal 0.6304686248866022 -0.3212398094875897 -0.706621750184619
    outer loop
      vertex 9.914880398205923 -8.04954569663142 4.751300766633221
      vertex 7.90783099170805 -7.25644899450073 2.6
      vertex 7.916729641045137 -7.243557075270029 2.6020787946775177
    endloop
  endfacet
  facet normal 0.6304686248866335 -0.3212398094875129 -0.7066217501846259
    outer loop
      vertex 9.914880398205923 -8.04954569663142 4.751300766633221
      vertex 7.916729641045137 -7.243557075270029 2.6020787946775177
      vertex 7.923512269342179 -7.22567275427625 2.6
    endloop
  endfacet
  facet normal 0.6304686248866403 -0.32123980948750286 -0.7066217501846243
    outer loop
      vertex 9.914880398205923 -8.04954569663142 4.751300766633221
      vertex 7.923512269342179 -7.22567275427625 2.6
      vertex 7.961672732228163 -7.15077862892128 2.6
    endloop
  endfacet
  facet normal 0.6605935554186136 -0.2535781077013828 -0.7066217501846239
    outer loop
      vertex 7.961672732228163 -7.15077862892128 2.6
      vertex 8.021690426072247 -6.994427190999916 2.6
      vertex 10.06024103175643 -7.677787670082308 4.750993299139435
    endloop
  endfacet
  facet normal 0.6834808847193338 -0.18313815110264672 -0.7066217501846238
    outer loop
      vertex 8.021690426072247 -6.994427190999916 2.6
      vertex 8.046916190625776 -6.900283356026373 2.6
      vertex 10.165262711817 -7.29268483861109 4.7506740148592055
    endloop
  endfacet
  facet normal 0.6834808847193374 -0.18313815110263032 -0.7066217501846245
    outer loop
      vertex 8.046916190625776 -6.900283356026373 2.6
      vertex 8.053506907881683 -6.882905062860093 2.6018708747372483
      vertex 10.165262711817 -7.29268483861109 4.7506740148592055
    endloop
  endfacet
  facet normal 0.6834808847193288 -0.18313815110266818 -0.7066217501846233
    outer loop
      vertex 8.053506907881683 -6.882905062860093 2.6018708747372483
      vertex 8.05510972651609 -6.869704663790081 2.6
      vertex 10.165262711817 -7.29268483861109 4.7506740148592055
    endloop
  endfacet
  facet normal 0.6834808847193354 -0.18313815110263953 -0.7066217501846241
    outer loop
      vertex 8.05510972651609 -6.869704663790081 2.6
      vertex 8.065036161174088 -6.832658705308415 2.6
      vertex 10.165262711817 -7.29268483861109 4.7506740148592055
    endloop
  endfacet
  facet normal 0.6988798544194924 -0.11069169459633478 -0.7066217501846237
    outer loop
      vertex 8.065036161174088 -6.832658705308415 2.6
      vertex 8.091235032589239 -6.667245541228246 2.6
      vertex 10.228755500788015 -6.898600571177622 4.7503429147983685
    endloop
  endfacet
  facet normal 0.7066217501846243 -0.037032476720270865 -0.7066217501846238
    outer loop
      vertex 8.091235032589239 -6.667245541228246 2.6
      vertex 8.100000000000001 -6.5 2.6
      vertex 10.25 -6.5 4.75
    endloop
  endfacet
  facet normal 0.6605935554186146 -0.2535781077013799 -0.706621750184624
    outer loop
      vertex 9.924585939156618 -8.0247238954168 4.748676007862534
      vertex 7.961672732228163 -7.15077862892128 2.6
      vertex 10.06024103175643 -7.677787670082308 4.750993299139435
    endloop
  endfacet
  facet normal 0.6605935554186184 -0.25357810770137246 -0.706621750184623
    outer loop
      vertex 8.021690426072247 -6.994427190999916 2.6
      vertex 10.06550061149132 -7.6585013756040015 4.748989203481565
      vertex 10.06024103175643 -7.677787670082308 4.750993299139435
    endloop
  endfacet
  facet normal 0.6834808847193333 -0.18313815110264892 -0.7066217501846238
    outer loop
      vertex 8.021690426072247 -6.994427190999916 2.6
      vertex 10.165262711817 -7.29268483861109 4.7506740148592055
      vertex 10.06550061149132 -7.6585013756040015 4.748989203481565
    endloop
  endfacet
  facet normal 0.6834808847193485 -0.18313815110259005 -0.7066217501846241
    outer loop
      vertex 8.065036161174088 -6.832658705308415 2.6
      vertex 10.167382751653108 -7.27952626801933 4.74931426392279
      vertex 10.165262711817 -7.29268483861109 4.7506740148592055
    endloop
  endfacet
  facet normal 0.6988798544194925 -0.11069169459633417 -0.7066217501846237
    outer loop
      vertex 8.065036161174088 -6.832658705308415 2.6
      vertex 10.228755500788015 -6.898600571177622 4.7503429147983685
      vertex 10.167382751653108 -7.27952626801933 4.74931426392279
    endloop
  endfacet
  facet normal 0.6988798544194764 -0.11069169459644848 -0.7066217501846217
    outer loop
      vertex 8.091235032589239 -6.667245541228246 2.6
      vertex 10.229110212746125 -6.8919452771321055 4.749651194321093
      vertex 10.228755500788015 -6.898600571177622 4.7503429147983685
    endloop
  endfacet
  facet normal 0.7066217501846243 -0.03703247672026792 -0.7066217501846241
    outer loop
      vertex 8.091235032589239 -6.667245541228246 2.6
      vertex 10.25 -6.5 4.75
      vertex 10.229110212746125 -6.8919452771321055 4.749651194321093
    endloop
  endfacet
  facet normal 0 0 -1
    outer loop
      vertex 6.954451797384927 -7.158387092714925 0
      vertex 6.954451797384927 7.158387092714925 0
      vertex 7.300000000000001 -6.5 0
    endloop
  endfacet
  facet normal 0.7071067811865471 2.4155268595135008e-18 -0.7071067811865478
    outer loop
      vertex 7.300000000000001 -6.5 0
      vertex 8.100000000000001 6.5 0.8
      vertex 8.100000000000001 -6.5 0.8
    endloop
  endfacet
  facet normal 1 0 0
    outer loop
      vertex 8.100000000000001 -6.5 0.8
      vertex 8.100000000000001 6.5 2.6
      vertex 8.100000000000001 -6.5 2.6
    endloop
  endfacet
  facet normal 0.7071067811865478 4.347948347124299e-17 -0.7071067811865474
    outer loop
      vertex 8.100000000000001 -6.5 2.6
      vertex 10.25 6.5 4.750000000000001
      vertex 10.25 -6.5 4.75
    endloop
  endfacet
  facet normal 0 0 -1
    outer loop
      vertex -6.7836839096340285 7.248012994148333 0
      vertex 6.59642934420426 7.294167099278443 0
      vertex 6.954451797384927 7.158387092714925 0
    endloop
  endfacet
  facet normal 0 0.7096892649070876 -0.7045148311253905
    outer loop
      vertex -6.692858688408517 8.088334198556886 0.8
      vertex 6.692858688408517 8.088334198556886 0.8
      vertex 6.59642934420426 7.294167099278443 0
    endloop
  endfacet
  facet normal 0 1 0
    outer loop
      vertex -6.685560686493833 8.088334198556886 2.6
      vertex 6.685560686493833 8.088334198556886 2.6
      vertex 6.692858688408517 8.088334198556886 0.8
    endloop
  endfacet
  facet normal 0 0 -1
    outer loop
      vertex -6.685560686493833 8.088334198556886 2.6
      vertex 6.5 8.100000000000001 2.6
      vertex 6.667245541228247 8.091235032589239 2.6
    endloop
  endfacet
  facet normal 0 0 -1
    outer loop
      vertex -6.685560686493833 8.088334198556886 2.6
      vertex 6.667245541228247 8.091235032589239 2.6
      vertex 6.685560686493833 8.088334198556886 2.6
    endloop
  endfacet
  facet normal -4.868438441110675e-17 0.7071067811865477 -0.7071067811865475
    outer loop
      vertex -6.5 10.248671041712946 4.748671041712946
      vertex 6.400173044608344 10.248671041712946 4.748671041712945
      vertex 6.5 8.100000000000001 2.6
    endloop
  endfacet
  facet normal 0 0 -1
    outer loop
      vertex 7.300000000000001 -6.5 0
      vertex 6.954451797384927 7.158387092714925 0
      vertex 7.300000000000001 6.5 0
    endloop
  endfacet
  facet normal 0.7071067811865471 0 -0.7071067811865478
    outer loop
      vertex 7.300000000000001 -6.5 0
      vertex 7.300000000000001 6.5 0
      vertex 8.100000000000001 6.5 0.8
    endloop
  endfacet
  facet normal 1 0 0
    outer loop
      vertex 8.100000000000001 -6.5 0.8
      vertex 8.100000000000001 6.5 0.8
      vertex 8.100000000000001 6.5 2.6
    endloop
  endfacet
  facet normal 0.7071067811865478 0 -0.7071067811865471
    outer loop
      vertex 8.100000000000001 -6.5 2.6
      vertex 8.100000000000001 6.5 2.6
      vertex 10.25 6.5 4.750000000000001
    endloop
  endfacet
  facet normal 0.24712727676428328 0.6516210752546724 -0.7171597335064303
    outer loop
      vertex 6.59642934420426 7.294167099278443 0
      vertex 7.067367819268057 7.996025988296665 0.8
      vertex 6.954451797384927 7.158387092714925 0
    endloop
  endfacet
  facet normal 0 0 -1
    outer loop
      vertex 6.954451797384927 7.158387092714925 0
      vertex 7.2083648205225686 6.8717785376350164 0
      vertex 7.300000000000001 6.5 0
    endloop
  endfacet
  facet normal 0.6766579254963352 0.16678119947998715 -0.7171597335064294
    outer loop
      vertex 7.300000000000001 6.5 0
      vertex 7.2083648205225686 6.8717785376350164 0
      vertex 8.053506907881683 6.882905062860093 0.8
    endloop
  endfacet
  facet normal 0.5216437493771262 0.4621360355704383 -0.717159733506429
    outer loop
      vertex 6.954451797384927 7.158387092714925 0
      vertex 7.697617197073761 7.560996253185273 0.8
      vertex 7.2083648205225686 6.8717785376350164 0
    endloop
  endfacet
  facet normal 0.3298090463530347 0.6283986359533767 -0.7045148311253904
    outer loop
      vertex 6.954451797384927 7.158387092714925 0
      vertex 7.067367819268057 7.996025988296665 0.8
      vertex 7.40890359476985 7.81677418542985 0.8
    endloop
  endfacet
  facet normal 0.47061103187014425 0.5312100426446033 -0.70451483112539
    outer loop
      vertex 6.954451797384927 7.158387092714925 0
      vertex 7.40890359476985 7.81677418542985 0.8
      vertex 7.697617197073761 7.560996253185273 0.8
    endloop
  endfacet
  facet normal 0.5840628148164614 0.40314945252726675 -0.7045148311253902
    outer loop
      vertex 7.2083648205225686 6.8717785376350164 0
      vertex 7.697617197073761 7.560996253185273 0.8
      vertex 7.916729641045137 7.243557075270029 0.8
    endloop
  endfacet
  facet normal 0.6631226582407919 0.7485107481711042 -4.702909510832863e-16
    outer loop
      vertex 7.416752399101128 7.809820751554803 2.6
      vertex 7.69478185122772 7.563508150414609 2.6
      vertex 7.697617197073761 7.560996253185273 0.8
    endloop
  endfacet
  facet normal 0 0 -1
    outer loop
      vertex 7.416752399101128 7.809820751554803 2.6
      vertex 7.689031720763829 7.570608970174174 2.6
      vertex 7.69478185122772 7.563508150414609 2.6
    endloop
  endfacet
  facet normal 0.16983975786898517 0.6890669846766474 -0.7045148311253905
    outer loop
      vertex 6.59642934420426 7.294167099278443 0
      vertex 6.692858688408517 8.088334198556886 0.8
      vertex 7.067367819268057 7.996025988296665 0.8
    endloop
  endfacet
  facet normal 0.23931566428763784 0.9709418174260322 0
    outer loop
      vertex 6.692858688408517 8.088334198556886 0.8
      vertex 6.692858688408517 8.088334198556886 2.601143225776581
      vertex 6.7059798717298165 8.0851001173314 2.6
    endloop
  endfacet
  facet normal 0 1 0
    outer loop
      vertex 6.692858688408517 8.088334198556886 0.8
      vertex 6.685560686493833 8.088334198556886 2.6
      vertex 6.692858688408517 8.088334198556886 2.601143225776581
    endloop
  endfacet
  facet normal 0.23931566428755346 0.9709418174260531 6.521826561659027e-16
    outer loop
      vertex 6.692858688408517 8.088334198556886 0.8
      vertex 6.7059798717298165 8.0851001173314 2.6
      vertex 7.067367819268057 7.996025988296665 0.8
    endloop
  endfacet
  facet normal 0.23931566428754936 0.9709418174260541 -2.2511954637621225e-16
    outer loop
      vertex 7.067367819268057 7.996025988296665 0.8
      vertex 6.7059798717298165 8.0851001173314 2.6
      vertex 7.050373051342021 8.0002148223778 2.6
    endloop
  endfacet
  facet normal 0.464723172043772 0.8854560256532081 -3.9200313632000464e-16
    outer loop
      vertex 7.067367819268057 7.996025988296665 0.8
      vertex 7.083929777459435 7.987333602087791 2.6
      vertex 7.40890359476985 7.81677418542985 0.8
    endloop
  endfacet
  facet normal 0.2393156642875718 0.9709418174260485 0
    outer loop
      vertex 7.067367819268057 7.996025988296665 0.8
      vertex 7.050373051342021 8.0002148223778 2.6
      vertex 7.067367819268057 7.996025988296665 2.6021827580206676
    endloop
  endfacet
  facet normal 0.46472317204373853 0.8854560256532256 0
    outer loop
      vertex 7.067367819268057 7.996025988296665 0.8
      vertex 7.067367819268057 7.996025988296665 2.6021827580206676
      vertex 7.083929777459435 7.987333602087791 2.6
    endloop
  endfacet
  facet normal 0.4647231720437726 0.8854560256532077 -2.518930159969608e-16
    outer loop
      vertex 7.40890359476985 7.81677418542985 0.8
      vertex 7.083929777459435 7.987333602087791 2.6
      vertex 7.3940010991841945 7.824595618475975 2.6
    endloop
  endfacet
  facet normal 0.6631226582407953 0.7485107481711011 4.792154433899016e-16
    outer loop
      vertex 7.40890359476985 7.81677418542985 0.8
      vertex 7.416752399101128 7.809820751554803 2.6
      vertex 7.697617197073761 7.560996253185273 0.8
    endloop
  endfacet
  facet normal 0.4647231720437965 0.8854560256531953 0
    outer loop
      vertex 7.40890359476985 7.81677418542985 0.8
      vertex 7.3940010991841945 7.824595618475975 2.6
      vertex 7.40890359476985 7.81677418542985 2.601559011691487
    endloop
  endfacet
  facet normal 0.6631226582408567 0.7485107481710465 0
    outer loop
      vertex 7.40890359476985 7.81677418542985 0.8
      vertex 7.40890359476985 7.81677418542985 2.601559011691487
      vertex 7.416752399101128 7.809820751554803 2.6
    endloop
  endfacet
  facet normal 0 0 -1
    outer loop
      vertex 6.7059798717298165 8.0851001173314 2.6
      vertex 6.832658705308415 8.065036161174088 2.6
      vertex 6.9944271909999145 8.021690426072247 2.6
    endloop
  endfacet
  facet normal 0 0 -1
    outer loop
      vertex 6.7059798717298165 8.0851001173314 2.6
      vertex 6.9944271909999145 8.021690426072247 2.6
      vertex 7.050373051342021 8.0002148223778 2.6
    endloop
  endfacet
  facet normal 0.037032476720270484 0.7066217501846245 -0.7066217501846236
    outer loop
      vertex 6.5 8.100000000000001 2.6
      vertex 6.7991978958240615 10.238045026365313 4.7537253236516115
      vertex 6.667245541228247 8.091235032589239 2.6
    endloop
  endfacet
  facet normal 0.11069169459634728 0.6988798544194896 -0.7066217501846246
    outer loop
      vertex 6.685560686493833 8.088334198556886 2.6
      vertex 7.19483271532668 10.185065467221953 4.753536071152446
      vertex 6.692858688408517 8.088334198556886 2.601143225776581
    endloop
  endfacet
  facet normal 0.1106916945963935 0.6988798544194804 -0.7066217501846264
    outer loop
      vertex 6.7059798717298165 8.0851001173314 2.6
      vertex 6.692858688408517 8.088334198556886 2.601143225776581
      vertex 7.19483271532668 10.185065467221953 4.753536071152446
    endloop
  endfacet
  facet normal 0.11069169459634343 0.6988798544194904 -0.7066217501846245
    outer loop
      vertex 6.667245541228247 8.091235032589239 2.6
      vertex 7.19483271532668 10.185065467221953 4.753536071152446
      vertex 6.685560686493833 8.088334198556886 2.6
    endloop
  endfacet
  facet normal 0.11069169459632805 0.6988798544194932 -0.706621750184624
    outer loop
      vertex 6.7059798717298165 8.0851001173314 2.6
      vertex 7.19483271532668 10.185065467221953 4.753536071152446
      vertex 6.832658705308415 8.065036161174088 2.6
    endloop
  endfacet
  facet normal 0 0 -1
    outer loop
      vertex 7.083929777459435 7.987333602087791 2.6
      vertex 7.15077862892128 7.961672732228163 2.6
      vertex 7.300000000000001 7.885640646055101 2.6
    endloop
  endfacet
  facet normal 0 0 -1
    outer loop
      vertex 7.083929777459435 7.987333602087791 2.6
      vertex 7.300000000000001 7.885640646055101 2.6
      vertex 7.3940010991841945 7.824595618475975 2.6
    endloop
  endfacet
  facet normal 0 0 -1
    outer loop
      vertex 7.440456403667959 7.794427190999915 2.6
      vertex 7.570608970174174 7.689031720763829 2.6
      vertex 7.416752399101128 7.809820751554803 2.6
    endloop
  endfacet
  facet normal 0 0 -1
    outer loop
      vertex 7.416752399101128 7.809820751554803 2.6
      vertex 7.570608970174174 7.689031720763829 2.6
      vertex 7.689031720763829 7.570608970174174 2.6
    endloop
  endfacet
  facet normal 0.18313815110264683 0.6834808847193335 -0.706621750184624
    outer loop
      vertex 6.832658705308415 8.065036161174088 2.6
      vertex 7.58259480252358 10.090332643857522 4.753334993856318
      vertex 6.9944271909999145 8.021690426072247 2.6
    endloop
  endfacet
  facet normal 0.2535781077013718 0.6605935554186182 -0.7066217501846236
    outer loop
      vertex 6.9944271909999145 8.021690426072247 2.6
      vertex 7.95809065802495 9.954919917014049 4.753122092396682
      vertex 7.050373051342021 8.0002148223778 2.6
    endloop
  endfacet
  facet normal 0.25357810770139266 0.6605935554186093 -0.7066217501846244
    outer loop
      vertex 7.050373051342021 8.0002148223778 2.6
      vertex 7.95809065802495 9.954919917014049 4.753122092396682
      vertex 7.067367819268057 7.996025988296665 2.6021827580206676
    endloop
  endfacet
  facet normal 0.25357810770136 0.660593555418623 -0.7066217501846233
    outer loop
      vertex 7.067367819268057 7.996025988296665 2.6021827580206676
      vertex 7.95809065802495 9.954919917014049 4.753122092396682
      vertex 7.083929777459435 7.987333602087791 2.6
    endloop
  endfacet
  facet normal 0.2535781077013898 0.6605935554186108 -0.7066217501846241
    outer loop
      vertex 7.083929777459435 7.987333602087791 2.6
      vertex 7.95809065802495 9.954919917014049 4.753122092396682
      vertex 7.15077862892128 7.961672732228163 2.6
    endloop
  endfacet
  facet normal 0.3212398094875044 0.6304686248866391 -0.7066217501846246
    outer loop
      vertex 7.15077862892128 7.961672732228163 2.6
      vertex 8.317065763747436 9.780361566994856 4.752897367444245
      vertex 7.300000000000001 7.885640646055101 2.6
    endloop
  endfacet
  facet normal 1.2602897862758154e-14 0.7071067811865478 -0.7071067811865471
    outer loop
      vertex 6.400173044608344 10.248671041712946 4.748671041712945
      vertex 6.5 10.246012654003842 4.7460126540038425
      vertex 6.5 8.100000000000001 2.6
    endloop
  endfacet
  facet normal 0.0370324767202712 0.7066217501846245 -0.7066217501846237
    outer loop
      vertex 6.5 8.100000000000001 2.6
      vertex 6.5 10.246012654003842 4.7460126540038425
      vertex 6.7991978958240615 10.238045026365313 4.7537253236516115
    endloop
  endfacet
  facet normal 0.037032476720249154 0.7066217501846258 -0.7066217501846236
    outer loop
      vertex 6.667245541228247 8.091235032589239 2.6
      vertex 6.7991978958240615 10.238045026365313 4.7537253236516115
      vertex 6.891584071437968 10.225673570129185 4.7461956217158585
    endloop
  endfacet
  facet normal 0.11069169459633216 0.6988798544194926 -0.706621750184624
    outer loop
      vertex 6.667245541228247 8.091235032589239 2.6
      vertex 6.891584071437968 10.225673570129185 4.7461956217158585
      vertex 7.19483271532668 10.185065467221953 4.753536071152446
    endloop
  endfacet
  facet normal 0.11069169459634164 0.698879854419491 -0.7066217501846244
    outer loop
      vertex 6.832658705308415 8.065036161174088 2.6
      vertex 7.19483271532668 10.185065467221953 4.753536071152446
      vertex 7.278918364640774 10.164522791114706 4.746390410164669
    endloop
  endfacet
  facet normal 0.1831381511026445 0.6834808847193344 -0.7066217501846238
    outer loop
      vertex 6.832658705308415 8.065036161174088 2.6
      vertex 7.278918364640774 10.164522791114706 4.746390410164669
      vertex 7.58259480252358 10.090332643857522 4.753334993856318
    endloop
  endfacet
  facet normal 0.18313815110265946 0.6834808847193299 -0.7066217501846245
    outer loop
      vertex 6.9944271909999145 8.021690426072247 2.6
      vertex 7.58259480252358 10.090332643857522 4.753334993856318
      vertex 7.657762151002867 10.06322551210614 4.74659702242166
    endloop
  endfacet
  facet normal 0.25357810770138 0.6605935554186145 -0.706621750184624
    outer loop
      vertex 6.9944271909999145 8.021690426072247 2.6
      vertex 7.657762151002867 10.06322551210614 4.74659702242166
      vertex 7.95809065802495 9.954919917014049 4.753122092396682
    endloop
  endfacet
  facet normal 0.7045148311253902 0.08554358800474339 -0.7045148311253907
    outer loop
      vertex 7.300000000000001 6.5 0
      vertex 8.053506907881683 6.882905062860093 0.8
      vertex 8.100000000000001 6.5 0.8
    endloop
  endfacet
  facet normal 0.6635709899475998 0.2516592816176766 -0.7045148311253904
    outer loop
      vertex 7.2083648205225686 6.8717785376350164 0
      vertex 7.916729641045137 7.243557075270029 0.8
      vertex 8.053506907881683 6.882905062860093 0.8
    endloop
  endfacet
  facet normal 0.9350162426854144 0.35460488704253673 -5.607228825898857e-16
    outer loop
      vertex 8.053506907881683 6.882905062860093 0.8
      vertex 7.923512269342176 7.225672754276257 2.6
      vertex 8.046916190625776 6.9002833560263745 2.6
    endloop
  endfacet
  facet normal 0.9927088740980536 0.12053668025532543 0
    outer loop
      vertex 8.100000000000001 6.5 0.8
      vertex 8.05510972651609 6.869704663790081 2.6
      vertex 8.100000000000001 6.5 2.6
    endloop
  endfacet
  facet normal 0.9927088740980536 0.12053668025532652 -2.2160949225877884e-16
    outer loop
      vertex 8.100000000000001 6.5 0.8
      vertex 8.053506907881683 6.882905062860093 0.8
      vertex 8.05510972651609 6.869704663790081 2.6
    endloop
  endfacet
  facet normal 0.9927088740980501 0.12053668025535605 0
    outer loop
      vertex 8.053506907881683 6.882905062860093 0.8
      vertex 8.053506907881683 6.882905062860093 2.6018708747372483
      vertex 8.05510972651609 6.869704663790081 2.6
    endloop
  endfacet
  facet normal 0.9350162426854336 0.3546048870424859 0
    outer loop
      vertex 8.053506907881683 6.882905062860093 0.8
      vertex 8.046916190625776 6.9002833560263745 2.6
      vertex 8.053506907881683 6.882905062860093 2.6018708747372483
    endloop
  endfacet
  facet normal 0.9350162426854156 0.3546048870425336 1.153961697366163e-16
    outer loop
      vertex 8.053506907881683 6.882905062860093 0.8
      vertex 7.916729641045137 7.243557075270029 0.8
      vertex 7.923512269342176 7.225672754276257 2.6
    endloop
  endfacet
  facet normal 0.8229838658936588 0.5680647467311524 6.813266435106848e-16
    outer loop
      vertex 7.916729641045137 7.243557075270029 0.8
      vertex 7.70224403652038 7.554293119015167 2.6
      vertex 7.907830991708053 7.256448994500726 2.6
    endloop
  endfacet
  facet normal 0.9350162426854195 0.3546048870425235 0
    outer loop
      vertex 7.916729641045137 7.243557075270029 0.8
      vertex 7.916729641045137 7.243557075270029 2.602078794677517
      vertex 7.923512269342176 7.225672754276257 2.6
    endloop
  endfacet
  facet normal 0.8229838658936143 0.5680647467312168 0
    outer loop
      vertex 7.916729641045137 7.243557075270029 0.8
      vertex 7.907830991708053 7.256448994500726 2.6
      vertex 7.916729641045137 7.243557075270029 2.602078794677517
    endloop
  endfacet
  facet normal 0.8229838658936548 0.568064746731158 -7.990519754291275e-16
    outer loop
      vertex 7.916729641045137 7.243557075270029 0.8
      vertex 7.697617197073761 7.560996253185273 0.8
      vertex 7.70224403652038 7.554293119015167 2.6
    endloop
  endfacet
  facet normal 0.8229838658935555 0.5680647467313018 0
    outer loop
      vertex 7.697617197073761 7.560996253185273 0.8
      vertex 7.697617197073761 7.560996253185273 2.6006235439722856
      vertex 7.70224403652038 7.554293119015167 2.6
    endloop
  endfacet
  facet normal 0.6631226582409617 0.7485107481709535 0
    outer loop
      vertex 7.697617197073761 7.560996253185273 0.8
      vertex 7.69478185122772 7.563508150414609 2.6
      vertex 7.697617197073761 7.560996253185273 2.6006235439722856
    endloop
  endfacet
  facet normal 0 0 -1
    outer loop
      vertex 8.046916190625776 6.9002833560263745 2.6
      vertex 7.923512269342176 7.225672754276257 2.6
      vertex 8.021690426072247 6.9944271909999145 2.6
    endloop
  endfacet
  facet normal 0 0 -1
    outer loop
      vertex 8.100000000000001 6.5 2.6
      vertex 8.065036161174088 6.832658705308415 2.6
      vertex 8.091235032589239 6.667245541228247 2.6
    endloop
  endfacet
  facet normal 0 0 -1
    outer loop
      vertex 8.100000000000001 6.5 2.6
      vertex 8.05510972651609 6.869704663790081 2.6
      vertex 8.065036161174088 6.832658705308415 2.6
    endloop
  endfacet
  facet normal 0 0 -1
    outer loop
      vertex 8.021690426072247 6.9944271909999145 2.6
      vertex 7.923512269342176 7.225672754276257 2.6
      vertex 7.961672732228163 7.15077862892128 2.6
    endloop
  endfacet
  facet normal 0 0 -1
    outer loop
      vertex 7.885640646055101 7.300000000000001 2.6
      vertex 7.70224403652038 7.554293119015167 2.6
      vertex 7.794427190999915 7.440456403667959 2.6
    endloop
  endfacet
  facet normal 0 0 -1
    outer loop
      vertex 7.907830991708053 7.256448994500726 2.6
      vertex 7.70224403652038 7.554293119015167 2.6
      vertex 7.885640646055101 7.300000000000001 2.6
    endloop
  endfacet
  facet normal 0.7066217501846241 0.03703247672027047 -0.7066217501846241
    outer loop
      vertex 8.100000000000001 6.5 2.6
      vertex 8.091235032589239 6.667245541228247 2.6
      vertex 10.229110212746125 6.891945277132102 4.749651194321093
    endloop
  endfacet
  facet normal 0.6988798544194919 0.11069169459633588 -0.7066217501846241
    outer loop
      vertex 8.091235032589239 6.667245541228247 2.6
      vertex 8.065036161174088 6.832658705308415 2.6
      vertex 10.167382751653111 7.279526268019328 4.749314263922791
    endloop
  endfacet
  facet normal 0.6834808847193357 0.18313815110263962 -0.706621750184624
    outer loop
      vertex 8.065036161174088 6.832658705308415 2.6
      vertex 8.05510972651609 6.869704663790081 2.6
      vertex 10.165262711817 7.292684838611091 4.750674014859206
    endloop
  endfacet
  facet normal 0.6834808847193415 0.18313815110261308 -0.706621750184625
    outer loop
      vertex 8.053506907881683 6.882905062860093 2.6018708747372483
      vertex 8.046916190625776 6.9002833560263745 2.6
      vertex 10.165262711817 7.292684838611091 4.750674014859206
    endloop
  endfacet
  facet normal 0.6834808847193289 0.18313815110266812 -0.706621750184623
    outer loop
      vertex 8.05510972651609 6.869704663790081 2.6
      vertex 8.053506907881683 6.882905062860093 2.6018708747372483
      vertex 10.165262711817 7.292684838611091 4.750674014859206
    endloop
  endfacet
  facet normal 0.6304686248866408 0.3212398094875024 -0.706621750184624
    outer loop
      vertex 7.961672732228163 7.15077862892128 2.6
      vertex 7.923512269342176 7.225672754276257 2.6
      vertex 9.914880398205923 8.04954569663142 4.751300766633221
    endloop
  endfacet
  facet normal 0.6304686248866468 0.3212398094874894 -0.7066217501846247
    outer loop
      vertex 7.923512269342176 7.225672754276257 2.6
      vertex 7.916729641045137 7.243557075270029 2.602078794677517
      vertex 9.914880398205923 8.04954569663142 4.751300766633221
    endloop
  endfacet
  facet normal 0.63046862488661 0.32123980948757014 -0.7066217501846208
    outer loop
      vertex 7.916729641045137 7.243557075270029 2.602078794677517
      vertex 7.907830991708053 7.256448994500726 2.6
      vertex 9.914880398205923 8.04954569663142 4.751300766633221
    endloop
  endfacet
  facet normal 0.6304686248866443 0.32123980948749414 -0.7066217501846247
    outer loop
      vertex 7.907830991708053 7.256448994500726 2.6
      vertex 7.885640646055101 7.300000000000001 2.6
      vertex 9.914880398205923 8.04954569663142 4.751300766633221
    endloop
  endfacet
  facet normal 0.6834808847193322 0.18313815110265322 -0.7066217501846237
    outer loop
      vertex 8.046916190625776 6.9002833560263745 2.6
      vertex 8.021690426072247 6.9944271909999145 2.6
      vertex 10.06550061149132 7.658501375604001 4.748989203481566
    endloop
  endfacet
  facet normal 0.6605935554186145 0.2535781077013803 -0.706621750184624
    outer loop
      vertex 8.021690426072247 6.9944271909999145 2.6
      vertex 7.961672732228163 7.15077862892128 2.6
      vertex 10.06024103175643 7.67778767008231 4.750993299139436
    endloop
  endfacet
  facet normal 0.7066217501846246 0.03703247672026667 -0.7066217501846239
    outer loop
      vertex 8.100000000000001 6.5 2.6
      vertex 10.229110212746125 6.891945277132102 4.749651194321093
      vertex 10.25 6.5 4.750000000000001
    endloop
  endfacet
  facet normal 0.6988798544194695 0.11069169459650292 -0.7066217501846199
    outer loop
      vertex 8.091235032589239 6.667245541228247 2.6
      vertex 10.228755500788015 6.898600571177621 4.750342914798369
      vertex 10.229110212746125 6.891945277132102 4.749651194321093
    endloop
  endfacet
  facet normal 0.6988798544194936 0.11069169459632829 -0.7066217501846237
    outer loop
      vertex 8.091235032589239 6.667245541228247 2.6
      vertex 10.167382751653111 7.279526268019328 4.749314263922791
      vertex 10.228755500788015 6.898600571177621 4.750342914798369
    endloop
  endfacet
  facet normal 0.6834808847193332 0.18313815110264975 -0.7066217501846236
    outer loop
      vertex 8.046916190625776 6.9002833560263745 2.6
      vertex 10.06550061149132 7.658501375604001 4.748989203481566
      vertex 10.165262711817 7.292684838611091 4.750674014859206
    endloop
  endfacet
  facet normal 0.6834808847193146 0.18313815110272894 -0.7066217501846213
    outer loop
      vertex 8.065036161174088 6.832658705308415 2.6
      vertex 10.165262711817 7.292684838611091 4.750674014859206
      vertex 10.167382751653111 7.279526268019328 4.749314263922791
    endloop
  endfacet
  facet normal 0.6605935554186279 0.25357810770133893 -0.7066217501846265
    outer loop
      vertex 8.021690426072247 6.9944271909999145 2.6
      vertex 10.06024103175643 7.67778767008231 4.750993299139436
      vertex 10.06550061149132 7.658501375604001 4.748989203481566
    endloop
  endfacet
  facet normal 0.6605935554186158 0.2535781077013765 -0.7066217501846243
    outer loop
      vertex 7.961672732228163 7.15077862892128 2.6
      vertex 9.924585939156618 8.024723895416802 4.748676007862533
      vertex 10.06024103175643 7.67778767008231 4.750993299139436
    endloop
  endfacet
  facet normal 0.4453017467181177 0.5499018608222851 -0.7066217501846241
    outer loop
      vertex 7.440456403667959 7.794427190999915 2.6
      vertex 8.969417671493893 9.32214038696052 4.752412449930031
      vertex 7.570608970174174 7.689031720763829 2.6
    endloop
  endfacet
  facet normal 0.5499018608222828 0.44530174671812145 -0.7066217501846237
    outer loop
      vertex 7.69478185122772 7.563508150414609 2.6
      vertex 7.689031720763829 7.570608970174174 2.6
      vertex 9.510168642241112 8.736377594519382 4.751880247424221
    endloop
  endfacet
  facet normal 0.5499018608223982 0.44530174671796224 -0.7066217501846342
    outer loop
      vertex 7.69478185122772 7.563508150414609 2.6
      vertex 9.510168642241112 8.736377594519382 4.751880247424221
      vertex 7.697617197073761 7.560996253185273 2.6006235439722856
    endloop
  endfacet
  facet normal 0.5499018608222132 0.44530174671821726 -0.7066217501846176
    outer loop
      vertex 7.70224403652038 7.554293119015167 2.6
      vertex 7.697617197073761 7.560996253185273 2.6006235439722856
      vertex 9.510168642241112 8.736377594519382 4.751880247424221
    endloop
  endfacet
  facet normal 0.5003427336166772 0.5003427336166772 -0.7066217501846243
    outer loop
      vertex 7.570608970174174 7.689031720763829 2.6
      vertex 9.255403065736502 9.04366938601106 4.752152258895889
      vertex 7.689031720763829 7.570608970174174 2.6
    endloop
  endfacet
  facet normal 0.3853819406972 0.593436148166318 -0.7066217501846259
    outer loop
      vertex 7.416752399101128 7.809820751554803 2.6
      vertex 7.40890359476985 7.81677418542985 2.601559011691487
      vertex 8.655452788304025 9.568635409655634 4.752660819706964
    endloop
  endfacet
  facet normal 0.3853819406971273 0.5934361481663672 -0.7066217501846239
    outer loop
      vertex 7.3940010991841945 7.824595618475975 2.6
      vertex 8.655452788304025 9.568635409655634 4.752660819706964
      vertex 7.40890359476985 7.81677418542985 2.601559011691487
    endloop
  endfacet
  facet normal 0.3853819406971053 0.5934361481663819 -0.7066217501846238
    outer loop
      vertex 7.440456403667959 7.794427190999915 2.6
      vertex 7.416752399101128 7.809820751554803 2.6
      vertex 8.655452788304025 9.568635409655634 4.752660819706964
    endloop
  endfacet
  facet normal 0.38538194069711834 0.5934361481663735 -0.7066217501846238
    outer loop
      vertex 7.300000000000001 7.885640646055101 2.6
      vertex 8.655452788304025 9.568635409655634 4.752660819706964
      vertex 7.3940010991841945 7.824595618475975 2.6
    endloop
  endfacet
  facet normal 0.3853819406971113 0.5934361481663786 -0.7066217501846233
    outer loop
      vertex 7.440456403667959 7.794427190999915 2.6
      vertex 8.655452788304025 9.568635409655634 4.752660819706964
      vertex 8.702600525836697 9.531619541781929 4.747287835559227
    endloop
  endfacet
  facet normal 0.5934361481663704 0.3853819406971219 -0.7066217501846243
    outer loop
      vertex 7.885640646055101 7.300000000000001 2.6
      vertex 7.794427190999915 7.440456403667959 2.6
      vertex 9.730827805226774 8.40374675127065 4.751596416371947
    endloop
  endfacet
  facet normal 0.5499018608222868 0.445301746718116 -0.7066217501846239
    outer loop
      vertex 7.794427190999915 7.440456403667959 2.6
      vertex 7.70224403652038 7.554293119015167 2.6
      vertex 9.510168642241112 8.736377594519382 4.751880247424221
    endloop
  endfacet
  facet normal 0.5499018608222972 0.44530174671810313 -0.706621750184624
    outer loop
      vertex 7.794427190999915 7.440456403667959 2.6
      vertex 9.510168642241112 8.736377594519382 4.751880247424221
      vertex 9.532264616283317 8.703069199895687 4.748085191493496
    endloop
  endfacet
  facet normal 0.4453017467181153 0.5499018608222874 -0.706621750184624
    outer loop
      vertex 7.440456403667959 7.794427190999915 2.6
      vertex 8.702600525836697 9.531619541781929 4.747287835559227
      vertex 8.969417671493893 9.32214038696052 4.752412449930031
    endloop
  endfacet
  facet normal 0.4453017467181307 0.5499018608222741 -0.7066217501846245
    outer loop
      vertex 7.570608970174174 7.689031720763829 2.6
      vertex 8.969417671493893 9.32214038696052 4.752412449930031
      vertex 9.007594901934993 9.284966280210885 4.747541777501891
    endloop
  endfacet
  facet normal 0.5003427336166743 0.5003427336166806 -0.7066217501846238
    outer loop
      vertex 7.570608970174174 7.689031720763829 2.6
      vertex 9.007594901934993 9.284966280210885 4.747541777501891
      vertex 9.255403065736502 9.04366938601106 4.752152258895889
    endloop
  endfacet
  facet normal 0.5003427336166996 0.5003427336166532 -0.7066217501846254
    outer loop
      vertex 7.689031720763829 7.570608970174174 2.6
      vertex 9.255403065736502 9.04366938601106 4.752152258895889
      vertex 9.285163796150705 9.007772746086019 4.747807561415131
    endloop
  endfacet
  facet normal 0.5499018608222866 0.4453017467181162 -0.7066217501846239
    outer loop
      vertex 7.689031720763829 7.570608970174174 2.6
      vertex 9.285163796150705 9.007772746086019 4.747807561415131
      vertex 9.510168642241112 8.736377594519382 4.751880247424221
    endloop
  endfacet
  facet normal 0.25357810770136563 0.6605935554186203 -0.7066217501846237
    outer loop
      vertex 7.15077862892128 7.961672732228163 2.6
      vertex 7.95809065802495 9.954919917014049 4.753122092396682
      vertex 8.023967143134701 9.92288624570228 4.746815461745077
    endloop
  endfacet
  facet normal 0.32123980948750064 0.6304686248866415 -0.7066217501846245
    outer loop
      vertex 7.15077862892128 7.961672732228163 2.6
      vertex 8.023967143134701 9.92288624570228 4.746815461745077
      vertex 8.317065763747436 9.780361566994856 4.752897367444245
    endloop
  endfacet
  facet normal 0.32123980948751174 0.6304686248866351 -0.7066217501846248
    outer loop
      vertex 7.300000000000001 7.885640646055101 2.6
      vertex 8.317065763747436 9.780361566994856 4.752897367444245
      vertex 8.373522865790076 9.745036792690463 4.747045731580155
    endloop
  endfacet
  facet normal 0.3853819406971255 0.5934361481663681 -0.7066217501846243
    outer loop
      vertex 7.300000000000001 7.885640646055101 2.6
      vertex 8.373522865790076 9.745036792690463 4.747045731580155
      vertex 8.655452788304025 9.568635409655634 4.752660819706964
    endloop
  endfacet
  facet normal 0.6304686248866265 0.32123980948753184 -0.7066217501846235
    outer loop
      vertex 7.961672732228163 7.15077862892128 2.6
      vertex 9.914880398205923 8.04954569663142 4.751300766633221
      vertex 9.924585939156618 8.024723895416802 4.748676007862533
    endloop
  endfacet
  facet normal 0.6304686248866412 0.32123980948750125 -0.7066217501846243
    outer loop
      vertex 7.885640646055101 7.300000000000001 2.6
      vertex 9.746187688957434 8.374187336059624 4.748374672119247
      vertex 9.914880398205923 8.04954569663142 4.751300766633221
    endloop
  endfacet
  facet normal 0.5934361481663757 0.3853819406971134 -0.7066217501846246
    outer loop
      vertex 7.885640646055101 7.300000000000001 2.6
      vertex 9.730827805226774 8.40374675127065 4.751596416371947
      vertex 9.746187688957434 8.374187336059624 4.748374672119247
    endloop
  endfacet
  facet normal 0.5934361481663677 0.38538194069712667 -0.706621750184624
    outer loop
      vertex 7.794427190999915 7.440456403667959 2.6
      vertex 9.532264616283317 8.703069199895687 4.748085191493496
      vertex 9.730827805226774 8.40374675127065 4.751596416371947
    endloop
  endfacet
  facet normal 0.7158512514051205 0.5903581805795809 0.37287290661093864
    outer loop
      vertex -8.146551921632405 -8.084647326106982 7.118514411151409
      vertex -8.369150310956803 -7.814730958721006 7.118514411151409
      vertex -8.488517799195135 -7.898692174323493 7.480612471699715
    endloop
  endfacet
  facet normal 0.7975795318005718 0.47416525175121266 0.37287290661093875
    outer loop
      vertex -8.488517799195135 -7.898692174323493 7.480612471699715
      vertex -8.369150310956803 -7.814730958721006 7.118514411151409
      vertex -8.547937401210717 -7.513998411976897 7.118514411151409
    endloop
  endfacet
  facet normal 0.5043667767076047 0.7788324274637605 0.37287290661093603
    outer loop
      vertex -7.661413696226075 -8.63580454687411 7.480612471699715
      vertex -7.591695921620177 -8.507595674802882 7.118514411151409
      vertex -7.885359750817635 -8.317420903253804 7.118514411151409
    endloop
  endfacet
  facet normal 0.6173440244041155 0.6927136140195631 0.3728729066109345
    outer loop
      vertex -8.25170385403031 -8.185845913482307 7.480612471699715
      vertex -7.885359750817635 -8.317420903253804 7.118514411151409
      vertex -8.146551921632405 -8.084647326106982 7.118514411151409
    endloop
  endfacet
  facet normal 0.5723318133975989 0.6422060037913245 0.5099095449855724
    outer loop
      vertex -8.002806203485815 -7.946305944394288 6.782937414944172
      vertex -8.146551921632405 -8.084647326106982 7.118514411151409
      vertex -7.885359750817635 -8.317420903253804 7.118514411151409
    endloop
  endfacet
  facet normal 0.6636566138873653 0.5473135799303402 0.5099095449855706
    outer loop
      vertex -8.146551921632405 -8.084647326106982 7.118514411151409
      vertex -8.205971518813989 -7.69995356036023 6.782937414944172
      vertex -8.369150310956803 -7.814730958721006 7.118514411151409
    endloop
  endfacet
  facet normal 0.6636566138873623 0.5473135799303417 0.5099095449855728
    outer loop
      vertex -8.002806203485815 -7.946305944394288 6.782937414944172
      vertex -8.205971518813989 -7.69995356036023 6.782937414944172
      vertex -8.146551921632405 -8.084647326106982 7.118514411151409
    endloop
  endfacet
  facet normal 0.5959027391671897 0.49143737083172595 0.6351293065219404
    outer loop
      vertex -8.002806203485815 -7.946305944394288 6.782937414944172
      vertex -8.002806206128994 -7.557050271759291 6.48174712061882
      vertex -8.205971518813989 -7.69995356036023 6.782937414944172
    endloop
  endfacet
  facet normal 0.5723318133975963 0.6422060037913253 0.5099095449855741
    outer loop
      vertex -8.002806203485815 -7.946305944394288 6.782937414944172
      vertex -7.885359750817635 -8.317420903253804 7.118514411151409
      vertex -7.764416384467406 -8.158758142923817 6.782937414944172
    endloop
  endfacet
  facet normal 0.46759204028774565 0.7220456632320063 0.5099095449855744
    outer loop
      vertex -7.885359750817635 -8.317420903253804 7.118514411151409
      vertex -7.496389717066714 -8.332330456481422 6.782937414944172
      vertex -7.764416384467406 -8.158758142923817 6.782937414944172
    endloop
  endfacet
  facet normal 0.513901448700153 0.5766420597050181 0.6351293065219383
    outer loop
      vertex -8.002806203485815 -7.946305944394288 6.782937414944172
      vertex -7.764416384467406 -8.158758142923817 6.782937414944172
      vertex -7.613836174140719 -7.961215503401802 6.48174712061882
    endloop
  endfacet
  facet normal 0.5959027391671924 0.49143737083172473 0.6351293065219389
    outer loop
      vertex -8.002806203485815 -7.946305944394288 6.782937414944172
      vertex -7.823835986885479 -7.774064382216678 6.48174712061882
      vertex -8.002806206128994 -7.557050271759291 6.48174712061882
    endloop
  endfacet
  facet normal 0.5139014487001535 0.5766420597050168 0.6351293065219391
    outer loop
      vertex -8.002806203485815 -7.946305944394288 6.782937414944172
      vertex -7.613836174140719 -7.961215503401802 6.48174712061882
      vertex -7.823835986885479 -7.774064382216678 6.48174712061882
    endloop
  endfacet
  facet normal 0.44338289896117583 0.4975141220980127 0.7455811848630755
    outer loop
      vertex -7.613836174140719 -7.961215503401802 6.48174712061882
      vertex -7.613836172103224 -7.571959826262107 6.222003176808357
      vertex -7.823835986885479 -7.774064382216678 6.48174712061882
    endloop
  endfacet
  facet normal 0.8556544887393689 0.5086911209333809 0.09533488020504244
    outer loop
      vertex -8.561276114394524 -7.949869229981499 7.860744327306747
      vertex -8.758440332029776 -7.618225053592417 7.860744327306747
      vertex -8.691902497817363 -7.803097632590131 8.25
    endloop
  endfacet
  facet normal 0.751309777815236 0.6196006120154737 0.2272194959709035
    outer loop
      vertex -8.561276114394524 -7.949869229981499 7.860744327306747
      vertex -8.315797331694483 -8.24752970047199 7.860744327306747
      vertex -8.488517799195135 -7.898692174323493 7.480612471699715
    endloop
  endfacet
  facet normal 0.7513097778152343 0.6196006120154749 0.22721949597090532
    outer loop
      vertex -8.25170385403031 -8.185845913482307 7.480612471699715
      vertex -8.488517799195135 -7.898692174323493 7.480612471699715
      vertex -8.315797331694483 -8.24752970047199 7.860744327306747
    endloop
  endfacet
  facet normal 0.7929627415487451 0.6044492111521543 0.07649340921305987
    outer loop
      vertex -8.561276114394524 -7.949869229981499 7.860744327306747
      vertex -8.585719867517511 -7.9670625818428995 8.25
      vertex -8.467297408545955 -8.122418227932727 8.25
    endloop
  endfacet
  facet normal 0.7443658754933237 0.6633763650809555 0.07649340921305786
    outer loop
      vertex -8.315797331694483 -8.24752970047199 7.860744327306747
      vertex -8.467297408545955 -8.122418227932727 8.25
      vertex -8.337330061534685 -8.268252874953626 8.25
    endloop
  endfacet
  facet normal 0.767975245241923 0.6333445218140741 0.09533488020504276
    outer loop
      vertex -8.561276114394524 -7.949869229981499 7.860744327306747
      vertex -8.467297408545955 -8.122418227932727 8.25
      vertex -8.315797331694483 -8.24752970047199 7.860744327306747
    endloop
  endfacet
  facet normal 0.8370863355352995 0.49765225560707765 0.22721949597090368
    outer loop
      vertex -8.561276114394524 -7.949869229981499 7.860744327306747
      vertex -8.488517799195135 -7.898692174323493 7.480612471699715
      vertex -8.758440332029776 -7.618225053592417 7.860744327306747
    endloop
  endfacet
  facet normal 0.8370863355353008 0.4976522556070742 0.22721949597090702
    outer loop
      vertex -8.488517799195135 -7.898692174323493 7.480612471699715
      vertex -8.678722572536355 -7.57875427607505 7.480612471699715
      vertex -8.758440332029776 -7.618225053592417 7.860744327306747
    endloop
  endfacet
  facet normal 0.8369061501775016 0.5419749571170578 0.07649340921305982
    outer loop
      vertex -8.561276114394524 -7.949869229981499 7.860744327306747
      vertex -8.691902497817363 -7.803097632590131 8.25
      vertex -8.585719867517511 -7.9670625818428995 8.25
    endloop
  endfacet
  facet normal 0.647923155683824 0.7270260552273508 0.22721949597090493
    outer loop
      vertex -7.973831455202356 -8.433484853285835 7.480612471699715
      vertex -8.315797331694483 -8.24752970047199 7.860744327306747
      vertex -8.027757798537976 -8.50422955592091 7.860744327306747
    endloop
  endfacet
  facet normal 0.6622953129016431 0.7431528639013676 0.09533488020504484
    outer loop
      vertex -8.027757798537976 -8.50422955592091 7.860744327306747
      vertex -8.315797331694483 -8.24752970047199 7.860744327306747
      vertex -8.196580535422193 -8.403710715110504 8.25
    endloop
  endfacet
  facet normal 0.6343782955828428 0.769228793299088 0.07649340921305667
    outer loop
      vertex -8.027757798537976 -8.50422955592091 7.860744327306747
      vertex -8.196580535422193 -8.403710715110504 8.25
      vertex -8.045874796158234 -8.52799681937708 8.25
    endloop
  endfacet
  facet normal 0.5095214260980199 0.8570511505703748 0.07649340921305939
    outer loop
      vertex -7.703908917451203 -8.713951969285242 7.860744327306747
      vertex -7.886097252503114 -8.640381836636472 8.25
      vertex -7.718185535782554 -8.740206237204733 8.25
    endloop
  endfacet
  facet normal 0.529349763937381 0.8174106239034132 0.22721949597090466
    outer loop
      vertex -7.973831455202356 -8.433484853285835 7.480612471699715
      vertex -8.027757798537976 -8.50422955592091 7.860744327306747
      vertex -7.703908917451203 -8.713951969285242 7.860744327306747
    endloop
  endfacet
  facet normal 0.52934976393738 0.8174106239034136 0.2272194959709056
    outer loop
      vertex -7.973831455202356 -8.433484853285835 7.480612471699715
      vertex -7.703908917451203 -8.713951969285242 7.860744327306747
      vertex -7.661413696226075 -8.63580454687411 7.480612471699715
    endloop
  endfacet
  facet normal 0.5043667767076061 0.7788324274637599 0.3728729066109347
    outer loop
      vertex -7.973831455202356 -8.433484853285835 7.480612471699715
      vertex -7.661413696226075 -8.63580454687411 7.480612471699715
      vertex -7.885359750817635 -8.317420903253804 7.118514411151409
    endloop
  endfacet
  facet normal 0.5736330390173435 0.8155328901366826 0.07649340921305678
    outer loop
      vertex -8.027757798537976 -8.50422955592091 7.860744327306747
      vertex -8.045874796158234 -8.52799681937708 8.25
      vertex -7.886097252503114 -8.640381836636472 8.25
    endloop
  endfacet
  facet normal 0.5410917397624215 0.8355423327259764 0.0953348802050419
    outer loop
      vertex -8.027757798537976 -8.50422955592091 7.860744327306747
      vertex -7.886097252503114 -8.640381836636472 8.25
      vertex -7.703908917451203 -8.713951969285242 7.860744327306747
    endloop
  endfacet
  facet normal 0.6479231556838241 0.727026055227351 0.22721949597090482
    outer loop
      vertex -8.25170385403031 -8.185845913482307 7.480612471699715
      vertex -8.315797331694483 -8.24752970047199 7.860744327306747
      vertex -7.973831455202356 -8.433484853285835 7.480612471699715
    endloop
  endfacet
  facet normal 0.7158512514051184 0.5903581805795862 0.372872906610934
    outer loop
      vertex -8.25170385403031 -8.185845913482307 7.480612471699715
      vertex -8.146551921632405 -8.084647326106982 7.118514411151409
      vertex -8.488517799195135 -7.898692174323493 7.480612471699715
    endloop
  endfacet
  facet normal 0.6173440244041156 0.6927136140195628 0.3728729066109347
    outer loop
      vertex -8.25170385403031 -8.185845913482307 7.480612471699715
      vertex -7.973831455202356 -8.433484853285835 7.480612471699715
      vertex -7.885359750817635 -8.317420903253804 7.118514411151409
    endloop
  endfacet
  facet normal 0.6914008148307885 0.7184105174607937 0.07649340921305817
    outer loop
      vertex -8.315797331694483 -8.24752970047199 7.860744327306747
      vertex -8.337330061534685 -8.268252874953626 8.25
      vertex -8.196580535422193 -8.403710715110504 8.25
    endloop
  endfacet
  facet normal 0.9788320029006431 0.1898332648522872 0.07649340921306015
    outer loop
      vertex -8.982923330888337 -7.0810264477030005 8.25
      vertex -8.990580396762573 -6.884693762728893 7.860744327306747
      vertex -9.020115077694584 -6.889255674303199 8.25
    endloop
  endfacet
  facet normal 0.9904915062978864 0.11434742803713314 0.07649340921306018
    outer loop
      vertex -8.990580396762573 -6.884693762728893 7.860744327306747
      vertex -9.042517793018538 -6.6952005947330635 8.25
      vertex -9.020115077694584 -6.889255674303199 8.25
    endloop
  endfacet
  facet normal 0.9709861202815802 0.07454699773467166 0.227219495970904
    outer loop
      vertex -8.990580396762573 -6.884693762728893 7.860744327306747
      vertex -8.931160800158978 -6.5 7.480612471699715
      vertex -9.020115077495575 -6.5 7.860744327306747
    endloop
  endfacet
  facet normal 0.9925244231722654 0.07620059069883779 0.09533488020504446
    outer loop
      vertex -8.990580396762573 -6.884693762728893 7.860744327306747
      vertex -9.020115077495575 -6.5 7.860744327306747
      vertex -9.042517793018538 -6.6952005947330635 8.25
    endloop
  endfacet
  facet normal 0.9963384186370485 0.03819049482251532 0.07649340921305951
    outer loop
      vertex -9.042517793018538 -6.6952005947330635 8.25
      vertex -9.020115077495575 -6.5 7.860744327306747
      vertex -9.049999997019768 -6.5 8.25
    endloop
  endfacet
  facet normal 0.9034748715869448 0.21142126649527698 0.3728729066109346
    outer loop
      vertex -8.817859935376948 -7.233531291905133 7.480612471699715
      vertex -8.678722574531502 -7.18949860188125 7.118514411151409
      vertex -8.758440337304892 -6.8488375289494225 7.118514411151409
    endloop
  endfacet
  facet normal 0.8606132239676905 0.3468582913056184 0.37287290661093186
    outer loop
      vertex -8.678722572536355 -7.57875427607505 7.480612471699715
      vertex -8.547937401210717 -7.513998411976897 7.118514411151409
      vertex -8.678722574531502 -7.18949860188125 7.118514411151409
    endloop
  endfacet
  facet normal 0.7394258658368699 0.43959258963726927 0.5099095449855736
    outer loop
      vertex -8.547937401210717 -7.513998411976897 7.118514411151409
      vertex -8.205971518813989 -7.69995356036023 6.782937414944172
      vertex -8.369150307655573 -7.425475281904804 6.782937414944172
    endloop
  endfacet
  facet normal 0.7394258658368694 0.43959258963727355 0.5099095449855707
    outer loop
      vertex -8.547937401210717 -7.513998411976897 7.118514411151409
      vertex -8.369150310956803 -7.814730958721006 7.118514411151409
      vertex -8.205971518813989 -7.69995356036023 6.782937414944172
    endloop
  endfacet
  facet normal 0.7978636021994637 0.3215679216245013 0.5099095449855732
    outer loop
      vertex -8.547937401210717 -7.513998411976897 7.118514411151409
      vertex -8.488517797504048 -7.129304647238005 6.782937414944172
      vertex -8.678722574531502 -7.18949860188125 7.118514411151409
    endloop
  endfacet
  facet normal 0.7978636021994633 0.32156792162450176 0.5099095449855736
    outer loop
      vertex -8.547937401210717 -7.513998411976897 7.118514411151409
      vertex -8.369150307655573 -7.425475281904804 6.782937414944172
      vertex -8.488517797504048 -7.129304647238005 6.782937414944172
    endloop
  endfacet
  facet normal 0.7164082992370449 0.288738485105889 0.6351293065219406
    outer loop
      vertex -8.488517797504048 -7.129304647238005 6.782937414944172
      vertex -8.369150307655573 -7.425475281904804 6.782937414944172
      vertex -8.251703855621566 -7.054360327230182 6.48174712061882
    endloop
  endfacet
  facet normal 0.8376000919643332 0.19600597407718615 0.5099095449855732
    outer loop
      vertex -8.678722574531502 -7.18949860188125 7.118514411151409
      vertex -8.561276115568559 -6.818383645013832 6.782937414944172
      vertex -8.758440337304892 -6.8488375289494225 7.118514411151409
    endloop
  endfacet
  facet normal 0.9251598339659932 0.07102870639064385 0.3728729066109355
    outer loop
      vertex -8.758440337304892 -6.8488375289494225 7.118514411151409
      vertex -8.785222172737122 -6.5 7.118514411151409
      vertex -8.931160800158978 -6.5 7.480612471699715
    endloop
  endfacet
  facet normal 0.8577039454904766 0.0658498126244629 0.5099095449855718
    outer loop
      vertex -8.758440337304892 -6.8488375289494225 7.118514411151409
      vertex -8.585719868540764 -6.5 6.782937414944172
      vertex -8.785222172737122 -6.5 7.118514411151409
    endloop
  endfacet
  facet normal 0.7520880206476019 0.17599537833514725 0.6351293065219402
    outer loop
      vertex -8.561276115568559 -6.818383645013832 6.782937414944172
      vertex -8.251703855621566 -7.054360327230182 6.48174712061882
      vertex -8.31579733592238 -6.780467119397981 6.48174712061882
    endloop
  endfacet
  facet normal 0.837600091964333 0.19600597407718623 0.5099095449855732
    outer loop
      vertex -8.488517797504048 -7.129304647238005 6.782937414944172
      vertex -8.561276115568559 -6.818383645013832 6.782937414944172
      vertex -8.678722574531502 -7.18949860188125 7.118514411151409
    endloop
  endfacet
  facet normal 0.7520880206476017 0.17599537833514634 0.6351293065219408
    outer loop
      vertex -8.488517797504048 -7.129304647238005 6.782937414944172
      vertex -8.251703855621566 -7.054360327230182 6.48174712061882
      vertex -8.561276115568559 -6.818383645013832 6.782937414944172
    endloop
  endfacet
  facet normal 0.7701394362944256 0.05912708906299749 0.6351293065219402
    outer loop
      vertex -8.561276115568559 -6.818383645013832 6.782937414944172
      vertex -8.31579733592238 -6.780467119397981 6.48174712061882
      vertex -8.33733006566763 -6.5 6.48174712061882
    endloop
  endfacet
  facet normal 0.8577039454904755 0.06584981262446478 0.5099095449855732
    outer loop
      vertex -8.561276115568559 -6.818383645013832 6.782937414944172
      vertex -8.585719868540764 -6.5 6.782937414944172
      vertex -8.758440337304892 -6.8488375289494225 7.118514411151409
    endloop
  endfacet
  facet normal 0.7701394362944263 0.05912708906299657 0.6351293065219397
    outer loop
      vertex -8.561276115568559 -6.818383645013832 6.782937414944172
      vertex -8.33733006566763 -6.5 6.48174712061882
      vertex -8.585719868540764 -6.5 6.782937414944172
    endloop
  endfacet
  facet normal 0.6639365744918893 0.3947138065091414 0.6351293065219397
    outer loop
      vertex -8.002806206128994 -7.557050271759291 6.48174712061882
      vertex -8.146551921620324 -7.315259798846131 6.48174712061882
      vertex -8.369150307655573 -7.425475281904804 6.782937414944172
    endloop
  endfacet
  facet normal 0.6639365744918894 0.39471380650913984 0.6351293065219406
    outer loop
      vertex -8.002806206128994 -7.557050271759291 6.48174712061882
      vertex -8.369150307655573 -7.425475281904804 6.782937414944172
      vertex -8.205971518813989 -7.69995356036023 6.782937414944172
    endloop
  endfacet
  facet normal 0.7164082992370459 0.288738485105888 0.6351293065219398
    outer loop
      vertex -8.369150307655573 -7.425475281904804 6.782937414944172
      vertex -8.146551921620324 -7.315259798846131 6.48174712061882
      vertex -8.251703855621566 -7.054360327230182 6.48174712061882
    endloop
  endfacet
  facet normal 0.6181013681884031 0.2491172322859223 0.7455811848630742
    outer loop
      vertex -8.251703855621566 -7.054360327230182 6.48174712061882
      vertex -7.88535974827329 -7.185935314202161 6.222003176808357
      vertex -7.973831453845173 -6.966422269046061 6.222003176808357
    endloop
  endfacet
  facet normal 0.6181013681884031 0.24911723228592028 0.7455811848630751
    outer loop
      vertex -8.251703855621566 -7.054360327230182 6.48174712061882
      vertex -8.146551921620324 -7.315259798846131 6.48174712061882
      vertex -7.88535974827329 -7.185935314202161 6.222003176808357
    endloop
  endfacet
  facet normal 0.5141318139093558 0.42400138526241876 0.7455811848630741
    outer loop
      vertex -8.002806206128994 -7.557050271759291 6.48174712061882
      vertex -7.823835986885479 -7.774064382216678 6.48174712061882
      vertex -7.764416384378356 -7.389370616965176 6.222003176808357
    endloop
  endfacet
  facet normal 0.5728299148974154 0.34055041532318603 0.7455811848630739
    outer loop
      vertex -8.002806206128994 -7.557050271759291 6.48174712061882
      vertex -7.764416384378356 -7.389370616965176 6.222003176808357
      vertex -8.146551921620324 -7.315259798846131 6.48174712061882
    endloop
  endfacet
  facet normal 0.5141318139093528 0.4240013852624201 0.7455811848630755
    outer loop
      vertex -7.823835986885479 -7.774064382216678 6.48174712061882
      vertex -7.613836172103224 -7.571959826262107 6.222003176808357
      vertex -7.764416384378356 -7.389370616965176 6.222003176808357
    endloop
  endfacet
  facet normal 0.5728299148974156 0.34055041532318286 0.7455811848630752
    outer loop
      vertex -8.146551921620324 -7.315259798846131 6.48174712061882
      vertex -7.764416384378356 -7.389370616965176 6.222003176808357
      vertex -7.88535974827329 -7.185935314202161 6.222003176808357
    endloop
  endfacet
  facet normal 0.4682016128063755 0.2783483361282719 0.838635471191227
    outer loop
      vertex -7.764416384378356 -7.389370616965176 6.222003176808357
      vertex -7.49638971721656 -7.200844870793355 6.009793758392334
      vertex -7.88535974827329 -7.185935314202161 6.222003176808357
    endloop
  endfacet
  facet normal 0.505204162592423 0.20361557052238993 0.8386354711912264
    outer loop
      vertex -7.973831453845173 -6.966422269046061 6.222003176808357
      vertex -7.88535974827329 -7.185935314202161 6.222003176808357
      vertex -7.591695919856239 -7.040533088775786 6.009793758392334
    endloop
  endfacet
  facet normal 0.6488850492874828 0.1518449524658512 0.7455811848630733
    outer loop
      vertex -8.251703855621566 -7.054360327230182 6.48174712061882
      vertex -8.02775779930054 -6.735976681224703 6.222003176808357
      vertex -8.31579733592238 -6.780467119397981 6.48174712061882
    endloop
  endfacet
  facet normal 0.6488850492874813 0.15184495246585325 0.7455811848630743
    outer loop
      vertex -8.251703855621566 -7.054360327230182 6.48174712061882
      vertex -7.973831453845173 -6.966422269046061 6.222003176808357
      vertex -8.02775779930054 -6.735976681224703 6.222003176808357
    endloop
  endfacet
  facet normal 0.664459414800727 0.05101355565779664 0.7455811848630733
    outer loop
      vertex -8.31579733592238 -6.780467119397981 6.48174712061882
      vertex -8.02775779930054 -6.735976681224703 6.222003176808357
      vertex -8.33733006566763 -6.5 6.48174712061882
    endloop
  endfacet
  facet normal 0.6644594148007256 0.05101355565779309 0.7455811848630748
    outer loop
      vertex -8.33733006566763 -6.5 6.48174712061882
      vertex -8.02775779930054 -6.735976681224703 6.222003176808357
      vertex -8.045874796807766 -6.5 6.222003176808357
    endloop
  endfacet
  facet normal 0.5303651549984952 0.12411022852001642 0.838635471191227
    outer loop
      vertex -7.973831453845173 -6.966422269046061 6.222003176808357
      vertex -7.703908918317965 -6.685955150202188 6.009793758392334
      vertex -8.02775779930054 -6.735976681224703 6.222003176808357
    endloop
  endfacet
  facet normal 0.505204162592423 0.2036155705223888 0.8386354711912266
    outer loop
      vertex -7.973831453845173 -6.966422269046061 6.222003176808357
      vertex -7.591695919856239 -7.040533088775786 6.009793758392334
      vertex -7.661413695413042 -6.867551669291913 6.009793758392334
    endloop
  endfacet
  facet normal 0.5303651549984966 0.12411022852001476 0.8386354711912266
    outer loop
      vertex -7.973831453845173 -6.966422269046061 6.222003176808357
      vertex -7.661413695413042 -6.867551669291913 6.009793758392334
      vertex -7.703908918317965 -6.685955150202188 6.009793758392334
    endloop
  endfacet
  facet normal 0.543094837688065 0.041695847952081685 0.838635471191227
    outer loop
      vertex -8.02775779930054 -6.735976681224703 6.222003176808357
      vertex -7.7181855365633965 -6.5 6.009793758392334
      vertex -8.045874796807766 -6.5 6.222003176808357
    endloop
  endfacet
  facet normal 0.5430948376880644 0.04169584795208226 0.838635471191227
    outer loop
      vertex -8.02775779930054 -6.735976681224703 6.222003176808357
      vertex -7.703908918317965 -6.685955150202188 6.009793758392334
      vertex -7.7181855365633965 -6.5 6.009793758392334
    endloop
  endfacet
  facet normal 0.9032422990318953 0.36403935211774213 0.2272194959709019
    outer loop
      vertex -8.817859935376948 -7.233531291905133 7.480612471699715
      vertex -8.902668622447512 -7.260370629710734 7.860744327306747
      vertex -8.758440332029776 -7.618225053592417 7.860744327306747
    endloop
  endfacet
  facet normal 0.9032422990318921 0.364039352117747 0.22721949597090732
    outer loop
      vertex -8.678722572536355 -7.57875427607505 7.480612471699715
      vertex -8.817859935376948 -7.233531291905133 7.480612471699715
      vertex -8.758440332029776 -7.618225053592417 7.860744327306747
    endloop
  endfacet
  facet normal 0.9232779162398795 0.3721144313246075 0.09533488020504358
    outer loop
      vertex -8.865131250310341 -7.45323353319396 8.25
      vertex -8.758440332029776 -7.618225053592417 7.860744327306747
      vertex -8.902668622447512 -7.260370629710734 7.860744327306747
    endloop
  endfacet
  facet normal 0.8759382936888636 0.4763201276414908 0.07649340921305676
    outer loop
      vertex -8.78522216757991 -7.631485585238359 8.25
      vertex -8.691902497817363 -7.803097632590131 8.25
      vertex -8.758440332029776 -7.618225053592417 7.860744327306747
    endloop
  endfacet
  facet normal 0.9098300540302733 0.40787011551501745 0.07649340921305679
    outer loop
      vertex -8.78522216757991 -7.631485585238359 8.25
      vertex -8.758440332029776 -7.618225053592417 7.860744327306747
      vertex -8.865131250310341 -7.45323353319396 8.25
    endloop
  endfacet
  facet normal 0.9482270285918531 0.22189367476021987 0.2272194959709017
    outer loop
      vertex -8.817859935376948 -7.233531291905133 7.480612471699715
      vertex -8.990580396762573 -6.884693762728893 7.860744327306747
      vertex -8.902668622447512 -7.260370629710734 7.860744327306747
    endloop
  endfacet
  facet normal 0.8606132239676884 0.3468582913056209 0.37287290661093453
    outer loop
      vertex -8.678722572536355 -7.57875427607505 7.480612471699715
      vertex -8.678722574531502 -7.18949860188125 7.118514411151409
      vertex -8.817859935376948 -7.233531291905133 7.480612471699715
    endloop
  endfacet
  facet normal 0.9383825946357804 0.33702650404913814 0.0764934092130612
    outer loop
      vertex -8.865131250310341 -7.45323353319396 8.25
      vertex -8.902668622447512 -7.260370629710734 7.860744327306747
      vertex -8.93116079689873 -7.269387525518543 8.25
    endloop
  endfacet
  facet normal 0.961428312552773 0.2642051440999788 0.07649340921306112
    outer loop
      vertex -8.902668622447512 -7.260370629710734 7.860744327306747
      vertex -8.982923330888337 -7.0810264477030005 8.25
      vertex -8.93116079689873 -7.269387525518543 8.25
    endloop
  endfacet
  facet normal 0.9692604919177992 0.22681569483515843 0.0953348802050455
    outer loop
      vertex -8.902668622447512 -7.260370629710734 7.860744327306747
      vertex -8.990580396762573 -6.884693762728893 7.860744327306747
      vertex -8.982923330888337 -7.0810264477030005 8.25
    endloop
  endfacet
  facet normal 0.7975795318005778 0.4741652517512076 0.37287290661093236
    outer loop
      vertex -8.488517799195135 -7.898692174323493 7.480612471699715
      vertex -8.547937401210717 -7.513998411976897 7.118514411151409
      vertex -8.678722572536355 -7.57875427607505 7.480612471699715
    endloop
  endfacet
  facet normal 0.9034748715869457 0.2114212664952751 0.37287290661093275
    outer loop
      vertex -8.817859935376948 -7.233531291905133 7.480612471699715
      vertex -8.758440337304892 -6.8488375289494225 7.118514411151409
      vertex -8.902668625859285 -6.871114955965254 7.480612471699715
    endloop
  endfacet
  facet normal 0.9482270285918533 0.22189367476021535 0.22721949597090596
    outer loop
      vertex -8.817859935376948 -7.233531291905133 7.480612471699715
      vertex -8.902668625859285 -6.871114955965254 7.480612471699715
      vertex -8.990580396762573 -6.884693762728893 7.860744327306747
    endloop
  endfacet
  facet normal 0.9251598339659942 0.07102870639064728 0.37287290661093264
    outer loop
      vertex -8.902668625859285 -6.871114955965254 7.480612471699715
      vertex -8.758440337304892 -6.8488375289494225 7.118514411151409
      vertex -8.931160800158978 -6.5 7.480612471699715
    endloop
  endfacet
  facet normal 0.9709861202815795 0.07454699773467365 0.2272194959709059
    outer loop
      vertex -8.902668625859285 -6.871114955965254 7.480612471699715
      vertex -8.931160800158978 -6.5 7.480612471699715
      vertex -8.990580396762573 -6.884693762728893 7.860744327306747
    endloop
  endfacet
  facet normal 0.2271859031397389 0.970842584439694 0.07649340921306345
    outer loop
      vertex -7.175702830601487 -8.95884641340551 8.25
      vertex -6.985497327802496 -9.003356213066262 8.25
      vertex -6.979807504826987 -8.974017938926924 7.860744327306747
    endloop
  endfacet
  facet normal 0.15220205011561777 0.9853848457773063 0.07649340921306337
    outer loop
      vertex -6.979807504826987 -8.974017938926924 7.860744327306747
      vertex -6.985497327802496 -9.003356213066262 8.25
      vertex -6.79244273476592 -9.033175328887172 8.25
    endloop
  endfacet
  facet normal 0.11416107192306865 0.9888773990104461 0.09533488020504649
    outer loop
      vertex -6.979807504826987 -8.974017938926924 7.860744327306747
      vertex -6.79244273476592 -9.033175328887172 8.25
      vertex -6.596527296681556 -9.01826576929757 7.860744327306747
    endloop
  endfacet
  facet normal 0.0763249550279362 0.9941444862729698 0.07649340921305806
    outer loop
      vertex -6.79244273476592 -9.033175328887172 8.25
      vertex -6.597671970795439 -9.04812875870152 8.25
      vertex -6.596527296681556 -9.01826576929757 7.860744327306747
    endloop
  endfacet
  facet normal 0.46759204028774193 0.722045663232012 0.5099095449855697
    outer loop
      vertex -7.591695921620177 -8.507595674802882 7.118514411151409
      vertex -7.496389717066714 -8.332330456481422 6.782937414944172
      vertex -7.885359750817635 -8.317420903253804 7.118514411151409
    endloop
  endfacet
  facet normal 0.37956759924653305 0.8466960689159573 0.37287290661093603
    outer loop
      vertex -7.661413696226075 -8.63580454687411 7.480612471699715
      vertex -7.272443665298498 -8.650714105293773 7.118514411151409
      vertex -7.591695921620177 -8.507595674802882 7.118514411151409
    endloop
  endfacet
  facet normal 0.3518923060661826 0.7849611843040607 0.5099095449855693
    outer loop
      vertex -7.591695921620177 -8.507595674802882 7.118514411151409
      vertex -7.272443665298498 -8.650714105293773 7.118514411151409
      vertex -7.496389717066714 -8.332330456481422 6.782937414944172
    endloop
  endfacet
  facet normal 0.24587167896569673 0.8947138721390774 0.37287290661093647
    outer loop
      vertex -7.272443665298498 -8.650714105293773 7.118514411151409
      vertex -6.962871401299931 -8.88669078476628 7.480612471699715
      vertex -6.935085984155115 -8.743421620017322 7.118514411151409
    endloop
  endfacet
  facet normal 0.2046732567578886 0.7447950200995427 0.6351293065219406
    outer loop
      vertex -7.121048573403061 -8.229184906156723 6.48174712061882
      vertex -7.205008519198741 -8.46295449715038 6.782937414944172
      vertex -6.849811309104053 -8.30372221204628 6.48174712061882
    endloop
  endfacet
  facet normal 0.35189230606617833 0.7849611843040608 0.5099095449855722
    outer loop
      vertex -7.496389717066714 -8.332330456481422 6.782937414944172
      vertex -7.272443665298498 -8.650714105293773 7.118514411151409
      vertex -7.205008519198741 -8.46295449715038 6.782937414944172
    endloop
  endfacet
  facet normal 0.2279445144405151 0.829477880518272 0.509909544985572
    outer loop
      vertex -7.272443665298498 -8.650714105293773 7.118514411151409
      vertex -6.935085984155115 -8.743421620017322 7.118514411151409
      vertex -7.205008519198741 -8.46295449715038 6.782937414944172
    endloop
  endfacet
  facet normal 0.41985474383825383 0.6483307474379675 0.63512930652194
    outer loop
      vertex -7.613836174140719 -7.961215503401802 6.48174712061882
      vertex -7.496389717066714 -8.332330456481422 6.782937414944172
      vertex -7.377728985517864 -8.114116971656019 6.48174712061882
    endloop
  endfacet
  facet normal 0.4198547438382567 0.6483307474379671 0.6351293065219386
    outer loop
      vertex -7.613836174140719 -7.961215503401802 6.48174712061882
      vertex -7.764416384467406 -8.158758142923817 6.782937414944172
      vertex -7.496389717066714 -8.332330456481422 6.782937414944172
    endloop
  endfacet
  facet normal 0.4433828989611753 0.4975141220980128 0.7455811848630756
    outer loop
      vertex -7.613836174140719 -7.961215503401802 6.48174712061882
      vertex -7.437148583997756 -7.7294232057824726 6.222003176808357
      vertex -7.613836172103224 -7.571959826262107 6.222003176808357
    endloop
  endfacet
  facet normal 0.3622414646552667 0.5593655495850451 0.7455811848630756
    outer loop
      vertex -7.613836174140719 -7.961215503401802 6.48174712061882
      vertex -7.238495027373687 -7.858069947370086 6.222003176808357
      vertex -7.437148583997756 -7.7294232057824726 6.222003176808357
    endloop
  endfacet
  facet normal 0.3622414646552667 0.559365549585045 0.7455811848630757
    outer loop
      vertex -7.613836174140719 -7.961215503401802 6.48174712061882
      vertex -7.377728985517864 -8.114116971656019 6.48174712061882
      vertex -7.238495027373687 -7.858069947370086 6.222003176808357
    endloop
  endfacet
  facet normal 0.3159669996331628 0.7048231119506339 0.6351293065219406
    outer loop
      vertex -7.377728985517864 -8.114116971656019 6.48174712061882
      vertex -7.205008519198741 -8.46295449715038 6.782937414944172
      vertex -7.121048573403061 -8.229184906156723 6.48174712061882
    endloop
  endfacet
  facet normal 0.272609397439465 0.6081059226860615 0.7455811848630743
    outer loop
      vertex -7.377728985517864 -8.114116971656019 6.48174712061882
      vertex -7.121048573403061 -8.229184906156723 6.48174712061882
      vertex -7.022531773227339 -7.954884680438056 6.222003176808357
    endloop
  endfacet
  facet normal 0.31596699963316344 0.704823111950634 0.6351293065219401
    outer loop
      vertex -7.377728985517864 -8.114116971656019 6.48174712061882
      vertex -7.496389717066714 -8.332330456481422 6.782937414944172
      vertex -7.205008519198741 -8.46295449715038 6.782937414944172
    endloop
  endfacet
  facet normal 0.27260939743946716 0.6081059226860587 0.7455811848630757
    outer loop
      vertex -7.377728985517864 -8.114116971656019 6.48174712061882
      vertex -7.022531773227339 -7.954884680438056 6.222003176808357
      vertex -7.238495027373687 -7.858069947370086 6.222003176808357
    endloop
  endfacet
  facet normal 0.22281685405726498 0.497034401231839 0.8386354711912266
    outer loop
      vertex -7.022531773227339 -7.954884680438056 6.222003176808357
      vertex -6.911767272391546 -7.646483194329283 6.009793758392334
      vertex -7.238495027373687 -7.858069947370086 6.222003176808357
    endloop
  endfacet
  facet normal 0.22281685405726467 0.4970344012318395 0.8386354711912266
    outer loop
      vertex -7.238495027373687 -7.858069947370086 6.222003176808357
      vertex -6.911767272391546 -7.646483194329283 6.009793758392334
      vertex -7.0819513734413295 -7.570190917753464 6.009793758392334
    endloop
  endfacet
  facet normal 0.22794451444051175 0.8294778805182714 0.5099095449855742
    outer loop
      vertex -6.897102519178263 -8.547568548129213 6.782937414944172
      vertex -7.205008519198741 -8.46295449715038 6.782937414944172
      vertex -6.935085984155115 -8.743421620017322 7.118514411151409
    endloop
  endfacet
  facet normal 0.20467325675788478 0.7447950200995462 0.6351293065219378
    outer loop
      vertex -6.897102519178263 -8.547568548129213 6.782937414944172
      vertex -6.849811309104053 -8.30372221204628 6.48174712061882
      vertex -7.205008519198741 -8.46295449715038 6.782937414944172
    endloop
  endfacet
  facet normal 0.09865389659317589 0.8545523182459851 0.5099095449855744
    outer loop
      vertex -6.897102519178263 -8.547568548129213 6.782937414944172
      vertex -6.935085984155115 -8.743421620017322 7.118514411151409
      vertex -6.579888772676732 -8.584189327778526 6.782937414944172
    endloop
  endfacet
  facet normal 0.08858214621721244 0.7673095642363094 0.6351293065219376
    outer loop
      vertex -6.897102519178263 -8.547568548129213 6.782937414944172
      vertex -6.579888772676732 -8.584189327778526 6.782937414944172
      vertex -6.849811309104053 -8.30372221204628 6.48174712061882
    endloop
  endfacet
  facet normal 0.1064127349210734 0.9217603405235703 0.37287290661093814
    outer loop
      vertex -6.935085984155115 -8.743421620017322 7.118514411151409
      vertex -6.593120104686142 -8.929376768295294 7.480612471699715
      vertex -6.587530256304913 -8.783545233403657 7.118514411151409
    endloop
  endfacet
  facet normal 0.09865389659317171 0.8545523182459877 0.5099095449855713
    outer loop
      vertex -6.935085984155115 -8.743421620017322 7.118514411151409
      vertex -6.587530256304913 -8.783545233403657 7.118514411151409
      vertex -6.579888772676732 -8.584189327778526 6.782937414944172
    endloop
  endfacet
  facet normal 0.0885821462172081 0.7673095642363078 0.63512930652194
    outer loop
      vertex -6.849811309104053 -8.30372221204628 6.48174712061882
      vertex -6.579888772676732 -8.584189327778526 6.782937414944172
      vertex -6.570374764205962 -8.335981798049525 6.48174712061882
    endloop
  endfacet
  facet normal 0.17658759700069812 0.6425928083659923 0.7455811848630745
    outer loop
      vertex -6.849811309104053 -8.30372221204628 6.48174712061882
      vertex -6.794320817193937 -8.017598149699632 6.222003176808357
      vertex -7.022531773227339 -7.954884680438056 6.222003176808357
    endloop
  endfacet
  facet normal 0.1765875970006989 0.6425928083659925 0.7455811848630741
    outer loop
      vertex -7.121048573403061 -8.229184906156723 6.48174712061882
      vertex -6.849811309104053 -8.30372221204628 6.48174712061882
      vertex -7.022531773227339 -7.954884680438056 6.222003176808357
    endloop
  endfacet
  facet normal 0.07642673295693654 0.6620178632542351 0.7455811848630745
    outer loop
      vertex -6.849811309104053 -8.30372221204628 6.48174712061882
      vertex -6.5592112306602655 -8.044740404588794 6.222003176808357
      vertex -6.794320817193937 -8.017598149699632 6.222003176808357
    endloop
  endfacet
  facet normal 0.1443335893729199 0.5252222019665567 0.8386354711912267
    outer loop
      vertex -7.022531773227339 -7.954884680438056 6.222003176808357
      vertex -6.731931695474662 -7.695902876544119 6.009793758392334
      vertex -6.911767272391546 -7.646483194329283 6.009793758392334
    endloop
  endfacet
  facet normal 0.14433358937292123 0.5252222019665557 0.838635471191227
    outer loop
      vertex -7.022531773227339 -7.954884680438056 6.222003176808357
      vertex -6.794320817193937 -8.017598149699632 6.222003176808357
      vertex -6.731931695474662 -7.695902876544119 6.009793758392334
    endloop
  endfacet
  facet normal 0.07642673295693495 0.662017863254236 0.7455811848630738
    outer loop
      vertex -6.849811309104053 -8.30372221204628 6.48174712061882
      vertex -6.570374764205962 -8.335981798049525 6.48174712061882
      vertex -6.5592112306602655 -8.044740404588794 6.222003176808357
    endloop
  endfacet
  facet normal 0.062467267685152136 0.5410992394448729 0.8386354711912272
    outer loop
      vertex -6.794320817193937 -8.017598149699632 6.222003176808357
      vertex -6.5592112306602655 -8.044740404588794 6.222003176808357
      vertex -6.731931695474662 -7.695902876544119 6.009793758392334
    endloop
  endfacet
  facet normal 0.06246726768515082 0.5410992394448725 0.8386354711912276
    outer loop
      vertex -6.5592112306602655 -8.044740404588794 6.222003176808357
      vertex -6.54665983619204 -7.717291608933037 6.009793758392334
      vertex -6.731931695474662 -7.695902876544119 6.009793758392334
    endloop
  endfacet
  facet normal 0.39836886238030367 0.8886357803602948 0.22721949597090582
    outer loop
      vertex -7.661413696226075 -8.63580454687411 7.480612471699715
      vertex -7.703908917451203 -8.713951969285242 7.860744327306747
      vertex -7.351841431725256 -8.871781224948203 7.860744327306747
    endloop
  endfacet
  facet normal 0.3795675992465314 0.8466960689159588 0.37287290661093425
    outer loop
      vertex -7.661413696226075 -8.63580454687411 7.480612471699715
      vertex -7.321773384578855 -8.788062792107649 7.480612471699715
      vertex -7.272443665298498 -8.650714105293773 7.118514411151409
    endloop
  endfacet
  facet normal 0.39836886238030295 0.8886357803602949 0.22721949597090646
    outer loop
      vertex -7.661413696226075 -8.63580454687411 7.480612471699715
      vertex -7.351841431725256 -8.871781224948203 7.860744327306747
      vertex -7.321773384578855 -8.788062792107649 7.480612471699715
    endloop
  endfacet
  facet normal 0.44241979095815487 0.8935398630813881 0.07649340921305933
    outer loop
      vertex -7.703908917451203 -8.713951969285242 7.860744327306747
      vertex -7.718185535782554 -8.740206237204733 8.25
      vertex -7.543125024786917 -8.826884222015202 8.25
    endloop
  endfacet
  facet normal 0.4072054348512641 0.9083473974443274 0.09533488020504383
    outer loop
      vertex -7.703908917451203 -8.713951969285242 7.860744327306747
      vertex -7.543125024786917 -8.826884222015202 8.25
      vertex -7.351841431725256 -8.871781224948203 7.860744327306747
    endloop
  endfacet
  facet normal 0.37272180623578205 0.924784955275171 0.07649340921305739
    outer loop
      vertex -7.543125024786917 -8.826884222015202 8.25
      vertex -7.361943038934313 -8.899907119543066 8.25
      vertex -7.351841431725256 -8.871781224948203 7.860744327306747
    endloop
  endfacet
  facet normal 0.25805053233082526 0.9390320672982925 0.2272194959709068
    outer loop
      vertex -7.321773384578855 -8.788062792107649 7.480612471699715
      vertex -7.351841431725256 -8.871781224948203 7.860744327306747
      vertex -6.962871401299931 -8.88669078476628 7.480612471699715
    endloop
  endfacet
  facet normal 0.2580505323308185 0.939032067298296 0.22721949597089983
    outer loop
      vertex -6.962871401299931 -8.88669078476628 7.480612471699715
      vertex -7.351841431725256 -8.871781224948203 7.860744327306747
      vertex -6.979807504826987 -8.974017938926924 7.860744327306747
    endloop
  endfacet
  facet normal 0.24587167896569942 0.8947138721390775 0.37287290661093425
    outer loop
      vertex -7.321773384578855 -8.788062792107649 7.480612471699715
      vertex -6.962871401299931 -8.88669078476628 7.480612471699715
      vertex -7.272443665298498 -8.650714105293773 7.118514411151409
    endloop
  endfacet
  facet normal 0.3008365979765391 0.9506030189647338 0.07649340921305732
    outer loop
      vertex -7.361943038934313 -8.899907119543066 8.25
      vertex -7.175702830601487 -8.95884641340551 8.25
      vertex -7.351841431725256 -8.871781224948203 7.860744327306747
    endloop
  endfacet
  facet normal 0.2637745796785104 0.9598615690461384 0.09533488020504662
    outer loop
      vertex -7.351841431725256 -8.871781224948203 7.860744327306747
      vertex -7.175702830601487 -8.95884641340551 8.25
      vertex -6.979807504826987 -8.974017938926924 7.860744327306747
    endloop
  endfacet
  facet normal 0.10641273492107524 0.9217603405235706 0.37287290661093664
    outer loop
      vertex -6.962871401299931 -8.88669078476628 7.480612471699715
      vertex -6.593120104686142 -8.929376768295294 7.480612471699715
      vertex -6.935085984155115 -8.743421620017322 7.118514411151409
    endloop
  endfacet
  facet normal 0.11168371651699677 0.967418238465495 0.22721949597089963
    outer loop
      vertex -6.962871401299931 -8.88669078476628 7.480612471699715
      vertex -6.979807504826987 -8.974017938926924 7.860744327306747
      vertex -6.596527296681556 -9.01826576929757 7.860744327306747
    endloop
  endfacet
  facet normal 0.1116837165169939 0.9674182384654948 0.2272194959709023
    outer loop
      vertex -6.962871401299931 -8.88669078476628 7.480612471699715
      vertex -6.596527296681556 -9.01826576929757 7.860744327306747
      vertex -6.593120104686142 -8.929376768295294 7.480612471699715
    endloop
  endfacet
  facet normal 0.3524839331078006 0.20955356327036212 0.9120539353687093
    outer loop
      vertex -7.49638971721656 -7.200844870793355 6.009793758392334
      vertex -7.205008516712763 -6.9958919128391415 5.850092880427837
      vertex -7.591695919856239 -7.040533088775786 6.009793758392334
    endloop
  endfacet
  facet normal 0.22290088711460876 0.34419879939065867 0.9120539353687093
    outer loop
      vertex -7.238495027536759 -7.468814273117263 6.009793758392334
      vertex -7.0819513734413295 -7.570190917753464 6.009793758392334
      vertex -7.022531771421606 -7.185497152227339 5.850092880427837
    endloop
  endfacet
  facet normal 0.3163647693488069 0.2609041044010733 0.9120539353687094
    outer loop
      vertex -7.49638971721656 -7.200844870793355 6.009793758392334
      vertex -7.3777289841060885 -7.344729443048095 6.009793758392334
      vertex -7.121048570120821 -7.097699315214328 5.850092880427837
    endloop
  endfacet
  facet normal 0.272830283534619 0.30613927445669203 0.9120539353687093
    outer loop
      vertex -7.3777289841060885 -7.344729443048095 6.009793758392334
      vertex -7.238495027536759 -7.468814273117263 6.009793758392334
      vertex -7.022531771421606 -7.185497152227339 5.850092880427837
    endloop
  endfacet
  facet normal 0.3163647693488066 0.2609041044010741 0.9120539353687094
    outer loop
      vertex -7.49638971721656 -7.200844870793355 6.009793758392334
      vertex -7.121048570120821 -7.097699315214328 5.850092880427837
      vertex -7.205008516712763 -6.9958919128391415 5.850092880427837
    endloop
  endfacet
  facet normal 0.2728302835346198 0.3061392744566906 0.9120539353687095
    outer loop
      vertex -7.3777289841060885 -7.344729443048095 6.009793758392334
      vertex -7.022531771421606 -7.185497152227339 5.850092880427837
      vertex -7.121048570120821 -7.097699315214328 5.850092880427837
    endloop
  endfacet
  facet normal 0.4202248140454308 0.34655685265242103 0.838635471191227
    outer loop
      vertex -7.764416384378356 -7.389370616965176 6.222003176808357
      vertex -7.613836172103224 -7.571959826262107 6.222003176808357
      vertex -7.49638971721656 -7.200844870793355 6.009793758392334
    endloop
  endfacet
  facet normal 0.3623983018092991 0.40664237027836275 0.8386354711912268
    outer loop
      vertex -7.437148583997756 -7.7294232057824726 6.222003176808357
      vertex -7.238495027536759 -7.468814273117263 6.009793758392334
      vertex -7.613836172103224 -7.571959826262107 6.222003176808357
    endloop
  endfacet
  facet normal 0.4202248140454331 0.34655685265241987 0.8386354711912264
    outer loop
      vertex -7.613836172103224 -7.571959826262107 6.222003176808357
      vertex -7.3777289841060885 -7.344729443048095 6.009793758392334
      vertex -7.49638971721656 -7.200844870793355 6.009793758392334
    endloop
  endfacet
  facet normal 0.3623983018092981 0.40664237027836486 0.8386354711912262
    outer loop
      vertex -7.613836172103224 -7.571959826262107 6.222003176808357
      vertex -7.238495027536759 -7.468814273117263 6.009793758392334
      vertex -7.3777289841060885 -7.344729443048095 6.009793758392334
    endloop
  endfacet
  facet normal 0.46820161280637523 0.27834833612827464 0.8386354711912262
    outer loop
      vertex -7.88535974827329 -7.185935314202161 6.222003176808357
      vertex -7.49638971721656 -7.200844870793355 6.009793758392334
      vertex -7.591695919856239 -7.040533088775786 6.009793758392334
    endloop
  endfacet
  facet normal 0.2960774805333143 0.45719653539907074 0.8386354711912267
    outer loop
      vertex -7.437148583997756 -7.7294232057824726 6.222003176808357
      vertex -7.238495027373687 -7.858069947370086 6.222003176808357
      vertex -7.238495027536759 -7.468814273117263 6.009793758392334
    endloop
  endfacet
  facet normal 0.29607748053331595 0.4571965353990706 0.8386354711912263
    outer loop
      vertex -7.238495027373687 -7.858069947370086 6.222003176808357
      vertex -7.0819513734413295 -7.570190917753464 6.009793758392334
      vertex -7.238495027536759 -7.468814273117263 6.009793758392334
    endloop
  endfacet
  facet normal 0.38034117222627684 0.15329126422595518 0.9120539353687095
    outer loop
      vertex -7.661413695413042 -6.867551669291913 6.009793758392334
      vertex -7.591695919856239 -7.040533088775786 6.009793758392334
      vertex -7.321773380982287 -6.760065968872772 5.850092880427837
    endloop
  endfacet
  facet normal 0.3992835366299973 0.09343594787174347 0.9120539353687096
    outer loop
      vertex -7.661413695413042 -6.867551669291913 6.009793758392334
      vertex -7.351841429206701 -6.631574987531359 5.850092880427837
      vertex -7.703908918317965 -6.685955150202188 6.009793758392334
    endloop
  endfacet
  facet normal 0.3803411722262749 0.15329126422595718 0.9120539353687099
    outer loop
      vertex -7.591695919856239 -7.040533088775786 6.009793758392334
      vertex -7.272443661210467 -6.882461224325501 5.850092880427837
      vertex -7.321773380982287 -6.760065968872772 5.850092880427837
    endloop
  endfacet
  facet normal 0.39928353662999805 0.09343594787174236 0.9120539353687096
    outer loop
      vertex -7.661413695413042 -6.867551669291913 6.009793758392334
      vertex -7.321773380982287 -6.760065968872772 5.850092880427837
      vertex -7.351841429206701 -6.631574987531359 5.850092880427837
    endloop
  endfacet
  facet normal 0.4088670333521439 0.03139057209205472 0.9120539353687096
    outer loop
      vertex -7.703908918317965 -6.685955150202188 6.009793758392334
      vertex -7.351841429206701 -6.631574987531359 5.850092880427837
      vertex -7.7181855365633965 -6.5 6.009793758392334
    endloop
  endfacet
  facet normal 0.40886703335214414 0.031390572092055535 0.9120539353687095
    outer loop
      vertex -7.7181855365633965 -6.5 6.009793758392334
      vertex -7.351841429206701 -6.631574987531359 5.850092880427837
      vertex -7.361943036317825 -6.5 5.850092880427837
    endloop
  endfacet
  facet normal 0.3524839331078011 0.20955356327035915 0.9120539353687098
    outer loop
      vertex -7.591695919856239 -7.040533088775786 6.009793758392334
      vertex -7.205008516712763 -6.9958919128391415 5.850092880427837
      vertex -7.272443661210467 -6.882461224325501 5.850092880427837
    endloop
  endfacet
  facet normal 0.22839308829787253 0.1357808994502556 0.9640540153758189
    outer loop
      vertex -7.272443661210467 -6.882461224325501 5.850092880427837
      vertex -7.205008516712763 -6.9958919128391415 5.850092880427837
      vertex -6.897102517230052 -6.779315670937743 5.746643781661987
    endloop
  endfacet
  facet normal 0.20498956097984677 0.16905364629918457 0.9640540153758189
    outer loop
      vertex -7.121048570120821 -7.097699315214328 5.850092880427837
      vertex -6.897102517230052 -6.779315670937743 5.746643781661987
      vertex -7.205008516712763 -6.9958919128391415 5.850092880427837
    endloop
  endfacet
  facet normal 0.24644327520319934 0.09932556340076963 0.964054015375819
    outer loop
      vertex -7.272443661210467 -6.882461224325501 5.850092880427837
      vertex -6.9350859812521195 -6.7154247946261645 5.746643781661987
      vertex -7.321773380982287 -6.760065968872772 5.850092880427837
    endloop
  endfacet
  facet normal 0.2587170406133994 0.06054212032960864 0.964054015375819
    outer loop
      vertex -7.321773380982287 -6.760065968872772 5.850092880427837
      vertex -6.962871398635416 -6.646484543714138 5.746643781661987
      vertex -7.351841429206701 -6.631574987531359 5.850092880427837
    endloop
  endfacet
  facet normal 0.26492669787001577 0.020339621271046493 0.9640540153758189
    outer loop
      vertex -7.361943036317825 -6.5 5.850092880427837
      vertex -7.351841429206701 -6.631574987531359 5.850092880427837
      vertex -6.985497325658798 -6.5 5.746643781661987
    endloop
  endfacet
  facet normal 0.24644327520319928 0.09932556340076998 0.9640540153758189
    outer loop
      vertex -7.321773380982287 -6.760065968872772 5.850092880427837
      vertex -6.9350859812521195 -6.7154247946261645 5.746643781661987
      vertex -6.962871398635416 -6.646484543714138 5.746643781661987
    endloop
  endfacet
  facet normal 0.2587170406133994 0.060542120329610295 0.9640540153758189
    outer loop
      vertex -7.351841429206701 -6.631574987531359 5.850092880427837
      vertex -6.962871398635416 -6.646484543714138 5.746643781661987
      vertex -6.979807502746303 -6.5741108192519935 5.746643781661987
    endloop
  endfacet
  facet normal 0.2649266978700162 0.02033962127104509 0.9640540153758188
    outer loop
      vertex -7.351841429206701 -6.631574987531359 5.850092880427837
      vertex -6.979807502746303 -6.5741108192519935 5.746643781661987
      vertex -6.985497325658798 -6.5 5.746643781661987
    endloop
  endfacet
  facet normal 0.16774688282265987 0.37419059619628414 0.9120539353687095
    outer loop
      vertex -7.0819513734413295 -7.570190917753464 6.009793758392334
      vertex -6.911767272391546 -7.646483194329283 6.009793758392334
      vertex -6.91176727087766 -7.257227516992585 5.850092880427837
    endloop
  endfacet
  facet normal 0.10866103377301388 0.3954116825763116 0.9120539353687096
    outer loop
      vertex -6.911767272391546 -7.646483194329283 6.009793758392334
      vertex -6.731931695474662 -7.695902876544119 6.009793758392334
      vertex -6.664106290721313 -7.34617665011656 5.850092880427837
    endloop
  endfacet
  facet normal 0.16774688282265934 0.37419059619628425 0.9120539353687096
    outer loop
      vertex -6.911767272391546 -7.646483194329283 6.009793758392334
      vertex -6.791351294502098 -7.311209110555807 5.850092880427837
      vertex -6.91176727087766 -7.257227516992585 5.850092880427837
    endloop
  endfacet
  facet normal 0.10866103377301446 0.39541168257631104 0.9120539353687096
    outer loop
      vertex -6.911767272391546 -7.646483194329283 6.009793758392334
      vertex -6.664106290721313 -7.34617665011656 5.850092880427837
      vertex -6.791351294502098 -7.311209110555807 5.850092880427837
    endloop
  endfacet
  facet normal 0.22290088711460632 0.34419879939065917 0.9120539353687096
    outer loop
      vertex -7.0819513734413295 -7.570190917753464 6.009793758392334
      vertex -6.91176727087766 -7.257227516992585 5.850092880427837
      vertex -7.022531771421606 -7.185497152227339 5.850092880427837
    endloop
  endfacet
  facet normal 0.17678125209354908 0.19836391896208652 0.964054015375819
    outer loop
      vertex -7.121048570120821 -7.097699315214328 5.850092880427837
      vertex -7.022531771421606 -7.185497152227339 5.850092880427837
      vertex -6.794320815770709 -6.886112562118756 5.746643781661987
    endloop
  endfacet
  facet normal 0.1444293404910194 0.22302470948997868 0.964054015375819
    outer loop
      vertex -7.022531771421606 -7.185497152227339 5.850092880427837
      vertex -6.91176727087766 -7.257227516992585 5.850092880427837
      vertex -6.794320815770709 -6.886112562118756 5.746643781661987
    endloop
  endfacet
  facet normal 0.10869212756001373 0.24245798985440337 0.9640540153758188
    outer loop
      vertex -6.91176727087766 -7.257227516992585 5.850092880427837
      vertex -6.791351294502098 -7.311209110555807 5.850092880427837
      vertex -6.664106290494863 -6.95692097636447 5.746643781661987
    endloop
  endfacet
  facet normal 0.10869212756001567 0.24245798985440187 0.964054015375819
    outer loop
      vertex -6.91176727087766 -7.257227516992585 5.850092880427837
      vertex -6.664106290494863 -6.95692097636447 5.746643781661987
      vertex -6.73193169430191 -6.926515348375753 5.746643781661987
    endloop
  endfacet
  facet normal 0.04702826218854928 0.4073646542521515 0.9120539353687095
    outer loop
      vertex -6.731931695474662 -7.695902876544119 6.009793758392334
      vertex -6.54665983619204 -7.717291608933037 6.009793758392334
      vertex -6.664106290721313 -7.34617665011656 5.850092880427837
    endloop
  endfacet
  facet normal 0.04702826218854953 0.40736465425215157 0.9120539353687095
    outer loop
      vertex -6.54665983619204 -7.717291608933037 6.009793758392334
      vertex -6.533014774576062 -7.361310526184653 5.850092880427837
      vertex -6.664106290721313 -7.34617665011656 5.850092880427837
    endloop
  endfacet
  facet normal 0.030472112427433494 0.26395322654207154 0.964054015375819
    outer loop
      vertex -6.533014774576062 -7.361310526184653 5.850092880427837
      vertex -6.592434374328659 -6.976616763935465 5.746643781661987
      vertex -6.664106290721313 -7.34617665011656 5.850092880427837
    endloop
  endfacet
  facet normal 0.07040726328217692 0.2562082604345038 0.9640540153758189
    outer loop
      vertex -6.791351294502098 -7.311209110555807 5.850092880427837
      vertex -6.664106290721313 -7.34617665011656 5.850092880427837
      vertex -6.664106290494863 -6.95692097636447 5.746643781661987
    endloop
  endfacet
  facet normal 0.07040726328217685 0.25620826043450373 0.9640540153758189
    outer loop
      vertex -6.664106290721313 -7.34617665011656 5.850092880427837
      vertex -6.592434374328659 -6.976616763935465 5.746643781661987
      vertex -6.664106290494863 -6.95692097636447 5.746643781661987
    endloop
  endfacet
  facet normal 0.03047211242743281 0.2639532265420715 0.964054015375819
    outer loop
      vertex -6.533014774576062 -7.361310526184653 5.850092880427837
      vertex -6.5185958747719335 -6.985141058521449 5.746643781661987
      vertex -6.592434374328659 -6.976616763935465 5.746643781661987
    endloop
  endfacet
  facet normal 0.204989560979846 0.16905364629918515 0.9640540153758191
    outer loop
      vertex -7.121048570120821 -7.097699315214328 5.850092880427837
      vertex -6.849811306772597 -6.836659624659526 5.746643781661987
      vertex -6.897102517230052 -6.779315670937743 5.746643781661987
    endloop
  endfacet
  facet normal 0.17678125209354978 0.19836391896208536 0.9640540153758191
    outer loop
      vertex -7.121048570120821 -7.097699315214328 5.850092880427837
      vertex -6.794320815770709 -6.886112562118756 5.746643781661987
      vertex -6.849811306772597 -6.836659624659526 5.746643781661987
    endloop
  endfacet
  facet normal 0.22839308829787264 0.13578089945025504 0.964054015375819
    outer loop
      vertex -7.272443661210467 -6.882461224325501 5.850092880427837
      vertex -6.897102517230052 -6.779315670937743 5.746643781661987
      vertex -6.9350859812521195 -6.7154247946261645 5.746643781661987
    endloop
  endfacet
  facet normal 0.14442934049101733 0.2230247094899795 0.9640540153758191
    outer loop
      vertex -6.91176727087766 -7.257227516992585 5.850092880427837
      vertex -6.73193169430191 -6.926515348375753 5.746643781661987
      vertex -6.794320815770709 -6.886112562118756 5.746643781661987
    endloop
  endfacet
  facet normal 0.08873395086479496 0.07317835050976647 0.9933635864982135
    outer loop
      vertex -6.849811306772597 -6.836659624659526 5.746643781661987
      vertex -6.570374763996949 -6.567728918917185 5.7018712386488914
      vertex -6.897102517230052 -6.779315670937743 5.746643781661987
    endloop
  endfacet
  facet normal 0.076523403738731 0.0858659053387621 0.9933635864982137
    outer loop
      vertex -6.794320815770709 -6.886112562118756 5.746643781661987
      vertex -6.570374763996949 -6.567728918917185 5.7018712386488914
      vertex -6.849811306772597 -6.836659624659526 5.746643781661987
    endloop
  endfacet
  facet normal 0.09886464938999848 0.05877555716791425 0.9933635864982135
    outer loop
      vertex -6.9350859812521195 -6.7154247946261645 5.746643781661987
      vertex -6.897102517230052 -6.779315670937743 5.746643781661987
      vertex -6.587530256044307 -6.54333899101427 5.7018712386488914
    endloop
  endfacet
  facet normal 0.11199099632166903 0.02620690295105463 0.9933635864982137
    outer loop
      vertex -6.962871398635416 -6.646484543714138 5.746643781661987
      vertex -6.596527296619624 -6.514909556419427 5.7018712386488914
      vertex -6.979807502746303 -6.5741108192519935 5.746643781661987
    endloop
  endfacet
  facet normal 0.1066780443272903 0.04299511458190067 0.9933635864982137
    outer loop
      vertex -6.9350859812521195 -6.7154247946261645 5.746643781661987
      vertex -6.587530256044307 -6.54333899101427 5.7018712386488914
      vertex -6.962871398635416 -6.646484543714138 5.746643781661987
    endloop
  endfacet
  facet normal 0.11467897428143452 0.008804423726976469 0.9933635864982137
    outer loop
      vertex -6.979807502746303 -6.5741108192519935 5.746643781661987
      vertex -6.5976719707250595 -6.5 5.7018712386488914
      vertex -6.985497325658798 -6.5 5.746643781661987
    endloop
  endfacet
  facet normal 0.11467897428143498 0.00880442372697425 0.9933635864982137
    outer loop
      vertex -6.979807502746303 -6.5741108192519935 5.746643781661987
      vertex -6.596527296619624 -6.514909556419427 5.7018712386488914
      vertex -6.5976719707250595 -6.5 5.7018712386488914
    endloop
  endfacet
  facet normal 0.04704962467453996 0.10495293153309744 0.9933635864982135
    outer loop
      vertex -6.664106290494863 -6.95692097636447 5.746643781661987
      vertex -6.54665983612851 -6.58580602285258 5.7018712386488914
      vertex -6.73193169430191 -6.926515348375753 5.746643781661987
    endloop
  endfacet
  facet normal 0.06251921288725867 0.09654083612318538 0.9933635864982137
    outer loop
      vertex -6.794320815770709 -6.886112562118756 5.746643781661987
      vertex -6.73193169430191 -6.926515348375753 5.746643781661987
      vertex -6.54665983612851 -6.58580602285258 5.7018712386488914
    endloop
  endfacet
  facet normal 0.030477233136859953 0.1109050191818546 0.9933635864982137
    outer loop
      vertex -6.664106290494863 -6.95692097636447 5.746643781661987
      vertex -6.592434374328659 -6.976616763935465 5.746643781661987
      vertex -6.533014774652491 -6.591923003214441 5.7018712386488914
    endloop
  endfacet
  facet normal 0.013190481085757174 0.11425758717972452 0.9933635864982135
    outer loop
      vertex -6.592434374328659 -6.976616763935465 5.746643781661987
      vertex -6.5185958747719335 -6.985141058521449 5.746643781661987
      vertex -6.503741103483663 -6.597600297182137 5.7018712386488914
    endloop
  endfacet
  facet normal 0.08873395086479591 0.07317835050976511 0.9933635864982135
    outer loop
      vertex -6.897102517230052 -6.779315670937743 5.746643781661987
      vertex -6.570374763996949 -6.567728918917185 5.7018712386488914
      vertex -6.579888772579974 -6.556192507338453 5.7018712386488914
    endloop
  endfacet
  facet normal 0.0988646493899981 0.058775557167914466 0.9933635864982137
    outer loop
      vertex -6.897102517230052 -6.779315670937743 5.746643781661987
      vertex -6.579888772579974 -6.556192507338453 5.7018712386488914
      vertex -6.587530256044307 -6.54333899101427 5.7018712386488914
    endloop
  endfacet
  facet normal 0.10667804432728983 0.042995114581902374 0.9933635864982135
    outer loop
      vertex -6.962871398635416 -6.646484543714138 5.746643781661987
      vertex -6.587530256044307 -6.54333899101427 5.7018712386488914
      vertex -6.593120104494167 -6.529469645473137 5.7018712386488914
    endloop
  endfacet
  facet normal 0.06251921288726094 0.09654083612318362 0.9933635864982135
    outer loop
      vertex -6.794320815770709 -6.886112562118756 5.746643781661987
      vertex -6.54665983612851 -6.58580602285258 5.7018712386488914
      vertex -6.55921123059272 -6.577677822040867 5.7018712386488914
    endloop
  endfacet
  facet normal 0.07652340373872975 0.08586590533876319 0.9933635864982135
    outer loop
      vertex -6.794320815770709 -6.886112562118756 5.746643781661987
      vertex -6.55921123059272 -6.577677822040867 5.7018712386488914
      vertex -6.570374763996949 -6.567728918917185 5.7018712386488914
    endloop
  endfacet
  facet normal 0.04704962467453492 0.10495293153309902 0.9933635864982137
    outer loop
      vertex -6.664106290494863 -6.95692097636447 5.746643781661987
      vertex -6.533014774652491 -6.591923003214441 5.7018712386488914
      vertex -6.54665983612851 -6.58580602285258 5.7018712386488914
    endloop
  endfacet
  facet normal 0.11199099632166923 0.026206902951054586 0.9933635864982137
    outer loop
      vertex -6.962871398635416 -6.646484543714138 5.746643781661987
      vertex -6.593120104494167 -6.529469645473137 5.7018712386488914
      vertex -6.596527296619624 -6.514909556419427 5.7018712386488914
    endloop
  endfacet
  facet normal 0 0 1
    outer loop
      vertex -6.587530256044307 -6.54333899101427 5.7018712386488914
      vertex -6.570374763996949 -6.567728918917185 5.7018712386488914
      vertex -6.5976719707250595 -6.5 5.7018712386488914
    endloop
  endfacet
  facet normal 0 0 1
    outer loop
      vertex -6.587530256044307 -6.54333899101427 5.7018712386488914
      vertex -6.596527296619624 -6.514909556419427 5.7018712386488914
      vertex -6.593120104494167 -6.529469645473137 5.7018712386488914
    endloop
  endfacet
  facet normal 0 0 1
    outer loop
      vertex -6.579888772579974 -6.556192507338453 5.7018712386488914
      vertex -6.570374763996949 -6.567728918917185 5.7018712386488914
      vertex -6.587530256044307 -6.54333899101427 5.7018712386488914
    endloop
  endfacet
  facet normal 0 0 1
    outer loop
      vertex -6.587530256044307 -6.54333899101427 5.7018712386488914
      vertex -6.5976719707250595 -6.5 5.7018712386488914
      vertex -6.596527296619624 -6.514909556419427 5.7018712386488914
    endloop
  endfacet
  facet normal 0.03047723313685852 0.11090501918185483 0.9933635864982137
    outer loop
      vertex -6.592434374328659 -6.976616763935465 5.746643781661987
      vertex -6.518595874840643 -6.59588538629128 5.7018712386488914
      vertex -6.533014774652491 -6.591923003214441 5.7018712386488914
    endloop
  endfacet
  facet normal 0.013190481085759476 0.11425758717972408 0.9933635864982137
    outer loop
      vertex -6.592434374328659 -6.976616763935465 5.746643781661987
      vertex -6.503741103483663 -6.597600297182137 5.7018712386488914
      vertex -6.518595874840643 -6.59588538629128 5.7018712386488914
    endloop
  endfacet
  facet normal 0 0 1
    outer loop
      vertex -6.55921123059272 -6.577677822040867 5.7018712386488914
      vertex -6.54665983612851 -6.58580602285258 5.7018712386488914
      vertex -6.570374763996949 -6.567728918917185 5.7018712386488914
    endloop
  endfacet
  facet normal 0 0 1
    outer loop
      vertex -6.54665983612851 -6.58580602285258 5.7018712386488914
      vertex -6.533014774652491 -6.591923003214441 5.7018712386488914
      vertex -6.503741103483663 -6.597600297182137 5.7018712386488914
    endloop
  endfacet
  facet normal 0 0 1
    outer loop
      vertex -6.54665983612851 -6.58580602285258 5.7018712386488914
      vertex -6.503741103483663 -6.597600297182137 5.7018712386488914
      vertex -6.570374763996949 -6.567728918917185 5.7018712386488914
    endloop
  endfacet
  facet normal 0 0 1
    outer loop
      vertex -6.533014774652491 -6.591923003214441 5.7018712386488914
      vertex -6.518595874840643 -6.59588538629128 5.7018712386488914
      vertex -6.503741103483663 -6.597600297182137 5.7018712386488914
    endloop
  endfacet
  facet normal 0 0 1
    outer loop
      vertex -6.570374763996949 -6.567728918917185 5.7018712386488914
      vertex -6.503741103483663 -6.597600297182137 5.7018712386488914
      vertex -6.5976719707250595 -6.5 5.7018712386488914
    endloop
  endfacet
  facet normal 0.8393654178451904 0.5435675627974585 7.543651122988638e-20
    outer loop
      vertex -8.585719867517511 -7.9670625818428995 8.25
      vertex -8.691902497817363 -7.803097632590131 8.25
      vertex -8.691902497817363 -7.803097632590131 35.03
    endloop
  endfacet
  facet normal 0.8785122581938472 0.47771980511922185 -2.561649046169708e-20
    outer loop
      vertex -8.78522216757991 -7.631485585238359 8.25
      vertex -8.691902497817363 -7.803097632590131 35.03
      vertex -8.691902497817363 -7.803097632590131 8.25
    endloop
  endfacet
  facet normal 0.795292880515413 0.6062253988422928 -2.901005889744858e-19
    outer loop
      vertex -8.585719867517511 -7.9670625818428995 8.25
      vertex -8.467297408545955 -8.122418227932727 35.03
      vertex -8.467297408545955 -8.122418227932727 8.25
    endloop
  endfacet
  facet normal 0.7465532114689805 0.6653257115468723 2.8867537946939617e-19
    outer loop
      vertex -8.337330061534685 -8.268252874953626 8.25
      vertex -8.467297408545955 -8.122418227932727 8.25
      vertex -8.467297408545955 -8.122418227932727 35.03
    endloop
  endfacet
  facet normal 0.6934325117766963 0.7205215830293095 -3.1409419322938214e-19
    outer loop
      vertex -8.337330061534685 -8.268252874953626 8.25
      vertex -8.196580535422193 -8.403710715110504 35.03
      vertex -8.196580535422193 -8.403710715110504 8.25
    endloop
  endfacet
  facet normal 0.636242430565098 0.771489189521549 -2.4790133230566856e-19
    outer loop
      vertex -8.045874796158234 -8.52799681937708 8.25
      vertex -8.196580535422193 -8.403710715110504 8.25
      vertex -8.196580535422193 -8.403710715110504 35.03
    endloop
  endfacet
  facet normal 0.5110186663428571 0.8595696147777488 0
    outer loop
      vertex -7.886097252503114 -8.640381836636472 8.25
      vertex -7.886097252503114 -8.640381836636472 35.03
      vertex -7.718185535782554 -8.740206237204733 8.25
    endloop
  endfacet
  facet normal 0.5753186726880654 0.8179293519959061 -3.4071864227265e-20
    outer loop
      vertex -8.045874796158234 -8.52799681937708 8.25
      vertex -7.886097252503114 -8.640381836636472 35.03
      vertex -7.886097252503114 -8.640381836636472 8.25
    endloop
  endfacet
  facet normal 0.9642534914134616 0.2649815168968383 1.3282623138082976e-19
    outer loop
      vertex -8.93116079689873 -7.269387525518543 8.25
      vertex -8.982923330888337 -7.0810264477030005 8.25
      vertex -8.982923330888337 -7.0810264477030005 35.03
    endloop
  endfacet
  facet normal 0.9817083228993934 0.1903910941983901 0
    outer loop
      vertex -8.982923330888337 -7.0810264477030005 8.25
      vertex -9.020115077694584 -6.889255674303199 8.25
      vertex -8.982923330888337 -7.0810264477030005 35.03
    endloop
  endfacet
  facet normal 0.9934020880113105 0.1146834405429505 -2.0030452999166157e-20
    outer loop
      vertex -9.020115077694584 -6.889255674303199 8.25
      vertex -9.042517793018538 -6.6952005947330635 8.25
      vertex -9.042517793018538 -6.6952005947330635 35.03
    endloop
  endfacet
  facet normal 0.9992661816347403 0.038302718456085384 0
    outer loop
      vertex -9.042517793018538 -6.6952005947330635 8.25
      vertex -9.049999997019768 -6.5 8.25
      vertex -9.042517793018538 -6.6952005947330635 35.03
    endloop
  endfacet
  facet normal 0.9411400531326745 0.33801686406069564 0
    outer loop
      vertex -8.865131250310341 -7.45323353319396 8.25
      vertex -8.93116079689873 -7.269387525518543 8.25
      vertex -8.865131250310341 -7.45323353319396 35.03
    endloop
  endfacet
  facet normal 0.912503610240242 0.40906865108258356 8.500734893827461e-20
    outer loop
      vertex -8.78522216757991 -7.631485585238359 8.25
      vertex -8.865131250310341 -7.45323353319396 8.25
      vertex -8.865131250310341 -7.45323353319396 35.03
    endloop
  endfacet
  facet normal 0.22785349405901673 0.973695427351437 0
    outer loop
      vertex -7.175702830601487 -8.95884641340551 8.25
      vertex -7.175702830601487 -8.95884641340551 35.03
      vertex -6.985497327802496 -9.003356213066262 8.25
    endloop
  endfacet
  facet normal 0.15264929928534354 0.9882804214531893 5.97567653712189e-20
    outer loop
      vertex -6.985497327802496 -9.003356213066262 8.25
      vertex -6.79244273476592 -9.033175328887172 35.03
      vertex -6.79244273476592 -9.033175328887172 8.25
    endloop
  endfacet
  facet normal 0.07654923763608551 0.9970658023507447 8.053364134802425e-21
    outer loop
      vertex -6.597671970795439 -9.04812875870152 8.25
      vertex -6.79244273476592 -9.033175328887172 8.25
      vertex -6.79244273476592 -9.033175328887172 35.03
    endloop
  endfacet
  facet normal 0.4437198515291261 0.8961655501964858 -6.989840337415087e-20
    outer loop
      vertex -7.718185535782554 -8.740206237204733 8.25
      vertex -7.543125024786917 -8.826884222015202 35.03
      vertex -7.543125024786917 -8.826884222015202 8.25
    endloop
  endfacet
  facet normal 0.37381705770086415 0.927502456800988 0
    outer loop
      vertex -7.543125024786917 -8.826884222015202 8.25
      vertex -7.543125024786917 -8.826884222015202 35.03
      vertex -7.361943038934313 -8.899907119543066 8.25
    endloop
  endfacet
  facet normal 0.30172061312985615 0.9533963874551568 -2.2881456573777643e-20
    outer loop
      vertex -7.361943038934313 -8.899907119543066 8.25
      vertex -7.175702830601487 -8.95884641340551 35.03
      vertex -7.175702830601487 -8.95884641340551 8.25
    endloop
  endfacet
  facet normal 0.9736954264276548 0 0.2278534980066524
    outer loop
      vertex -8.931160800158978 -6.5 7.480612471699715
      vertex -9.020115077495575 6.5 7.860744327306747
      vertex -9.020115077495575 -6.5 7.860744327306747
    endloop
  endfacet
  facet normal 0.9970658011206689 0 0.07654925365801235
    outer loop
      vertex -9.020115077495575 -6.5 7.860744327306747
      vertex -9.020115077495575 6.5 7.860744327306747
      vertex -9.049999997019768 -6.5 8.25
    endloop
  endfacet
  facet normal 0.8595696020701614 0 0.5110186877179191
    outer loop
      vertex -8.785222172737122 -6.5 7.118514411151409
      vertex -8.585719868540764 -6.5 6.782937414944172
      vertex -8.585719868540764 6.5 6.782937414944172
    endloop
  endfacet
  facet normal 0.7714891849912152 0 0.6362424360584497
    outer loop
      vertex -8.585719868540764 -6.5 6.782937414944172
      vertex -8.33733006566763 -6.5 6.48174712061882
      vertex -8.585719868540764 6.5 6.782937414944172
    endloop
  endfacet
  facet normal 0.6653256948585635 0 0.7465532263415446
    outer loop
      vertex -8.33733006566763 -6.5 6.48174712061882
      vertex -8.045874796807766 -6.5 6.222003176808357
      vertex -8.045874796807766 6.5 6.222003176808357
    endloop
  endfacet
  facet normal 0.5435675512164787 0 0.8393654253449571
    outer loop
      vertex -8.045874796807766 -6.5 6.222003176808357
      vertex -7.7181855365633965 -6.5 6.009793758392334
      vertex -8.045874796807766 6.5 6.222003176808357
    endloop
  endfacet
  facet normal 0.9275024530833402 0 0.3738170669249679
    outer loop
      vertex -8.931160800158978 -6.5 7.480612471699715
      vertex -8.785222172737122 -6.5 7.118514411151409
      vertex -8.931160800158978 6.5 7.480612471699715
    endloop
  endfacet
  facet normal 0.4090686245943409 0 0.9125036221147257
    outer loop
      vertex -7.7181855365633965 -6.5 6.009793758392334
      vertex -7.361943036317825 -6.5 5.850092880427837
      vertex -7.7181855365633965 6.5 6.009793758392334
    endloop
  endfacet
  facet normal 0.2649815149920721 0 0.9642534919369006
    outer loop
      vertex -7.361943036317825 -6.5 5.850092880427837
      vertex -6.985497325658798 -6.5 5.746643781661987
      vertex -6.985497325658798 6.5 5.746643781661987
    endloop
  endfacet
  facet normal 0.1146834193751877 0 0.9934020904550256
    outer loop
      vertex -6.985497325658798 -6.5 5.746643781661987
      vertex -6.5976719707250595 -6.5 5.7018712386488914
      vertex -6.5976719707250595 6.5 5.7018712386488914
    endloop
  endfacet
  facet normal 0 0 1
    outer loop
      vertex -6.5976719707250595 -6.5 5.7018712386488914
      vertex -6.570374763996949 -6.432271081082815 5.7018712386488914
      vertex -6.570374763996949 6.567728918917183 5.7018712386488914
    endloop
  endfacet
  facet normal 2.2502792264488404e-10 0.9970700869816833 0.07649340916927787
    outer loop
      vertex -6.596527296681556 -9.01826576929757 7.860744327306747
      vertex -6.597671970795439 -9.04812875870152 8.25
      vertex 6.597671970909591 -9.048128761679566 8.25
    endloop
  endfacet
  facet normal 3.3236825601718004e-19 0.9275975419447063 0.3735810490082957
    outer loop
      vertex -6.593120104686142 -8.929376768295294 7.480612471699715
      vertex 6.4124697436950875 -8.783545233403657 7.118514411151409
      vertex -6.587530256304913 -8.783545233403657 7.118514411151409
    endloop
  endfacet
  facet normal -1.35573132435514e-18 0.859734307899895 0.510741539156439
    outer loop
      vertex -6.587530256304913 -8.783545233403657 7.118514411151409
      vertex 6.420111227323268 -8.584189327778526 6.782937414944172
      vertex -6.579888772676732 -8.584189327778526 6.782937414944172
    endloop
  endfacet
  facet normal 0 0.7717183763015876 0.6359644232804545
    outer loop
      vertex -6.579888772676732 -8.584189327778526 6.782937414944172
      vertex 6.420111227323268 -8.584189327778526 6.782937414944172
      vertex -6.570374764205962 -8.335981798049525 6.48174712061882
    endloop
  endfacet
  facet normal 6.690830740329458e-19 0.6655978721135165 0.7463105738484207
    outer loop
      vertex -6.570374764205962 -8.335981798049525 6.48174712061882
      vertex 6.440788769339733 -8.044740404588794 6.222003176808357
      vertex -6.5592112306602655 -8.044740404588794 6.222003176808357
    endloop
  endfacet
  facet normal 0 0.5438486908363684 0.8391832943258394
    outer loop
      vertex -6.5592112306602655 -8.044740404588794 6.222003176808357
      vertex 6.440788769339733 -8.044740404588794 6.222003176808357
      vertex -6.54665983619204 -7.717291608933037 6.009793758392334
    endloop
  endfacet
  facet normal 0 0.973732510625305 0.22769496646026352
    outer loop
      vertex -6.593120104686142 -8.929376768295294 7.480612471699715
      vertex -6.596527296681556 -9.01826576929757 7.860744327306747
      vertex 6.406879895313857 -8.929376768295294 7.480612471699715
    endloop
  endfacet
  facet normal 0 0.4093187126984022 0.9123914683045445
    outer loop
      vertex -6.54665983619204 -7.717291608933037 6.009793758392334
      vertex 6.453340163807958 -7.717291608933037 6.009793758392334
      vertex -6.533014774576062 -7.361310526184653 5.850092880427837
    endloop
  endfacet
  facet normal -4.613218046621336e-19 0.2651624289833847 0.9642037576444262
    outer loop
      vertex -6.533014774576062 -7.361310526184653 5.850092880427837
      vertex 6.481404125228067 -6.985141058521449 5.746643781661987
      vertex -6.5185958747719335 -6.985141058521449 5.746643781661987
    endloop
  endfacet
  facet normal 0 0.11476652917031299 0.9933924923121774
    outer loop
      vertex -6.5185958747719335 -6.985141058521449 5.746643781661987
      vertex 6.481404125228067 -6.985141058521449 5.746643781661987
      vertex -6.503741103483663 -6.597600297182137 5.7018712386488914
    endloop
  endfacet
  facet normal 0 0 1
    outer loop
      vertex -6.5976719707250595 -6.5 5.7018712386488914
      vertex -6.503741103483663 -6.597600297182137 5.7018712386488914
      vertex 6.525881265525236 -6.594180539179436 5.7018712386488914
    endloop
  endfacet
  facet normal 2.256891724232054e-10 1 1.095578506908764e-10
    outer loop
      vertex -6.597671970795439 -9.04812875870152 8.25
      vertex -6.3829105533622545 -9.048128761679566 34.99
      vertex 6.597671970909591 -9.048128761679566 8.25
    endloop
  endfacet
  facet normal 0 0 1
    outer loop
      vertex -6.5976719707250595 -6.5 5.7018712386488914
      vertex 6.496258896516338 6.597600297182137 5.7018712386488914
      vertex -6.570374763996949 -6.432271081082815 5.7018712386488914
    endloop
  endfacet
  facet normal 0.7205215654782242 0.6934324737269854 -0.0002793952094545299
    outer loop
      vertex -8.337330061534685 -8.268252874953626 8.25
      vertex -8.467297408545955 -8.122418227932727 35.03
      vertex -8.196580535422193 -8.403710715110504 35.03
    endloop
  endfacet
  facet normal 0.8179293288422456 0.5753186377634487 -0.00027939520945458724
    outer loop
      vertex -8.585719867517511 -7.9670625818428995 8.25
      vertex -8.691902497817363 -7.803097632590131 35.03
      vertex -8.467297408545955 -8.122418227932727 35.03
    endloop
  endfacet
  facet normal 0.6062253873051479 0.7952928402324771 -0.00027939520945454024
    outer loop
      vertex -8.045874796158234 -8.52799681937708 8.25
      vertex -8.196580535422193 -8.403710715110504 35.03
      vertex -7.886097252503114 -8.640381836636472 35.03
    endloop
  endfacet
  facet normal 0.47771979986645763 0.8785122166218684 -0.00027939520945456956
    outer loop
      vertex -7.718185535782554 -8.740206237204733 8.25
      vertex -7.886097252503114 -8.640381836636472 35.03
      vertex -7.543125024786917 -8.826884222015202 35.03
    endloop
  endfacet
  facet normal 0.9882803852069313 0.15264927826084373 -0.0002793952094545571
    outer loop
      vertex -9.020115077694584 -6.889255674303199 8.25
      vertex -9.042517793018538 -6.6952005947330635 35.03
      vertex -8.982923330888337 -7.0810264477030005 35.03
    endloop
  endfacet
  facet normal 0.8961655219829593 0.4437198205482004 -0.0002793952094545451
    outer loop
      vertex -8.78522216757991 -7.631485585238359 8.25
      vertex -8.865131250310341 -7.45323353319396 35.03
      vertex -8.691902497817363 -7.803097632590131 35.03
    endloop
  endfacet
  facet normal 0.953396354843066 0.301720586818784 -0.0002793952094545627
    outer loop
      vertex -8.93116079689873 -7.269387525518543 8.25
      vertex -8.982923330888337 -7.0810264477030005 35.03
      vertex -8.865131250310341 -7.45323353319396 35.03
    endloop
  endfacet
  facet normal 0.19039110173354168 0.9817082816799526 -0.00027939520945455834
    outer loop
      vertex -6.985497327802496 -9.003356213066262 8.25
      vertex -7.175702830601487 -8.95884641340551 35.03
      vertex -6.79244273476592 -9.033175328887172 35.03
    endloop
  endfacet
  facet normal 0.0383027321950475 0.9992661420486093 -0.00027939520945451454
    outer loop
      vertex -6.597671970795439 -9.04812875870152 8.25
      vertex -6.79244273476592 -9.033175328887172 35.03
      vertex -6.40232802909041 -9.048128761679566 35.03
    endloop
  endfacet
  facet normal 2.2583219540246288e-10 1 1.0955680742453418e-10
    outer loop
      vertex -6.597671970795439 -9.04812875870152 8.25
      vertex -6.40232802909041 -9.048128761679566 35.03
      vertex -6.402328029204739 -9.048128761675184 34.99
    endloop
  endfacet
  facet normal 8.882862138746917e-16 1 1.1120656946430538e-10
    outer loop
      vertex -6.597671970795439 -9.04812875870152 8.25
      vertex -6.402328029204739 -9.048128761675184 34.99
      vertex -6.402328029052632 -9.048128761675184 34.99
    endloop
  endfacet
  facet normal 2.2568702506330905e-10 1 1.0955786793732564e-10
    outer loop
      vertex -6.597671970795439 -9.04812875870152 8.25
      vertex -6.402328029052632 -9.048128761675184 34.99
      vertex -6.3829105533622545 -9.048128761679566 34.99
    endloop
  endfacet
  facet normal 0.3380168652154207 0.9411400112460723 -0.00027939520945452506
    outer loop
      vertex -7.361943038934313 -8.899907119543066 8.25
      vertex -7.543125024786917 -8.826884222015202 35.03
      vertex -7.175702830601487 -8.95884641340551 35.03
    endloop
  endfacet
  facet normal 0.9999999609691577 -1.3431296422846245e-20 -0.0002793952094545538
    outer loop
      vertex -9.049999997019768 -6.5 8.25
      vertex -9.042517793018538 6.695200594733063 35.03
      vertex -9.042517793018538 -6.6952005947330635 35.03
    endloop
  endfacet
  facet normal 0 1 0
    outer loop
      vertex -6.3829105533622545 -9.048128761679566 34.99
      vertex -6.40232802909041 -9.048128761679566 35.03
      vertex 6.597671970909591 -9.048128761679566 35.03
    endloop
  endfacet
  facet normal 0.9970658011206689 0 0.07654925365801235
    outer loop
      vertex -9.049999997019768 -6.5 8.25
      vertex -9.020115077495575 6.5 7.860744327306747
      vertex -9.049999997019768 6.5 8.25
    endloop
  endfacet
  facet normal 0.9275024530833402 0 0.3738170669249679
    outer loop
      vertex -8.785222172737122 -6.5 7.118514411151409
      vertex -8.785222172737122 6.5 7.118514411151409
      vertex -8.931160800158978 6.5 7.480612471699715
    endloop
  endfacet
  facet normal 0.8595696020701614 0 0.5110186877179191
    outer loop
      vertex -8.785222172737122 -6.5 7.118514411151409
      vertex -8.585719868540764 6.5 6.782937414944172
      vertex -8.785222172737122 6.5 7.118514411151409
    endloop
  endfacet
  facet normal 0.7714891849912152 0 0.6362424360584497
    outer loop
      vertex -8.33733006566763 -6.5 6.48174712061882
      vertex -8.33733006566763 6.5 6.48174712061882
      vertex -8.585719868540764 6.5 6.782937414944172
    endloop
  endfacet
  facet normal 0.6653256948585635 0 0.7465532263415446
    outer loop
      vertex -8.33733006566763 -6.5 6.48174712061882
      vertex -8.045874796807766 6.5 6.222003176808357
      vertex -8.33733006566763 6.5 6.48174712061882
    endloop
  endfacet
  facet normal 0.5435675512164787 0 0.8393654253449571
    outer loop
      vertex -7.7181855365633965 -6.5 6.009793758392334
      vertex -7.7181855365633965 6.5 6.009793758392334
      vertex -8.045874796807766 6.5 6.222003176808357
    endloop
  endfacet
  facet normal 0.9736954264276548 0 0.2278534980066524
    outer loop
      vertex -8.931160800158978 -6.5 7.480612471699715
      vertex -8.931160800158978 6.5 7.480612471699715
      vertex -9.020115077495575 6.5 7.860744327306747
    endloop
  endfacet
  facet normal 0.4090686245943409 0 0.9125036221147257
    outer loop
      vertex -7.361943036317825 -6.5 5.850092880427837
      vertex -7.361943036317825 6.5 5.850092880427837
      vertex -7.7181855365633965 6.5 6.009793758392334
    endloop
  endfacet
  facet normal 0.2649815149920721 0 0.9642534919369006
    outer loop
      vertex -7.361943036317825 -6.5 5.850092880427837
      vertex -6.985497325658798 6.5 5.746643781661987
      vertex -7.361943036317825 6.5 5.850092880427837
    endloop
  endfacet
  facet normal 0.1146834193751877 0 0.9934020904550256
    outer loop
      vertex -6.985497325658798 -6.5 5.746643781661987
      vertex -6.5976719707250595 6.5 5.7018712386488914
      vertex -6.985497325658798 6.5 5.746643781661987
    endloop
  endfacet
  facet normal 0 0 1
    outer loop
      vertex -6.5976719707250595 -6.5 5.7018712386488914
      vertex -6.570374763996949 6.567728918917183 5.7018712386488914
      vertex -6.5976719707250595 6.5 5.7018712386488914
    endloop
  endfacet
  facet normal 0.9999999609691577 0 -0.0002793952094545538
    outer loop
      vertex -9.049999997019768 -6.5 8.25
      vertex -9.049999997019768 6.5 8.25
      vertex -9.042517793018538 6.695200594733063 35.03
    endloop
  endfacet
  facet normal 0.9963384186370488 -0.03819049482251549 0.07649340921305953
    outer loop
      vertex -9.020115077495575 6.5 7.860744327306747
      vertex -9.042517793018538 6.695200594733063 8.25
      vertex -9.049999997019768 6.5 8.25
    endloop
  endfacet
  facet normal 0.9925244231722654 -0.07620059069883761 0.09533488020504419
    outer loop
      vertex -9.020115077495575 6.5 7.860744327306747
      vertex -8.990580396762573 6.884693762728894 7.860744327306747
      vertex -9.042517793018538 6.695200594733063 8.25
    endloop
  endfacet
  facet normal 0.9709861202815807 -0.07454699773467154 0.2272194959709017
    outer loop
      vertex -9.020115077495575 6.5 7.860744327306747
      vertex -8.902668625859286 6.871114955965254 7.480612471699715
      vertex -8.990580396762573 6.884693762728894 7.860744327306747
    endloop
  endfacet
  facet normal 0.9904915062978866 -0.11434742803713215 0.07649340921306019
    outer loop
      vertex -9.042517793018538 6.695200594733063 8.25
      vertex -8.990580396762573 6.884693762728894 7.860744327306747
      vertex -9.020115077694584 6.8892556743032 8.25
    endloop
  endfacet
  facet normal 0.978832002900643 -0.18983326485228888 0.07649340921306015
    outer loop
      vertex -8.990580396762573 6.884693762728894 7.860744327306747
      vertex -8.982923330888337 7.081026447703 8.25
      vertex -9.020115077694584 6.8892556743032 8.25
    endloop
  endfacet
  facet normal 0.8577039454904765 -0.06584981262446324 0.5099095449855717
    outer loop
      vertex -8.785222172737122 6.5 7.118514411151409
      vertex -8.585719868540764 6.5 6.782937414944172
      vertex -8.758440337304892 6.848837528949421 7.118514411151409
    endloop
  endfacet
  facet normal 0.9251598339659927 -0.07102870639064417 0.37287290661093675
    outer loop
      vertex -8.785222172737122 6.5 7.118514411151409
      vertex -8.758440337304892 6.848837528949421 7.118514411151409
      vertex -8.902668625859286 6.871114955965254 7.480612471699715
    endloop
  endfacet
  facet normal 0.9034748715869436 -0.21142126649527723 0.37287290661093747
    outer loop
      vertex -8.902668625859286 6.871114955965254 7.480612471699715
      vertex -8.758440337304892 6.848837528949421 7.118514411151409
      vertex -8.678722574531502 7.1894986018812475 7.118514411151409
    endloop
  endfacet
  facet normal 0.8376000919643333 -0.19600597407718667 0.5099095449855727
    outer loop
      vertex -8.561276115568559 6.8183836450138315 6.782937414944172
      vertex -8.678722574531502 7.1894986018812475 7.118514411151409
      vertex -8.758440337304892 6.848837528949421 7.118514411151409
    endloop
  endfacet
  facet normal 0.7701394362944255 -0.0591270890629979 0.6351293065219404
    outer loop
      vertex -8.33733006566763 6.5 6.48174712061882
      vertex -8.31579733592238 6.780467119397979 6.48174712061882
      vertex -8.561276115568559 6.8183836450138315 6.782937414944172
    endloop
  endfacet
  facet normal 0.8577039454904755 -0.06584981262446497 0.5099095449855731
    outer loop
      vertex -8.585719868540764 6.5 6.782937414944172
      vertex -8.561276115568559 6.8183836450138315 6.782937414944172
      vertex -8.758440337304892 6.848837528949421 7.118514411151409
    endloop
  endfacet
  facet normal 0.7701394362944262 -0.05912708906299673 0.6351293065219397
    outer loop
      vertex -8.585719868540764 6.5 6.782937414944172
      vertex -8.33733006566763 6.5 6.48174712061882
      vertex -8.561276115568559 6.8183836450138315 6.782937414944172
    endloop
  endfacet
  facet normal 0.7520880206476025 -0.17599537833514362 0.6351293065219407
    outer loop
      vertex -8.31579733592238 6.780467119397979 6.48174712061882
      vertex -8.251703855621567 7.054360327230178 6.48174712061882
      vertex -8.561276115568559 6.8183836450138315 6.782937414944172
    endloop
  endfacet
  facet normal 0.8376000919643323 -0.19600597407718773 0.5099095449855737
    outer loop
      vertex -8.561276115568559 6.8183836450138315 6.782937414944172
      vertex -8.488517797504048 7.129304647238001 6.782937414944172
      vertex -8.678722574531502 7.1894986018812475 7.118514411151409
    endloop
  endfacet
  facet normal 0.7520880206476034 -0.17599537833514822 0.6351293065219381
    outer loop
      vertex -8.561276115568559 6.8183836450138315 6.782937414944172
      vertex -8.251703855621567 7.054360327230178 6.48174712061882
      vertex -8.488517797504048 7.129304647238001 6.782937414944172
    endloop
  endfacet
  facet normal 0.7978636021994654 -0.32156792162449593 0.5099095449855742
    outer loop
      vertex -8.488517797504048 7.129304647238001 6.782937414944172
      vertex -8.369150307655575 7.425475281904802 6.782937414944172
      vertex -8.678722574531502 7.1894986018812475 7.118514411151409
    endloop
  endfacet
  facet normal 0.7164082992370489 -0.28873848510588457 0.6351293065219381
    outer loop
      vertex -8.488517797504048 7.129304647238001 6.782937414944172
      vertex -8.251703855621567 7.054360327230178 6.48174712061882
      vertex -8.369150307655575 7.425475281904802 6.782937414944172
    endloop
  endfacet
  facet normal 0.8606132239676869 -0.3468582913056189 0.3728729066109392
    outer loop
      vertex -8.678722574531502 7.1894986018812475 7.118514411151409
      vertex -8.547937401210717 7.5139984119768926 7.118514411151409
      vertex -8.678722572536358 7.5787542760750455 7.480612471699715
    endloop
  endfacet
  facet normal 0.7978636021994656 -0.3215679216245038 0.5099095449855687
    outer loop
      vertex -8.678722574531502 7.1894986018812475 7.118514411151409
      vertex -8.369150307655575 7.425475281904802 6.782937414944172
      vertex -8.547937401210717 7.5139984119768926 7.118514411151409
    endloop
  endfacet
  facet normal 0.797579531800576 -0.4741652517512053 0.37287290661093914
    outer loop
      vertex -8.678722572536358 7.5787542760750455 7.480612471699715
      vertex -8.547937401210717 7.5139984119768926 7.118514411151409
      vertex -8.369150310956803 7.814730958721007 7.118514411151409
    endloop
  endfacet
  facet normal 0.7394258658368745 -0.43959258963726755 0.5099095449855683
    outer loop
      vertex -8.547937401210717 7.5139984119768926 7.118514411151409
      vertex -8.369150307655575 7.425475281904802 6.782937414944172
      vertex -8.369150310956803 7.814730958721007 7.118514411151409
    endloop
  endfacet
  facet normal 0.664459414800727 -0.05101355565779696 0.7455811848630732
    outer loop
      vertex -8.33733006566763 6.5 6.48174712061882
      vertex -8.02775779930054 6.735976681224702 6.222003176808357
      vertex -8.31579733592238 6.780467119397979 6.48174712061882
    endloop
  endfacet
  facet normal 0.6644594148007257 -0.05101355565779333 0.7455811848630748
    outer loop
      vertex -8.33733006566763 6.5 6.48174712061882
      vertex -8.045874796807766 6.5 6.222003176808357
      vertex -8.02775779930054 6.735976681224702 6.222003176808357
    endloop
  endfacet
  facet normal 0.6488850492874837 -0.15184495246584817 0.7455811848630732
    outer loop
      vertex -8.31579733592238 6.780467119397979 6.48174712061882
      vertex -8.02775779930054 6.735976681224702 6.222003176808357
      vertex -8.251703855621567 7.054360327230178 6.48174712061882
    endloop
  endfacet
  facet normal 0.6488850492874816 -0.15184495246585086 0.7455811848630747
    outer loop
      vertex -8.02775779930054 6.735976681224702 6.222003176808357
      vertex -7.9738314538451736 6.96642226904606 6.222003176808357
      vertex -8.251703855621567 7.054360327230178 6.48174712061882
    endloop
  endfacet
  facet normal 0.5430948376880649 -0.04169584795208183 0.8386354711912269
    outer loop
      vertex -8.045874796807766 6.5 6.222003176808357
      vertex -7.7181855365633965 6.5 6.009793758392334
      vertex -8.02775779930054 6.735976681224702 6.222003176808357
    endloop
  endfacet
  facet normal 0.5430948376880644 -0.0416958479520827 0.8386354711912273
    outer loop
      vertex -8.02775779930054 6.735976681224702 6.222003176808357
      vertex -7.7181855365633965 6.5 6.009793758392334
      vertex -7.703908918317965 6.685955150202187 6.009793758392334
    endloop
  endfacet
  facet normal 0.5303651549984958 -0.12411022852001452 0.838635471191227
    outer loop
      vertex -8.02775779930054 6.735976681224702 6.222003176808357
      vertex -7.661413695413042 6.867551669291913 6.009793758392334
      vertex -7.9738314538451736 6.96642226904606 6.222003176808357
    endloop
  endfacet
  facet normal 0.5303651549984956 -0.12411022852001335 0.8386354711912274
    outer loop
      vertex -8.02775779930054 6.735976681224702 6.222003176808357
      vertex -7.703908918317965 6.685955150202187 6.009793758392334
      vertex -7.661413695413042 6.867551669291913 6.009793758392334
    endloop
  endfacet
  facet normal 0.5052041625924222 -0.2036155705223896 0.838635471191227
    outer loop
      vertex -7.9738314538451736 6.96642226904606 6.222003176808357
      vertex -7.661413695413042 6.867551669291913 6.009793758392334
      vertex -7.591695919856239 7.040533088775785 6.009793758392334
    endloop
  endfacet
  facet normal 0.716408299237046 -0.28873848510588707 0.6351293065219403
    outer loop
      vertex -8.251703855621567 7.054360327230178 6.48174712061882
      vertex -8.146551921620325 7.315259798846128 6.48174712061882
      vertex -8.369150307655575 7.425475281904802 6.782937414944172
    endloop
  endfacet
  facet normal 0.6181013681884043 -0.24911723228591992 0.7455811848630742
    outer loop
      vertex -8.251703855621567 7.054360327230178 6.48174712061882
      vertex -7.9738314538451736 6.96642226904606 6.222003176808357
      vertex -8.146551921620325 7.315259798846128 6.48174712061882
    endloop
  endfacet
  facet normal 0.6639365744918886 -0.3947138065091415 0.6351293065219404
    outer loop
      vertex -8.146551921620325 7.315259798846128 6.48174712061882
      vertex -8.002806206128994 7.557050271759291 6.48174712061882
      vertex -8.369150307655575 7.425475281904802 6.782937414944172
    endloop
  endfacet
  facet normal 0.7394258658368673 -0.43959258963727266 0.5099095449855742
    outer loop
      vertex -8.369150307655575 7.425475281904802 6.782937414944172
      vertex -8.205971518813989 7.699953560360228 6.782937414944172
      vertex -8.369150310956803 7.814730958721007 7.118514411151409
    endloop
  endfacet
  facet normal 0.6639365744918884 -0.39471380650914356 0.6351293065219392
    outer loop
      vertex -8.002806206128994 7.557050271759291 6.48174712061882
      vertex -8.205971518813989 7.699953560360228 6.782937414944172
      vertex -8.369150307655575 7.425475281904802 6.782937414944172
    endloop
  endfacet
  facet normal 0.6181013681884024 -0.24911723228592156 0.7455811848630751
    outer loop
      vertex -7.9738314538451736 6.96642226904606 6.222003176808357
      vertex -7.885359748273292 7.185935314202158 6.222003176808357
      vertex -8.146551921620325 7.315259798846128 6.48174712061882
    endloop
  endfacet
  facet normal 0.572829914897416 -0.34055041532318214 0.7455811848630752
    outer loop
      vertex -8.146551921620325 7.315259798846128 6.48174712061882
      vertex -7.885359748273292 7.185935314202158 6.222003176808357
      vertex -7.764416384378356 7.389370616965177 6.222003176808357
    endloop
  endfacet
  facet normal 0.5052041625924221 -0.20361557052238918 0.8386354711912269
    outer loop
      vertex -7.9738314538451736 6.96642226904606 6.222003176808357
      vertex -7.591695919856239 7.040533088775785 6.009793758392334
      vertex -7.885359748273292 7.185935314202158 6.222003176808357
    endloop
  endfacet
  facet normal 0.468201612806375 -0.2783483361282708 0.8386354711912276
    outer loop
      vertex -7.885359748273292 7.185935314202158 6.222003176808357
      vertex -7.49638971721656 7.200844870793354 6.009793758392334
      vertex -7.764416384378356 7.389370616965177 6.222003176808357
    endloop
  endfacet
  facet normal 0.5728299148974157 -0.3405504153231867 0.7455811848630736
    outer loop
      vertex -8.146551921620325 7.315259798846128 6.48174712061882
      vertex -7.764416384378356 7.389370616965177 6.222003176808357
      vertex -8.002806206128994 7.557050271759291 6.48174712061882
    endloop
  endfacet
  facet normal 0.5141318139093571 -0.4240013852624182 0.7455811848630735
    outer loop
      vertex -8.002806206128994 7.557050271759291 6.48174712061882
      vertex -7.764416384378356 7.389370616965177 6.222003176808357
      vertex -7.823835986885479 7.774064382216679 6.48174712061882
    endloop
  endfacet
  facet normal 0.5141318139093564 -0.42400138526241854 0.7455811848630739
    outer loop
      vertex -7.764416384378356 7.389370616965177 6.222003176808357
      vertex -7.613836172103225 7.571959826262109 6.222003176808357
      vertex -7.823835986885479 7.774064382216679 6.48174712061882
    endloop
  endfacet
  facet normal 0.9251598339659934 -0.07102870639064278 0.37287290661093553
    outer loop
      vertex -8.931160800158978 6.5 7.480612471699715
      vertex -8.785222172737122 6.5 7.118514411151409
      vertex -8.902668625859286 6.871114955965254 7.480612471699715
    endloop
  endfacet
  facet normal 0.9709861202815805 -0.07454699773466908 0.22721949597090405
    outer loop
      vertex -8.931160800158978 6.5 7.480612471699715
      vertex -8.902668625859286 6.871114955965254 7.480612471699715
      vertex -9.020115077495575 6.5 7.860744327306747
    endloop
  endfacet
  facet normal 0.9482270285918536 -0.22189367476021757 0.22721949597090213
    outer loop
      vertex -8.902668625859286 6.871114955965254 7.480612471699715
      vertex -8.902668622447514 7.2603706297107315 7.860744327306747
      vertex -8.990580396762573 6.884693762728894 7.860744327306747
    endloop
  endfacet
  facet normal 0.9482270285918518 -0.22189367476022123 0.22721949597090593
    outer loop
      vertex -8.902668625859286 6.871114955965254 7.480612471699715
      vertex -8.817859935376948 7.2335312919051304 7.480612471699715
      vertex -8.902668622447514 7.2603706297107315 7.860744327306747
    endloop
  endfacet
  facet normal 0.903474871586944 -0.21142126649528062 0.37287290661093464
    outer loop
      vertex -8.902668625859286 6.871114955965254 7.480612471699715
      vertex -8.678722574531502 7.1894986018812475 7.118514411151409
      vertex -8.817859935376948 7.2335312919051304 7.480612471699715
    endloop
  endfacet
  facet normal 0.8606132239676907 -0.34685829130561474 0.3728729066109347
    outer loop
      vertex -8.817859935376948 7.2335312919051304 7.480612471699715
      vertex -8.678722574531502 7.1894986018812475 7.118514411151409
      vertex -8.678722572536358 7.5787542760750455 7.480612471699715
    endloop
  endfacet
  facet normal 0.903242299031895 -0.36403935211774074 0.22721949597090593
    outer loop
      vertex -8.817859935376948 7.2335312919051304 7.480612471699715
      vertex -8.678722572536358 7.5787542760750455 7.480612471699715
      vertex -8.902668622447514 7.2603706297107315 7.860744327306747
    endloop
  endfacet
  facet normal 0.9692604919178 -0.22681569483515618 0.09533488020504331
    outer loop
      vertex -8.990580396762573 6.884693762728894 7.860744327306747
      vertex -8.902668622447514 7.2603706297107315 7.860744327306747
      vertex -8.982923330888337 7.081026447703 8.25
    endloop
  endfacet
  facet normal 0.9614283125527722 -0.2642051440999836 0.07649340921305559
    outer loop
      vertex -8.902668622447514 7.2603706297107315 7.860744327306747
      vertex -8.93116079689873 7.269387525518539 8.25
      vertex -8.982923330888337 7.081026447703 8.25
    endloop
  endfacet
  facet normal 0.938382594635783 -0.3370265040491326 0.07649340921305545
    outer loop
      vertex -8.902668622447514 7.2603706297107315 7.860744327306747
      vertex -8.865131250310341 7.453233533193959 8.25
      vertex -8.93116079689873 7.269387525518539 8.25
    endloop
  endfacet
  facet normal 0.9032422990318947 -0.3640393521177419 0.2272194959709048
    outer loop
      vertex -8.678722572536358 7.5787542760750455 7.480612471699715
      vertex -8.758440332029778 7.618225053592415 7.860744327306747
      vertex -8.902668622447514 7.2603706297107315 7.860744327306747
    endloop
  endfacet
  facet normal 0.9232779162398796 -0.37211443132460753 0.09533488020504109
    outer loop
      vertex -8.902668622447514 7.2603706297107315 7.860744327306747
      vertex -8.758440332029778 7.618225053592415 7.860744327306747
      vertex -8.865131250310341 7.453233533193959 8.25
    endloop
  endfacet
  facet normal 0.9098300540302746 -0.40787011551501506 0.07649340921305586
    outer loop
      vertex -8.865131250310341 7.453233533193959 8.25
      vertex -8.758440332029778 7.618225053592415 7.860744327306747
      vertex -8.785222167579912 7.631485585238355 8.25
    endloop
  endfacet
  facet normal 0.875938293688864 -0.4763201276414903 0.07649340921305568
    outer loop
      vertex -8.785222167579912 7.631485585238355 8.25
      vertex -8.758440332029778 7.618225053592415 7.860744327306747
      vertex -8.691902497817363 7.803097632590131 8.25
    endloop
  endfacet
  facet normal 0.6636566138873637 -0.547313579930338 0.509909544985575
    outer loop
      vertex -8.205971518813989 7.699953560360228 6.782937414944172
      vertex -8.002806203485816 7.946305944394286 6.782937414944172
      vertex -8.369150310956803 7.814730958721007 7.118514411151409
    endloop
  endfacet
  facet normal 0.6636566138873627 -0.5473135799303417 0.5099095449855725
    outer loop
      vertex -8.369150310956803 7.814730958721007 7.118514411151409
      vertex -8.002806203485816 7.946305944394286 6.782937414944172
      vertex -8.146551921632405 8.084647326106982 7.118514411151409
    endloop
  endfacet
  facet normal 0.5959027391671929 -0.49143737083172423 0.6351293065219389
    outer loop
      vertex -8.002806206128994 7.557050271759291 6.48174712061882
      vertex -8.002806203485816 7.946305944394286 6.782937414944172
      vertex -8.205971518813989 7.699953560360228 6.782937414944172
    endloop
  endfacet
  facet normal 0.7158512514051191 -0.5903581805795837 0.37287290661093697
    outer loop
      vertex -8.369150310956803 7.814730958721007 7.118514411151409
      vertex -8.146551921632405 8.084647326106982 7.118514411151409
      vertex -8.251703854030312 8.185845913482307 7.480612471699715
    endloop
  endfacet
  facet normal 0.5723318133975988 -0.6422060037913244 0.5099095449855727
    outer loop
      vertex -8.002806203485816 7.946305944394286 6.782937414944172
      vertex -7.885359750817635 8.317420903253804 7.118514411151409
      vertex -8.146551921632405 8.084647326106982 7.118514411151409
    endloop
  endfacet
  facet normal 0.6173440244041147 -0.6927136140195622 0.3728729066109371
    outer loop
      vertex -8.251703854030312 8.185845913482307 7.480612471699715
      vertex -8.146551921632405 8.084647326106982 7.118514411151409
      vertex -7.885359750817635 8.317420903253804 7.118514411151409
    endloop
  endfacet
  facet normal 0.5959027391671937 -0.49143737083172384 0.6351293065219383
    outer loop
      vertex -8.002806206128994 7.557050271759291 6.48174712061882
      vertex -7.823835986885479 7.774064382216679 6.48174712061882
      vertex -8.002806203485816 7.946305944394286 6.782937414944172
    endloop
  endfacet
  facet normal 0.4433828989611769 -0.4975141220980139 0.7455811848630739
    outer loop
      vertex -7.823835986885479 7.774064382216679 6.48174712061882
      vertex -7.613836172103225 7.571959826262109 6.222003176808357
      vertex -7.613836174140719 7.961215503401803 6.48174712061882
    endloop
  endfacet
  facet normal 0.5139014487001542 -0.5766420597050176 0.6351293065219379
    outer loop
      vertex -8.002806203485816 7.946305944394286 6.782937414944172
      vertex -7.823835986885479 7.774064382216679 6.48174712061882
      vertex -7.613836174140719 7.961215503401803 6.48174712061882
    endloop
  endfacet
  facet normal 0.5723318133975929 -0.6422060037913262 0.5099095449855768
    outer loop
      vertex -8.002806203485816 7.946305944394286 6.782937414944172
      vertex -7.764416384467406 8.158758142923816 6.782937414944172
      vertex -7.885359750817635 8.317420903253804 7.118514411151409
    endloop
  endfacet
  facet normal 0.5139014487001524 -0.5766420597050218 0.6351293065219354
    outer loop
      vertex -8.002806203485816 7.946305944394286 6.782937414944172
      vertex -7.613836174140719 7.961215503401803 6.48174712061882
      vertex -7.764416384467406 8.158758142923816 6.782937414944172
    endloop
  endfacet
  facet normal 0.46759204028774914 -0.7220456632320019 0.5099095449855773
    outer loop
      vertex -7.764416384467406 8.158758142923816 6.782937414944172
      vertex -7.496389717066715 8.332330456481422 6.782937414944172
      vertex -7.885359750817635 8.317420903253804 7.118514411151409
    endloop
  endfacet
  facet normal 0.5043667767076037 -0.7788324274637589 0.37287290661094025
    outer loop
      vertex -7.885359750817635 8.317420903253804 7.118514411151409
      vertex -7.591695921620177 8.507595674802882 7.118514411151409
      vertex -7.6614136962260755 8.635804546874112 7.480612471699715
    endloop
  endfacet
  facet normal 0.855654488739368 -0.5086911209333822 0.09533488020504279
    outer loop
      vertex -8.758440332029778 7.618225053592415 7.860744327306747
      vertex -8.561276114394524 7.949869229981498 7.860744327306747
      vertex -8.691902497817363 7.803097632590131 8.25
    endloop
  endfacet
  facet normal 0.7975795318005753 -0.4741652517512083 0.3728729066109366
    outer loop
      vertex -8.678722572536358 7.5787542760750455 7.480612471699715
      vertex -8.369150310956803 7.814730958721007 7.118514411151409
      vertex -8.488517799195135 7.898692174323493 7.480612471699715
    endloop
  endfacet
  facet normal 0.8370863355353001 -0.49765225560707615 0.2272194959709055
    outer loop
      vertex -8.678722572536358 7.5787542760750455 7.480612471699715
      vertex -8.488517799195135 7.898692174323493 7.480612471699715
      vertex -8.758440332029778 7.618225053592415 7.860744327306747
    endloop
  endfacet
  facet normal 0.8370863355352991 -0.49765225560707904 0.22721949597090263
    outer loop
      vertex -8.488517799195135 7.898692174323493 7.480612471699715
      vertex -8.561276114394524 7.949869229981498 7.860744327306747
      vertex -8.758440332029778 7.618225053592415 7.860744327306747
    endloop
  endfacet
  facet normal 0.7158512514051201 -0.5903581805795831 0.37287290661093614
    outer loop
      vertex -8.488517799195135 7.898692174323493 7.480612471699715
      vertex -8.369150310956803 7.814730958721007 7.118514411151409
      vertex -8.251703854030312 8.185845913482307 7.480612471699715
    endloop
  endfacet
  facet normal 0.8369061501775014 -0.5419749571170577 0.07649340921306103
    outer loop
      vertex -8.691902497817363 7.803097632590131 8.25
      vertex -8.561276114394524 7.949869229981498 7.860744327306747
      vertex -8.585719867517511 7.9670625818428995 8.25
    endloop
  endfacet
  facet normal 0.7513097778152372 -0.6196006120154726 0.2272194959709021
    outer loop
      vertex -8.488517799195135 7.898692174323493 7.480612471699715
      vertex -8.251703854030312 8.185845913482307 7.480612471699715
      vertex -8.561276114394524 7.949869229981498 7.860744327306747
    endloop
  endfacet
  facet normal 0.7513097778152372 -0.6196006120154727 0.22721949597090196
    outer loop
      vertex -8.251703854030312 8.185845913482307 7.480612471699715
      vertex -8.315797331694483 8.24752970047199 7.860744327306747
      vertex -8.561276114394524 7.949869229981498 7.860744327306747
    endloop
  endfacet
  facet normal 0.7929627415487449 -0.6044492111521542 0.07649340921306123
    outer loop
      vertex -8.561276114394524 7.949869229981498 7.860744327306747
      vertex -8.467297408545955 8.122418227932727 8.25
      vertex -8.585719867517511 7.9670625818428995 8.25
    endloop
  endfacet
  facet normal 0.767975245241924 -0.6333445218140731 0.09533488020504348
    outer loop
      vertex -8.561276114394524 7.949869229981498 7.860744327306747
      vertex -8.315797331694483 8.24752970047199 7.860744327306747
      vertex -8.467297408545955 8.122418227932727 8.25
    endloop
  endfacet
  facet normal 0.7443658754933242 -0.663376365080955 0.07649340921305822
    outer loop
      vertex -8.467297408545955 8.122418227932727 8.25
      vertex -8.315797331694483 8.24752970047199 7.860744327306747
      vertex -8.337330061534686 8.268252874953625 8.25
    endloop
  endfacet
  facet normal 0.6479231556838221 -0.7270260552273535 0.22721949597090188
    outer loop
      vertex -8.251703854030312 8.185845913482307 7.480612471699715
      vertex -8.027757798537976 8.504229555920908 7.860744327306747
      vertex -8.315797331694483 8.24752970047199 7.860744327306747
    endloop
  endfacet
  facet normal 0.6173440244041116 -0.6927136140195679 0.372872906610932
    outer loop
      vertex -8.251703854030312 8.185845913482307 7.480612471699715
      vertex -7.885359750817635 8.317420903253804 7.118514411151409
      vertex -7.973831455202356 8.433484853285833 7.480612471699715
    endloop
  endfacet
  facet normal 0.6914008148307935 -0.718410517460789 0.07649340921305807
    outer loop
      vertex -8.315797331694483 8.24752970047199 7.860744327306747
      vertex -8.196580535422193 8.403710715110506 8.25
      vertex -8.337330061534686 8.268252874953625 8.25
    endloop
  endfacet
  facet normal 0.6479231556838192 -0.7270260552273553 0.2272194959709051
    outer loop
      vertex -8.251703854030312 8.185845913482307 7.480612471699715
      vertex -7.973831455202356 8.433484853285833 7.480612471699715
      vertex -8.027757798537976 8.504229555920908 7.860744327306747
    endloop
  endfacet
  facet normal 0.6622953129016402 -0.7431528639013695 0.09533488020504989
    outer loop
      vertex -8.315797331694483 8.24752970047199 7.860744327306747
      vertex -8.027757798537976 8.504229555920908 7.860744327306747
      vertex -8.196580535422193 8.403710715110506 8.25
    endloop
  endfacet
  facet normal 0.6343782955828373 -0.7692287932990923 0.07649340921306019
    outer loop
      vertex -8.196580535422193 8.403710715110506 8.25
      vertex -8.027757798537976 8.504229555920908 7.860744327306747
      vertex -8.045874796158234 8.52799681937708 8.25
    endloop
  endfacet
  facet normal 0.5293497639373876 -0.8174106239034088 0.2272194959709047
    outer loop
      vertex -7.973831455202356 8.433484853285833 7.480612471699715
      vertex -7.6614136962260755 8.635804546874112 7.480612471699715
      vertex -8.027757798537976 8.504229555920908 7.860744327306747
    endloop
  endfacet
  facet normal 0.504366776707614 -0.7788324274637562 0.3728729066109316
    outer loop
      vertex -7.973831455202356 8.433484853285833 7.480612471699715
      vertex -7.885359750817635 8.317420903253804 7.118514411151409
      vertex -7.6614136962260755 8.635804546874112 7.480612471699715
    endloop
  endfacet
  facet normal 0.5293497639373828 -0.8174106239034137 0.2272194959708983
    outer loop
      vertex -8.027757798537976 8.504229555920908 7.860744327306747
      vertex -7.6614136962260755 8.635804546874112 7.480612471699715
      vertex -7.703908917451204 8.71395196928524 7.860744327306747
    endloop
  endfacet
  facet normal 0.5736330390173434 -0.8155328901366825 0.07649340921306048
    outer loop
      vertex -8.027757798537976 8.504229555920908 7.860744327306747
      vertex -7.886097252503114 8.640381836636472 8.25
      vertex -8.045874796158234 8.52799681937708 8.25
    endloop
  endfacet
  facet normal 0.5410917397624223 -0.8355423327259754 0.09533488020504506
    outer loop
      vertex -8.027757798537976 8.504229555920908 7.860744327306747
      vertex -7.703908917451204 8.71395196928524 7.860744327306747
      vertex -7.886097252503114 8.640381836636472 8.25
    endloop
  endfacet
  facet normal 0.5095214260980152 -0.8570511505703778 0.07649340921305942
    outer loop
      vertex -7.703908917451204 8.71395196928524 7.860744327306747
      vertex -7.718185535782555 8.740206237204731 8.25
      vertex -7.886097252503114 8.640381836636472 8.25
    endloop
  endfacet
  facet normal 0.4088670333521439 -0.03139057209205502 0.9120539353687096
    outer loop
      vertex -7.7181855365633965 6.5 6.009793758392334
      vertex -7.351841429206701 6.6315749875313585 5.850092880427837
      vertex -7.703908918317965 6.685955150202187 6.009793758392334
    endloop
  endfacet
  facet normal 0.4088670333521442 -0.03139057209205575 0.9120539353687095
    outer loop
      vertex -7.7181855365633965 6.5 6.009793758392334
      vertex -7.361943036317825 6.5 5.850092880427837
      vertex -7.351841429206701 6.6315749875313585 5.850092880427837
    endloop
  endfacet
  facet normal 0.39928353662999766 -0.09343594787174266 0.9120539353687096
    outer loop
      vertex -7.703908918317965 6.685955150202187 6.009793758392334
      vertex -7.351841429206701 6.6315749875313585 5.850092880427837
      vertex -7.661413695413042 6.867551669291913 6.009793758392334
    endloop
  endfacet
  facet normal 0.39928353662999866 -0.09343594787174121 0.9120539353687094
    outer loop
      vertex -7.351841429206701 6.6315749875313585 5.850092880427837
      vertex -7.321773380982287 6.760065968872773 5.850092880427837
      vertex -7.661413695413042 6.867551669291913 6.009793758392334
    endloop
  endfacet
  facet normal 0.3803411722262765 -0.1532912642259573 0.9120539353687093
    outer loop
      vertex -7.321773380982287 6.760065968872773 5.850092880427837
      vertex -7.272443661210468 6.8824612243255 5.850092880427837
      vertex -7.661413695413042 6.867551669291913 6.009793758392334
    endloop
  endfacet
  facet normal 0.38034117222627656 -0.15329126422595585 0.9120539353687095
    outer loop
      vertex -7.661413695413042 6.867551669291913 6.009793758392334
      vertex -7.272443661210468 6.8824612243255 5.850092880427837
      vertex -7.591695919856239 7.040533088775785 6.009793758392334
    endloop
  endfacet
  facet normal 0.26492669787001577 -0.02033962127104663 0.964054015375819
    outer loop
      vertex -7.361943036317825 6.5 5.850092880427837
      vertex -6.985497325658798 6.5 5.746643781661987
      vertex -7.351841429206701 6.6315749875313585 5.850092880427837
    endloop
  endfacet
  facet normal 0.2587170406133995 -0.060542120329607825 0.9640540153758189
    outer loop
      vertex -7.351841429206701 6.6315749875313585 5.850092880427837
      vertex -6.962871398635416 6.646484543714138 5.746643781661987
      vertex -7.321773380982287 6.760065968872773 5.850092880427837
    endloop
  endfacet
  facet normal 0.2649266978700161 -0.020339621271045626 0.9640540153758189
    outer loop
      vertex -7.351841429206701 6.6315749875313585 5.850092880427837
      vertex -6.985497325658798 6.5 5.746643781661987
      vertex -6.979807502746303 6.574110819251992 5.746643781661987
    endloop
  endfacet
  facet normal 0.25871704061339956 -0.060542120329608706 0.9640540153758189
    outer loop
      vertex -7.351841429206701 6.6315749875313585 5.850092880427837
      vertex -6.979807502746303 6.574110819251992 5.746643781661987
      vertex -6.962871398635416 6.646484543714138 5.746643781661987
    endloop
  endfacet
  facet normal 0.3524839331078013 -0.20955356327036043 0.9120539353687095
    outer loop
      vertex -7.591695919856239 7.040533088775785 6.009793758392334
      vertex -7.272443661210468 6.8824612243255 5.850092880427837
      vertex -7.205008516712763 6.9958919128391415 5.850092880427837
    endloop
  endfacet
  facet normal 0.24644327520319928 -0.09932556340076927 0.964054015375819
    outer loop
      vertex -7.321773380982287 6.760065968872773 5.850092880427837
      vertex -6.962871398635416 6.646484543714138 5.746643781661987
      vertex -7.272443661210468 6.8824612243255 5.850092880427837
    endloop
  endfacet
  facet normal 0.2464432752031992 -0.09932556340076944 0.9640540153758191
    outer loop
      vertex -6.962871398635416 6.646484543714138 5.746643781661987
      vertex -6.93508598125212 6.715424794626163 5.746643781661987
      vertex -7.272443661210468 6.8824612243255 5.850092880427837
    endloop
  endfacet
  facet normal 0.22839308829787164 -0.13578089945025582 0.964054015375819
    outer loop
      vertex -6.897102517230052 6.779315670937741 5.746643781661987
      vertex -7.205008516712763 6.9958919128391415 5.850092880427837
      vertex -7.272443661210468 6.8824612243255 5.850092880427837
    endloop
  endfacet
  facet normal 0.2049895609798462 -0.16905364629918412 0.9640540153758191
    outer loop
      vertex -6.897102517230052 6.779315670937741 5.746643781661987
      vertex -7.121048570120821 7.097699315214328 5.850092880427837
      vertex -7.205008516712763 6.9958919128391415 5.850092880427837
    endloop
  endfacet
  facet normal 0.35248393310780096 -0.20955356327036237 0.9120539353687092
    outer loop
      vertex -7.591695919856239 7.040533088775785 6.009793758392334
      vertex -7.205008516712763 6.9958919128391415 5.850092880427837
      vertex -7.49638971721656 7.200844870793354 6.009793758392334
    endloop
  endfacet
  facet normal 0.31636476934880825 -0.2609041044010728 0.9120539353687092
    outer loop
      vertex -7.49638971721656 7.200844870793354 6.009793758392334
      vertex -7.205008516712763 6.9958919128391415 5.850092880427837
      vertex -7.3777289841060885 7.344729443048095 6.009793758392334
    endloop
  endfacet
  facet normal 0.3163647693488065 -0.2609041044010738 0.9120539353687096
    outer loop
      vertex -7.3777289841060885 7.344729443048095 6.009793758392334
      vertex -7.205008516712763 6.9958919128391415 5.850092880427837
      vertex -7.121048570120821 7.097699315214328 5.850092880427837
    endloop
  endfacet
  facet normal 0.2728302835346197 -0.30613927445669054 0.9120539353687095
    outer loop
      vertex -7.3777289841060885 7.344729443048095 6.009793758392334
      vertex -7.121048570120821 7.097699315214328 5.850092880427837
      vertex -7.238495027536759 7.468814273117264 6.009793758392334
    endloop
  endfacet
  facet normal 0.2728302835346178 -0.3061392744566913 0.9120539353687098
    outer loop
      vertex -7.121048570120821 7.097699315214328 5.850092880427837
      vertex -7.022531771421606 7.185497152227338 5.850092880427837
      vertex -7.238495027536759 7.468814273117264 6.009793758392334
    endloop
  endfacet
  facet normal 0.22290088711460793 -0.3441987993906574 0.9120539353687098
    outer loop
      vertex -7.022531771421606 7.185497152227338 5.850092880427837
      vertex -7.0819513734413295 7.5701909177534645 6.009793758392334
      vertex -7.238495027536759 7.468814273117264 6.009793758392334
    endloop
  endfacet
  facet normal 0.4682016128063746 -0.27834833612827425 0.8386354711912267
    outer loop
      vertex -7.885359748273292 7.185935314202158 6.222003176808357
      vertex -7.591695919856239 7.040533088775785 6.009793758392334
      vertex -7.49638971721656 7.200844870793354 6.009793758392334
    endloop
  endfacet
  facet normal 0.42022481404543216 -0.346556852652417 0.838635471191228
    outer loop
      vertex -7.49638971721656 7.200844870793354 6.009793758392334
      vertex -7.3777289841060885 7.344729443048095 6.009793758392334
      vertex -7.764416384378356 7.389370616965177 6.222003176808357
    endloop
  endfacet
  facet normal 0.42022481404543177 -0.3465568526524182 0.8386354711912277
    outer loop
      vertex -7.3777289841060885 7.344729443048095 6.009793758392334
      vertex -7.613836172103225 7.571959826262109 6.222003176808357
      vertex -7.764416384378356 7.389370616965177 6.222003176808357
    endloop
  endfacet
  facet normal 0.3623983018092972 -0.40664237027836264 0.8386354711912276
    outer loop
      vertex -7.3777289841060885 7.344729443048095 6.009793758392334
      vertex -7.437148583997756 7.729423205782474 6.222003176808357
      vertex -7.613836172103225 7.571959826262109 6.222003176808357
    endloop
  endfacet
  facet normal 0.3623983018092984 -0.40664237027836225 0.8386354711912274
    outer loop
      vertex -7.3777289841060885 7.344729443048095 6.009793758392334
      vertex -7.238495027536759 7.468814273117264 6.009793758392334
      vertex -7.437148583997756 7.729423205782474 6.222003176808357
    endloop
  endfacet
  facet normal 0.296077480533315 -0.45719653539906924 0.8386354711912275
    outer loop
      vertex -7.437148583997756 7.729423205782474 6.222003176808357
      vertex -7.238495027536759 7.468814273117264 6.009793758392334
      vertex -7.0819513734413295 7.5701909177534645 6.009793758392334
    endloop
  endfacet
  facet normal 0.11467897428143459 -0.008804423726976686 0.9933635864982137
    outer loop
      vertex -6.985497325658798 6.5 5.746643781661987
      vertex -6.596527296619624 6.5149095564194255 5.7018712386488914
      vertex -6.979807502746303 6.574110819251992 5.746643781661987
    endloop
  endfacet
  facet normal 0.11467897428143452 -0.008804423726975019 0.9933635864982137
    outer loop
      vertex -6.985497325658798 6.5 5.746643781661987
      vertex -6.5976719707250595 6.5 5.7018712386488914
      vertex -6.596527296619624 6.5149095564194255 5.7018712386488914
    endloop
  endfacet
  facet normal 0.11199099632166913 -0.02620690295105401 0.9933635864982137
    outer loop
      vertex -6.979807502746303 6.574110819251992 5.746643781661987
      vertex -6.596527296619624 6.5149095564194255 5.7018712386488914
      vertex -6.962871398635416 6.646484543714138 5.746643781661987
    endloop
  endfacet
  facet normal 0.10667804432729028 -0.04299511458190039 0.9933635864982135
    outer loop
      vertex -6.962871398635416 6.646484543714138 5.746643781661987
      vertex -6.593120104494167 6.529469645473135 5.7018712386488914
      vertex -6.93508598125212 6.715424794626163 5.746643781661987
    endloop
  endfacet
  facet normal 0.098864649389998 -0.05877555716791534 0.9933635864982137
    outer loop
      vertex -6.93508598125212 6.715424794626163 5.746643781661987
      vertex -6.587530256044307 6.54333899101427 5.7018712386488914
      vertex -6.897102517230052 6.779315670937741 5.746643781661987
    endloop
  endfacet
  facet normal 0.2283930882978712 -0.13578089945025734 0.964054015375819
    outer loop
      vertex -6.93508598125212 6.715424794626163 5.746643781661987
      vertex -6.897102517230052 6.779315670937741 5.746643781661987
      vertex -7.272443661210468 6.8824612243255 5.850092880427837
    endloop
  endfacet
  facet normal 0.20498956097984716 -0.16905364629918346 0.9640540153758191
    outer loop
      vertex -6.897102517230052 6.779315670937741 5.746643781661987
      vertex -6.849811306772597 6.836659624659525 5.746643781661987
      vertex -7.121048570120821 7.097699315214328 5.850092880427837
    endloop
  endfacet
  facet normal 0.17678125209354786 -0.19836391896208677 0.9640540153758191
    outer loop
      vertex -7.121048570120821 7.097699315214328 5.850092880427837
      vertex -6.849811306772597 6.836659624659525 5.746643781661987
      vertex -6.794320815770709 6.886112562118754 5.746643781661987
    endloop
  endfacet
  facet normal 0.08873395086479545 -0.07317835050976573 0.9933635864982137
    outer loop
      vertex -6.897102517230052 6.779315670937741 5.746643781661987
      vertex -6.570374763996949 6.567728918917183 5.7018712386488914
      vertex -6.849811306772597 6.836659624659525 5.746643781661987
    endloop
  endfacet
  facet normal 0.07652340373873066 -0.08586590533876325 0.9933635864982135
    outer loop
      vertex -6.849811306772597 6.836659624659525 5.746643781661987
      vertex -6.55921123059272 6.577677822040869 5.7018712386488914
      vertex -6.794320815770709 6.886112562118754 5.746643781661987
    endloop
  endfacet
  facet normal 0.144429340491018 -0.22302470948997735 0.9640540153758195
    outer loop
      vertex -6.794320815770709 6.886112562118754 5.746643781661987
      vertex -6.7319316943019105 6.926515348375752 5.746643781661987
      vertex -6.911767270877661 7.257227516992586 5.850092880427837
    endloop
  endfacet
  facet normal 0.11199099632166909 -0.026206902951054253 0.9933635864982137
    outer loop
      vertex -6.962871398635416 6.646484543714138 5.746643781661987
      vertex -6.596527296619624 6.5149095564194255 5.7018712386488914
      vertex -6.593120104494167 6.529469645473135 5.7018712386488914
    endloop
  endfacet
  facet normal 0 0 1
    outer loop
      vertex -6.5976719707250595 6.5 5.7018712386488914
      vertex -6.593120104494167 6.529469645473135 5.7018712386488914
      vertex -6.596527296619624 6.5149095564194255 5.7018712386488914
    endloop
  endfacet
  facet normal 0 0 1
    outer loop
      vertex -6.5976719707250595 6.5 5.7018712386488914
      vertex -6.570374763996949 6.567728918917183 5.7018712386488914
      vertex -6.593120104494167 6.529469645473135 5.7018712386488914
    endloop
  endfacet
  facet normal 0 0 1
    outer loop
      vertex -6.593120104494167 6.529469645473135 5.7018712386488914
      vertex -6.570374763996949 6.567728918917183 5.7018712386488914
      vertex -6.587530256044307 6.54333899101427 5.7018712386488914
    endloop
  endfacet
  facet normal 0 0 1
    outer loop
      vertex -6.587530256044307 6.54333899101427 5.7018712386488914
      vertex -6.570374763996949 6.567728918917183 5.7018712386488914
      vertex -6.579888772579974 6.5561925073384515 5.7018712386488914
    endloop
  endfacet
  facet normal 0.10667804432729175 -0.04299511458189795 0.9933635864982135
    outer loop
      vertex -6.93508598125212 6.715424794626163 5.746643781661987
      vertex -6.593120104494167 6.529469645473135 5.7018712386488914
      vertex -6.587530256044307 6.54333899101427 5.7018712386488914
    endloop
  endfacet
  facet normal 0.09886464938999419 -0.05877555716792024 0.9933635864982137
    outer loop
      vertex -6.897102517230052 6.779315670937741 5.746643781661987
      vertex -6.587530256044307 6.54333899101427 5.7018712386488914
      vertex -6.579888772579974 6.5561925073384515 5.7018712386488914
    endloop
  endfacet
  facet normal 0.088733950864796 -0.073178350509765 0.9933635864982137
    outer loop
      vertex -6.897102517230052 6.779315670937741 5.746643781661987
      vertex -6.579888772579974 6.5561925073384515 5.7018712386488914
      vertex -6.570374763996949 6.567728918917183 5.7018712386488914
    endloop
  endfacet
  facet normal 0.0765234037387439 -0.08586590533874837 0.9933635864982138
    outer loop
      vertex -6.849811306772597 6.836659624659525 5.746643781661987
      vertex -6.570374763996949 6.567728918917183 5.7018712386488914
      vertex -6.55921123059272 6.577677822040869 5.7018712386488914
    endloop
  endfacet
  facet normal 0.06251921288725218 -0.09654083612319107 0.9933635864982135
    outer loop
      vertex -6.794320815770709 6.886112562118754 5.746643781661987
      vertex -6.55921123059272 6.577677822040869 5.7018712386488914
      vertex -6.54665983612851 6.58580602285258 5.7018712386488914
    endloop
  endfacet
  facet normal 0.04704962467452892 -0.10495293153310044 0.9933635864982137
    outer loop
      vertex -6.54665983612851 6.58580602285258 5.7018712386488914
      vertex -6.533014774652491 6.59192300321444 5.7018712386488914
      vertex -6.664106290494863 6.956920976364472 5.746643781661987
    endloop
  endfacet
  facet normal 0 0 1
    outer loop
      vertex -6.570374763996949 6.567728918917183 5.7018712386488914
      vertex -6.54665983612851 6.58580602285258 5.7018712386488914
      vertex -6.55921123059272 6.577677822040869 5.7018712386488914
    endloop
  endfacet
  facet normal 0 0 1
    outer loop
      vertex -6.570374763996949 6.567728918917183 5.7018712386488914
      vertex -6.503741103483663 6.597600297182137 5.7018712386488914
      vertex -6.54665983612851 6.58580602285258 5.7018712386488914
    endloop
  endfacet
  facet normal 0 0 1
    outer loop
      vertex -6.54665983612851 6.58580602285258 5.7018712386488914
      vertex -6.503741103483663 6.597600297182137 5.7018712386488914
      vertex -6.533014774652491 6.59192300321444 5.7018712386488914
    endloop
  endfacet
  facet normal 0 0 1
    outer loop
      vertex -6.533014774652491 6.59192300321444 5.7018712386488914
      vertex -6.503741103483663 6.597600297182137 5.7018712386488914
      vertex -6.518595874840643 6.595885386291279 5.7018712386488914
    endloop
  endfacet
  facet normal 0.030477233136858614 -0.1109050191818548 0.9933635864982137
    outer loop
      vertex -6.533014774652491 6.59192300321444 5.7018712386488914
      vertex -6.518595874840643 6.595885386291279 5.7018712386488914
      vertex -6.592434374328659 6.976616763935464 5.746643781661987
    endloop
  endfacet
  facet normal 0.01319048108576605 -0.1142575871797227 0.9933635864982137
    outer loop
      vertex -6.518595874840643 6.595885386291279 5.7018712386488914
      vertex -6.503741103483663 6.597600297182137 5.7018712386488914
      vertex -6.592434374328659 6.976616763935464 5.746643781661987
    endloop
  endfacet
  facet normal 0.06251921288725949 -0.09654083612318529 0.9933635864982135
    outer loop
      vertex -6.794320815770709 6.886112562118754 5.746643781661987
      vertex -6.54665983612851 6.58580602285258 5.7018712386488914
      vertex -6.7319316943019105 6.926515348375752 5.746643781661987
    endloop
  endfacet
  facet normal 0.04704962467454403 -0.10495293153309564 0.9933635864982135
    outer loop
      vertex -6.54665983612851 6.58580602285258 5.7018712386488914
      vertex -6.664106290494863 6.956920976364472 5.746643781661987
      vertex -6.7319316943019105 6.926515348375752 5.746643781661987
    endloop
  endfacet
  facet normal 0.03047723313685598 -0.1109050191818552 0.9933635864982137
    outer loop
      vertex -6.533014774652491 6.59192300321444 5.7018712386488914
      vertex -6.592434374328659 6.976616763935464 5.746643781661987
      vertex -6.664106290494863 6.956920976364472 5.746643781661987
    endloop
  endfacet
  facet normal 0.013190481085759861 -0.11425758717972416 0.9933635864982137
    outer loop
      vertex -6.503741103483663 6.597600297182137 5.7018712386488914
      vertex -6.5185958747719335 6.9851410585214495 5.746643781661987
      vertex -6.592434374328659 6.976616763935464 5.746643781661987
    endloop
  endfacet
  facet normal 0.17678125209354772 -0.198363918962087 0.9640540153758193
    outer loop
      vertex -7.121048570120821 7.097699315214328 5.850092880427837
      vertex -6.794320815770709 6.886112562118754 5.746643781661987
      vertex -7.022531771421606 7.185497152227338 5.850092880427837
    endloop
  endfacet
  facet normal 0.14442934049102232 -0.22302470948997583 0.964054015375819
    outer loop
      vertex -6.794320815770709 6.886112562118754 5.746643781661987
      vertex -6.911767270877661 7.257227516992586 5.850092880427837
      vertex -7.022531771421606 7.185497152227338 5.850092880427837
    endloop
  endfacet
  facet normal 0.22290088711461195 -0.3441987993906566 0.9120539353687093
    outer loop
      vertex -7.022531771421606 7.185497152227338 5.850092880427837
      vertex -6.911767270877661 7.257227516992586 5.850092880427837
      vertex -7.0819513734413295 7.5701909177534645 6.009793758392334
    endloop
  endfacet
  facet normal 0.10869212756002411 -0.24245798985439548 0.9640540153758197
    outer loop
      vertex -6.911767270877661 7.257227516992586 5.850092880427837
      vertex -6.7319316943019105 6.926515348375752 5.746643781661987
      vertex -6.664106290494863 6.956920976364472 5.746643781661987
    endloop
  endfacet
  facet normal 0.10869212756001326 -0.24245798985440412 0.9640540153758187
    outer loop
      vertex -6.911767270877661 7.257227516992586 5.850092880427837
      vertex -6.664106290494863 6.956920976364472 5.746643781661987
      vertex -6.791351294502098 7.311209110555808 5.850092880427837
    endloop
  endfacet
  facet normal 0.16774688282266162 -0.37419059619628364 0.9120539353687095
    outer loop
      vertex -6.911767270877661 7.257227516992586 5.850092880427837
      vertex -6.911767272391546 7.646483194329285 6.009793758392334
      vertex -7.0819513734413295 7.5701909177534645 6.009793758392334
    endloop
  endfacet
  facet normal 0.16774688282265787 -0.37419059619628386 0.91205393536871
    outer loop
      vertex -6.911767270877661 7.257227516992586 5.850092880427837
      vertex -6.791351294502098 7.311209110555808 5.850092880427837
      vertex -6.911767272391546 7.646483194329285 6.009793758392334
    endloop
  endfacet
  facet normal 0.10866103377301424 -0.39541168257631026 0.9120539353687099
    outer loop
      vertex -6.791351294502098 7.311209110555808 5.850092880427837
      vertex -6.664106290721313 7.346176650116561 5.850092880427837
      vertex -6.911767272391546 7.646483194329285 6.009793758392334
    endloop
  endfacet
  facet normal 0.10866103377300712 -0.3954116825763154 0.9120539353687086
    outer loop
      vertex -6.911767272391546 7.646483194329285 6.009793758392334
      vertex -6.664106290721313 7.346176650116561 5.850092880427837
      vertex -6.731931695474662 7.6959028765441175 6.009793758392334
    endloop
  endfacet
  facet normal 0.07040726328217706 -0.2562082604345043 0.9640540153758188
    outer loop
      vertex -6.791351294502098 7.311209110555808 5.850092880427837
      vertex -6.664106290494863 6.956920976364472 5.746643781661987
      vertex -6.664106290721313 7.346176650116561 5.850092880427837
    endloop
  endfacet
  facet normal 0.07040726328216745 -0.25620826043450445 0.9640540153758195
    outer loop
      vertex -6.664106290494863 6.956920976364472 5.746643781661987
      vertex -6.592434374328659 6.976616763935464 5.746643781661987
      vertex -6.664106290721313 7.346176650116561 5.850092880427837
    endloop
  endfacet
  facet normal 0.0304721124274316 -0.2639532265420707 0.9640540153758191
    outer loop
      vertex -6.592434374328659 6.976616763935464 5.746643781661987
      vertex -6.533014774576062 7.361310526184653 5.850092880427837
      vertex -6.664106290721313 7.346176650116561 5.850092880427837
    endloop
  endfacet
  facet normal 0.03047211242743921 -0.2639532265420718 0.9640540153758187
    outer loop
      vertex -6.592434374328659 6.976616763935464 5.746643781661987
      vertex -6.5185958747719335 6.9851410585214495 5.746643781661987
      vertex -6.533014774576062 7.361310526184653 5.850092880427837
    endloop
  endfacet
  facet normal 0.04702826218854653 -0.40736465425215 0.9120539353687103
    outer loop
      vertex -6.664106290721313 7.346176650116561 5.850092880427837
      vertex -6.533014774576062 7.361310526184653 5.850092880427837
      vertex -6.54665983619204 7.717291608933039 6.009793758392334
    endloop
  endfacet
  facet normal 0.0470282621885572 -0.40736465425215257 0.9120539353687085
    outer loop
      vertex -6.664106290721313 7.346176650116561 5.850092880427837
      vertex -6.54665983619204 7.717291608933039 6.009793758392334
      vertex -6.731931695474662 7.6959028765441175 6.009793758392334
    endloop
  endfacet
  facet normal 0.44338289896117455 -0.4975141220980145 0.7455811848630749
    outer loop
      vertex -7.613836172103225 7.571959826262109 6.222003176808357
      vertex -7.437148583997756 7.729423205782474 6.222003176808357
      vertex -7.613836174140719 7.961215503401803 6.48174712061882
    endloop
  endfacet
  facet normal 0.36224146465526386 -0.5593655495850481 0.7455811848630746
    outer loop
      vertex -7.437148583997756 7.729423205782474 6.222003176808357
      vertex -7.377728985517865 8.114116971656017 6.48174712061882
      vertex -7.613836174140719 7.961215503401803 6.48174712061882
    endloop
  endfacet
  facet normal 0.4198547438382488 -0.6483307474379685 0.6351293065219425
    outer loop
      vertex -7.613836174140719 7.961215503401803 6.48174712061882
      vertex -7.377728985517865 8.114116971656017 6.48174712061882
      vertex -7.496389717066715 8.332330456481422 6.782937414944172
    endloop
  endfacet
  facet normal 0.4198547438382622 -0.6483307474379669 0.6351293065219353
    outer loop
      vertex -7.613836174140719 7.961215503401803 6.48174712061882
      vertex -7.496389717066715 8.332330456481422 6.782937414944172
      vertex -7.764416384467406 8.158758142923816 6.782937414944172
    endloop
  endfacet
  facet normal 0.2960774805333138 -0.4571965353990711 0.8386354711912268
    outer loop
      vertex -7.437148583997756 7.729423205782474 6.222003176808357
      vertex -7.0819513734413295 7.5701909177534645 6.009793758392334
      vertex -7.238495027373688 7.858069947370087 6.222003176808357
    endloop
  endfacet
  facet normal 0.36224146465526746 -0.5593655495850478 0.7455811848630731
    outer loop
      vertex -7.437148583997756 7.729423205782474 6.222003176808357
      vertex -7.238495027373688 7.858069947370087 6.222003176808357
      vertex -7.377728985517865 8.114116971656017 6.48174712061882
    endloop
  endfacet
  facet normal 0.22281685405726653 -0.497034401231838 0.8386354711912269
    outer loop
      vertex -7.0819513734413295 7.5701909177534645 6.009793758392334
      vertex -6.911767272391546 7.646483194329285 6.009793758392334
      vertex -7.238495027373688 7.858069947370087 6.222003176808357
    endloop
  endfacet
  facet normal 0.22281685405726323 -0.49703440123184167 0.8386354711912255
    outer loop
      vertex -7.238495027373688 7.858069947370087 6.222003176808357
      vertex -6.911767272391546 7.646483194329285 6.009793758392334
      vertex -7.022531773227339 7.954884680438056 6.222003176808357
    endloop
  endfacet
  facet normal 0.27260939743947177 -0.6081059226860599 0.745581184863073
    outer loop
      vertex -7.238495027373688 7.858069947370087 6.222003176808357
      vertex -7.121048573403061 8.229184906156725 6.48174712061882
      vertex -7.377728985517865 8.114116971656017 6.48174712061882
    endloop
  endfacet
  facet normal 0.3159669996331692 -0.7048231119506289 0.6351293065219429
    outer loop
      vertex -7.377728985517865 8.114116971656017 6.48174712061882
      vertex -7.121048573403061 8.229184906156725 6.48174712061882
      vertex -7.496389717066715 8.332330456481422 6.782937414944172
    endloop
  endfacet
  facet normal 0.272609397439464 -0.6081059226860596 0.745581184863076
    outer loop
      vertex -7.238495027373688 7.858069947370087 6.222003176808357
      vertex -7.022531773227339 7.954884680438056 6.222003176808357
      vertex -7.121048573403061 8.229184906156725 6.48174712061882
    endloop
  endfacet
  facet normal 0.4675920402877422 -0.7220456632320125 0.5099095449855687
    outer loop
      vertex -7.885359750817635 8.317420903253804 7.118514411151409
      vertex -7.496389717066715 8.332330456481422 6.782937414944172
      vertex -7.591695921620177 8.507595674802882 7.118514411151409
    endloop
  endfacet
  facet normal 0.3518923060661828 -0.7849611843040613 0.5099095449855686
    outer loop
      vertex -7.496389717066715 8.332330456481422 6.782937414944172
      vertex -7.272443665298498 8.650714105293773 7.118514411151409
      vertex -7.591695921620177 8.507595674802882 7.118514411151409
    endloop
  endfacet
  facet normal 0.37956759924653233 -0.8466960689159557 0.3728729066109404
    outer loop
      vertex -7.6614136962260755 8.635804546874112 7.480612471699715
      vertex -7.591695921620177 8.507595674802882 7.118514411151409
      vertex -7.272443665298498 8.650714105293773 7.118514411151409
    endloop
  endfacet
  facet normal 0.20467325675788978 -0.7447950200995469 0.6351293065219353
    outer loop
      vertex -7.121048573403061 8.229184906156725 6.48174712061882
      vertex -6.849811309104053 8.303722212046281 6.48174712061882
      vertex -7.205008519198741 8.462954497150378 6.782937414944172
    endloop
  endfacet
  facet normal 0.35189230606617267 -0.7849611843040613 0.5099095449855754
    outer loop
      vertex -7.496389717066715 8.332330456481422 6.782937414944172
      vertex -7.205008519198741 8.462954497150378 6.782937414944172
      vertex -7.272443665298498 8.650714105293773 7.118514411151409
    endloop
  endfacet
  facet normal 0.31596699963316055 -0.7048231119506393 0.6351293065219357
    outer loop
      vertex -7.496389717066715 8.332330456481422 6.782937414944172
      vertex -7.121048573403061 8.229184906156725 6.48174712061882
      vertex -7.205008519198741 8.462954497150378 6.782937414944172
    endloop
  endfacet
  facet normal 0.22794451444051456 -0.8294778805182701 0.5099095449855753
    outer loop
      vertex -7.205008519198741 8.462954497150378 6.782937414944172
      vertex -6.935085984155115 8.743421620017322 7.118514411151409
      vertex -7.272443665298498 8.650714105293773 7.118514411151409
    endloop
  endfacet
  facet normal 0.24587167896569695 -0.8947138721390782 0.3728729066109342
    outer loop
      vertex -7.272443665298498 8.650714105293773 7.118514411151409
      vertex -6.935085984155115 8.743421620017322 7.118514411151409
      vertex -7.321773384578855 8.788062792107649 7.480612471699715
    endloop
  endfacet
  facet normal 0.1443335893729182 -0.5252222019665594 0.8386354711912253
    outer loop
      vertex -6.911767272391546 7.646483194329285 6.009793758392334
      vertex -6.794320817193937 8.01759814969963 6.222003176808357
      vertex -7.022531773227339 7.954884680438056 6.222003176808357
    endloop
  endfacet
  facet normal 0.14433358937291 -0.5252222019665581 0.8386354711912275
    outer loop
      vertex -6.911767272391546 7.646483194329285 6.009793758392334
      vertex -6.731931695474662 7.6959028765441175 6.009793758392334
      vertex -6.794320817193937 8.01759814969963 6.222003176808357
    endloop
  endfacet
  facet normal 0.17658759700069226 -0.6425928083659892 0.7455811848630787
    outer loop
      vertex -7.022531773227339 7.954884680438056 6.222003176808357
      vertex -6.794320817193937 8.01759814969963 6.222003176808357
      vertex -6.849811309104053 8.303722212046281 6.48174712061882
    endloop
  endfacet
  facet normal 0.17658759700069832 -0.6425928083659904 0.7455811848630761
    outer loop
      vertex -7.121048573403061 8.229184906156725 6.48174712061882
      vertex -7.022531773227339 7.954884680438056 6.222003176808357
      vertex -6.849811309104053 8.303722212046281 6.48174712061882
    endloop
  endfacet
  facet normal 0.07642673295694088 -0.6620178632542297 0.7455811848630788
    outer loop
      vertex -6.794320817193937 8.01759814969963 6.222003176808357
      vertex -6.5592112306602655 8.044740404588794 6.222003176808357
      vertex -6.849811309104053 8.303722212046281 6.48174712061882
    endloop
  endfacet
  facet normal 0.06246726768516107 -0.5410992394448714 0.8386354711912275
    outer loop
      vertex -6.794320817193937 8.01759814969963 6.222003176808357
      vertex -6.731931695474662 7.6959028765441175 6.009793758392334
      vertex -6.54665983619204 7.717291608933039 6.009793758392334
    endloop
  endfacet
  facet normal 0.062467267685156376 -0.5410992394448743 0.8386354711912261
    outer loop
      vertex -6.794320817193937 8.01759814969963 6.222003176808357
      vertex -6.54665983619204 7.717291608933039 6.009793758392334
      vertex -6.5592112306602655 8.044740404588794 6.222003176808357
    endloop
  endfacet
  facet normal 0.07642673295692687 -0.6620178632542388 0.7455811848630722
    outer loop
      vertex -6.849811309104053 8.303722212046281 6.48174712061882
      vertex -6.5592112306602655 8.044740404588794 6.222003176808357
      vertex -6.570374764205962 8.335981798049524 6.48174712061882
    endloop
  endfacet
  facet normal 0.20467325675788936 -0.7447950200995472 0.635129306521935
    outer loop
      vertex -6.849811309104053 8.303722212046281 6.48174712061882
      vertex -6.897102519178263 8.547568548129213 6.782937414944172
      vertex -7.205008519198741 8.462954497150378 6.782937414944172
    endloop
  endfacet
  facet normal 0.22794451444051622 -0.8294778805182703 0.5099095449855741
    outer loop
      vertex -7.205008519198741 8.462954497150378 6.782937414944172
      vertex -6.897102519178263 8.547568548129213 6.782937414944172
      vertex -6.935085984155115 8.743421620017322 7.118514411151409
    endloop
  endfacet
  facet normal 0.08858214621720852 -0.7673095642363122 0.6351293065219348
    outer loop
      vertex -6.849811309104053 8.303722212046281 6.48174712061882
      vertex -6.579888772676732 8.584189327778525 6.782937414944172
      vertex -6.897102519178263 8.547568548129213 6.782937414944172
    endloop
  endfacet
  facet normal 0.0986538965931715 -0.8545523182459857 0.5099095449855743
    outer loop
      vertex -6.897102519178263 8.547568548129213 6.782937414944172
      vertex -6.587530256304913 8.783545233403657 7.118514411151409
      vertex -6.935085984155115 8.743421620017322 7.118514411151409
    endloop
  endfacet
  facet normal 0.10641273492107346 -0.9217603405235708 0.3728729066109365
    outer loop
      vertex -6.935085984155115 8.743421620017322 7.118514411151409
      vertex -6.587530256304913 8.783545233403657 7.118514411151409
      vertex -6.962871401299931 8.88669078476628 7.480612471699715
    endloop
  endfacet
  facet normal 0.08858214621719847 -0.7673095642363087 0.6351293065219404
    outer loop
      vertex -6.849811309104053 8.303722212046281 6.48174712061882
      vertex -6.570374764205962 8.335981798049524 6.48174712061882
      vertex -6.579888772676732 8.584189327778525 6.782937414944172
    endloop
  endfacet
  facet normal 0.09865389659317116 -0.8545523182459855 0.5099095449855745
    outer loop
      vertex -6.897102519178263 8.547568548129213 6.782937414944172
      vertex -6.579888772676732 8.584189327778525 6.782937414944172
      vertex -6.587530256304913 8.783545233403657 7.118514411151409
    endloop
  endfacet
  facet normal 0.39836886238029906 -0.8886357803602989 0.22721949597089783
    outer loop
      vertex -7.6614136962260755 8.635804546874112 7.480612471699715
      vertex -7.321773384578855 8.788062792107649 7.480612471699715
      vertex -7.703908917451204 8.71395196928524 7.860744327306747
    endloop
  endfacet
  facet normal 0.37956759924652683 -0.8466960689159607 0.3728729066109343
    outer loop
      vertex -7.6614136962260755 8.635804546874112 7.480612471699715
      vertex -7.272443665298498 8.650714105293773 7.118514411151409
      vertex -7.321773384578855 8.788062792107649 7.480612471699715
    endloop
  endfacet
  facet normal 0.39836886238030317 -0.8886357803602958 0.22721949597090252
    outer loop
      vertex -7.321773384578855 8.788062792107649 7.480612471699715
      vertex -7.351841431725256 8.8717812249482 7.860744327306747
      vertex -7.703908917451204 8.71395196928524 7.860744327306747
    endloop
  endfacet
  facet normal 0.44241979095815864 -0.8935398630813864 0.07649340921305936
    outer loop
      vertex -7.703908917451204 8.71395196928524 7.860744327306747
      vertex -7.543125024786916 8.826884222015202 8.25
      vertex -7.718185535782555 8.740206237204731 8.25
    endloop
  endfacet
  facet normal 0.4072054348512631 -0.9083473974443276 0.09533488020504652
    outer loop
      vertex -7.703908917451204 8.71395196928524 7.860744327306747
      vertex -7.351841431725256 8.8717812249482 7.860744327306747
      vertex -7.543125024786916 8.826884222015202 8.25
    endloop
  endfacet
  facet normal 0.37272180623578344 -0.92478495527517 0.07649340921306155
    outer loop
      vertex -7.543125024786916 8.826884222015202 8.25
      vertex -7.351841431725256 8.8717812249482 7.860744327306747
      vertex -7.361943038934313 8.899907119543066 8.25
    endloop
  endfacet
  facet normal 0.2580505323308255 -0.9390320672982934 0.22721949597090266
    outer loop
      vertex -7.321773384578855 8.788062792107649 7.480612471699715
      vertex -6.962871401299931 8.88669078476628 7.480612471699715
      vertex -7.351841431725256 8.8717812249482 7.860744327306747
    endloop
  endfacet
  facet normal 0.24587167896569923 -0.8947138721390768 0.3728729066109364
    outer loop
      vertex -7.321773384578855 8.788062792107649 7.480612471699715
      vertex -6.935085984155115 8.743421620017322 7.118514411151409
      vertex -6.962871401299931 8.88669078476628 7.480612471699715
    endloop
  endfacet
  facet normal 0.2580505323308227 -0.9390320672982948 0.22721949597089974
    outer loop
      vertex -6.962871401299931 8.88669078476628 7.480612471699715
      vertex -6.979807504826987 8.974017938926924 7.860744327306747
      vertex -7.351841431725256 8.8717812249482 7.860744327306747
    endloop
  endfacet
  facet normal 0.300836597976539 -0.9506030189647333 0.07649340921306164
    outer loop
      vertex -7.361943038934313 8.899907119543066 8.25
      vertex -7.351841431725256 8.8717812249482 7.860744327306747
      vertex -7.175702830601487 8.95884641340551 8.25
    endloop
  endfacet
  facet normal 0.26377457967851464 -0.959861569046137 0.09533488020504877
    outer loop
      vertex -7.351841431725256 8.8717812249482 7.860744327306747
      vertex -6.979807504826987 8.974017938926924 7.860744327306747
      vertex -7.175702830601487 8.95884641340551 8.25
    endloop
  endfacet
  facet normal 0.11168371651700122 -0.9674182384654945 0.2272194959708997
    outer loop
      vertex -6.962871401299931 8.88669078476628 7.480612471699715
      vertex -6.596527296681556 9.018265769297571 7.860744327306747
      vertex -6.979807504826987 8.974017938926924 7.860744327306747
    endloop
  endfacet
  facet normal 0.10641273492107096 -0.921760340523572 0.37287290661093436
    outer loop
      vertex -6.962871401299931 8.88669078476628 7.480612471699715
      vertex -6.587530256304913 8.783545233403657 7.118514411151409
      vertex -6.593120104686142 8.929376768295292 7.480612471699715
    endloop
  endfacet
  facet normal 0.11168371651698909 -0.9674182384654934 0.22721949597091093
    outer loop
      vertex -6.962871401299931 8.88669078476628 7.480612471699715
      vertex -6.593120104686142 8.929376768295292 7.480612471699715
      vertex -6.596527296681556 9.018265769297571 7.860744327306747
    endloop
  endfacet
  facet normal 0.2271859031397389 -0.970842584439694 0.07649340921306344
    outer loop
      vertex -7.175702830601487 8.95884641340551 8.25
      vertex -6.979807504826987 8.974017938926924 7.860744327306747
      vertex -6.985497327802496 9.003356213066262 8.25
    endloop
  endfacet
  facet normal 0.15220205011561777 -0.9853848457773063 0.07649340921306337
    outer loop
      vertex -6.979807504826987 8.974017938926924 7.860744327306747
      vertex -6.79244273476592 9.033175328887172 8.25
      vertex -6.985497327802496 9.003356213066262 8.25
    endloop
  endfacet
  facet normal 0.11416107192307322 -0.9888773990104458 0.09533488020504427
    outer loop
      vertex -6.979807504826987 8.974017938926924 7.860744327306747
      vertex -6.596527296681556 9.018265769297571 7.860744327306747
      vertex -6.79244273476592 9.033175328887172 8.25
    endloop
  endfacet
  facet normal 0.07632495502793622 -0.9941444862729701 0.07649340921305355
    outer loop
      vertex -6.79244273476592 9.033175328887172 8.25
      vertex -6.596527296681556 9.018265769297571 7.860744327306747
      vertex -6.597671970795439 9.04812875870152 8.25
    endloop
  endfacet
  facet normal 0.9992661816347403 -0.03830271845608555 -7.543504597982766e-21
    outer loop
      vertex -9.049999997019768 6.5 8.25
      vertex -9.042517793018538 6.695200594733063 8.25
      vertex -9.042517793018538 6.695200594733063 35.03
    endloop
  endfacet
  facet normal 0.9934020880113107 -0.11468344054294947 0
    outer loop
      vertex -9.042517793018538 6.695200594733063 8.25
      vertex -9.020115077694584 6.8892556743032 8.25
      vertex -9.042517793018538 6.695200594733063 35.03
    endloop
  endfacet
  facet normal 0.9817083228993932 -0.19039109419839184 6.879222954118058e-20
    outer loop
      vertex -9.020115077694584 6.8892556743032 8.25
      vertex -8.982923330888337 7.081026447703 8.25
      vertex -8.982923330888337 7.081026447703 35.03
    endloop
  endfacet
  facet normal 0.9642534914134603 -0.2649815168968429 0
    outer loop
      vertex -8.982923330888337 7.081026447703 8.25
      vertex -8.93116079689873 7.269387525518539 8.25
      vertex -8.982923330888337 7.081026447703 35.03
    endloop
  endfacet
  facet normal 0.9411400531326765 -0.3380168640606898 -2.2072079718624947e-20
    outer loop
      vertex -8.93116079689873 7.269387525518539 8.25
      vertex -8.865131250310341 7.453233533193959 8.25
      vertex -8.865131250310341 7.453233533193959 35.03
    endloop
  endfacet
  facet normal 0.9125036102402431 -0.409068651082581 0
    outer loop
      vertex -8.865131250310341 7.453233533193959 8.25
      vertex -8.785222167579912 7.631485585238355 8.25
      vertex -8.865131250310341 7.453233533193959 35.03
    endloop
  endfacet
  facet normal 0.8785122581938475 -0.4777198051192213 3.0728759809847834e-19
    outer loop
      vertex -8.785222167579912 7.631485585238355 8.25
      vertex -8.691902497817363 7.803097632590131 8.25
      vertex -8.691902497817363 7.803097632590131 35.03
    endloop
  endfacet
  facet normal 0.8393654178451904 -0.5435675627974585 0
    outer loop
      vertex -8.691902497817363 7.803097632590131 8.25
      vertex -8.585719867517511 7.9670625818428995 8.25
      vertex -8.691902497817363 7.803097632590131 35.03
    endloop
  endfacet
  facet normal 0.795292880515413 -0.6062253988422928 2.901005889744858e-19
    outer loop
      vertex -8.585719867517511 7.9670625818428995 8.25
      vertex -8.467297408545955 8.122418227932727 8.25
      vertex -8.467297408545955 8.122418227932727 35.03
    endloop
  endfacet
  facet normal 0.7465532114689808 -0.6653257115468717 0
    outer loop
      vertex -8.467297408545955 8.122418227932727 8.25
      vertex -8.337330061534686 8.268252874953625 8.25
      vertex -8.467297408545955 8.122418227932727 35.03
    endloop
  endfacet
  facet normal 0.6934325117767012 -0.7205215830293046 -2.9494685987671207e-20
    outer loop
      vertex -8.337330061534686 8.268252874953625 8.25
      vertex -8.196580535422193 8.403710715110506 8.25
      vertex -8.196580535422193 8.403710715110506 35.03
    endloop
  endfacet
  facet normal 0.6362424305650926 -0.7714891895215535 0
    outer loop
      vertex -8.196580535422193 8.403710715110506 8.25
      vertex -8.045874796158234 8.52799681937708 8.25
      vertex -8.196580535422193 8.403710715110506 35.03
    endloop
  endfacet
  facet normal 0.5753186726880654 -0.8179293519959061 3.4071864227265e-20
    outer loop
      vertex -8.045874796158234 8.52799681937708 8.25
      vertex -7.886097252503114 8.640381836636472 8.25
      vertex -7.886097252503114 8.640381836636472 35.03
    endloop
  endfacet
  facet normal 0.5110186663428524 -0.8595696147777517 0
    outer loop
      vertex -7.886097252503114 8.640381836636472 8.25
      vertex -7.718185535782555 8.740206237204731 8.25
      vertex -7.886097252503114 8.640381836636472 35.03
    endloop
  endfacet
  facet normal 0.4437198515291298 -0.8961655501964841 7.660333820730794e-20
    outer loop
      vertex -7.718185535782555 8.740206237204731 8.25
      vertex -7.543125024786916 8.826884222015202 8.25
      vertex -7.543125024786916 8.826884222015202 35.03
    endloop
  endfacet
  facet normal 0.37381705770086576 -0.9275024568009875 0
    outer loop
      vertex -7.543125024786916 8.826884222015202 8.25
      vertex -7.361943038934313 8.899907119543066 8.25
      vertex -7.543125024786916 8.826884222015202 35.03
    endloop
  endfacet
  facet normal 0.30172061312985615 -0.9533963874551568 2.2881456573777643e-20
    outer loop
      vertex -7.361943038934313 8.899907119543066 8.25
      vertex -7.175702830601487 8.95884641340551 8.25
      vertex -7.175702830601487 8.95884641340551 35.03
    endloop
  endfacet
  facet normal 0.22785349405901673 -0.973695427351437 0
    outer loop
      vertex -7.175702830601487 8.95884641340551 8.25
      vertex -6.985497327802496 9.003356213066262 8.25
      vertex -7.175702830601487 8.95884641340551 35.03
    endloop
  endfacet
  facet normal 0.15264929928534354 -0.9882804214531893 -5.97567653712189e-20
    outer loop
      vertex -6.985497327802496 9.003356213066262 8.25
      vertex -6.79244273476592 9.033175328887172 8.25
      vertex -6.79244273476592 9.033175328887172 35.03
    endloop
  endfacet
  facet normal 0.07654923763608551 -0.9970658023507447 0
    outer loop
      vertex -6.79244273476592 9.033175328887172 8.25
      vertex -6.597671970795439 9.04812875870152 8.25
      vertex -6.79244273476592 9.033175328887172 35.03
    endloop
  endfacet
  facet normal 0 0 1
    outer loop
      vertex -6.570374763996949 -6.432271081082815 5.7018712386488914
      vertex 6.496258896516338 6.597600297182137 5.7018712386488914
      vertex -6.570374763996949 6.567728918917183 5.7018712386488914
    endloop
  endfacet
  facet normal 0 0 1
    outer loop
      vertex -6.570374763996949 6.567728918917183 5.7018712386488914
      vertex 6.496258896516338 6.597600297182137 5.7018712386488914
      vertex -6.503741103483663 6.597600297182137 5.7018712386488914
    endloop
  endfacet
  facet normal 0 -0.11476652917031274 0.9933924923121776
    outer loop
      vertex -6.503741103483663 6.597600297182137 5.7018712386488914
      vertex 6.496258896516338 6.597600297182137 5.7018712386488914
      vertex -6.5185958747719335 6.9851410585214495 5.746643781661987
    endloop
  endfacet
  facet normal 0 -0.2651624289833853 0.9642037576444261
    outer loop
      vertex -6.5185958747719335 6.9851410585214495 5.746643781661987
      vertex 6.481404125228067 6.9851410585214495 5.746643781661987
      vertex -6.533014774576062 7.361310526184653 5.850092880427837
    endloop
  endfacet
  facet normal -5.72949233083002e-19 -0.4093187126984006 0.9123914683045453
    outer loop
      vertex -6.533014774576062 7.361310526184653 5.850092880427837
      vertex 6.453340163807958 7.717291608933039 6.009793758392334
      vertex -6.54665983619204 7.717291608933039 6.009793758392334
    endloop
  endfacet
  facet normal 0 -0.5438486908363704 0.8391832943258379
    outer loop
      vertex -6.54665983619204 7.717291608933039 6.009793758392334
      vertex 6.453340163807958 7.717291608933039 6.009793758392334
      vertex -6.5592112306602655 8.044740404588794 6.222003176808357
    endloop
  endfacet
  facet normal -1.3453769158618452e-18 -0.6655978721135187 0.7463105738484187
    outer loop
      vertex -6.5592112306602655 8.044740404588794 6.222003176808357
      vertex 6.429625235794038 8.335981798049524 6.48174712061882
      vertex -6.570374764205962 8.335981798049524 6.48174712061882
    endloop
  endfacet
  facet normal 0 -0.7717183763015876 0.6359644232804545
    outer loop
      vertex -6.570374764205962 8.335981798049524 6.48174712061882
      vertex 6.429625235794038 8.335981798049524 6.48174712061882
      vertex -6.579888772676732 8.584189327778525 6.782937414944172
    endloop
  endfacet
  facet normal 0 -0.8597343078998931 0.5107415391564424
    outer loop
      vertex -6.579888772676732 8.584189327778525 6.782937414944172
      vertex 6.420111227323268 8.584189327778525 6.782937414944172
      vertex -6.587530256304913 8.783545233403657 7.118514411151409
    endloop
  endfacet
  facet normal 8.179783571788402e-20 -0.9275975419447079 0.37358104900829187
    outer loop
      vertex -6.587530256304913 8.783545233403657 7.118514411151409
      vertex 6.406879895313857 8.929376768295292 7.480612471699715
      vertex -6.593120104686142 8.929376768295292 7.480612471699715
    endloop
  endfacet
  facet normal 0 -0.9737325106253029 0.22769496646027212
    outer loop
      vertex -6.593120104686142 8.929376768295292 7.480612471699715
      vertex 6.406879895313857 8.929376768295292 7.480612471699715
      vertex -6.596527296681556 9.018265769297571 7.860744327306747
    endloop
  endfacet
  facet normal 2.2502778843997182e-10 -0.9970700869816836 0.07649340916927336
    outer loop
      vertex -6.596527296681556 9.018265769297571 7.860744327306747
      vertex 6.597671970909591 9.048128761679564 8.25
      vertex -6.597671970795439 9.04812875870152 8.25
    endloop
  endfacet
  facet normal 2.2568903780323283e-10 -1 1.0955778534137515e-10
    outer loop
      vertex -6.597671970795439 9.04812875870152 8.25
      vertex 6.597671970909591 9.048128761679564 8.25
      vertex -6.3829105533622545 9.048128761679564 34.99
    endloop
  endfacet
  facet normal 0.9882803852069313 -0.15264927826084373 -0.00027939520945456723
    outer loop
      vertex -9.020115077694584 6.8892556743032 8.25
      vertex -8.982923330888337 7.081026447703 35.03
      vertex -9.042517793018538 6.695200594733063 35.03
    endloop
  endfacet
  facet normal 0.953396354843066 -0.301720586818784 -0.00027939520945452284
    outer loop
      vertex -8.93116079689873 7.269387525518539 8.25
      vertex -8.865131250310341 7.453233533193959 35.03
      vertex -8.982923330888337 7.081026447703 35.03
    endloop
  endfacet
  facet normal 0.8961655219829596 -0.44371982054819953 -0.0002793952094545529
    outer loop
      vertex -8.785222167579912 7.631485585238355 8.25
      vertex -8.691902497817363 7.803097632590131 35.03
      vertex -8.865131250310341 7.453233533193959 35.03
    endloop
  endfacet
  facet normal 0.8179293288422458 -0.5753186377634488 -0.00027939520945458724
    outer loop
      vertex -8.585719867517511 7.9670625818428995 8.25
      vertex -8.467297408545955 8.122418227932727 35.03
      vertex -8.691902497817363 7.803097632590131 35.03
    endloop
  endfacet
  facet normal 0.7205215654782263 -0.6934324737269829 -0.0002793952094545087
    outer loop
      vertex -8.337330061534686 8.268252874953625 8.25
      vertex -8.196580535422193 8.403710715110506 35.03
      vertex -8.467297408545955 8.122418227932727 35.03
    endloop
  endfacet
  facet normal 0.6062253873051447 -0.7952928402324794 -0.000279395209454514
    outer loop
      vertex -8.045874796158234 8.52799681937708 8.25
      vertex -7.886097252503114 8.640381836636472 35.03
      vertex -8.196580535422193 8.403710715110506 35.03
    endloop
  endfacet
  facet normal 0.47771979986645674 -0.8785122166218688 -0.0002793952094545352
    outer loop
      vertex -7.718185535782555 8.740206237204731 8.25
      vertex -7.543125024786916 8.826884222015202 35.03
      vertex -7.886097252503114 8.640381836636472 35.03
    endloop
  endfacet
  facet normal 0.3380168652154214 -0.9411400112460722 -0.00027939520945453075
    outer loop
      vertex -7.361943038934313 8.899907119543066 8.25
      vertex -7.175702830601487 8.95884641340551 35.03
      vertex -7.543125024786916 8.826884222015202 35.03
    endloop
  endfacet
  facet normal 0.19039110173354168 -0.9817082816799526 -0.0002793952094545583
    outer loop
      vertex -6.985497327802496 9.003356213066262 8.25
      vertex -6.79244273476592 9.033175328887172 35.03
      vertex -7.175702830601487 8.95884641340551 35.03
    endloop
  endfacet
  facet normal 0.038302732195042946 -0.9992661420486095 -0.00027939520945454766
    outer loop
      vertex -6.597671970795439 9.04812875870152 8.25
      vertex -6.40232802909041 9.048128761679564 35.03
      vertex -6.79244273476592 9.033175328887172 35.03
    endloop
  endfacet
  facet normal 0.03831774366799374 -0.9992655663853381 -0.0002799228163609115
    outer loop
      vertex -6.597671970795439 9.04812875870152 8.25
      vertex -6.40232802909041 9.048128761679564 34.99
      vertex -6.402328029204739 9.04812876167518 34.99
    endloop
  endfacet
  facet normal 2.1973501257253539e-10 -1 1.096012163629523e-10
    outer loop
      vertex -6.597671970795439 9.04812875870152 8.25
      vertex -6.402328029204739 9.04812876167518 34.99
      vertex -6.40232802909041 9.048128761679564 35.03
    endloop
  endfacet
  facet normal 6.313083543812674e-24 -1 1.1137039931511326e-10
    outer loop
      vertex -6.597671970795439 9.04812875870152 8.25
      vertex -6.3829105533622545 9.048128761679564 34.99
      vertex -6.40232802909041 9.048128761679564 34.99
    endloop
  endfacet
  facet normal 0 -1 0
    outer loop
      vertex -6.40232802909041 9.048128761679564 35.03
      vertex -6.3829105533622545 9.048128761679564 34.99
      vertex 6.597671970909591 9.048128761679564 35.03
    endloop
  endfacet
  facet normal 0 0.973732510625305 0.22769496646026352
    outer loop
      vertex -6.596527296681556 -9.01826576929757 7.860744327306747
      vertex 6.403472703318442 -9.01826576929757 7.860744327306747
      vertex 6.406879895313857 -8.929376768295294 7.480612471699715
    endloop
  endfacet
  facet normal 0 0.9970700863999361 0.07649341675218739
    outer loop
      vertex -6.596527296681556 -9.01826576929757 7.860744327306747
      vertex 6.597671970909591 -9.048128761679566 8.25
      vertex 6.403472703318442 -9.01826576929757 7.860744327306747
    endloop
  endfacet
  facet normal 0 0.859734307899895 0.510741539156439
    outer loop
      vertex -6.587530256304913 -8.783545233403657 7.118514411151409
      vertex 6.4124697436950875 -8.783545233403657 7.118514411151409
      vertex 6.420111227323268 -8.584189327778526 6.782937414944172
    endloop
  endfacet
  facet normal 0 0.7717183763015876 0.6359644232804545
    outer loop
      vertex -6.570374764205962 -8.335981798049525 6.48174712061882
      vertex 6.420111227323268 -8.584189327778526 6.782937414944172
      vertex 6.429625235794038 -8.335981798049525 6.48174712061882
    endloop
  endfacet
  facet normal 0 0.6655978721135165 0.7463105738484207
    outer loop
      vertex -6.570374764205962 -8.335981798049525 6.48174712061882
      vertex 6.429625235794038 -8.335981798049525 6.48174712061882
      vertex 6.440788769339733 -8.044740404588794 6.222003176808357
    endloop
  endfacet
  facet normal 0 0.5438486908363684 0.8391832943258394
    outer loop
      vertex -6.54665983619204 -7.717291608933037 6.009793758392334
      vertex 6.440788769339733 -8.044740404588794 6.222003176808357
      vertex 6.453340163807958 -7.717291608933037 6.009793758392334
    endloop
  endfacet
  facet normal 0 0.9275975419447063 0.37358104900829575
    outer loop
      vertex -6.593120104686142 -8.929376768295294 7.480612471699715
      vertex 6.406879895313857 -8.929376768295294 7.480612471699715
      vertex 6.4124697436950875 -8.783545233403657 7.118514411151409
    endloop
  endfacet
  facet normal 0 0.40931871269840225 0.9123914683045445
    outer loop
      vertex -6.533014774576062 -7.361310526184653 5.850092880427837
      vertex 6.453340163807958 -7.717291608933037 6.009793758392334
      vertex 6.46698522542394 -7.361310526184653 5.850092880427837
    endloop
  endfacet
  facet normal 0 0.2651624289833847 0.9642037576444262
    outer loop
      vertex -6.533014774576062 -7.361310526184653 5.850092880427837
      vertex 6.46698522542394 -7.361310526184653 5.850092880427837
      vertex 6.481404125228067 -6.985141058521449 5.746643781661987
    endloop
  endfacet
  facet normal 0 0.11476652917031299 0.9933924923121774
    outer loop
      vertex -6.503741103483663 -6.597600297182137 5.7018712386488914
      vertex 6.481404125228067 -6.985141058521449 5.746643781661987
      vertex 6.496258896516338 -6.597600297182137 5.7018712386488914
    endloop
  endfacet
  facet normal 0 0 1
    outer loop
      vertex -6.503741103483663 -6.597600297182137 5.7018712386488914
      vertex 6.496258896516338 -6.597600297182137 5.7018712386488914
      vertex 6.525881265525236 -6.594180539179436 5.7018712386488914
    endloop
  endfacet
  facet normal 0 0 1
    outer loop
      vertex -6.5976719707250595 -6.5 5.7018712386488914
      vertex 6.525881265525236 -6.594180539179436 5.7018712386488914
      vertex 6.496258896516338 6.597600297182137 5.7018712386488914
    endloop
  endfacet
  facet normal -0.03730087095326151 0.9731289460687403 0.22721949597090205
    outer loop
      vertex 6.406879895313857 -8.929376768295294 7.480612471699715
      vertex 6.403472703318442 -9.01826576929757 7.860744327306747
      vertex 6.789015429485346 -9.00348758441897 7.860744327306747
    endloop
  endfacet
  facet normal -0.038128274599819 0.9947147808755685 0.09533488020504541
    outer loop
      vertex 6.403472703318442 -9.01826576929757 7.860744327306747
      vertex 6.597671970909591 -9.048128761679566 8.25
      vertex 6.789015429485346 -9.00348758441897 7.860744327306747
    endloop
  endfacet
  facet normal -0.07632498533968017 0.9941444839458 0.07649340921305997
    outer loop
      vertex 6.597671970909591 -9.048128761679566 8.25
      vertex 6.792442734424135 -9.033175325926603 8.25
      vertex 6.789015429485346 -9.00348758441897 7.860744327306747
    endloop
  endfacet
  facet normal -0.1522020200709641 0.9853848504179884 0.07649340921305982
    outer loop
      vertex 6.789015429485346 -9.00348758441897 7.860744327306747
      vertex 6.792442734424135 -9.033175325926603 8.25
      vertex 6.985497328369906 -9.00335621599198 8.25
    endloop
  endfacet
  facet normal -0.1895239266821151 0.9772368913581199 0.09533488020504613
    outer loop
      vertex 6.789015429485346 -9.00348758441897 7.860744327306747
      vertex 6.985497328369906 -9.00335621599198 8.25
      vertex 7.167783878943233 -8.930029772419271 7.860744327306747
    endloop
  endfacet
  facet normal -0.03554043343884065 0.9272015277740272 0.37287290661093786
    outer loop
      vertex 6.406879895313857 -8.929376768295294 7.480612471699715
      vertex 6.762077106565869 -8.770144481962202 7.118514411151409
      vertex 6.4124697436950875 -8.783545233403657 7.118514411151409
    endloop
  endfacet
  facet normal -0.03294908497514372 0.859596773918975 0.5099095449855701
    outer loop
      vertex 6.4124697436950875 -8.783545233403657 7.118514411151409
      vertex 6.762077106565869 -8.770144481962202 7.118514411151409
      vertex 6.739197498945757 -8.57195847606167 6.782937414944172
    endloop
  endfacet
  facet normal -0.029585254752051246 0.7718390225288003 0.6351293065219416
    outer loop
      vertex 6.739197498945757 -8.57195847606167 6.782937414944172
      vertex 6.710711305518231 -8.325207526812504 6.48174712061882
      vertex 6.429625235794038 -8.335981798049525 6.48174712061882
    endloop
  endfacet
  facet normal -0.03294908497514225 0.8595967739189745 0.5099095449855713
    outer loop
      vertex 6.4124697436950875 -8.783545233403657 7.118514411151409
      vertex 6.739197498945757 -8.57195847606167 6.782937414944172
      vertex 6.420111227323268 -8.584189327778526 6.782937414944172
    endloop
  endfacet
  facet normal -0.02958525475204882 0.7718390225288015 0.6351293065219401
    outer loop
      vertex 6.420111227323268 -8.584189327778526 6.782937414944172
      vertex 6.739197498945757 -8.57195847606167 6.782937414944172
      vertex 6.429625235794038 -8.335981798049525 6.48174712061882
    endloop
  endfacet
  facet normal -0.16377976791799637 0.8444930097717422 0.5099095449855703
    outer loop
      vertex 6.762077106565869 -8.770144481962202 7.118514411151409
      vertex 7.105541604185003 -8.703533467948791 7.118514411151409
      vertex 6.739197498945757 -8.57195847606167 6.782937414944172
    endloop
  endfacet
  facet normal -0.17666056416162862 0.9109098970730357 0.37287290661093436
    outer loop
      vertex 6.762077106565869 -8.770144481962202 7.118514411151409
      vertex 7.144212640907764 -8.844255299561949 7.480612471699715
      vertex 7.105541604185003 -8.703533467948791 7.118514411151409
    endloop
  endfacet
  facet normal -0.1470592024252252 0.7582772283136386 0.6351293065219417
    outer loop
      vertex 6.739197498945757 -8.57195847606167 6.782937414944172
      vertex 6.9868584808317 -8.27165193812116 6.48174712061882
      vertex 6.710711305518231 -8.325207526812504 6.48174712061882
    endloop
  endfacet
  facet normal -0.16377976791799942 0.8444930097717401 0.5099095449855728
    outer loop
      vertex 6.739197498945757 -8.57195847606167 6.782937414944172
      vertex 7.105541604185003 -8.703533467948791 7.118514411151409
      vertex 7.052677183927358 -8.511162673776496 6.782937414944172
    endloop
  endfacet
  facet normal -0.14705920242522721 0.7582772283136391 0.6351293065219407
    outer loop
      vertex 6.739197498945757 -8.57195847606167 6.782937414944172
      vertex 7.052677183927358 -8.511162673776496 6.782937414944172
      vertex 6.9868584808317 -8.27165193812116 6.48174712061882
    endloop
  endfacet
  facet normal -0.02552550893103857 0.6659257805281203 0.745581184863074
    outer loop
      vertex 6.429625235794038 -8.335981798049525 6.48174712061882
      vertex 6.710711305518231 -8.325207526812504 6.48174712061882
      vertex 6.440788769339733 -8.044740404588794 6.222003176808357
    endloop
  endfacet
  facet normal -0.025525508931041736 0.6659257805281187 0.7455811848630753
    outer loop
      vertex 6.440788769339733 -8.044740404588794 6.222003176808357
      vertex 6.710711305518231 -8.325207526812504 6.48174712061882
      vertex 6.67728621693497 -8.035675253655647 6.222003176808357
    endloop
  endfacet
  facet normal -0.02086323381235687 0.5442933693650502 0.8386354711912274
    outer loop
      vertex 6.440788769339733 -8.044740404588794 6.222003176808357
      vertex 6.67728621693497 -8.035675253655647 6.222003176808357
      vertex 6.453340163807958 -7.717291608933037 6.009793758392334
    endloop
  endfacet
  facet normal -0.02086323381235357 0.5442933693650518 0.8386354711912264
    outer loop
      vertex 6.67728621693497 -8.035675253655647 6.222003176808357
      vertex 6.639705690103877 -7.710148057737089 6.009793758392334
      vertex 6.453340163807958 -7.717291608933037 6.009793758392334
    endloop
  endfacet
  facet normal -0.10370471879215666 0.53472972402898 0.8386354711912264
    outer loop
      vertex 6.67728621693497 -8.035675253655647 6.222003176808357
      vertex 6.822796633432816 -7.674639661741715 6.009793758392334
      vertex 6.639705690103877 -7.710148057737089 6.009793758392334
    endloop
  endfacet
  facet normal -0.12687945452408994 0.6542249619189445 0.7455811848630738
    outer loop
      vertex 6.710711305518231 -8.325207526812504 6.48174712061882
      vertex 6.9868584808317 -8.27165193812116 6.48174712061882
      vertex 6.909628225866079 -7.990615176354803 6.222003176808357
    endloop
  endfacet
  facet normal -0.12687945452408614 0.6542249619189433 0.7455811848630753
    outer loop
      vertex 6.710711305518231 -8.325207526812504 6.48174712061882
      vertex 6.909628225866079 -7.990615176354803 6.222003176808357
      vertex 6.67728621693497 -8.035675253655647 6.222003176808357
    endloop
  endfacet
  facet normal -0.22525945324113322 0.6271896646977533 0.7455811848630741
    outer loop
      vertex 6.9868584808317 -8.27165193812116 6.48174712061882
      vertex 7.132368896367673 -7.910616342707039 6.222003176808357
      vertex 6.909628225866079 -7.990615176354803 6.222003176808357
    endloop
  endfacet
  facet normal -0.10370471879215455 0.5347297240289796 0.838635471191227
    outer loop
      vertex 6.67728621693497 -8.035675253655647 6.222003176808357
      vertex 6.909628225866079 -7.990615176354803 6.222003176808357
      vertex 6.822796633432816 -7.674639661741715 6.009793758392334
    endloop
  endfacet
  facet normal -0.18411545305951438 0.5126324671775664 0.8386354711912269
    outer loop
      vertex 6.909628225866079 -7.990615176354803 6.222003176808357
      vertex 7.132368896367673 -7.910616342707039 6.222003176808357
      vertex 6.822796633432816 -7.674639661741715 6.009793758392334
    endloop
  endfacet
  facet normal -0.18411545305951596 0.5126324671775648 0.8386354711912275
    outer loop
      vertex 6.822796633432816 -7.674639661741715 6.009793758392334
      vertex 7.132368896367673 -7.910616342707039 6.222003176808357
      vertex 6.998321497263824 -7.611598707653526 6.009793758392334
    endloop
  endfacet
  facet normal -0.31363992099102167 0.8732673104360731 0.3728729066109428
    outer loop
      vertex 7.105541604185003 -8.703533467948791 7.118514411151409
      vertex 7.494511635265418 -8.718443022381091 7.480612471699715
      vertex 7.4348127198353 -8.585273497075022 7.118514411151409
    endloop
  endfacet
  facet normal -0.29077159191414326 0.809595045234543 0.5099095449855724
    outer loop
      vertex 7.052677183927358 -8.511162673776496 6.782937414944172
      vertex 7.105541604185003 -8.703533467948791 7.118514411151409
      vertex 7.353202584145155 -8.403226923000442 6.782937414944172
    endloop
  endfacet
  facet normal -0.29077159191414953 0.8095950452345433 0.5099095449855681
    outer loop
      vertex 7.105541604185003 -8.703533467948791 7.118514411151409
      vertex 7.4348127198353 -8.585273497075022 7.118514411151409
      vertex 7.353202584145155 -8.403226923000442 6.782937414944172
    endloop
  endfacet
  facet normal -0.26108620703514956 0.7269420585527832 0.6351293065219403
    outer loop
      vertex 7.052677183927358 -8.511162673776496 6.782937414944172
      vertex 7.353202584145155 -8.403226923000442 6.782937414944172
      vertex 7.251594105996585 -8.176570329582809 6.48174712061882
    endloop
  endfacet
  facet normal -0.41094797624239277 0.7557208590179927 0.509909544985568
    outer loop
      vertex 7.4348127198353 -8.585273497075022 7.118514411151409
      vertex 7.742172617643185 -8.418136482825675 7.118514411151409
      vertex 7.353202584145155 -8.403226923000442 6.782937414944172
    endloop
  endfacet
  facet normal -0.4432678239012393 0.8151560781895492 0.37287290661094374
    outer loop
      vertex 7.494511635265418 -8.718443022381091 7.480612471699715
      vertex 7.742172617643185 -8.418136482825675 7.118514411151409
      vertex 7.4348127198353 -8.585273497075022 7.118514411151409
    endloop
  endfacet
  facet normal -0.41094797624239704 0.7557208590179871 0.5099095449855728
    outer loop
      vertex 7.353202584145155 -8.403226923000442 6.782937414944172
      vertex 7.742172617643185 -8.418136482825675 7.118514411151409
      vertex 7.633729638931573 -8.250681146249592 6.782937414944172
    endloop
  endfacet
  facet normal -0.2610862070351482 0.726942058552783 0.635129306521941
    outer loop
      vertex 7.052677183927358 -8.511162673776496 6.782937414944172
      vertex 7.251594105996585 -8.176570329582809 6.48174712061882
      vertex 6.9868584808317 -8.27165193812116 6.48174712061882
    endloop
  endfacet
  facet normal -0.2252594532411319 0.6271896646977532 0.7455811848630747
    outer loop
      vertex 6.9868584808317 -8.27165193812116 6.48174712061882
      vertex 7.251594105996585 -8.176570329582809 6.48174712061882
      vertex 7.132368896367673 -7.910616342707039 6.222003176808357
    endloop
  endfacet
  facet normal -0.3689935722385761 0.6785679830669687 0.6351293065219403
    outer loop
      vertex 7.251594105996585 -8.176570329582809 6.48174712061882
      vertex 7.353202584145155 -8.403226923000442 6.782937414944172
      vertex 7.498713002338537 -8.042191333514154 6.48174712061882
    endloop
  endfacet
  facet normal -0.31835956129526155 0.5854535733173568 0.745581184863075
    outer loop
      vertex 7.251594105996585 -8.176570329582809 6.48174712061882
      vertex 7.498713002338537 -8.042191333514154 6.48174712061882
      vertex 7.132368896367673 -7.910616342707039 6.222003176808357
    endloop
  endfacet
  facet normal -0.26021067715617846 0.47851953978264145 0.8386354711912274
    outer loop
      vertex 6.998321497263824 -7.611598707653526 6.009793758392334
      vertex 7.132368896367673 -7.910616342707039 6.222003176808357
      vertex 7.340287375909433 -7.797553857569191 6.222003176808357
    endloop
  endfacet
  facet normal -0.31835956129526355 0.5854535733173543 0.7455811848630763
    outer loop
      vertex 7.498713002338537 -8.042191333514154 6.48174712061882
      vertex 7.340287375909433 -7.797553857569191 6.222003176808357
      vertex 7.132368896367673 -7.910616342707039 6.222003176808357
    endloop
  endfacet
  facet normal -0.36899357223858065 0.6785679830669685 0.6351293065219379
    outer loop
      vertex 7.498713002338537 -8.042191333514154 6.48174712061882
      vertex 7.353202584145155 -8.403226923000442 6.782937414944172
      vertex 7.633729638931573 -8.250681146249592 6.782937414944172
    endloop
  endfacet
  facet normal -0.46825204085318706 0.614288849185615 0.6351293065219381
    outer loop
      vertex 7.498713002338537 -8.042191333514154 6.48174712061882
      vertex 7.633729638931573 -8.250681146249592 6.782937414944172
      vertex 7.887683031886116 -8.057100887239185 6.782937414944172
    endloop
  endfacet
  facet normal -0.4039975910616857 0.5299949463858371 0.7455811848630763
    outer loop
      vertex 7.498713002338537 -8.042191333514154 6.48174712061882
      vertex 7.528510231554428 -7.6540778097655755 6.222003176808357
      vertex 7.340287375909433 -7.797553857569191 6.222003176808357
    endloop
  endfacet
  facet normal -0.4039975910616897 0.5299949463858363 0.7455811848630748
    outer loop
      vertex 7.498713002338537 -8.042191333514154 6.48174712061882
      vertex 7.72242291237556 -7.871664679688687 6.48174712061882
      vertex 7.528510231554428 -7.6540778097655755 6.222003176808357
    endloop
  endfacet
  facet normal -0.035540433438843715 0.9272015277740281 0.3728729066109353
    outer loop
      vertex 6.406879895313857 -8.929376768295294 7.480612471699715
      vertex 6.778813848256547 -8.915120219419732 7.480612471699715
      vertex 6.762077106565869 -8.770144481962202 7.118514411151409
    endloop
  endfacet
  facet normal -0.037300870953263926 0.9731289460687398 0.2272194959709044
    outer loop
      vertex 6.406879895313857 -8.929376768295294 7.480612471699715
      vertex 6.789015429485346 -9.00348758441897 7.860744327306747
      vertex 6.778813848256547 -8.915120219419732 7.480612471699715
    endloop
  endfacet
  facet normal -0.1766605641616292 0.9109098970730353 0.3728729066109349
    outer loop
      vertex 6.778813848256547 -8.915120219419732 7.480612471699715
      vertex 7.144212640907764 -8.844255299561949 7.480612471699715
      vertex 6.762077106565869 -8.770144481962202 7.118514411151409
    endloop
  endfacet
  facet normal -0.1854111576231285 0.9560303359619817 0.22721949597090374
    outer loop
      vertex 6.778813848256547 -8.915120219419732 7.480612471699715
      vertex 6.789015429485346 -9.00348758441897 7.860744327306747
      vertex 7.167783878943233 -8.930029772419271 7.860744327306747
    endloop
  endfacet
  facet normal -0.18541115762312782 0.9560303359619822 0.22721949597090307
    outer loop
      vertex 6.778813848256547 -8.915120219419732 7.480612471699715
      vertex 7.167783878943233 -8.930029772419271 7.860744327306747
      vertex 7.144212640907764 -8.844255299561949 7.480612471699715
    endloop
  endfacet
  facet normal -0.32917556390551045 0.9165231850740154 0.22721949597090277
    outer loop
      vertex 7.144212640907764 -8.844255299561949 7.480612471699715
      vertex 7.167783878943233 -8.930029772419271 7.860744327306747
      vertex 7.5309000402660615 -8.799614122151795 7.860744327306747
    endloop
  endfacet
  facet normal -0.31363992099101323 0.8732673104360799 0.372872906610934
    outer loop
      vertex 7.144212640907764 -8.844255299561949 7.480612471699715
      vertex 7.494511635265418 -8.718443022381091 7.480612471699715
      vertex 7.105541604185003 -8.703533467948791 7.118514411151409
    endloop
  endfacet
  facet normal -0.2271859327409931 0.9708425775127334 0.07649340921306368
    outer loop
      vertex 6.985497328369906 -9.00335621599198 8.25
      vertex 7.175702829811783 -8.95884641053181 8.25
      vertex 7.167783878943233 -8.930029772419271 7.860744327306747
    endloop
  endfacet
  facet normal -0.30083656899239264 0.950603028137323 0.07649340921306422
    outer loop
      vertex 7.167783878943233 -8.930029772419271 7.860744327306747
      vertex 7.175702829811783 -8.95884641053181 8.25
      vertex 7.361943039941682 -8.899907122347882 8.25
    endloop
  endfacet
  facet normal -0.33647729855600467 0.9368533973748205 0.09533488020504328
    outer loop
      vertex 7.167783878943233 -8.930029772419271 7.860744327306747
      vertex 7.361943039941682 -8.899907122347882 8.25
      vertex 7.5309000402660615 -8.799614122151795 7.860744327306747
    endloop
  endfacet
  facet normal -0.3291755639055114 0.9165231850740149 0.22721949597090382
    outer loop
      vertex 7.144212640907764 -8.844255299561949 7.480612471699715
      vertex 7.5309000402660615 -8.799614122151795 7.860744327306747
      vertex 7.494511635265418 -8.718443022381091 7.480612471699715
    endloop
  endfacet
  facet normal -0.4652243739662326 0.8555335075369377 0.22721949597090385
    outer loop
      vertex 7.494511635265418 -8.718443022381091 7.480612471699715
      vertex 7.5309000402660615 -8.799614122151795 7.860744327306747
      vertex 7.869852778395408 -8.615297465923625 7.860744327306747
    endloop
  endfacet
  facet normal -0.3727218344327329 0.924784943910779 0.07649340921305463
    outer loop
      vertex 7.5309000402660615 -8.799614122151795 7.860744327306747
      vertex 7.361943039941682 -8.899907122347882 8.25
      vertex 7.5431250235677965 -8.82688421929573 8.25
    endloop
  endfacet
  facet normal -0.44241976371387537 0.8935398765708907 0.07649340921305442
    outer loop
      vertex 7.5309000402660615 -8.799614122151795 7.860744327306747
      vertex 7.5431250235677965 -8.82688421929573 8.25
      vertex 7.718185537206271 -8.740206239822903 8.25
    endloop
  endfacet
  facet normal -0.4432678239012507 0.8151560781895474 0.3728729066109344
    outer loop
      vertex 7.494511635265418 -8.718443022381091 7.480612471699715
      vertex 7.821500119801424 -8.540632321020732 7.480612471699715
      vertex 7.742172617643185 -8.418136482825675 7.118514411151409
    endloop
  endfacet
  facet normal -0.01570681200230573 0.40976934369859164 0.9120539353687093
    outer loop
      vertex 6.453340163807958 -7.717291608933037 6.009793758392334
      vertex 6.639705690103877 -7.710148057737089 6.009793758392334
      vertex 6.598850579903225 -7.356256013531928 5.850092880427837
    endloop
  endfacet
  facet normal -0.01570681200230451 0.4097693436985913 0.9120539353687094
    outer loop
      vertex 6.453340163807958 -7.717291608933037 6.009793758392334
      vertex 6.598850579903225 -7.356256013531928 5.850092880427837
      vertex 6.46698522542394 -7.361310526184653 5.850092880427837
    endloop
  endfacet
  facet normal -0.07807373183230555 0.4025693870331269 0.9120539353687094
    outer loop
      vertex 6.639705690103877 -7.710148057737089 6.009793758392334
      vertex 6.822796633432816 -7.674639661741715 6.009793758392334
      vertex 6.598850579903225 -7.356256013531928 5.850092880427837
    endloop
  endfacet
  facet normal -0.07807373183230695 0.402569387033126 0.9120539353687095
    outer loop
      vertex 6.598850579903225 -7.356256013531928 5.850092880427837
      vertex 6.822796633432816 -7.674639661741715 6.009793758392334
      vertex 6.72839896057145 -7.331131585650956 5.850092880427837
    endloop
  endfacet
  facet normal -0.010177278915641515 0.26551135273587345 0.964054015375819
    outer loop
      vertex 6.46698522542394 -7.361310526184653 5.850092880427837
      vertex 6.598850579903225 -7.356256013531928 5.850092880427837
      vertex 6.481404125228067 -6.985141058521449 5.746643781661987
    endloop
  endfacet
  facet normal -0.010177278915641698 0.2655113527358734 0.964054015375819
    outer loop
      vertex 6.598850579903225 -7.356256013531928 5.850092880427837
      vertex 6.555678496328312 -6.982294057882184 5.746643781661987
      vertex 6.481404125228067 -6.985141058521449 5.746643781661987
    endloop
  endfacet
  facet normal -0.050588123466799376 0.26084611785853407 0.9640540153758188
    outer loop
      vertex 6.598850579903225 -7.356256013531928 5.850092880427837
      vertex 6.72839896057145 -7.331131585650956 5.850092880427837
      vertex 6.62864781066553 -6.9681424932996485 5.746643781661987
    endloop
  endfacet
  facet normal -0.05058812346679677 0.26084611785853395 0.9640540153758191
    outer loop
      vertex 6.598850579903225 -7.356256013531928 5.850092880427837
      vertex 6.62864781066553 -6.9681424932996485 5.746643781661987
      vertex 6.555678496328312 -6.982294057882184 5.746643781661987
    endloop
  endfacet
  facet normal -0.0898132252803992 0.25006687106150766 0.9640540153758189
    outer loop
      vertex 6.72839896057145 -7.331131585650956 5.850092880427837
      vertex 6.6986017293575735 -6.943018065453347 5.746643781661987
      vertex 6.62864781066553 -6.9681424932996485 5.746643781661987
    endloop
  endfacet
  facet normal -0.13861066956038331 0.3859335451375952 0.9120539353687095
    outer loop
      vertex 6.72839896057145 -7.331131585650956 5.850092880427837
      vertex 6.822796633432816 -7.674639661741715 6.009793758392334
      vertex 6.998321497263824 -7.611598707653526 6.009793758392334
    endloop
  endfacet
  facet normal -0.13861066956038243 0.38593354513759603 0.9120539353687093
    outer loop
      vertex 6.72839896057145 -7.331131585650956 5.850092880427837
      vertex 6.998321497263824 -7.611598707653526 6.009793758392334
      vertex 6.852593863185859 -7.286526137836794 5.850092880427837
    endloop
  endfacet
  facet normal -0.19589869067491833 0.3602517480461452 0.9120539353687092
    outer loop
      vertex 6.998321497263824 -7.611598707653526 6.009793758392334
      vertex 7.162166127556688 -7.522502822005313 6.009793758392334
      vertex 6.852593863185859 -7.286526137836794 5.850092880427837
    endloop
  endfacet
  facet normal -0.0898132252803976 0.25006687106150777 0.964054015375819
    outer loop
      vertex 6.72839896057145 -7.331131585650956 5.850092880427837
      vertex 6.852593863185859 -7.286526137836794 5.850092880427837
      vertex 6.6986017293575735 -6.943018065453347 5.746643781661987
    endloop
  endfacet
  facet normal -0.12693318121558458 0.2334262687536511 0.964054015375819
    outer loop
      vertex 6.6986017293575735 -6.943018065453347 5.746643781661987
      vertex 6.852593863185859 -7.286526137836794 5.850092880427837
      vertex 6.968524264491894 -7.223485183980378 5.850092880427837
    endloop
  endfacet
  facet normal -0.19589869067491997 0.3602517480461433 0.9120539353687096
    outer loop
      vertex 7.162166127556688 -7.522502822005313 6.009793758392334
      vertex 6.968524264491894 -7.223485183980378 5.850092880427837
      vertex 6.852593863185859 -7.286526137836794 5.850092880427837
    endloop
  endfacet
  facet normal -0.16107793096665113 0.2113143525491419 0.964054015375819
    outer loop
      vertex 6.968524264491894 -7.223485183980378 5.850092880427837
      vertex 7.0734728541409915 -7.143486350609069 5.850092880427837
      vertex 6.82301384812245 -6.862449592554568 5.746643781661987
    endloop
  endfacet
  facet normal -0.00440544466226085 0.11493205417434182 0.9933635864982137
    outer loop
      vertex 6.481404125228067 -6.985141058521449 5.746643781661987
      vertex 6.555678496328312 -6.982294057882184 5.746643781661987
      vertex 6.511201356168161 -6.59702753982922 5.7018712386488914
    endloop
  endfacet
  facet normal -0.004405444662258222 0.11493205417434166 0.9933635864982137
    outer loop
      vertex 6.481404125228067 -6.985141058521449 5.746643781661987
      vertex 6.511201356168161 -6.59702753982922 5.7018712386488914
      vertex 6.496258896516338 -6.597600297182137 5.7018712386488914
    endloop
  endfacet
  facet normal -0.021898110521277978 0.11291261123100464 0.9933635864982137
    outer loop
      vertex 6.555678496328312 -6.982294057882184 5.746643781661987
      vertex 6.62864781066553 -6.9681424932996485 5.746643781661987
      vertex 6.525881265525236 -6.594180539179436 5.7018712386488914
    endloop
  endfacet
  facet normal -0.0388775032296558 0.10824659238070368 0.9933635864982137
    outer loop
      vertex 6.62864781066553 -6.9681424932996485 5.746643781661987
      vertex 6.6986017293575735 -6.943018065453347 5.746643781661987
      vertex 6.525881265525236 -6.594180539179436 5.7018712386488914
    endloop
  endfacet
  facet normal -0.05494564021337317 0.10104336515055595 0.9933635864982137
    outer loop
      vertex 6.6986017293575735 -6.943018065453347 5.746643781661987
      vertex 6.763900591840496 -6.907509669637519 5.746643781661987
      vertex 6.539954539954337 -6.589126026515008 5.7018712386488914
    endloop
  endfacet
  facet normal -0.06972589796025074 0.0914717670816672 0.9933635864982137
    outer loop
      vertex 6.763900591840496 -6.907509669637519 5.746643781661987
      vertex 6.82301384812245 -6.862449592554568 5.746643781661987
      vertex 6.5649836723092 -6.572917324405982 5.7018712386488914
    endloop
  endfacet
  facet normal -0.021898110521274827 0.11291261123100488 0.9933635864982137
    outer loop
      vertex 6.555678496328312 -6.982294057882184 5.746643781661987
      vertex 6.525881265525236 -6.594180539179436 5.7018712386488914
      vertex 6.511201356168161 -6.59702753982922 5.7018712386488914
    endloop
  endfacet
  facet normal 0 0 1
    outer loop
      vertex 6.496258896516338 -6.597600297182137 5.7018712386488914
      vertex 6.511201356168161 -6.59702753982922 5.7018712386488914
      vertex 6.525881265525236 -6.594180539179436 5.7018712386488914
    endloop
  endfacet
  facet normal 0 0 1
    outer loop
      vertex 6.525881265525236 -6.594180539179436 5.7018712386488914
      vertex 6.539954539954337 -6.589126026515008 5.7018712386488914
      vertex 6.583955857489805 -6.549912201498917 5.7018712386488914
    endloop
  endfacet
  facet normal 0 0 1
    outer loop
      vertex 6.539954539954337 -6.589126026515008 5.7018712386488914
      vertex 6.553091313830812 -6.581982475328787 5.7018712386488914
      vertex 6.5649836723092 -6.572917324405982 5.7018712386488914
    endloop
  endfacet
  facet normal 0 0 1
    outer loop
      vertex 6.539954539954337 -6.589126026515008 5.7018712386488914
      vertex 6.5649836723092 -6.572917324405982 5.7018712386488914
      vertex 6.583955857489805 -6.549912201498917 5.7018712386488914
    endloop
  endfacet
  facet normal -0.03887750322966687 0.10824659238069807 0.9933635864982138
    outer loop
      vertex 6.6986017293575735 -6.943018065453347 5.746643781661987
      vertex 6.539954539954337 -6.589126026515008 5.7018712386488914
      vertex 6.525881265525236 -6.594180539179436 5.7018712386488914
    endloop
  endfacet
  facet normal -0.05494564021336172 0.1010433651505637 0.9933635864982134
    outer loop
      vertex 6.763900591840496 -6.907509669637519 5.746643781661987
      vertex 6.553091313830812 -6.581982475328787 5.7018712386488914
      vertex 6.539954539954337 -6.589126026515008 5.7018712386488914
    endloop
  endfacet
  facet normal -0.06972589796025909 0.09147176708166217 0.9933635864982134
    outer loop
      vertex 6.763900591840496 -6.907509669637519 5.746643781661987
      vertex 6.5649836723092 -6.572917324405982 5.7018712386488914
      vertex 6.553091313830812 -6.581982475328787 5.7018712386488914
    endloop
  endfacet
  facet normal -0.08287183975587589 0.07975614832025461 0.9933635864982138
    outer loop
      vertex 6.5649836723092 -6.572917324405982 5.7018712386488914
      vertex 6.82301384812245 -6.862449592554568 5.746643781661987
      vertex 6.575352868586268 -6.56214305320096 5.7018712386488914
    endloop
  endfacet
  facet normal -0.0940753358665305 0.06617111304039962 0.9933635864982137
    outer loop
      vertex 6.575352868586268 -6.56214305320096 5.7018712386488914
      vertex 6.874555933578254 -6.808894004220167 5.746643781661987
      vertex 6.583955857489805 -6.549912201498917 5.7018712386488914
    endloop
  endfacet
  facet normal -0.10307378583904298 0.051035082954894555 0.9933635864982138
    outer loop
      vertex 6.583955857489805 -6.549912201498917 5.7018712386488914
      vertex 6.950299959552048 -6.681487188664296 5.746643781661987
      vertex 6.590590992251464 -6.536511450097359 5.7018712386488914
    endloop
  endfacet
  facet normal -0.10965627363276821 0.034702833780275694 0.9933635864982137
    outer loop
      vertex 6.590590992251464 -6.536511450097359 5.7018712386488914
      vertex 6.950299959552048 -6.681487188664296 5.746643781661987
      vertex 6.595102750936114 -6.5222549012511895 5.7018712386488914
    endloop
  endfacet
  facet normal 0 0 1
    outer loop
      vertex 6.5649836723092 -6.572917324405982 5.7018712386488914
      vertex 6.575352868586268 -6.56214305320096 5.7018712386488914
      vertex 6.583955857489805 -6.549912201498917 5.7018712386488914
    endloop
  endfacet
  facet normal 0 0 1
    outer loop
      vertex 6.525881265525236 -6.594180539179436 5.7018712386488914
      vertex 6.583955857489805 -6.549912201498917 5.7018712386488914
      vertex 6.597385381744175 -6.4925232836179285 5.7018712386488914
    endloop
  endfacet
  facet normal 0 0 1
    outer loop
      vertex 6.583955857489805 -6.549912201498917 5.7018712386488914
      vertex 6.590590992251464 -6.536511450097359 5.7018712386488914
      vertex 6.595102750936114 -6.5222549012511895 5.7018712386488914
    endloop
  endfacet
  facet normal 0 0 1
    outer loop
      vertex 6.583955857489805 -6.549912201498917 5.7018712386488914
      vertex 6.595102750936114 -6.5222549012511895 5.7018712386488914
      vertex 6.597385381744175 -6.4925232836179285 5.7018712386488914
    endloop
  endfacet
  facet normal 0 0 1
    outer loop
      vertex 6.595102750936114 -6.5222549012511895 5.7018712386488914
      vertex 6.597385381744175 -6.5074767163820715 5.7018712386488914
      vertex 6.597385381744175 -6.4925232836179285 5.7018712386488914
    endloop
  endfacet
  facet normal -0.11366851131289159 0.01755717959459552 0.9933635864982137
    outer loop
      vertex 6.595102750936114 -6.5222549012511895 5.7018712386488914
      vertex 6.984072779980554 -6.537164457533298 5.746643781661987
      vertex 6.597385381744175 -6.5074767163820715 5.7018712386488914
    endloop
  endfacet
  facet normal -0.11501645542880334 0 0.9933635864982137
    outer loop
      vertex 6.597385381744175 -6.5074767163820715 5.7018712386488914
      vertex 6.984072779980554 -6.537164457533298 5.746643781661987
      vertex 6.597385381744175 -6.4925232836179285 5.7018712386488914
    endloop
  endfacet
  facet normal -0.1269331812155863 0.23342626875364952 0.9640540153758193
    outer loop
      vertex 6.6986017293575735 -6.943018065453347 5.746643781661987
      vertex 6.968524264491894 -7.223485183980378 5.850092880427837
      vertex 6.763900591840496 -6.907509669637519 5.746643781661987
    endloop
  endfacet
  facet normal -0.16107793096664727 0.2113143525491435 0.9640540153758191
    outer loop
      vertex 6.763900591840496 -6.907509669637519 5.746643781661987
      vertex 6.968524264491894 -7.223485183980378 5.850092880427837
      vertex 6.82301384812245 -6.862449592554568 5.746643781661987
    endloop
  endfacet
  facet normal -0.08287183975587539 0.07975614832025495 0.9933635864982137
    outer loop
      vertex 6.575352868586268 -6.56214305320096 5.7018712386488914
      vertex 6.82301384812245 -6.862449592554568 5.746643781661987
      vertex 6.874555933578254 -6.808894004220167 5.746643781661987
    endloop
  endfacet
  facet normal -0.19144715053918585 0.18424940702261836 0.964054015375819
    outer loop
      vertex 6.82301384812245 -6.862449592554568 5.746643781661987
      vertex 7.164979726142075 -7.048404742573224 5.850092880427837
      vertex 6.874555933578254 -6.808894004220167 5.746643781661987
    endloop
  endfacet
  facet normal -0.191447150539186 0.18424940702261816 0.964054015375819
    outer loop
      vertex 6.82301384812245 -6.862449592554568 5.746643781661987
      vertex 7.0734728541409915 -7.143486350609069 5.850092880427837
      vertex 7.164979726142075 -7.048404742573224 5.850092880427837
    endloop
  endfacet
  facet normal -0.21732901116615969 0.15286581155804346 0.964054015375819
    outer loop
      vertex 6.874555933578254 -6.808894004220167 5.746643781661987
      vertex 7.164979726142075 -7.048404742573224 5.850092880427837
      vertex 6.917318745409872 -6.748098202233263 5.746643781661987
    endloop
  endfacet
  facet normal -0.09407533586653431 0.06617111304039533 0.9933635864982135
    outer loop
      vertex 6.583955857489805 -6.549912201498917 5.7018712386488914
      vertex 6.874555933578254 -6.808894004220167 5.746643781661987
      vertex 6.917318745409872 -6.748098202233263 5.746643781661987
    endloop
  endfacet
  facet normal -0.1030737858390411 0.05103508295489973 0.9933635864982135
    outer loop
      vertex 6.583955857489805 -6.549912201498917 5.7018712386488914
      vertex 6.917318745409872 -6.748098202233263 5.746643781661987
      vertex 6.950299959552048 -6.681487188664296 5.746643781661987
    endloop
  endfacet
  facet normal -0.10965627363276911 0.03470283378027375 0.9933635864982138
    outer loop
      vertex 6.595102750936114 -6.5222549012511895 5.7018712386488914
      vertex 6.950299959552048 -6.681487188664296 5.746643781661987
      vertex 6.972726524298871 -6.6106222692144465 5.746643781661987
    endloop
  endfacet
  facet normal -0.11366851131289132 0.0175571795946022 0.9933635864982137
    outer loop
      vertex 6.595102750936114 -6.5222549012511895 5.7018712386488914
      vertex 6.972726524298871 -6.6106222692144465 5.746643781661987
      vertex 6.984072779980554 -6.537164457533298 5.746643781661987
    endloop
  endfacet
  facet normal -0.2485950125160671 0.32612595531571303 0.9120539353687095
    outer loop
      vertex 7.162166127556688 -7.522502822005313 6.009793758392334
      vertex 7.3104901450456055 -7.409440336842501 6.009793758392334
      vertex 6.968524264491894 -7.223485183980378 5.850092880427837
    endloop
  endfacet
  facet normal -0.24859501251606503 0.3261259553157163 0.9120539353687088
    outer loop
      vertex 7.3104901450456055 -7.409440336842501 6.009793758392334
      vertex 7.0734728541409915 -7.143486350609069 5.850092880427837
      vertex 6.968524264491894 -7.223485183980378 5.850092880427837
    endloop
  endfacet
  facet normal -0.29546447796320147 0.2843560466042248 0.9120539353687087
    outer loop
      vertex 7.3104901450456055 -7.409440336842501 6.009793758392334
      vertex 7.439816960474246 -7.275061340989986 6.009793758392334
      vertex 7.0734728541409915 -7.143486350609069 5.850092880427837
    endloop
  endfacet
  facet normal -0.2954644779632007 0.28435604660422664 0.9120539353687085
    outer loop
      vertex 7.0734728541409915 -7.143486350609069 5.850092880427837
      vertex 7.439816960474246 -7.275061340989986 6.009793758392334
      vertex 7.164979726142075 -7.048404742573224 5.850092880427837
    endloop
  endfacet
  facet normal -0.3354085064709506 0.23592107316934988 0.9120539353687086
    outer loop
      vertex 7.164979726142075 -7.048404742573224 5.850092880427837
      vertex 7.439816960474246 -7.275061340989986 6.009793758392334
      vertex 7.547115262901293 -7.122515564216197 6.009793758392334
    endloop
  endfacet
  facet normal -0.2602106771561777 0.47851953978264244 0.838635471191227
    outer loop
      vertex 6.998321497263824 -7.611598707653526 6.009793758392334
      vertex 7.340287375909433 -7.797553857569191 6.222003176808357
      vertex 7.162166127556688 -7.522502822005313 6.009793758392334
    endloop
  endfacet
  facet normal -0.3302067835246454 0.4331905199495669 0.8386354711912272
    outer loop
      vertex 7.340287375909433 -7.797553857569191 6.222003176808357
      vertex 7.528510231554428 -7.6540778097655755 6.222003176808357
      vertex 7.162166127556688 -7.522502822005313 6.009793758392334
    endloop
  endfacet
  facet normal -0.33020678352464594 0.43319051994956614 0.8386354711912276
    outer loop
      vertex 7.162166127556688 -7.522502822005313 6.009793758392334
      vertex 7.528510231554428 -7.6540778097655755 6.222003176808357
      vertex 7.3104901450456055 -7.409440336842501 6.009793758392334
    endloop
  endfacet
  facet normal -0.3924631227575849 0.3777078814841338 0.8386354711912276
    outer loop
      vertex 7.3104901450456055 -7.409440336842501 6.009793758392334
      vertex 7.528510231554428 -7.6540778097655755 6.222003176808357
      vertex 7.692625679096636 -7.483551156252047 6.222003176808357
    endloop
  endfacet
  facet normal -0.39246312275758577 0.37770788148413137 0.8386354711912283
    outer loop
      vertex 7.3104901450456055 -7.409440336842501 6.009793758392334
      vertex 7.692625679096636 -7.483551156252047 6.222003176808357
      vertex 7.439816960474246 -7.275061340989986 6.009793758392334
    endloop
  endfacet
  facet normal -0.44552045902939785 0.31337209040707553 0.8386354711912287
    outer loop
      vertex 7.692625679096636 -7.483551156252047 6.222003176808357
      vertex 7.547115262901293 -7.122515564216197 6.009793758392334
      vertex 7.439816960474246 -7.275061340989986 6.009793758392334
    endloop
  endfacet
  facet normal -0.21732901116616513 0.1528658115580388 0.9640540153758185
    outer loop
      vertex 7.164979726142075 -7.048404742573224 5.850092880427837
      vertex 7.240900036973066 -6.9404689921777685 5.850092880427837
      vertex 6.917318745409872 -6.748098202233263 5.746643781661987
    endloop
  endfacet
  facet normal -0.23811686397093257 0.11789917103359361 0.9640540153758191
    outer loop
      vertex 7.2994542788951655 -6.82220902192987 5.850092880427837
      vertex 6.950299959552048 -6.681487188664296 5.746643781661987
      vertex 6.917318745409872 -6.748098202233263 5.746643781661987
    endloop
  endfacet
  facet normal -0.23811686397093101 0.11789917103360083 0.9640540153758185
    outer loop
      vertex 7.240900036973066 -6.9404689921777685 5.850092880427837
      vertex 7.2994542788951655 -6.82220902192987 5.850092880427837
      vertex 6.917318745409872 -6.748098202233263 5.746643781661987
    endloop
  endfacet
  facet normal -0.2533234593027185 0.08016907386682472 0.9640540153758189
    outer loop
      vertex 7.2994542788951655 -6.82220902192987 5.850092880427837
      vertex 7.339269990105983 -6.696396745299641 5.850092880427837
      vertex 6.950299959552048 -6.681487188664296 5.746643781661987
    endloop
  endfacet
  facet normal -0.3354085064709544 0.23592107316933542 0.9120539353687109
    outer loop
      vertex 7.164979726142075 -7.048404742573224 5.850092880427837
      vertex 7.547115262901293 -7.122515564216197 6.009793758392334
      vertex 7.240900036973066 -6.9404689921777685 5.850092880427837
    endloop
  endfacet
  facet normal -0.3674908438660915 0.18195630973680182 0.912053935368711
    outer loop
      vertex 7.240900036973066 -6.9404689921777685 5.850092880427837
      vertex 7.547115262901293 -7.122515564216197 6.009793758392334
      vertex 7.2994542788951655 -6.82220902192987 5.850092880427837
    endloop
  endfacet
  facet normal -0.25332345930271843 0.08016907386682443 0.9640540153758188
    outer loop
      vertex 6.950299959552048 -6.681487188664296 5.746643781661987
      vertex 7.339269990105983 -6.696396745299641 5.850092880427837
      vertex 6.972726524298871 -6.6106222692144465 5.746643781661987
    endloop
  endfacet
  facet normal -0.262592367455454 0.04055988155678717 0.9640540153758187
    outer loop
      vertex 6.972726524298871 -6.6106222692144465 5.746643781661987
      vertex 7.359413924080979 -6.56598109541775 5.850092880427837
      vertex 6.984072779980554 -6.537164457533298 5.746643781661987
    endloop
  endfacet
  facet normal -0.26259236745545367 0.04055988155678445 0.9640540153758188
    outer loop
      vertex 6.972726524298871 -6.6106222692144465 5.746643781661987
      vertex 7.339269990105983 -6.696396745299641 5.850092880427837
      vertex 7.359413924080979 -6.56598109541775 5.850092880427837
    endloop
  endfacet
  facet normal -0.3674908438660992 0.18195630973679458 0.9120539353687094
    outer loop
      vertex 7.2994542788951655 -6.82220902192987 5.850092880427837
      vertex 7.547115262901293 -7.122515564216197 6.009793758392334
      vertex 7.6298700710596705 -6.9553785502369045 6.009793758392334
    endloop
  endfacet
  facet normal -0.39095950735181406 0.12372664462303364 0.9120539353687108
    outer loop
      vertex 7.2994542788951655 -6.82220902192987 5.850092880427837
      vertex 7.686141682385877 -6.77756784900102 6.009793758392334
      vertex 7.339269990105983 -6.696396745299641 5.850092880427837
    endloop
  endfacet
  facet normal -0.39095950735181445 0.12372664462304321 0.9120539353687092
    outer loop
      vertex 7.2994542788951655 -6.82220902192987 5.850092880427837
      vertex 7.6298700710596705 -6.9553785502369045 6.009793758392334
      vertex 7.686141682385877 -6.77756784900102 6.009793758392334
    endloop
  endfacet
  facet normal -0.4052644113471136 0.06259693182516951 0.9120539353687108
    outer loop
      vertex 7.339269990105983 -6.696396745299641 5.850092880427837
      vertex 7.686141682385877 -6.77756784900102 6.009793758392334
      vertex 7.359413924080979 -6.56598109541775 5.850092880427837
    endloop
  endfacet
  facet normal -0.40526441134711866 0.06259693182516055 0.9120539353687093
    outer loop
      vertex 7.359413924080979 -6.56598109541775 5.850092880427837
      vertex 7.686141682385877 -6.77756784900102 6.009793758392334
      vertex 7.714611138004027 -6.593251192640153 6.009793758392334
    endloop
  endfacet
  facet normal -0.41007026102663235 -1.268516077199881e-17 0.9120539353687092
    outer loop
      vertex 7.359413924080979 -6.56598109541775 5.850092880427837
      vertex 7.714611138004027 -6.593251192640153 6.009793758392334
      vertex 7.714611138004027 -6.406748807359847 6.009793758392334
    endloop
  endfacet
  facet normal -0.5625059047156137 0.7379382783645135 0.37287290661093453
    outer loop
      vertex 7.821500119801424 -8.540632321020732 7.480612471699715
      vertex 8.020417042110203 -8.206039975155987 7.118514411151409
      vertex 7.742172617643185 -8.418136482825675 7.118514411151409
    endloop
  endfacet
  facet normal -0.5214920883108806 0.6841332163853473 0.5099095449855753
    outer loop
      vertex 7.633729638931573 -8.250681146249592 6.782937414944172
      vertex 8.020417042110203 -8.206039975155987 7.118514411151409
      vertex 7.887683031886116 -8.057100887239185 6.782937414944172
    endloop
  endfacet
  facet normal -0.5214920883108786 0.6841332163853511 0.5099095449855724
    outer loop
      vertex 7.633729638931573 -8.250681146249592 6.782937414944172
      vertex 7.742172617643185 -8.418136482825675 7.118514411151409
      vertex 8.020417042110203 -8.206039975155987 7.118514411151409
    endloop
  endfacet
  facet normal -0.6198128678255513 0.5965100710050658 0.5099095449855757
    outer loop
      vertex 7.887683031886116 -8.057100887239185 6.782937414944172
      vertex 8.020417042110203 -8.206039975155987 7.118514411151409
      vertex 8.109110310718847 -7.827023503169407 6.782937414944172
    endloop
  endfacet
  facet normal -0.4682520408531891 0.614288849185611 0.6351293065219404
    outer loop
      vertex 7.498713002338537 -8.042191333514154 6.48174712061882
      vertex 7.887683031886116 -8.057100887239185 6.782937414944172
      vertex 7.72242291237556 -7.871664679688687 6.48174712061882
    endloop
  endfacet
  facet normal -0.5565350785022165 0.5356113053264376 0.6351293065219408
    outer loop
      vertex 7.887683031886116 -8.057100887239185 6.782937414944172
      vertex 7.917480265424118 -7.668987368340391 6.48174712061882
      vertex 7.72242291237556 -7.871664679688687 6.48174712061882
    endloop
  endfacet
  facet normal -0.4801662597061001 0.4621136871139261 0.7455811848630748
    outer loop
      vertex 7.528510231554428 -7.6540778097655755 6.222003176808357
      vertex 7.72242291237556 -7.871664679688687 6.48174712061882
      vertex 7.917480265424118 -7.668987368340391 6.48174712061882
    endloop
  endfacet
  facet normal -0.5565350785022156 0.5356113053264381 0.6351293065219412
    outer loop
      vertex 7.887683031886116 -8.057100887239185 6.782937414944172
      vertex 8.109110310718847 -7.827023503169407 6.782937414944172
      vertex 7.917480265424118 -7.668987368340391 6.48174712061882
    endloop
  endfacet
  facet normal -0.6685593238813533 0.6434238307420882 0.3728729066109315
    outer loop
      vertex 8.020417042110203 -8.206039975155987 7.118514411151409
      vertex 8.117513761580849 -8.314990927615401 7.480612471699715
      vertex 8.263024179755881 -7.953955336441074 7.118514411151409
    endloop
  endfacet
  facet normal -0.6198128678255611 0.5965100710050617 0.5099095449855685
    outer loop
      vertex 8.020417042110203 -8.206039975155987 7.118514411151409
      vertex 8.263024179755881 -7.953955336441074 7.118514411151409
      vertex 8.109110310718847 -7.827023503169407 6.782937414944172
    endloop
  endfacet
  facet normal -0.6317734056084251 0.44437948643348807 0.6351293065219411
    outer loop
      vertex 7.917480265424118 -7.668987368340391 6.48174712061882
      vertex 8.109110310718847 -7.827023503169407 6.782937414944172
      vertex 8.29282140768698 -7.565841812918302 6.782937414944172
    endloop
  endfacet
  facet normal -0.7036057590474313 0.4949052351389013 0.5099095449855757
    outer loop
      vertex 8.109110310718847 -7.827023503169407 6.782937414944172
      vertex 8.464307524898086 -7.667791216955381 7.118514411151409
      vertex 8.29282140768698 -7.565841812918302 6.782937414944172
    endloop
  endfacet
  facet normal -0.7036057590474291 0.49490523513891227 0.5099095449855681
    outer loop
      vertex 8.263024179755881 -7.953955336441074 7.118514411151409
      vertex 8.464307524898086 -7.667791216955381 7.118514411151409
      vertex 8.109110310718847 -7.827023503169407 6.782937414944172
    endloop
  endfacet
  facet normal -0.7589422791399095 0.5338280738678263 0.3728729066109339
    outer loop
      vertex 8.263024179755881 -7.953955336441074 7.118514411151409
      vertex 8.589751933515341 -7.742368581620822 7.480612471699715
      vertex 8.464307524898086 -7.667791216955381 7.118514411151409
    endloop
  endfacet
  facet normal -0.4755439277366906 0.8745108537971676 0.09533488020504338
    outer loop
      vertex 7.5309000402660615 -8.799614122151795 7.860744327306747
      vertex 7.718185537206271 -8.740206239822903 8.25
      vertex 7.869852778395408 -8.615297465923625 7.860744327306747
    endloop
  endfacet
  facet normal -0.5095214522297404 0.8570511350349288 0.07649340921306048
    outer loop
      vertex 7.869852778395408 -8.615297465923625 7.860744327306747
      vertex 7.718185537206271 -8.740206239822903 8.25
      vertex 7.886097250883157 -8.640381834134969 8.25
    endloop
  endfacet
  facet normal -0.46522437396623345 0.8555335075369368 0.22721949597090496
    outer loop
      vertex 7.494511635265418 -8.718443022381091 7.480612471699715
      vertex 7.869852778395408 -8.615297465923625 7.860744327306747
      vertex 7.821500119801424 -8.540632321020732 7.480612471699715
    endloop
  endfacet
  facet normal -0.5903687190070687 0.7744908496997759 0.22721949597090516
    outer loop
      vertex 7.821500119801424 -8.540632321020732 7.480612471699715
      vertex 7.869852778395408 -8.615297465923625 7.860744327306747
      vertex 8.117513761580849 -8.314990927615401 7.480612471699715
    endloop
  endfacet
  facet normal -0.5625059047156163 0.7379382783645125 0.3728729066109322
    outer loop
      vertex 7.821500119801424 -8.540632321020732 7.480612471699715
      vertex 8.117513761580849 -8.314990927615401 7.480612471699715
      vertex 8.020417042110203 -8.206039975155987 7.118514411151409
    endloop
  endfacet
  facet normal -0.5736330141515239 0.8155329076269092 0.07649340921306036
    outer loop
      vertex 7.869852778395408 -8.615297465923625 7.860744327306747
      vertex 7.886097250883157 -8.640381834134969 8.25
      vertex 8.045874797964927 -8.527996821747237 8.25
    endloop
  endfacet
  facet normal -0.5903687190070728 0.774490849699774 0.22721949597090094
    outer loop
      vertex 7.869852778395408 -8.615297465923625 7.860744327306747
      vertex 8.176697328432542 -8.3814000299372 7.860744327306747
      vertex 8.117513761580849 -8.314990927615401 7.480612471699715
    endloop
  endfacet
  facet normal -0.6034642103035623 0.7916705170075412 0.09533488020504578
    outer loop
      vertex 7.869852778395408 -8.615297465923625 7.860744327306747
      vertex 8.045874797964927 -8.527996821747237 8.25
      vertex 8.176697328432542 -8.3814000299372 7.860744327306747
    endloop
  endfacet
  facet normal -0.6343783190368484 0.7692287739567119 0.07649340921305893
    outer loop
      vertex 8.045874797964927 -8.527996821747237 8.25
      vertex 8.196580533439366 -8.403710712885601 8.25
      vertex 8.176697328432542 -8.3814000299372 7.860744327306747
    endloop
  endfacet
  facet normal -0.6914007929262496 0.7184105385417984 0.0764934092130587
    outer loop
      vertex 8.176697328432542 -8.3814000299372 7.860744327306747
      vertex 8.196580533439366 -8.403710712885601 8.25
      vertex 8.337330063682007 -8.268252877020215 8.25
    endloop
  endfacet
  facet normal -0.7016753216477037 0.6752947827736574 0.22721949597090135
    outer loop
      vertex 8.117513761580849 -8.314990927615401 7.480612471699715
      vertex 8.176697328432542 -8.3814000299372 7.860744327306747
      vertex 8.444241514193976 -8.103404171849771 7.860744327306747
    endloop
  endfacet
  facet normal -0.6685593238813542 0.6434238307420879 0.37287290661093075
    outer loop
      vertex 8.117513761580849 -8.314990927615401 7.480612471699715
      vertex 8.375614251729907 -8.04680768518174 7.480612471699715
      vertex 8.263024179755881 -7.953955336441074 7.118514411151409
    endloop
  endfacet
  facet normal -0.7016753216477096 0.6752947827736479 0.2272194959709117
    outer loop
      vertex 8.117513761580849 -8.314990927615401 7.480612471699715
      vertex 8.444241514193976 -8.103404171849771 7.860744327306747
      vertex 8.375614251729907 -8.04680768518174 7.480612471699715
    endloop
  endfacet
  facet normal -0.7172398032534597 0.6902740942880798 0.09533488020504143
    outer loop
      vertex 8.176697328432542 -8.3814000299372 7.860744327306747
      vertex 8.337330063682007 -8.268252877020215 8.25
      vertex 8.444241514193976 -8.103404171849771 7.860744327306747
    endloop
  endfacet
  facet normal -0.7443658957198521 0.6633763423850346 0.07649340921305352
    outer loop
      vertex 8.337330063682007 -8.268252877020215 8.25
      vertex 8.467297406246736 -8.122418226036578 8.25
      vertex 8.444241514193976 -8.103404171849771 7.860744327306747
    endloop
  endfacet
  facet normal -0.7929627231189281 0.6044492353297988 0.07649340921305275
    outer loop
      vertex 8.444241514193976 -8.103404171849771 7.860744327306747
      vertex 8.467297406246736 -8.122418226036578 8.25
      vertex 8.585719869955128 -7.967062583557483 8.25
    endloop
  endfacet
  facet normal -0.7589422791399084 0.5338280738678303 0.3728729066109306
    outer loop
      vertex 8.263024179755881 -7.953955336441074 7.118514411151409
      vertex 8.375614251729907 -8.04680768518174 7.480612471699715
      vertex 8.589751933515341 -7.742368581620822 7.480612471699715
    endloop
  endfacet
  facet normal -0.7965352494613425 0.560270378492636 0.2272194959709126
    outer loop
      vertex 8.375614251729907 -8.04680768518174 7.480612471699715
      vertex 8.444241514193976 -8.103404171849771 7.860744327306747
      vertex 8.589751933515341 -7.742368581620822 7.480612471699715
    endloop
  endfacet
  facet normal -0.7965352494613482 0.5602703784926304 0.22721949597090518
    outer loop
      vertex 8.444241514193976 -8.103404171849771 7.860744327306747
      vertex 8.666214326725392 -7.787825878956541 7.860744327306747
      vertex 8.589751933515341 -7.742368581620822 7.480612471699715
    endloop
  endfacet
  facet normal -0.8142039031193755 0.5726982318476859 0.09533488020503696
    outer loop
      vertex 8.444241514193976 -8.103404171849771 7.860744327306747
      vertex 8.585719869955128 -7.967062583557483 8.25
      vertex 8.666214326725392 -7.787825878956541 7.860744327306747
    endloop
  endfacet
  facet normal -0.8369061667024543 0.5419749315995774 0.07649340921306227
    outer loop
      vertex 8.585719869955128 -7.967062583557483 8.25
      vertex 8.691902495255647 -7.803097631067178 8.25
      vertex 8.666214326725392 -7.787825878956541 7.860744327306747
    endloop
  endfacet
  facet normal -0.875938279165737 0.47632015434907904 0.07649340921306219
    outer loop
      vertex 8.666214326725392 -7.787825878956541 7.860744327306747
      vertex 8.691902495255647 -7.803097631067178 8.25
      vertex 8.785222170250691 -7.631485586560746 8.25
    endloop
  endfacet
  facet normal -0.48016625970610094 0.46211368711392325 0.7455811848630759
    outer loop
      vertex 7.528510231554428 -7.6540778097655755 6.222003176808357
      vertex 7.917480265424118 -7.668987368340391 6.48174712061882
      vertex 7.692625679096636 -7.483551156252047 6.222003176808357
    endloop
  endfacet
  facet normal -0.5450802381930563 0.38340087468545553 0.7455811848630761
    outer loop
      vertex 7.917480265424118 -7.668987368340391 6.48174712061882
      vertex 7.8287869915434705 -7.289970897255275 6.222003176808357
      vertex 7.692625679096636 -7.483551156252047 6.222003176808357
    endloop
  endfacet
  facet normal -0.5450802381930614 0.38340087468545275 0.7455811848630738
    outer loop
      vertex 7.917480265424118 -7.668987368340391 6.48174712061882
      vertex 8.07931308245169 -7.438909983865945 6.48174712061882
      vertex 7.8287869915434705 -7.289970897255275 6.222003176808357
    endloop
  endfacet
  facet normal -0.4455204590294092 0.3133720904070689 0.8386354711912253
    outer loop
      vertex 7.692625679096636 -7.483551156252047 6.222003176808357
      vertex 7.8287869915434705 -7.289970897255275 6.222003176808357
      vertex 7.547115262901293 -7.122515564216197 6.009793758392334
    endloop
  endfacet
  facet normal -0.4881351733472112 0.24169112313272137 0.8386354711912273
    outer loop
      vertex 7.547115262901293 -7.122515564216197 6.009793758392334
      vertex 7.933802663136156 -7.077874389975122 6.222003176808357
      vertex 7.6298700710596705 -6.9553785502369045 6.009793758392334
    endloop
  endfacet
  facet normal -0.4881351733472109 0.24169112313272922 0.8386354711912252
    outer loop
      vertex 7.547115262901293 -7.122515564216197 6.009793758392334
      vertex 7.8287869915434705 -7.289970897255275 6.222003176808357
      vertex 7.933802663136156 -7.077874389975122 6.222003176808357
    endloop
  endfacet
  facet normal -0.5972179978853528 0.2957014707098766 0.745581184863075
    outer loop
      vertex 7.8287869915434705 -7.289970897255275 6.222003176808357
      vertex 8.2041281393903 -7.18682534515288 6.48174712061882
      vertex 7.933802663136156 -7.077874389975122 6.222003176808357
    endloop
  endfacet
  facet normal -0.6317734056084248 0.44437948643349057 0.6351293065219398
    outer loop
      vertex 7.917480265424118 -7.668987368340391 6.48174712061882
      vertex 8.29282140768698 -7.565841812918302 6.782937414944172
      vertex 8.07931308245169 -7.438909983865945 6.48174712061882
    endloop
  endfacet
  facet normal -0.6922034995534664 0.3427317890171474 0.6351293065219397
    outer loop
      vertex 8.07931308245169 -7.438909983865945 6.48174712061882
      vertex 8.29282140768698 -7.565841812918302 6.782937414944172
      vertex 8.434510290383898 -7.279677693938021 6.782937414944172
    endloop
  endfacet
  facet normal -0.5972179978853528 0.2957014707098802 0.7455811848630737
    outer loop
      vertex 7.8287869915434705 -7.289970897255275 6.222003176808357
      vertex 8.07931308245169 -7.438909983865945 6.48174712061882
      vertex 8.2041281393903 -7.18682534515288 6.48174712061882
    endloop
  endfacet
  facet normal -0.6922034995534663 0.3427317890171474 0.6351293065219397
    outer loop
      vertex 8.07931308245169 -7.438909983865945 6.48174712061882
      vertex 8.434510290383898 -7.279677693938021 6.782937414944172
      vertex 8.2041281393903 -7.18682534515288 6.48174712061882
    endloop
  endfacet
  facet normal -0.7364089301534636 0.23305074895222064 0.6351293065219398
    outer loop
      vertex 8.2041281393903 -7.18682534515288 6.48174712061882
      vertex 8.434510290383898 -7.279677693938021 6.782937414944172
      vertex 8.28899987709363 -6.9186421024756 6.48174712061882
    endloop
  endfacet
  facet normal -0.5193084129259393 0.1643451207800538 0.8386354711912272
    outer loop
      vertex 7.6298700710596705 -6.9553785502369045 6.009793758392334
      vertex 7.933802663136156 -7.077874389975122 6.222003176808357
      vertex 7.686141682385877 -6.77756784900102 6.009793758392334
    endloop
  endfacet
  facet normal -0.519308412925941 0.16434512078005192 0.8386354711912265
    outer loop
      vertex 7.933802663136156 -7.077874389975122 6.222003176808357
      vertex 8.005211215539713 -6.852232996777573 6.222003176808357
      vertex 7.686141682385877 -6.77756784900102 6.009793758392334
    endloop
  endfacet
  facet normal -0.5383095034510883 0.08314700808876029 0.8386354711912265
    outer loop
      vertex 8.005211215539713 -6.852232996777573 6.222003176808357
      vertex 8.041338892808888 -6.618335560674404 6.222003176808357
      vertex 7.686141682385877 -6.77756784900102 6.009793758392334
    endloop
  endfacet
  facet normal -0.538309503451087 0.08314700808875576 0.8386354711912277
    outer loop
      vertex 7.686141682385877 -6.77756784900102 6.009793758392334
      vertex 8.041338892808888 -6.618335560674404 6.222003176808357
      vertex 7.714611138004027 -6.593251192640153 6.009793758392334
    endloop
  endfacet
  facet normal -0.5446930754653189 0 0.8386354711912275
    outer loop
      vertex 7.714611138004027 -6.593251192640153 6.009793758392334
      vertex 8.041338892808888 -6.618335560674404 6.222003176808357
      vertex 7.714611138004027 -6.406748807359847 6.009793758392334
    endloop
  endfacet
  facet normal -0.5446930754653189 -2.266555684063475e-17 0.8386354711912276
    outer loop
      vertex 7.714611138004027 -6.406748807359847 6.009793758392334
      vertex 8.041338892808888 -6.618335560674404 6.222003176808357
      vertex 8.041338892808888 -6.381664439325596 6.222003176808357
    endloop
  endfacet
  facet normal -0.6353574738857196 0.20107107488579887 0.745581184863075
    outer loop
      vertex 7.933802663136156 -7.077874389975122 6.222003176808357
      vertex 8.2041281393903 -7.18682534515288 6.48174712061882
      vertex 8.005211215539713 -6.852232996777573 6.222003176808357
    endloop
  endfacet
  facet normal -0.6353574738857196 0.2010710748857986 0.7455811848630748
    outer loop
      vertex 8.005211215539713 -6.852232996777573 6.222003176808357
      vertex 8.2041281393903 -7.18682534515288 6.48174712061882
      vertex 8.28899987709363 -6.9186421024756 6.48174712061882
    endloop
  endfacet
  facet normal -0.6586047092022269 0.10172774348634338 0.7455811848630751
    outer loop
      vertex 8.005211215539713 -6.852232996777573 6.222003176808357
      vertex 8.28899987709363 -6.9186421024756 6.48174712061882
      vertex 8.041338892808888 -6.618335560674404 6.222003176808357
    endloop
  endfacet
  facet normal -0.658604709202229 0.1017277434863403 0.7455811848630736
    outer loop
      vertex 8.28899987709363 -6.9186421024756 6.48174712061882
      vertex 8.331938973963869 -6.640646243740886 6.48174712061882
      vertex 8.041338892808888 -6.618335560674404 6.222003176808357
    endloop
  endfacet
  facet normal -0.7709067276258094 0.3817002400233319 0.5099095449855758
    outer loop
      vertex 8.464307524898086 -7.667791216955381 7.118514411151409
      vertex 8.434510290383898 -7.279677693938021 6.782937414944172
      vertex 8.29282140768698 -7.565841812918302 6.782937414944172
    endloop
  endfacet
  facet normal -0.8315362706250772 0.41171983939379464 0.3728729066109338
    outer loop
      vertex 8.464307524898086 -7.667791216955381 7.118514411151409
      vertex 8.589751933515341 -7.742368581620822 7.480612471699715
      vertex 8.619549166526536 -7.35425506111819 7.118514411151409
    endloop
  endfacet
  facet normal -0.7709067276258132 0.3817002400233288 0.5099095449855724
    outer loop
      vertex 8.464307524898086 -7.667791216955381 7.118514411151409
      vertex 8.619549166526536 -7.35425506111819 7.118514411151409
      vertex 8.434510290383898 -7.279677693938021 6.782937414944172
    endloop
  endfacet
  facet normal -0.7364089301534658 0.2330507489522184 0.6351293065219381
    outer loop
      vertex 8.28899987709363 -6.9186421024756 6.48174712061882
      vertex 8.434510290383898 -7.279677693938021 6.782937414944172
      vertex 8.530855891489104 -6.975238590636002 6.782937414944172
    endloop
  endfacet
  facet normal -0.8201382958988946 0.2595485147957186 0.5099095449855725
    outer loop
      vertex 8.434510290383898 -7.279677693938021 6.782937414944172
      vertex 8.619549166526536 -7.35425506111819 7.118514411151409
      vertex 8.725110372138172 -7.020695890681403 7.118514411151409
    endloop
  endfacet
  facet normal -0.8201382958988944 0.25954851479571506 0.5099095449855751
    outer loop
      vertex 8.434510290383898 -7.279677693938021 6.782937414944172
      vertex 8.725110372138172 -7.020695890681403 7.118514411151409
      vertex 8.530855891489104 -6.975238590636002 6.782937414944172
    endloop
  endfacet
  facet normal -0.8846397567042552 0.2799612408419237 0.3728729066109342
    outer loop
      vertex 8.619549166526536 -7.35425506111819 7.118514411151409
      vertex 8.754907601170782 -7.408809411489489 7.480612471699715
      vertex 8.725110372138172 -7.020695890681403 7.118514411151409
    endloop
  endfacet
  facet normal -0.7633535595819272 0.11790719685651506 0.6351293065219398
    outer loop
      vertex 8.28899987709363 -6.9186421024756 6.48174712061882
      vertex 8.579599951771442 -6.659660297563029 6.782937414944172
      vertex 8.331938973963869 -6.640646243740886 6.48174712061882
    endloop
  endfacet
  facet normal -0.7633535595819283 0.11790719685651822 0.6351293065219379
    outer loop
      vertex 8.28899987709363 -6.9186421024756 6.48174712061882
      vertex 8.530855891489104 -6.975238590636002 6.782937414944172
      vertex 8.579599951771442 -6.659660297563029 6.782937414944172
    endloop
  endfacet
  facet normal -0.8501465176330889 0.13131319236442207 0.5099095449855752
    outer loop
      vertex 8.530855891489104 -6.975238590636002 6.782937414944172
      vertex 8.725110372138172 -7.020695890681403 7.118514411151409
      vertex 8.579599951771442 -6.659660297563029 6.782937414944172
    endloop
  endfacet
  facet normal -0.9170080366721726 0.1416405880888672 0.3728729066109351
    outer loop
      vertex 8.725110372138172 -7.020695890681403 7.118514411151409
      vertex 8.867210145825837 -7.053948519023981 7.480612471699715
      vertex 8.778516876542987 -6.67493204988842 7.118514411151409
    endloop
  endfacet
  facet normal -0.8501465176330895 0.1313131923644213 0.5099095449855745
    outer loop
      vertex 8.725110372138172 -7.020695890681403 7.118514411151409
      vertex 8.778516876542987 -6.67493204988842 7.118514411151409
      vertex 8.579599951771442 -6.659660297563029 6.782937414944172
    endloop
  endfacet
  facet normal -0.8602280255447415 -4.13833896445465e-17 0.5099095449855745
    outer loop
      vertex 8.579599951771442 -6.659660297563029 6.782937414944172
      vertex 8.778516876542987 -6.67493204988842 7.118514411151409
      vertex 8.778516876542987 -6.32506795011158 7.118514411151409
    endloop
  endfacet
  facet normal -0.9278824254804691 0 0.37287290661092776
    outer loop
      vertex 8.778516876542987 -6.67493204988842 7.118514411151409
      vertex 8.924027291017012 -6.686103542777546 7.480612471699715
      vertex 8.778516876542987 -6.32506795011158 7.118514411151409
    endloop
  endfacet
  facet normal -0.8727250661395826 0.43211371140290006 0.22721949597090557
    outer loop
      vertex 8.589751933515341 -7.742368581620822 7.480612471699715
      vertex 8.666214326725392 -7.787825878956541 7.860744327306747
      vertex 8.754907601170782 -7.408809411489489 7.480612471699715
    endloop
  endfacet
  facet normal -0.8727250661395842 0.4321137114028981 0.22721949597090318
    outer loop
      vertex 8.754907601170782 -7.408809411489489 7.480612471699715
      vertex 8.666214326725392 -7.787825878956541 7.860744327306747
      vertex 8.837412911436491 -7.442062038971168 7.860744327306747
    endloop
  endfacet
  facet normal -0.8315362706250768 0.4117198393937952 0.3728729066109344
    outer loop
      vertex 8.589751933515341 -7.742368581620822 7.480612471699715
      vertex 8.754907601170782 -7.408809411489489 7.480612471699715
      vertex 8.619549166526536 -7.35425506111819 7.118514411151409
    endloop
  endfacet
  facet normal -0.8920837535833932 0.4416988082493029 0.09533488020504116
    outer loop
      vertex 8.666214326725392 -7.787825878956541 7.860744327306747
      vertex 8.785222170250691 -7.631485586560746 8.25
      vertex 8.837412911436491 -7.442062038971168 7.860744327306747
    endloop
  endfacet
  facet normal -0.9098300664663475 0.40787008777404365 0.0764934092130541
    outer loop
      vertex 8.837412911436491 -7.442062038971168 7.860744327306747
      vertex 8.785222170250691 -7.631485586560746 8.25
      vertex 8.865131247546167 -7.453233532079898 8.25
    endloop
  endfacet
  facet normal -0.9383825843597458 0.3370265326606926 0.07649340921305395
    outer loop
      vertex 8.837412911436491 -7.442062038971168 7.860744327306747
      vertex 8.865131247546167 -7.453233532079898 8.25
      vertex 8.931160799740073 -7.2693875264177406 8.25
    endloop
  endfacet
  facet normal -0.8846397567042544 0.27996124084192475 0.37287290661093525
    outer loop
      vertex 8.754907601170782 -7.408809411489489 7.480612471699715
      vertex 8.867210145825837 -7.053948519023981 7.480612471699715
      vertex 8.725110372138172 -7.020695890681403 7.118514411151409
    endloop
  endfacet
  facet normal -0.9284589469549747 0.293828665160478 0.2272194959709032
    outer loop
      vertex 8.754907601170782 -7.408809411489489 7.480612471699715
      vertex 8.837412911436491 -7.442062038971168 7.860744327306747
      vertex 8.953824518602836 -7.074217063247067 7.860744327306747
    endloop
  endfacet
  facet normal -0.9284589469549747 0.29382866516047845 0.2272194959709028
    outer loop
      vertex 8.754907601170782 -7.408809411489489 7.480612471699715
      vertex 8.953824518602836 -7.074217063247067 7.860744327306747
      vertex 8.867210145825837 -7.053948519023981 7.480612471699715
    endloop
  endfacet
  facet normal -0.9490539169585454 0.30034633895210416 0.09533488020504641
    outer loop
      vertex 8.837412911436491 -7.442062038971168 7.860744327306747
      vertex 8.931160799740073 -7.2693875264177406 8.25
      vertex 8.953824518602836 -7.074217063247067 7.860744327306747
    endloop
  endfacet
  facet normal -0.9614283206084618 0.26420511478575975 0.0764934092130586
    outer loop
      vertex 8.953824518602836 -7.074217063247067 7.860744327306747
      vertex 8.931160799740073 -7.2693875264177406 8.25
      vertex 8.982923327986498 -7.081026447023943 8.25
    endloop
  endfacet
  facet normal -0.9624305369790521 0.14865652404432944 0.22721949597090313
    outer loop
      vertex 8.867210145825837 -7.053948519023981 7.480612471699715
      vertex 8.953824518602836 -7.074217063247067 7.860744327306747
      vertex 9.012720558818351 -6.692912926244273 7.860744327306747
    endloop
  endfacet
  facet normal -0.917008036672177 0.14164058808885926 0.37287290661092787
    outer loop
      vertex 8.867210145825837 -7.053948519023981 7.480612471699715
      vertex 8.924027291017012 -6.686103542777546 7.480612471699715
      vertex 8.778516876542987 -6.67493204988842 7.118514411151409
    endloop
  endfacet
  facet normal -0.9624305369790511 0.148656524044317 0.22721949597091454
    outer loop
      vertex 8.867210145825837 -7.053948519023981 7.480612471699715
      vertex 9.012720558818351 -6.692912926244273 7.860744327306747
      vertex 8.924027291017012 -6.686103542777546 7.480612471699715
    endloop
  endfacet
  facet normal -0.978831997112573 0.18983329469715135 0.07649340921305849
    outer loop
      vertex 8.953824518602836 -7.074217063247067 7.860744327306747
      vertex 8.982923327986498 -7.081026447023943 8.25
      vertex 9.02011508063989 -6.889255674758129 8.25
    endloop
  endfacet
  facet normal -0.9837790609009883 0.15195400603162565 0.09533488020504505
    outer loop
      vertex 8.953824518602836 -7.074217063247067 7.860744327306747
      vertex 9.02011508063989 -6.889255674758129 8.25
      vertex 9.012720558818351 -6.692912926244273 7.860744327306747
    endloop
  endfacet
  facet normal -0.9904915097843718 0.11434739783676798 0.07649340921305393
    outer loop
      vertex 9.02011508063989 -6.889255674758129 8.25
      vertex 9.04251779004705 -6.695200594504929 8.25
      vertex 9.012720558818351 -6.692912926244273 7.860744327306747
    endloop
  endfacet
  facet normal -0.9963384174726096 0.03819052520115327 0.07649340921305389
    outer loop
      vertex 9.012720558818351 -6.692912926244273 7.860744327306747
      vertex 9.04251779004705 -6.695200594504929 8.25
      vertex 9.05 -6.5 8.25
    endloop
  endfacet
  facet normal -0.07654926803690121 0.9970658000167364 0
    outer loop
      vertex 6.597671970909591 -9.048128761679566 8.25
      vertex 6.597671970909591 -9.048128761679566 34.99
      vertex 6.792442734424135 -9.033175325926603 8.25
    endloop
  endfacet
  facet normal -0.15264926915240296 0.9882804261075078 -8.205346216318274e-21
    outer loop
      vertex 6.792442734424135 -9.033175325926603 8.25
      vertex 6.985497328369906 -9.00335621599198 35.03
      vertex 6.985497328369906 -9.00335621599198 8.25
    endloop
  endfacet
  facet normal -0.22785352374725493 0.9736954204041216 0
    outer loop
      vertex 6.985497328369906 -9.00335621599198 8.25
      vertex 6.985497328369906 -9.00335621599198 35.03
      vertex 7.175702829811783 -8.95884641053181 8.25
    endloop
  endfacet
  facet normal -0.30172058406053925 0.9533963966547006 -7.557832948632785e-20
    outer loop
      vertex 7.175702829811783 -8.95884641053181 8.25
      vertex 7.361943039941682 -8.899907122347882 35.03
      vertex 7.361943039941682 -8.899907122347882 8.25
    endloop
  endfacet
  facet normal -0.37381708598067237 0.9275024454032014 0
    outer loop
      vertex 7.361943039941682 -8.899907122347882 8.25
      vertex 7.361943039941682 -8.899907122347882 35.03
      vertex 7.5431250235677965 -8.82688421929573 8.25
    endloop
  endfacet
  facet normal -0.44371982420478845 0.8961655637256275 -1.220172046973623e-19
    outer loop
      vertex 7.5431250235677965 -8.82688421929573 8.25
      vertex 7.718185537206271 -8.740206239822903 35.03
      vertex 7.718185537206271 -8.740206239822903 8.25
    endloop
  endfacet
  facet normal -0.5110186925513663 0.8595695991966515 0
    outer loop
      vertex 7.718185537206271 -8.740206239822903 8.25
      vertex 7.718185537206271 -8.740206239822903 35.03
      vertex 7.886097250883157 -8.640381834134969 8.25
    endloop
  endfacet
  facet normal -0.5753186477491772 0.817929369537528 2.3067890888311803e-19
    outer loop
      vertex 7.886097250883157 -8.640381834134969 8.25
      vertex 8.045874797964927 -8.527996821747237 35.03
      vertex 8.045874797964927 -8.527996821747237 8.25
    endloop
  endfacet
  facet normal -0.6362424540880237 0.771489170122335 0
    outer loop
      vertex 8.045874797964927 -8.527996821747237 8.25
      vertex 8.045874797964927 -8.527996821747237 35.03
      vertex 8.196580533439366 -8.403710712885601 8.25
    endloop
  endfacet
  facet normal -0.6934324898077904 0.7205216041722612 -5.11093370450689e-20
    outer loop
      vertex 8.196580533439366 -8.403710712885601 8.25
      vertex 8.337330063682007 -8.268252877020215 35.03
      vertex 8.337330063682007 -8.268252877020215 8.25
    endloop
  endfacet
  facet normal -0.7465532317549446 0.6653256887842586 0
    outer loop
      vertex 8.337330063682007 -8.268252877020215 8.25
      vertex 8.337330063682007 -8.268252877020215 35.03
      vertex 8.467297406246736 -8.122418226036578 8.25
    endloop
  endfacet
  facet normal -0.7952928620314393 0.6062254230909836 -2.9761094178742143e-19
    outer loop
      vertex 8.467297406246736 -8.122418226036578 8.25
      vertex 8.585719869955128 -7.967062583557483 35.03
      vertex 8.585719869955128 -7.967062583557483 8.25
    endloop
  endfacet
  facet normal -0.8393654344187023 0.5435675372049946 0
    outer loop
      vertex 8.585719869955128 -7.967062583557483 8.25
      vertex 8.585719869955128 -7.967062583557483 35.03
      vertex 8.691902495255647 -7.803097631067178 8.25
    endloop
  endfacet
  facet normal -0.8785122436280444 0.47771983190529116 3.0995007980753623e-19
    outer loop
      vertex 8.691902495255647 -7.803097631067178 8.25
      vertex 8.785222170250691 -7.631485586560746 35.03
      vertex 8.785222170250691 -7.631485586560746 8.25
    endloop
  endfacet
  facet normal -0.9125036227128597 0.40906862326009213 0
    outer loop
      vertex 8.785222170250691 -7.631485586560746 8.25
      vertex 8.785222170250691 -7.631485586560746 35.03
      vertex 8.865131247546167 -7.453233532079898 8.25
    endloop
  endfacet
  facet normal -0.9411400428264429 0.33801689275632557 -1.6077700787884452e-19
    outer loop
      vertex 8.865131247546167 -7.453233532079898 8.25
      vertex 8.931160799740073 -7.2693875264177406 35.03
      vertex 8.931160799740073 -7.2693875264177406 8.25
    endloop
  endfacet
  facet normal -0.9642534994928219 0.2649814874964786 0
    outer loop
      vertex 8.931160799740073 -7.2693875264177406 8.25
      vertex 8.931160799740073 -7.2693875264177406 35.03
      vertex 8.982923327986498 -7.081026447023943 8.25
    endloop
  endfacet
  facet normal -0.9817083170943147 0.19039112413095405 8.222318391766578e-20
    outer loop
      vertex 8.982923327986498 -7.081026447023943 8.25
      vertex 9.02011508063989 -6.889255674758129 35.03
      vertex 9.02011508063989 -6.889255674758129 8.25
    endloop
  endfacet
  facet normal -0.9934020915080405 0.1146834102538408 0
    outer loop
      vertex 9.02011508063989 -6.889255674758129 8.25
      vertex 9.02011508063989 -6.889255674758129 35.03
      vertex 9.04251779004705 -6.695200594504929 8.25
    endloop
  endfacet
  facet normal -0.9992661804668792 0.03830274892399163 -6.121170131988125e-21
    outer loop
      vertex 9.04251779004705 -6.695200594504929 8.25
      vertex 9.05 -6.5 34.99
      vertex 9.05 -6.5 8.25
    endloop
  endfacet
  facet normal 0 0 1
    outer loop
      vertex 6.525881265525236 -6.594180539179436 5.7018712386488914
      vertex 6.597385381744175 -6.4925232836179285 5.7018712386488914
      vertex 6.496258896516338 6.597600297182137 5.7018712386488914
    endloop
  endfacet
  facet normal -0.11501645542880334 2.8615913553332387e-19 0.9933635864982138
    outer loop
      vertex 6.597385381744175 -6.4925232836179285 5.7018712386488914
      vertex 6.984072779980554 -6.537164457533298 5.746643781661987
      vertex 6.984072779980554 6.537164457533297 5.746643781661987
    endloop
  endfacet
  facet normal -0.26570633307800634 0 0.9640540153758188
    outer loop
      vertex 6.984072779980554 -6.537164457533298 5.746643781661987
      vertex 7.359413924080979 -6.56598109541775 5.850092880427837
      vertex 6.984072779980554 6.537164457533297 5.746643781661987
    endloop
  endfacet
  facet normal -0.4100702610266324 0 0.9120539353687093
    outer loop
      vertex 7.359413924080979 -6.56598109541775 5.850092880427837
      vertex 7.714611138004027 -6.406748807359847 6.009793758392334
      vertex 7.359413924080979 6.565981095417751 5.850092880427837
    endloop
  endfacet
  facet normal -0.544693075465319 -4.126371348821667e-19 0.8386354711912276
    outer loop
      vertex 7.714611138004027 -6.406748807359847 6.009793758392334
      vertex 8.041338892808888 -6.381664439325596 6.222003176808357
      vertex 8.041338892808888 6.618335560674403 6.222003176808357
    endloop
  endfacet
  facet normal -0.6664148083425033 0 0.7455811848630733
    outer loop
      vertex 8.041338892808888 -6.618335560674404 6.222003176808357
      vertex 8.331938973963869 6.6406462437408855 6.48174712061882
      vertex 8.041338892808888 -6.381664439325596 6.222003176808357
    endloop
  endfacet
  facet normal -0.6664148083425033 1.0174118524154029e-18 0.7455811848630735
    outer loop
      vertex 8.041338892808888 -6.618335560674404 6.222003176808357
      vertex 8.331938973963869 -6.640646243740886 6.48174712061882
      vertex 8.331938973963869 6.6406462437408855 6.48174712061882
    endloop
  endfacet
  facet normal -0.7724058285622656 0 0.6351293065219397
    outer loop
      vertex 8.331938973963869 -6.640646243740886 6.48174712061882
      vertex 8.579599951771442 -6.659660297563029 6.782937414944172
      vertex 8.331938973963869 6.6406462437408855 6.48174712061882
    endloop
  endfacet
  facet normal -0.8602280255447414 -1.113735566438726e-18 0.5099095449855745
    outer loop
      vertex 8.579599951771442 -6.659660297563029 6.782937414944172
      vertex 8.778516876542987 -6.32506795011158 7.118514411151409
      vertex 8.778516876542987 6.674932049888419 7.118514411151409
    endloop
  endfacet
  facet normal -0.9278824254804692 1.6148581386732445e-19 0.3728729066109278
    outer loop
      vertex 8.924027291017012 -6.686103542777546 7.480612471699715
      vertex 8.778516876542987 6.674932049888419 7.118514411151409
      vertex 8.778516876542987 -6.32506795011158 7.118514411151409
    endloop
  endfacet
  facet normal -0.973843570934636 0 0.2272194959709144
    outer loop
      vertex 8.924027291017012 -6.686103542777546 7.480612471699715
      vertex 9.012720558818351 -6.692912926244273 7.860744327306747
      vertex 8.924027291017012 6.313896457222455 7.480612471699715
    endloop
  endfacet
  facet normal -0.9954452574683805 0 0.09533488020504184
    outer loop
      vertex 9.012720558818351 -6.692912926244273 7.860744327306747
      vertex 9.05 -6.5 8.25
      vertex 9.012720558818351 6.307087073755728 7.860744327306747
    endloop
  endfacet
  facet normal -1 0 0
    outer loop
      vertex 9.05 -6.5 8.25
      vertex 9.05 -6.5 34.99
      vertex 9.05 6.5 8.25
    endloop
  endfacet
  facet normal 0 1 0
    outer loop
      vertex 6.597671970909591 -9.048128761679566 8.25
      vertex -6.3829105533622545 -9.048128761679566 34.99
      vertex 6.597671970909591 -9.048128761679566 34.99
    endloop
  endfacet
  facet normal 0 1 0
    outer loop
      vertex 6.597671970909591 -9.048128761679566 34.99
      vertex -6.3829105533622545 -9.048128761679566 34.99
      vertex 6.597671970909591 -9.048128761679566 35.03
    endloop
  endfacet
  facet normal -0.07654926803690454 0.9970658000167362 1.5806455670640572e-17
    outer loop
      vertex 6.792442734424135 -9.033175325926603 8.25
      vertex 6.597671970909591 -9.048128761679566 34.99
      vertex 6.597671970909591 -9.048128761679566 35.03
    endloop
  endfacet
  facet normal -0.11468342092221043 0.9934020509863546 -0.0002793952094545489
    outer loop
      vertex 6.792442734424135 -9.033175325926603 8.25
      vertex 6.597671970909591 -9.048128761679566 35.03
      vertex 6.985497328369906 -9.00335621599198 35.03
    endloop
  endfacet
  facet normal -0.2649814918542117 0.9642534578175146 -0.000279395209454586
    outer loop
      vertex 7.175702829811783 -8.95884641053181 8.25
      vertex 6.985497328369906 -9.00335621599198 35.03
      vertex 7.361943039941682 -8.899907122347882 35.03
    endloop
  endfacet
  facet normal -0.409068621205045 0.9125035808607658 -0.00027939520945453053
    outer loop
      vertex 7.5431250235677965 -8.82688421929573 8.25
      vertex 7.361943039941682 -8.899907122347882 35.03
      vertex 7.718185537206271 -8.740206239822903 35.03
    endloop
  endfacet
  facet normal -0.5435675287853224 0.8393653933708098 -0.00027939520945456496
    outer loop
      vertex 7.886097250883157 -8.640381834134969 8.25
      vertex 7.718185537206271 -8.740206239822903 35.03
      vertex 8.045874797964927 -8.527996821747237 35.03
    endloop
  endfacet
  facet normal -0.6653256741973452 0.7465531924733596 -0.0002793952094545241
    outer loop
      vertex 8.196580533439366 -8.403710712885601 8.25
      vertex 8.045874797964927 -8.527996821747237 35.03
      vertex 8.337330063682007 -8.268252877020215 35.03
    endloop
  endfacet
  facet normal -0.771489149710072 0.6362424174934793 -0.00027939520945456496
    outer loop
      vertex 8.467297406246736 -8.122418226036578 8.25
      vertex 8.337330063682007 -8.268252877020215 35.03
      vertex 8.585719869955128 -7.967062583557483 35.03
    endloop
  endfacet
  facet normal -0.8595695734374743 0.5110186595016227 -0.0002793952094546667
    outer loop
      vertex 8.691902495255647 -7.803097631067178 8.25
      vertex 8.585719869955128 -7.967062583557483 35.03
      vertex 8.785222170250691 -7.631485586560746 35.03
    endloop
  endfacet
  facet normal -0.9275024149008911 0.3738170572503778 -0.0002793952094544808
    outer loop
      vertex 8.865131247546167 -7.453233532079898 8.25
      vertex 8.785222170250691 -7.631485586560746 35.03
      vertex 8.931160799740073 -7.2693875264177406 35.03
    endloop
  endfacet
  facet normal -0.9736953858736264 0.22785350000982407 -0.0002793952094545029
    outer loop
      vertex 8.982923327986498 -7.081026447023943 8.25
      vertex 8.931160799740073 -7.2693875264177406 35.03
      vertex 9.02011508063989 -6.889255674758129 35.03
    endloop
  endfacet
  facet normal -0.9970657622674226 0.07654924984871271 -0.0002793952094544991
    outer loop
      vertex 9.04251779004705 -6.695200594504929 8.25
      vertex 9.02011508063989 -6.889255674758129 35.03
      vertex 9.05 -6.5 35.03
    endloop
  endfacet
  facet normal -0.9992661804668791 0.03830274892399241 -4.0920022332341346e-18
    outer loop
      vertex 9.04251779004705 -6.695200594504929 8.25
      vertex 9.05 -6.5 35.03
      vertex 9.05 -6.5 34.99
    endloop
  endfacet
  facet normal 0 -0.11476652917031274 0.9933924923121776
    outer loop
      vertex -6.5185958747719335 6.9851410585214495 5.746643781661987
      vertex 6.496258896516338 6.597600297182137 5.7018712386488914
      vertex 6.481404125228067 6.9851410585214495 5.746643781661987
    endloop
  endfacet
  facet normal 0 -0.2651624289833853 0.9642037576444261
    outer loop
      vertex -6.533014774576062 7.361310526184653 5.850092880427837
      vertex 6.481404125228067 6.9851410585214495 5.746643781661987
      vertex 6.46698522542394 7.361310526184653 5.850092880427837
    endloop
  endfacet
  facet normal 0 -0.40931871269840053 0.9123914683045453
    outer loop
      vertex -6.533014774576062 7.361310526184653 5.850092880427837
      vertex 6.46698522542394 7.361310526184653 5.850092880427837
      vertex 6.453340163807958 7.717291608933039 6.009793758392334
    endloop
  endfacet
  facet normal 0 -0.5438486908363704 0.8391832943258379
    outer loop
      vertex -6.5592112306602655 8.044740404588794 6.222003176808357
      vertex 6.453340163807958 7.717291608933039 6.009793758392334
      vertex 6.440788769339733 8.044740404588794 6.222003176808357
    endloop
  endfacet
  facet normal 0 -0.6655978721135187 0.7463105738484186
    outer loop
      vertex -6.5592112306602655 8.044740404588794 6.222003176808357
      vertex 6.440788769339733 8.044740404588794 6.222003176808357
      vertex 6.429625235794038 8.335981798049524 6.48174712061882
    endloop
  endfacet
  facet normal 0 -0.7717183763015876 0.6359644232804545
    outer loop
      vertex -6.579888772676732 8.584189327778525 6.782937414944172
      vertex 6.429625235794038 8.335981798049524 6.48174712061882
      vertex 6.420111227323268 8.584189327778525 6.782937414944172
    endloop
  endfacet
  facet normal 0 -0.8597343078998931 0.5107415391564424
    outer loop
      vertex -6.587530256304913 8.783545233403657 7.118514411151409
      vertex 6.420111227323268 8.584189327778525 6.782937414944172
      vertex 6.4124697436950875 8.783545233403657 7.118514411151409
    endloop
  endfacet
  facet normal 0 -0.9275975419447079 0.3735810490082918
    outer loop
      vertex -6.587530256304913 8.783545233403657 7.118514411151409
      vertex 6.4124697436950875 8.783545233403657 7.118514411151409
      vertex 6.406879895313857 8.929376768295292 7.480612471699715
    endloop
  endfacet
  facet normal 0 -0.9737325106253029 0.22769496646027212
    outer loop
      vertex -6.596527296681556 9.018265769297571 7.860744327306747
      vertex 6.406879895313857 8.929376768295292 7.480612471699715
      vertex 6.403472703318442 9.018265769297571 7.860744327306747
    endloop
  endfacet
  facet normal 0 -0.9970700863999368 0.07649341675217834
    outer loop
      vertex -6.596527296681556 9.018265769297571 7.860744327306747
      vertex 6.403472703318442 9.018265769297571 7.860744327306747
      vertex 6.597671970909591 9.048128761679564 8.25
    endloop
  endfacet
  facet normal 0 0 1
    outer loop
      vertex 6.597385381744175 -6.4925232836179285 5.7018712386488914
      vertex 6.590590992251464 6.536511450097358 5.7018712386488914
      vertex 6.496258896516338 6.597600297182137 5.7018712386488914
    endloop
  endfacet
  facet normal 0 0 1
    outer loop
      vertex 6.597385381744175 -6.4925232836179285 5.7018712386488914
      vertex 6.597385381744175 6.507476716382072 5.7018712386488914
      vertex 6.590590992251464 6.536511450097358 5.7018712386488914
    endloop
  endfacet
  facet normal -0.11501645542880334 0 0.9933635864982137
    outer loop
      vertex 6.597385381744175 -6.4925232836179285 5.7018712386488914
      vertex 6.984072779980554 6.537164457533297 5.746643781661987
      vertex 6.597385381744175 6.507476716382072 5.7018712386488914
    endloop
  endfacet
  facet normal -0.2657063330780064 0 0.9640540153758189
    outer loop
      vertex 7.359413924080979 -6.56598109541775 5.850092880427837
      vertex 7.359413924080979 6.565981095417751 5.850092880427837
      vertex 6.984072779980554 6.537164457533297 5.746643781661987
    endloop
  endfacet
  facet normal -0.41007026102663235 0 0.9120539353687092
    outer loop
      vertex 7.714611138004027 -6.406748807359847 6.009793758392334
      vertex 7.714611138004027 6.593251192640153 6.009793758392334
      vertex 7.359413924080979 6.565981095417751 5.850092880427837
    endloop
  endfacet
  facet normal -0.544693075465319 0 0.8386354711912276
    outer loop
      vertex 7.714611138004027 -6.406748807359847 6.009793758392334
      vertex 8.041338892808888 6.618335560674403 6.222003176808357
      vertex 7.714611138004027 6.593251192640153 6.009793758392334
    endloop
  endfacet
  facet normal -0.6664148083425033 0 0.7455811848630735
    outer loop
      vertex 8.041338892808888 -6.381664439325596 6.222003176808357
      vertex 8.331938973963869 6.6406462437408855 6.48174712061882
      vertex 8.041338892808888 6.618335560674403 6.222003176808357
    endloop
  endfacet
  facet normal -0.7724058285622655 0 0.6351293065219398
    outer loop
      vertex 8.579599951771442 -6.659660297563029 6.782937414944172
      vertex 8.579599951771442 6.659660297563029 6.782937414944172
      vertex 8.331938973963869 6.6406462437408855 6.48174712061882
    endloop
  endfacet
  facet normal -0.8602280255447414 0 0.5099095449855745
    outer loop
      vertex 8.579599951771442 -6.659660297563029 6.782937414944172
      vertex 8.778516876542987 6.674932049888419 7.118514411151409
      vertex 8.579599951771442 6.659660297563029 6.782937414944172
    endloop
  endfacet
  facet normal -0.9278824254804692 0 0.37287290661092776
    outer loop
      vertex 8.924027291017012 -6.686103542777546 7.480612471699715
      vertex 8.924027291017012 6.313896457222455 7.480612471699715
      vertex 8.778516876542987 6.674932049888419 7.118514411151409
    endloop
  endfacet
  facet normal -0.973843570934636 0 0.2272194959709144
    outer loop
      vertex 9.012720558818351 -6.692912926244273 7.860744327306747
      vertex 9.012720558818351 6.307087073755728 7.860744327306747
      vertex 8.924027291017012 6.313896457222455 7.480612471699715
    endloop
  endfacet
  facet normal -0.9954452574683805 0 0.09533488020504184
    outer loop
      vertex 9.05 -6.5 8.25
      vertex 9.05 6.5 8.25
      vertex 9.012720558818351 6.307087073755728 7.860744327306747
    endloop
  endfacet
  facet normal 0 0 1
    outer loop
      vertex 6.496258896516338 6.597600297182137 5.7018712386488914
      vertex 6.525881265525236 6.594180539179437 5.7018712386488914
      vertex 6.511201356168161 6.59702753982922 5.7018712386488914
    endloop
  endfacet
  facet normal 0 0 1
    outer loop
      vertex 6.496258896516338 6.597600297182137 5.7018712386488914
      vertex 6.553091313830812 6.581982475328786 5.7018712386488914
      vertex 6.525881265525236 6.594180539179437 5.7018712386488914
    endloop
  endfacet
  facet normal 0 0 1
    outer loop
      vertex 6.496258896516338 6.597600297182137 5.7018712386488914
      vertex 6.590590992251464 6.536511450097358 5.7018712386488914
      vertex 6.553091313830812 6.581982475328786 5.7018712386488914
    endloop
  endfacet
  facet normal 0 0 1
    outer loop
      vertex 6.539954539954337 6.589126026515007 5.7018712386488914
      vertex 6.525881265525236 6.594180539179437 5.7018712386488914
      vertex 6.553091313830812 6.581982475328786 5.7018712386488914
    endloop
  endfacet
  facet normal 0 0 1
    outer loop
      vertex 6.5649836723092 6.5729173244059815 5.7018712386488914
      vertex 6.553091313830812 6.581982475328786 5.7018712386488914
      vertex 6.575352868586268 6.562143053200959 5.7018712386488914
    endloop
  endfacet
  facet normal -0.004405444662258503 -0.11493205417434155 0.9933635864982135
    outer loop
      vertex 6.496258896516338 6.597600297182137 5.7018712386488914
      vertex 6.511201356168161 6.59702753982922 5.7018712386488914
      vertex 6.555678496328312 6.982294057882186 5.746643781661987
    endloop
  endfacet
  facet normal -0.02189811052126821 -0.11291261123100516 0.9933635864982138
    outer loop
      vertex 6.511201356168161 6.59702753982922 5.7018712386488914
      vertex 6.525881265525236 6.594180539179437 5.7018712386488914
      vertex 6.555678496328312 6.982294057882186 5.746643781661987
    endloop
  endfacet
  facet normal 0 0 1
    outer loop
      vertex 6.590590992251464 6.536511450097358 5.7018712386488914
      vertex 6.597385381744175 6.507476716382072 5.7018712386488914
      vertex 6.595102750936114 6.522254901251188 5.7018712386488914
    endloop
  endfacet
  facet normal 0 0 1
    outer loop
      vertex 6.575352868586268 6.562143053200959 5.7018712386488914
      vertex 6.553091313830812 6.581982475328786 5.7018712386488914
      vertex 6.590590992251464 6.536511450097358 5.7018712386488914
    endloop
  endfacet
  facet normal 0 0 1
    outer loop
      vertex 6.575352868586268 6.562143053200959 5.7018712386488914
      vertex 6.590590992251464 6.536511450097358 5.7018712386488914
      vertex 6.583955857489805 6.549912201498916 5.7018712386488914
    endloop
  endfacet
  facet normal -0.11366851131289211 -0.017557179594598765 0.9933635864982137
    outer loop
      vertex 6.597385381744175 6.507476716382072 5.7018712386488914
      vertex 6.972726524298871 6.610622269214446 5.746643781661987
      vertex 6.595102750936114 6.522254901251188 5.7018712386488914
    endloop
  endfacet
  facet normal -0.10965627363276852 -0.03470283378027579 0.9933635864982135
    outer loop
      vertex 6.590590992251464 6.536511450097358 5.7018712386488914
      vertex 6.595102750936114 6.522254901251188 5.7018712386488914
      vertex 6.972726524298871 6.610622269214446 5.746643781661987
    endloop
  endfacet
  facet normal -0.054945640213360424 -0.10104336515056117 0.9933635864982138
    outer loop
      vertex 6.539954539954337 6.589126026515007 5.7018712386488914
      vertex 6.553091313830812 6.581982475328786 5.7018712386488914
      vertex 6.6986017293575735 6.943018065453348 5.746643781661987
    endloop
  endfacet
  facet normal -0.03887750322967856 -0.10824659238069245 0.993363586498214
    outer loop
      vertex 6.539954539954337 6.589126026515007 5.7018712386488914
      vertex 6.6986017293575735 6.943018065453348 5.746643781661987
      vertex 6.525881265525236 6.594180539179437 5.7018712386488914
    endloop
  endfacet
  facet normal -0.06972589796025774 -0.0914717670816604 0.9933635864982138
    outer loop
      vertex 6.5649836723092 6.5729173244059815 5.7018712386488914
      vertex 6.82301384812245 6.862449592554569 5.746643781661987
      vertex 6.553091313830812 6.581982475328786 5.7018712386488914
    endloop
  endfacet
  facet normal -0.10307378583904546 -0.051035082954892404 0.9933635864982137
    outer loop
      vertex 6.590590992251464 6.536511450097358 5.7018712386488914
      vertex 6.917318745409872 6.748098202233262 5.746643781661987
      vertex 6.583955857489805 6.549912201498916 5.7018712386488914
    endloop
  endfacet
  facet normal -0.0940753358665314 -0.06617111304040024 0.9933635864982137
    outer loop
      vertex 6.575352868586268 6.562143053200959 5.7018712386488914
      vertex 6.583955857489805 6.549912201498916 5.7018712386488914
      vertex 6.917318745409872 6.748098202233262 5.746643781661987
    endloop
  endfacet
  facet normal -0.08287183975587563 -0.07975614832025436 0.9933635864982138
    outer loop
      vertex 6.5649836723092 6.5729173244059815 5.7018712386488914
      vertex 6.575352868586268 6.562143053200959 5.7018712386488914
      vertex 6.82301384812245 6.862449592554569 5.746643781661987
    endloop
  endfacet
  facet normal -0.004405444662259462 -0.11493205417434141 0.9933635864982137
    outer loop
      vertex 6.496258896516338 6.597600297182137 5.7018712386488914
      vertex 6.555678496328312 6.982294057882186 5.746643781661987
      vertex 6.481404125228067 6.9851410585214495 5.746643781661987
    endloop
  endfacet
  facet normal -0.021898110521280656 -0.11291261123100418 0.9933635864982137
    outer loop
      vertex 6.525881265525236 6.594180539179437 5.7018712386488914
      vertex 6.62864781066553 6.9681424932996485 5.746643781661987
      vertex 6.555678496328312 6.982294057882186 5.746643781661987
    endloop
  endfacet
  facet normal -0.038877503229654616 -0.10824659238070425 0.9933635864982135
    outer loop
      vertex 6.525881265525236 6.594180539179437 5.7018712386488914
      vertex 6.6986017293575735 6.943018065453348 5.746643781661987
      vertex 6.62864781066553 6.9681424932996485 5.746643781661987
    endloop
  endfacet
  facet normal -0.0697258979602507 -0.09147176708166711 0.9933635864982135
    outer loop
      vertex 6.553091313830812 6.581982475328786 5.7018712386488914
      vertex 6.82301384812245 6.862449592554569 5.746643781661987
      vertex 6.763900591840496 6.90750966963752 5.746643781661987
    endloop
  endfacet
  facet normal -0.05494564021337326 -0.10104336515055602 0.9933635864982137
    outer loop
      vertex 6.553091313830812 6.581982475328786 5.7018712386488914
      vertex 6.763900591840496 6.90750966963752 5.746643781661987
      vertex 6.6986017293575735 6.943018065453348 5.746643781661987
    endloop
  endfacet
  facet normal -0.11366851131289116 -0.01755717959460218 0.9933635864982137
    outer loop
      vertex 6.597385381744175 6.507476716382072 5.7018712386488914
      vertex 6.984072779980554 6.537164457533297 5.746643781661987
      vertex 6.972726524298871 6.610622269214446 5.746643781661987
    endloop
  endfacet
  facet normal -0.09407533586653492 -0.06617111304039379 0.9933635864982138
    outer loop
      vertex 6.575352868586268 6.562143053200959 5.7018712386488914
      vertex 6.917318745409872 6.748098202233262 5.746643781661987
      vertex 6.874555933578254 6.808894004220168 5.746643781661987
    endloop
  endfacet
  facet normal -0.10965627363276892 -0.03470283378027364 0.9933635864982137
    outer loop
      vertex 6.590590992251464 6.536511450097358 5.7018712386488914
      vertex 6.972726524298871 6.610622269214446 5.746643781661987
      vertex 6.950299959552048 6.6814871886642955 5.746643781661987
    endloop
  endfacet
  facet normal -0.10307378583904081 -0.051035082954899565 0.9933635864982137
    outer loop
      vertex 6.590590992251464 6.536511450097358 5.7018712386488914
      vertex 6.950299959552048 6.6814871886642955 5.746643781661987
      vertex 6.917318745409872 6.748098202233262 5.746643781661987
    endloop
  endfacet
  facet normal -0.08287183975587512 -0.07975614832025474 0.9933635864982137
    outer loop
      vertex 6.575352868586268 6.562143053200959 5.7018712386488914
      vertex 6.874555933578254 6.808894004220168 5.746643781661987
      vertex 6.82301384812245 6.862449592554569 5.746643781661987
    endloop
  endfacet
  facet normal -0.12693318121558608 -0.23342626875364908 0.9640540153758193
    outer loop
      vertex 6.763900591840496 6.90750966963752 5.746643781661987
      vertex 6.968524264491894 7.2234851839803795 5.850092880427837
      vertex 6.6986017293575735 6.943018065453348 5.746643781661987
    endloop
  endfacet
  facet normal -0.161077930966647 -0.21131435254914316 0.9640540153758194
    outer loop
      vertex 6.763900591840496 6.90750966963752 5.746643781661987
      vertex 6.82301384812245 6.862449592554569 5.746643781661987
      vertex 6.968524264491894 7.2234851839803795 5.850092880427837
    endloop
  endfacet
  facet normal -0.2173290111661617 -0.15286581155804044 0.964054015375819
    outer loop
      vertex 6.917318745409872 6.748098202233262 5.746643781661987
      vertex 7.164979726142075 7.048404742573226 5.850092880427837
      vertex 6.874555933578254 6.808894004220168 5.746643781661987
    endloop
  endfacet
  facet normal -0.19144715053918554 -0.18424940702261805 0.964054015375819
    outer loop
      vertex 6.82301384812245 6.862449592554569 5.746643781661987
      vertex 6.874555933578254 6.808894004220168 5.746643781661987
      vertex 7.164979726142075 7.048404742573226 5.850092880427837
    endloop
  endfacet
  facet normal -0.19144715053918504 -0.18424940702261894 0.9640540153758191
    outer loop
      vertex 6.82301384812245 6.862449592554569 5.746643781661987
      vertex 7.164979726142075 7.048404742573226 5.850092880427837
      vertex 7.0734728541409915 7.14348635060907 5.850092880427837
    endloop
  endfacet
  facet normal -0.01017727891563848 -0.2655113527358739 0.9640540153758188
    outer loop
      vertex 6.481404125228067 6.9851410585214495 5.746643781661987
      vertex 6.555678496328312 6.982294057882186 5.746643781661987
      vertex 6.46698522542394 7.361310526184653 5.850092880427837
    endloop
  endfacet
  facet normal -0.010177278915645177 -0.26551135273587534 0.9640540153758184
    outer loop
      vertex 6.555678496328312 6.982294057882186 5.746643781661987
      vertex 6.598850579903225 7.356256013531926 5.850092880427837
      vertex 6.46698522542394 7.361310526184653 5.850092880427837
    endloop
  endfacet
  facet normal -0.05058812346680267 -0.260846117858532 0.9640540153758193
    outer loop
      vertex 6.555678496328312 6.982294057882186 5.746643781661987
      vertex 6.62864781066553 6.9681424932996485 5.746643781661987
      vertex 6.72839896057145 7.331131585650958 5.850092880427837
    endloop
  endfacet
  facet normal -0.08981322528039595 -0.25006687106150743 0.9640540153758193
    outer loop
      vertex 6.62864781066553 6.9681424932996485 5.746643781661987
      vertex 6.6986017293575735 6.943018065453348 5.746643781661987
      vertex 6.72839896057145 7.331131585650958 5.850092880427837
    endloop
  endfacet
  facet normal -0.05058812346679269 -0.2608461178585367 0.9640540153758185
    outer loop
      vertex 6.555678496328312 6.982294057882186 5.746643781661987
      vertex 6.72839896057145 7.331131585650958 5.850092880427837
      vertex 6.598850579903225 7.356256013531926 5.850092880427837
    endloop
  endfacet
  facet normal -0.015706812002307648 -0.40976934369858964 0.91205393536871
    outer loop
      vertex 6.46698522542394 7.361310526184653 5.850092880427837
      vertex 6.639705690103877 7.71014805773709 6.009793758392334
      vertex 6.453340163807958 7.717291608933039 6.009793758392334
    endloop
  endfacet
  facet normal -0.015706812002309972 -0.40976934369858864 0.9120539353687104
    outer loop
      vertex 6.46698522542394 7.361310526184653 5.850092880427837
      vertex 6.598850579903225 7.356256013531926 5.850092880427837
      vertex 6.639705690103877 7.71014805773709 6.009793758392334
    endloop
  endfacet
  facet normal -0.07807373183229584 -0.40256938703312556 0.9120539353687107
    outer loop
      vertex 6.72839896057145 7.331131585650958 5.850092880427837
      vertex 6.639705690103877 7.71014805773709 6.009793758392334
      vertex 6.598850579903225 7.356256013531926 5.850092880427837
    endloop
  endfacet
  facet normal -0.08981322528039909 -0.2500668710615071 0.9640540153758189
    outer loop
      vertex 6.6986017293575735 6.943018065453348 5.746643781661987
      vertex 6.852593863185859 7.286526137836795 5.850092880427837
      vertex 6.72839896057145 7.331131585650958 5.850092880427837
    endloop
  endfacet
  facet normal -0.1269331812155832 -0.2334262687536517 0.9640540153758189
    outer loop
      vertex 6.6986017293575735 6.943018065453348 5.746643781661987
      vertex 6.968524264491894 7.2234851839803795 5.850092880427837
      vertex 6.852593863185859 7.286526137836795 5.850092880427837
    endloop
  endfacet
  facet normal -0.16107793096665216 -0.21131435254914094 0.9640540153758189
    outer loop
      vertex 6.82301384812245 6.862449592554569 5.746643781661987
      vertex 7.0734728541409915 7.14348635060907 5.850092880427837
      vertex 6.968524264491894 7.2234851839803795 5.850092880427837
    endloop
  endfacet
  facet normal -0.13861066956038454 -0.38593354513759426 0.9120539353687097
    outer loop
      vertex 6.72839896057145 7.331131585650958 5.850092880427837
      vertex 6.852593863185859 7.286526137836795 5.850092880427837
      vertex 6.998321497263824 7.611598707653528 6.009793758392334
    endloop
  endfacet
  facet normal -0.07807373183230763 -0.4025693870331276 0.9120539353687088
    outer loop
      vertex 6.72839896057145 7.331131585650958 5.850092880427837
      vertex 6.822796633432816 7.674639661741715 6.009793758392334
      vertex 6.639705690103877 7.71014805773709 6.009793758392334
    endloop
  endfacet
  facet normal -0.13861066956038037 -0.38593354513759776 0.9120539353687087
    outer loop
      vertex 6.72839896057145 7.331131585650958 5.850092880427837
      vertex 6.998321497263824 7.611598707653528 6.009793758392334
      vertex 6.822796633432816 7.674639661741715 6.009793758392334
    endloop
  endfacet
  facet normal -0.19589869067491789 -0.3602517480461445 0.9120539353687095
    outer loop
      vertex 6.852593863185859 7.286526137836795 5.850092880427837
      vertex 6.968524264491894 7.2234851839803795 5.850092880427837
      vertex 6.998321497263824 7.611598707653528 6.009793758392334
    endloop
  endfacet
  facet normal -0.19589869067491797 -0.36025174804614457 0.9120539353687095
    outer loop
      vertex 6.968524264491894 7.2234851839803795 5.850092880427837
      vertex 7.162166127556688 7.522502822005315 6.009793758392334
      vertex 6.998321497263824 7.611598707653528 6.009793758392334
    endloop
  endfacet
  facet normal -0.26259236745545306 -0.040559881556787025 0.9640540153758189
    outer loop
      vertex 6.984072779980554 6.537164457533297 5.746643781661987
      vertex 7.339269990105983 6.696396745299641 5.850092880427837
      vertex 6.972726524298871 6.610622269214446 5.746643781661987
    endloop
  endfacet
  facet normal -0.2533234593027183 -0.08016907386682438 0.9640540153758189
    outer loop
      vertex 6.972726524298871 6.610622269214446 5.746643781661987
      vertex 7.339269990105983 6.696396745299641 5.850092880427837
      vertex 6.950299959552048 6.6814871886642955 5.746643781661987
    endloop
  endfacet
  facet normal -0.262592367455454 -0.04055988155678475 0.9640540153758188
    outer loop
      vertex 6.984072779980554 6.537164457533297 5.746643781661987
      vertex 7.359413924080979 6.565981095417751 5.850092880427837
      vertex 7.339269990105983 6.696396745299641 5.850092880427837
    endloop
  endfacet
  facet normal -0.23811686397093182 -0.1178991710335933 0.9640540153758193
    outer loop
      vertex 6.917318745409872 6.748098202233262 5.746643781661987
      vertex 6.950299959552048 6.6814871886642955 5.746643781661987
      vertex 7.2994542788951655 6.822209021929872 5.850092880427837
    endloop
  endfacet
  facet normal -0.2533234593027183 -0.08016907386682347 0.964054015375819
    outer loop
      vertex 6.950299959552048 6.6814871886642955 5.746643781661987
      vertex 7.339269990105983 6.696396745299641 5.850092880427837
      vertex 7.2994542788951655 6.822209021929872 5.850092880427837
    endloop
  endfacet
  facet normal -0.23811686397093032 -0.11789917103360048 0.9640540153758187
    outer loop
      vertex 6.917318745409872 6.748098202233262 5.746643781661987
      vertex 7.2994542788951655 6.822209021929872 5.850092880427837
      vertex 7.240900036973066 6.94046899217777 5.850092880427837
    endloop
  endfacet
  facet normal -0.21732901116616432 -0.1528658115580382 0.9640540153758189
    outer loop
      vertex 6.917318745409872 6.748098202233262 5.746643781661987
      vertex 7.240900036973066 6.94046899217777 5.850092880427837
      vertex 7.164979726142075 7.048404742573226 5.850092880427837
    endloop
  endfacet
  facet normal -0.36749084386609215 -0.18195630973680213 0.9120539353687107
    outer loop
      vertex 7.2994542788951655 6.822209021929872 5.850092880427837
      vertex 7.547115262901293 7.122515564216197 6.009793758392334
      vertex 7.240900036973066 6.94046899217777 5.850092880427837
    endloop
  endfacet
  facet normal -0.3354085064709552 -0.235921073169336 0.9120539353687105
    outer loop
      vertex 7.164979726142075 7.048404742573226 5.850092880427837
      vertex 7.240900036973066 6.94046899217777 5.850092880427837
      vertex 7.547115262901293 7.122515564216197 6.009793758392334
    endloop
  endfacet
  facet normal -0.40526441134711344 -0.06259693182516993 0.9120539353687108
    outer loop
      vertex 7.339269990105983 6.696396745299641 5.850092880427837
      vertex 7.359413924080979 6.565981095417751 5.850092880427837
      vertex 7.686141682385877 6.77756784900102 6.009793758392334
    endloop
  endfacet
  facet normal -0.4052644113471187 -0.06259693182516056 0.912053935368709
    outer loop
      vertex 7.359413924080979 6.565981095417751 5.850092880427837
      vertex 7.714611138004027 6.593251192640153 6.009793758392334
      vertex 7.686141682385877 6.77756784900102 6.009793758392334
    endloop
  endfacet
  facet normal -0.3909595073518144 -0.123726644623032 0.9120539353687108
    outer loop
      vertex 7.339269990105983 6.696396745299641 5.850092880427837
      vertex 7.686141682385877 6.77756784900102 6.009793758392334
      vertex 7.2994542788951655 6.822209021929872 5.850092880427837
    endloop
  endfacet
  facet normal -0.36749084386609987 -0.1819563097367949 0.912053935368709
    outer loop
      vertex 7.2994542788951655 6.822209021929872 5.850092880427837
      vertex 7.6298700710596705 6.9553785502369045 6.009793758392334
      vertex 7.547115262901293 7.122515564216197 6.009793758392334
    endloop
  endfacet
  facet normal -0.390959507351815 -0.1237266446230434 0.912053935368709
    outer loop
      vertex 7.686141682385877 6.77756784900102 6.009793758392334
      vertex 7.6298700710596705 6.9553785502369045 6.009793758392334
      vertex 7.2994542788951655 6.822209021929872 5.850092880427837
    endloop
  endfacet
  facet normal -0.24859501251606705 -0.3261259553157154 0.9120539353687086
    outer loop
      vertex 6.968524264491894 7.2234851839803795 5.850092880427837
      vertex 7.0734728541409915 7.14348635060907 5.850092880427837
      vertex 7.3104901450456055 7.409440336842501 6.009793758392334
    endloop
  endfacet
  facet normal -0.29546447796320036 -0.2843560466042289 0.9120539353687079
    outer loop
      vertex 7.164979726142075 7.048404742573226 5.850092880427837
      vertex 7.439816960474246 7.275061340989986 6.009793758392334
      vertex 7.0734728541409915 7.14348635060907 5.850092880427837
    endloop
  endfacet
  facet normal -0.29546447796320185 -0.2843560466042252 0.9120539353687084
    outer loop
      vertex 7.0734728541409915 7.14348635060907 5.850092880427837
      vertex 7.439816960474246 7.275061340989986 6.009793758392334
      vertex 7.3104901450456055 7.409440336842501 6.009793758392334
    endloop
  endfacet
  facet normal -0.2485950125160697 -0.3261259553157113 0.9120539353687094
    outer loop
      vertex 6.968524264491894 7.2234851839803795 5.850092880427837
      vertex 7.3104901450456055 7.409440336842501 6.009793758392334
      vertex 7.162166127556688 7.522502822005315 6.009793758392334
    endloop
  endfacet
  facet normal -0.3354085064709514 -0.23592107316935051 0.9120539353687082
    outer loop
      vertex 7.164979726142075 7.048404742573226 5.850092880427837
      vertex 7.547115262901293 7.122515564216197 6.009793758392334
      vertex 7.439816960474246 7.275061340989986 6.009793758392334
    endloop
  endfacet
  facet normal -0.26021067715617857 -0.4785195397826441 0.838635471191226
    outer loop
      vertex 6.998321497263824 7.611598707653528 6.009793758392334
      vertex 7.162166127556688 7.522502822005315 6.009793758392334
      vertex 7.340287375909433 7.797553857569191 6.222003176808357
    endloop
  endfacet
  facet normal -0.33020678352464955 -0.43319051994956403 0.8386354711912272
    outer loop
      vertex 7.162166127556688 7.522502822005315 6.009793758392334
      vertex 7.3104901450456055 7.409440336842501 6.009793758392334
      vertex 7.528510231554428 7.654077809765575 6.222003176808357
    endloop
  endfacet
  facet normal -0.3302067835246478 -0.4331905199495674 0.8386354711912262
    outer loop
      vertex 7.162166127556688 7.522502822005315 6.009793758392334
      vertex 7.528510231554428 7.654077809765575 6.222003176808357
      vertex 7.340287375909433 7.797553857569191 6.222003176808357
    endloop
  endfacet
  facet normal -0.44552045902939735 -0.3133720904070752 0.8386354711912293
    outer loop
      vertex 7.439816960474246 7.275061340989986 6.009793758392334
      vertex 7.547115262901293 7.122515564216197 6.009793758392334
      vertex 7.692625679096636 7.483551156252048 6.222003176808357
    endloop
  endfacet
  facet normal -0.3924631227575852 -0.37770788148413087 0.8386354711912288
    outer loop
      vertex 7.3104901450456055 7.409440336842501 6.009793758392334
      vertex 7.439816960474246 7.275061340989986 6.009793758392334
      vertex 7.692625679096636 7.483551156252048 6.222003176808357
    endloop
  endfacet
  facet normal -0.39246312275758327 -0.37770788148413625 0.8386354711912273
    outer loop
      vertex 7.3104901450456055 7.409440336842501 6.009793758392334
      vertex 7.692625679096636 7.483551156252048 6.222003176808357
      vertex 7.528510231554428 7.654077809765575 6.222003176808357
    endloop
  endfacet
  facet normal -0.02086323381235626 -0.5442933693650523 0.8386354711912261
    outer loop
      vertex 6.453340163807958 7.717291608933039 6.009793758392334
      vertex 6.639705690103877 7.71014805773709 6.009793758392334
      vertex 6.440788769339733 8.044740404588794 6.222003176808357
    endloop
  endfacet
  facet normal -0.10370471879215948 -0.5347297240289808 0.8386354711912257
    outer loop
      vertex 6.639705690103877 7.71014805773709 6.009793758392334
      vertex 6.822796633432816 7.674639661741715 6.009793758392334
      vertex 6.67728621693497 8.035675253655647 6.222003176808357
    endloop
  endfacet
  facet normal -0.0208632338123569 -0.5442933693650526 0.8386354711912258
    outer loop
      vertex 6.639705690103877 7.71014805773709 6.009793758392334
      vertex 6.67728621693497 8.035675253655647 6.222003176808357
      vertex 6.440788769339733 8.044740404588794 6.222003176808357
    endloop
  endfacet
  facet normal -0.025525508931030297 -0.6659257805281225 0.7455811848630722
    outer loop
      vertex 6.440788769339733 8.044740404588794 6.222003176808357
      vertex 6.710711305518231 8.325207526812505 6.48174712061882
      vertex 6.429625235794038 8.335981798049524 6.48174712061882
    endloop
  endfacet
  facet normal -0.025525508931041645 -0.6659257805281164 0.7455811848630775
    outer loop
      vertex 6.440788769339733 8.044740404588794 6.222003176808357
      vertex 6.67728621693497 8.035675253655647 6.222003176808357
      vertex 6.710711305518231 8.325207526812505 6.48174712061882
    endloop
  endfacet
  facet normal -0.10370471879215884 -0.5347297240289807 0.8386354711912258
    outer loop
      vertex 6.67728621693497 8.035675253655647 6.222003176808357
      vertex 6.822796633432816 7.674639661741715 6.009793758392334
      vertex 6.909628225866079 7.990615176354801 6.222003176808357
    endloop
  endfacet
  facet normal -0.18411545305951277 -0.5126324671775704 0.8386354711912247
    outer loop
      vertex 6.998321497263824 7.611598707653528 6.009793758392334
      vertex 7.132368896367673 7.910616342707037 6.222003176808357
      vertex 6.822796633432816 7.674639661741715 6.009793758392334
    endloop
  endfacet
  facet normal -0.18411545305951502 -0.5126324671775682 0.8386354711912256
    outer loop
      vertex 6.822796633432816 7.674639661741715 6.009793758392334
      vertex 7.132368896367673 7.910616342707037 6.222003176808357
      vertex 6.909628225866079 7.990615176354801 6.222003176808357
    endloop
  endfacet
  facet normal -0.12687945452409058 -0.6542249619189404 0.7455811848630772
    outer loop
      vertex 6.67728621693497 8.035675253655647 6.222003176808357
      vertex 6.909628225866079 7.990615176354801 6.222003176808357
      vertex 6.710711305518231 8.325207526812505 6.48174712061882
    endloop
  endfacet
  facet normal -0.12687945452409352 -0.6542249619189413 0.7455811848630759
    outer loop
      vertex 6.710711305518231 8.325207526812505 6.48174712061882
      vertex 6.909628225866079 7.990615176354801 6.222003176808357
      vertex 6.9868584808317 8.27165193812116 6.48174712061882
    endloop
  endfacet
  facet normal -0.02958525475204149 -0.7718390225288015 0.6351293065219403
    outer loop
      vertex 6.429625235794038 8.335981798049524 6.48174712061882
      vertex 6.710711305518231 8.325207526812505 6.48174712061882
      vertex 6.420111227323268 8.584189327778525 6.782937414944172
    endloop
  endfacet
  facet normal -0.03294908497513734 -0.8595967739189726 0.5099095449855747
    outer loop
      vertex 6.420111227323268 8.584189327778525 6.782937414944172
      vertex 6.739197498945757 8.57195847606167 6.782937414944172
      vertex 6.4124697436950875 8.783545233403657 7.118514411151409
    endloop
  endfacet
  facet normal -0.029585254752044616 -0.7718390225288031 0.6351293065219387
    outer loop
      vertex 6.710711305518231 8.325207526812505 6.48174712061882
      vertex 6.739197498945757 8.57195847606167 6.782937414944172
      vertex 6.420111227323268 8.584189327778525 6.782937414944172
    endloop
  endfacet
  facet normal -0.03294908497514372 -0.859596773918975 0.5099095449855701
    outer loop
      vertex 6.4124697436950875 8.783545233403657 7.118514411151409
      vertex 6.739197498945757 8.57195847606167 6.782937414944172
      vertex 6.762077106565869 8.770144481962202 7.118514411151409
    endloop
  endfacet
  facet normal -0.03554043343884064 -0.9272015277740266 0.3728729066109391
    outer loop
      vertex 6.4124697436950875 8.783545233403657 7.118514411151409
      vertex 6.762077106565869 8.770144481962202 7.118514411151409
      vertex 6.778813848256547 8.915120219419734 7.480612471699715
    endloop
  endfacet
  facet normal -0.14705920242523005 -0.7582772283136385 0.6351293065219408
    outer loop
      vertex 6.710711305518231 8.325207526812505 6.48174712061882
      vertex 6.9868584808317 8.27165193812116 6.48174712061882
      vertex 7.052677183927358 8.511162673776496 6.782937414944172
    endloop
  endfacet
  facet normal -0.1470592024252275 -0.7582772283136405 0.6351293065219391
    outer loop
      vertex 6.710711305518231 8.325207526812505 6.48174712061882
      vertex 7.052677183927358 8.511162673776496 6.782937414944172
      vertex 6.739197498945757 8.57195847606167 6.782937414944172
    endloop
  endfacet
  facet normal -0.16377976791799972 -0.8444930097717416 0.5099095449855702
    outer loop
      vertex 6.739197498945757 8.57195847606167 6.782937414944172
      vertex 7.052677183927358 8.511162673776496 6.782937414944172
      vertex 6.762077106565869 8.770144481962202 7.118514411151409
    endloop
  endfacet
  facet normal -0.1637797679179961 -0.8444930097717409 0.5099095449855727
    outer loop
      vertex 6.762077106565869 8.770144481962202 7.118514411151409
      vertex 7.052677183927358 8.511162673776496 6.782937414944172
      vertex 7.105541604185003 8.703533467948791 7.118514411151409
    endloop
  endfacet
  facet normal -0.17666056416162831 -0.910909897073034 0.3728729066109382
    outer loop
      vertex 6.762077106565869 8.770144481962202 7.118514411151409
      vertex 7.105541604185003 8.703533467948791 7.118514411151409
      vertex 7.144212640907764 8.84425529956195 7.480612471699715
    endloop
  endfacet
  facet normal -0.26021067715617696 -0.47851953978264616 0.8386354711912254
    outer loop
      vertex 6.998321497263824 7.611598707653528 6.009793758392334
      vertex 7.340287375909433 7.797553857569191 6.222003176808357
      vertex 7.132368896367673 7.910616342707037 6.222003176808357
    endloop
  endfacet
  facet normal -0.31835956129525933 -0.5854535733173557 0.7455811848630769
    outer loop
      vertex 7.132368896367673 7.910616342707037 6.222003176808357
      vertex 7.340287375909433 7.797553857569191 6.222003176808357
      vertex 7.251594105996585 8.176570329582809 6.48174712061882
    endloop
  endfacet
  facet normal -0.31835956129526094 -0.5854535733173557 0.7455811848630763
    outer loop
      vertex 7.340287375909433 7.797553857569191 6.222003176808357
      vertex 7.498713002338537 8.042191333514154 6.48174712061882
      vertex 7.251594105996585 8.176570329582809 6.48174712061882
    endloop
  endfacet
  facet normal -0.22525945324113228 -0.6271896646977506 0.7455811848630767
    outer loop
      vertex 7.132368896367673 7.910616342707037 6.222003176808357
      vertex 7.251594105996585 8.176570329582809 6.48174712061882
      vertex 6.909628225866079 7.990615176354801 6.222003176808357
    endloop
  endfacet
  facet normal -0.22525945324113128 -0.6271896646977516 0.7455811848630761
    outer loop
      vertex 6.909628225866079 7.990615176354801 6.222003176808357
      vertex 7.251594105996585 8.176570329582809 6.48174712061882
      vertex 6.9868584808317 8.27165193812116 6.48174712061882
    endloop
  endfacet
  facet normal -0.26108620703514823 -0.726942058552783 0.635129306521941
    outer loop
      vertex 6.9868584808317 8.27165193812116 6.48174712061882
      vertex 7.251594105996585 8.176570329582809 6.48174712061882
      vertex 7.052677183927358 8.511162673776496 6.782937414944172
    endloop
  endfacet
  facet normal -0.3689935722385761 -0.6785679830669687 0.6351293065219403
    outer loop
      vertex 7.251594105996585 8.176570329582809 6.48174712061882
      vertex 7.498713002338537 8.042191333514154 6.48174712061882
      vertex 7.353202584145155 8.403226923000442 6.782937414944172
    endloop
  endfacet
  facet normal -0.40399759106168737 -0.529994946385836 0.7455811848630762
    outer loop
      vertex 7.340287375909433 7.797553857569191 6.222003176808357
      vertex 7.528510231554428 7.654077809765575 6.222003176808357
      vertex 7.498713002338537 8.042191333514154 6.48174712061882
    endloop
  endfacet
  facet normal -0.40399759106169275 -0.5299949463858348 0.745581184863074
    outer loop
      vertex 7.528510231554428 7.654077809765575 6.222003176808357
      vertex 7.72242291237556 7.871664679688685 6.48174712061882
      vertex 7.498713002338537 8.042191333514154 6.48174712061882
    endloop
  endfacet
  facet normal -0.36899357223858487 -0.6785679830669683 0.6351293065219357
    outer loop
      vertex 7.498713002338537 8.042191333514154 6.48174712061882
      vertex 7.633729638931573 8.25068114624959 6.782937414944172
      vertex 7.353202584145155 8.403226923000442 6.782937414944172
    endloop
  endfacet
  facet normal -0.4682520408531826 -0.6142888491856203 0.6351293065219362
    outer loop
      vertex 7.498713002338537 8.042191333514154 6.48174712061882
      vertex 7.887683031886116 8.057100887239187 6.782937414944172
      vertex 7.633729638931573 8.25068114624959 6.782937414944172
    endloop
  endfacet
  facet normal -0.29077159191414875 -0.8095950452345411 0.5099095449855722
    outer loop
      vertex 7.052677183927358 8.511162673776496 6.782937414944172
      vertex 7.4348127198353 8.585273497075022 7.118514411151409
      vertex 7.105541604185003 8.703533467948791 7.118514411151409
    endloop
  endfacet
  facet normal -0.26108620703514956 -0.7269420585527832 0.6351293065219403
    outer loop
      vertex 7.251594105996585 8.176570329582809 6.48174712061882
      vertex 7.353202584145155 8.403226923000442 6.782937414944172
      vertex 7.052677183927358 8.511162673776496 6.782937414944172
    endloop
  endfacet
  facet normal -0.29077159191414415 -0.8095950452345454 0.5099095449855678
    outer loop
      vertex 7.052677183927358 8.511162673776496 6.782937414944172
      vertex 7.353202584145155 8.403226923000442 6.782937414944172
      vertex 7.4348127198353 8.585273497075022 7.118514411151409
    endloop
  endfacet
  facet normal -0.31363992099102167 -0.8732673104360731 0.3728729066109428
    outer loop
      vertex 7.105541604185003 8.703533467948791 7.118514411151409
      vertex 7.4348127198353 8.585273497075022 7.118514411151409
      vertex 7.494511635265418 8.718443022381091 7.480612471699715
    endloop
  endfacet
  facet normal -0.4109479762423962 -0.755720859017991 0.5099095449855678
    outer loop
      vertex 7.353202584145155 8.403226923000442 6.782937414944172
      vertex 7.742172617643185 8.418136482825673 7.118514411151409
      vertex 7.4348127198353 8.585273497075022 7.118514411151409
    endloop
  endfacet
  facet normal -0.4109479762424007 -0.755720859017985 0.509909544985573
    outer loop
      vertex 7.353202584145155 8.403226923000442 6.782937414944172
      vertex 7.633729638931573 8.25068114624959 6.782937414944172
      vertex 7.742172617643185 8.418136482825673 7.118514411151409
    endloop
  endfacet
  facet normal -0.443267823901243 -0.8151560781895472 0.3728729066109436
    outer loop
      vertex 7.742172617643185 8.418136482825673 7.118514411151409
      vertex 7.494511635265418 8.718443022381091 7.480612471699715
      vertex 7.4348127198353 8.585273497075022 7.118514411151409
    endloop
  endfacet
  facet normal -0.03554043343883489 -0.927201527774029 0.3728729066109341
    outer loop
      vertex 6.4124697436950875 8.783545233403657 7.118514411151409
      vertex 6.778813848256547 8.915120219419734 7.480612471699715
      vertex 6.406879895313857 8.929376768295292 7.480612471699715
    endloop
  endfacet
  facet normal -0.037300870953254586 -0.9731289460687387 0.22721949597091085
    outer loop
      vertex 6.406879895313857 8.929376768295292 7.480612471699715
      vertex 6.778813848256547 8.915120219419734 7.480612471699715
      vertex 6.403472703318442 9.018265769297571 7.860744327306747
    endloop
  endfacet
  facet normal -0.17666056416162892 -0.9109098970730337 0.37287290661093875
    outer loop
      vertex 6.762077106565869 8.770144481962202 7.118514411151409
      vertex 7.144212640907764 8.84425529956195 7.480612471699715
      vertex 6.778813848256547 8.915120219419734 7.480612471699715
    endloop
  endfacet
  facet normal -0.18541115762312796 -0.9560303359619828 0.22721949597089952
    outer loop
      vertex 6.778813848256547 8.915120219419734 7.480612471699715
      vertex 7.144212640907764 8.84425529956195 7.480612471699715
      vertex 6.789015429485346 9.00348758441897 7.860744327306747
    endloop
  endfacet
  facet normal -0.1854111576231287 -0.956030335961983 0.22721949597089883
    outer loop
      vertex 7.144212640907764 8.84425529956195 7.480612471699715
      vertex 7.167783878943233 8.930029772419271 7.860744327306747
      vertex 6.789015429485346 9.00348758441897 7.860744327306747
    endloop
  endfacet
  facet normal -0.3136399209910167 -0.8732673104360771 0.3728729066109376
    outer loop
      vertex 7.105541604185003 8.703533467948791 7.118514411151409
      vertex 7.494511635265418 8.718443022381091 7.480612471699715
      vertex 7.144212640907764 8.84425529956195 7.480612471699715
    endloop
  endfacet
  facet normal -0.3291755639055108 -0.9165231850740163 0.2272194959708988
    outer loop
      vertex 7.144212640907764 8.84425529956195 7.480612471699715
      vertex 7.5309000402660615 8.799614122151795 7.860744327306747
      vertex 7.167783878943233 8.930029772419271 7.860744327306747
    endloop
  endfacet
  facet normal -0.22718593274097182 -0.970842577512738 0.076493409213068
    outer loop
      vertex 6.9854973283699024 9.003356215991978 8.25
      vertex 7.167783878943233 8.930029772419271 7.860744327306747
      vertex 7.175702829811783 8.958846410531812 8.25
    endloop
  endfacet
  facet normal -0.3008365689923925 -0.9506030281373227 0.07649340921306852
    outer loop
      vertex 7.167783878943233 8.930029772419271 7.860744327306747
      vertex 7.361943039941682 8.899907122347884 8.25
      vertex 7.175702829811783 8.958846410531812 8.25
    endloop
  endfacet
  facet normal -0.33647729855600456 -0.9368533973748202 0.09533488020504752
    outer loop
      vertex 7.167783878943233 8.930029772419271 7.860744327306747
      vertex 7.5309000402660615 8.799614122151795 7.860744327306747
      vertex 7.361943039941682 8.899907122347884 8.25
    endloop
  endfacet
  facet normal -0.4432678239012541 -0.8151560781895453 0.3728729066109344
    outer loop
      vertex 7.742172617643185 8.418136482825673 7.118514411151409
      vertex 7.821500119801424 8.54063232102073 7.480612471699715
      vertex 7.494511635265418 8.718443022381091 7.480612471699715
    endloop
  endfacet
  facet normal -0.3291755639055155 -0.9165231850740134 0.2272194959709039
    outer loop
      vertex 7.144212640907764 8.84425529956195 7.480612471699715
      vertex 7.494511635265418 8.718443022381091 7.480612471699715
      vertex 7.5309000402660615 8.799614122151795 7.860744327306747
    endloop
  endfacet
  facet normal -0.4652243739662327 -0.8555335075369377 0.22721949597090385
    outer loop
      vertex 7.494511635265418 8.718443022381091 7.480612471699715
      vertex 7.869852778395408 8.615297465923625 7.860744327306747
      vertex 7.5309000402660615 8.799614122151795 7.860744327306747
    endloop
  endfacet
  facet normal -0.3727218344327486 -0.9247849439107729 0.07649340921305048
    outer loop
      vertex 7.5309000402660615 8.799614122151795 7.860744327306747
      vertex 7.5431250235677965 8.826884219295728 8.25
      vertex 7.361943039941682 8.899907122347884 8.25
    endloop
  endfacet
  facet normal -0.44241976371386826 -0.8935398765708947 0.0764934092130504
    outer loop
      vertex 7.5309000402660615 8.799614122151795 7.860744327306747
      vertex 7.718185537206271 8.740206239822903 8.25
      vertex 7.5431250235677965 8.826884219295728 8.25
    endloop
  endfacet
  facet normal -0.037300870953266 -0.9731289460687407 0.2272194959709001
    outer loop
      vertex 6.778813848256547 8.915120219419734 7.480612471699715
      vertex 6.789015429485346 9.00348758441897 7.860744327306747
      vertex 6.403472703318442 9.018265769297571 7.860744327306747
    endloop
  endfacet
  facet normal -0.0381282745998236 -0.9947147808755691 0.09533488020503866
    outer loop
      vertex 6.403472703318442 9.018265769297571 7.860744327306747
      vertex 6.789015429485346 9.00348758441897 7.860744327306747
      vertex 6.597671970909591 9.048128761679564 8.25
    endloop
  endfacet
  facet normal -0.07632498533967116 -0.9941444839458007 0.07649340921305996
    outer loop
      vertex 6.597671970909591 9.048128761679564 8.25
      vertex 6.789015429485346 9.00348758441897 7.860744327306747
      vertex 6.792442734424135 9.033175325926603 8.25
    endloop
  endfacet
  facet normal -0.15220202007097566 -0.9853848504179865 0.07649340921305978
    outer loop
      vertex 6.789015429485346 9.00348758441897 7.860744327306747
      vertex 6.9854973283699024 9.003356215991978 8.25
      vertex 6.792442734424135 9.033175325926603 8.25
    endloop
  endfacet
  facet normal -0.1895239266821152 -0.9772368913581204 0.09533488020504
    outer loop
      vertex 6.789015429485346 9.00348758441897 7.860744327306747
      vertex 7.167783878943233 8.930029772419271 7.860744327306747
      vertex 6.9854973283699024 9.003356215991978 8.25
    endloop
  endfacet
  facet normal -0.5383095034510871 -0.08314700808875579 0.8386354711912276
    outer loop
      vertex 7.714611138004027 6.593251192640153 6.009793758392334
      vertex 8.041338892808888 6.618335560674403 6.222003176808357
      vertex 7.686141682385877 6.77756784900102 6.009793758392334
    endloop
  endfacet
  facet normal -0.5193084129259393 -0.1643451207800538 0.8386354711912272
    outer loop
      vertex 7.686141682385877 6.77756784900102 6.009793758392334
      vertex 7.933802663136156 7.077874389975122 6.222003176808357
      vertex 7.6298700710596705 6.9553785502369045 6.009793758392334
    endloop
  endfacet
  facet normal -0.5383095034510883 -0.08314700808876001 0.8386354711912264
    outer loop
      vertex 7.686141682385877 6.77756784900102 6.009793758392334
      vertex 8.041338892808888 6.618335560674403 6.222003176808357
      vertex 8.005211215539713 6.852232996777573 6.222003176808357
    endloop
  endfacet
  facet normal -0.519308412925941 -0.1643451207800519 0.8386354711912265
    outer loop
      vertex 7.686141682385877 6.77756784900102 6.009793758392334
      vertex 8.005211215539713 6.852232996777573 6.222003176808357
      vertex 7.933802663136156 7.077874389975122 6.222003176808357
    endloop
  endfacet
  facet normal -0.6586047092022288 -0.10172774348634327 0.7455811848630735
    outer loop
      vertex 8.041338892808888 6.618335560674403 6.222003176808357
      vertex 8.331938973963869 6.6406462437408855 6.48174712061882
      vertex 8.005211215539713 6.852232996777573 6.222003176808357
    endloop
  endfacet
  facet normal -0.635357473885719 -0.20107107488579865 0.7455811848630755
    outer loop
      vertex 8.005211215539713 6.852232996777573 6.222003176808357
      vertex 8.28899987709363 6.9186421024756015 6.48174712061882
      vertex 7.933802663136156 7.077874389975122 6.222003176808357
    endloop
  endfacet
  facet normal -0.6586047092022275 -0.10172774348633908 0.7455811848630752
    outer loop
      vertex 8.331938973963869 6.6406462437408855 6.48174712061882
      vertex 8.28899987709363 6.9186421024756015 6.48174712061882
      vertex 8.005211215539713 6.852232996777573 6.222003176808357
    endloop
  endfacet
  facet normal -0.4881351733472112 -0.24169112313272137 0.8386354711912273
    outer loop
      vertex 7.6298700710596705 6.9553785502369045 6.009793758392334
      vertex 7.933802663136156 7.077874389975122 6.222003176808357
      vertex 7.547115262901293 7.122515564216197 6.009793758392334
    endloop
  endfacet
  facet normal -0.48813517334721085 -0.2416911231327312 0.8386354711912246
    outer loop
      vertex 7.547115262901293 7.122515564216197 6.009793758392334
      vertex 7.933802663136156 7.077874389975122 6.222003176808357
      vertex 7.8287869915434705 7.289970897255273 6.222003176808357
    endloop
  endfacet
  facet normal -0.44552045902941195 -0.31337209040706665 0.8386354711912246
    outer loop
      vertex 7.547115262901293 7.122515564216197 6.009793758392334
      vertex 7.8287869915434705 7.289970897255273 6.222003176808357
      vertex 7.692625679096636 7.483551156252048 6.222003176808357
    endloop
  endfacet
  facet normal -0.5972179978853527 -0.29570147070987907 0.745581184863074
    outer loop
      vertex 7.8287869915434705 7.289970897255273 6.222003176808357
      vertex 7.933802663136156 7.077874389975122 6.222003176808357
      vertex 8.07931308245169 7.438909983865944 6.48174712061882
    endloop
  endfacet
  facet normal -0.4801662597061004 -0.4621136871139275 0.7455811848630737
    outer loop
      vertex 7.528510231554428 7.654077809765575 6.222003176808357
      vertex 7.692625679096636 7.483551156252048 6.222003176808357
      vertex 7.917480265424118 7.668987368340389 6.48174712061882
    endloop
  endfacet
  facet normal -0.5450802381930605 -0.38340087468545314 0.7455811848630743
    outer loop
      vertex 7.8287869915434705 7.289970897255273 6.222003176808357
      vertex 8.07931308245169 7.438909983865944 6.48174712061882
      vertex 7.692625679096636 7.483551156252048 6.222003176808357
    endloop
  endfacet
  facet normal -0.5450802381930604 -0.3834008746854535 0.7455811848630741
    outer loop
      vertex 7.692625679096636 7.483551156252048 6.222003176808357
      vertex 8.07931308245169 7.438909983865944 6.48174712061882
      vertex 7.917480265424118 7.668987368340389 6.48174712061882
    endloop
  endfacet
  facet normal -0.6353574738857193 -0.20107107488580045 0.7455811848630747
    outer loop
      vertex 7.933802663136156 7.077874389975122 6.222003176808357
      vertex 8.28899987709363 6.9186421024756015 6.48174712061882
      vertex 8.2041281393903 7.186825345152879 6.48174712061882
    endloop
  endfacet
  facet normal -0.597217997885352 -0.2957014707098797 0.7455811848630745
    outer loop
      vertex 7.933802663136156 7.077874389975122 6.222003176808357
      vertex 8.2041281393903 7.186825345152879 6.48174712061882
      vertex 8.07931308245169 7.438909983865944 6.48174712061882
    endloop
  endfacet
  facet normal -0.6922034995534667 -0.34273178901714757 0.635129306521939
    outer loop
      vertex 8.2041281393903 7.186825345152879 6.48174712061882
      vertex 8.434510290383898 7.2796776939380194 6.782937414944172
      vertex 8.07931308245169 7.438909983865944 6.48174712061882
    endloop
  endfacet
  facet normal -0.6317734056084218 -0.4443794864334903 0.6351293065219428
    outer loop
      vertex 7.917480265424118 7.668987368340389 6.48174712061882
      vertex 8.07931308245169 7.438909983865944 6.48174712061882
      vertex 8.109110310718847 7.827023503169407 6.782937414944172
    endloop
  endfacet
  facet normal -0.6317734056084278 -0.44437948643348696 0.6351293065219391
    outer loop
      vertex 8.07931308245169 7.438909983865944 6.48174712061882
      vertex 8.29282140768698 7.5658418129183005 6.782937414944172
      vertex 8.109110310718847 7.827023503169407 6.782937414944172
    endloop
  endfacet
  facet normal -0.6922034995534668 -0.3427317890171477 0.635129306521939
    outer loop
      vertex 8.434510290383898 7.2796776939380194 6.782937414944172
      vertex 8.29282140768698 7.5658418129183005 6.782937414944172
      vertex 8.07931308245169 7.438909983865944 6.48174712061882
    endloop
  endfacet
  facet normal -0.7633535595819292 -0.11790719685651423 0.6351293065219377
    outer loop
      vertex 8.331938973963869 6.6406462437408855 6.48174712061882
      vertex 8.530855891489104 6.975238590636003 6.782937414944172
      vertex 8.28899987709363 6.9186421024756015 6.48174712061882
    endloop
  endfacet
  facet normal -0.7364089301534648 -0.23305074895222327 0.6351293065219377
    outer loop
      vertex 8.28899987709363 6.9186421024756015 6.48174712061882
      vertex 8.530855891489104 6.975238590636003 6.782937414944172
      vertex 8.2041281393903 7.186825345152879 6.48174712061882
    endloop
  endfacet
  facet normal -0.7633535595819267 -0.1179071968565177 0.6351293065219399
    outer loop
      vertex 8.331938973963869 6.6406462437408855 6.48174712061882
      vertex 8.579599951771442 6.659660297563029 6.782937414944172
      vertex 8.530855891489104 6.975238590636003 6.782937414944172
    endloop
  endfacet
  facet normal -0.8501465176330893 -0.13131319236442177 0.5099095449855746
    outer loop
      vertex 8.579599951771442 6.659660297563029 6.782937414944172
      vertex 8.725110372138172 7.020695890681402 7.118514411151409
      vertex 8.530855891489104 6.975238590636003 6.782937414944172
    endloop
  endfacet
  facet normal -0.8501465176330896 -0.13131319236442135 0.5099095449855743
    outer loop
      vertex 8.579599951771442 6.659660297563029 6.782937414944172
      vertex 8.778516876542987 6.674932049888419 7.118514411151409
      vertex 8.725110372138172 7.020695890681402 7.118514411151409
    endloop
  endfacet
  facet normal -0.9170080366721722 -0.14164058808886715 0.37287290661093603
    outer loop
      vertex 8.778516876542987 6.674932049888419 7.118514411151409
      vertex 8.867210145825837 7.053948519023983 7.480612471699715
      vertex 8.725110372138172 7.020695890681402 7.118514411151409
    endloop
  endfacet
  facet normal -0.7364089301534642 -0.23305074895221994 0.6351293065219393
    outer loop
      vertex 8.2041281393903 7.186825345152879 6.48174712061882
      vertex 8.530855891489104 6.975238590636003 6.782937414944172
      vertex 8.434510290383898 7.2796776939380194 6.782937414944172
    endloop
  endfacet
  facet normal -0.8201382958988943 -0.2595485147957173 0.509909544985574
    outer loop
      vertex 8.434510290383898 7.2796776939380194 6.782937414944172
      vertex 8.530855891489104 6.975238590636003 6.782937414944172
      vertex 8.725110372138172 7.020695890681402 7.118514411151409
    endloop
  endfacet
  facet normal -0.8201382958988945 -0.2595485147957192 0.5099095449855725
    outer loop
      vertex 8.434510290383898 7.2796776939380194 6.782937414944172
      vertex 8.725110372138172 7.020695890681402 7.118514411151409
      vertex 8.619549166526536 7.354255061118188 7.118514411151409
    endloop
  endfacet
  facet normal -0.7709067276258094 -0.3817002400233319 0.5099095449855758
    outer loop
      vertex 8.434510290383898 7.2796776939380194 6.782937414944172
      vertex 8.464307524898086 7.667791216955379 7.118514411151409
      vertex 8.29282140768698 7.5658418129183005 6.782937414944172
    endloop
  endfacet
  facet normal -0.7709067276258131 -0.3817002400233288 0.5099095449855724
    outer loop
      vertex 8.434510290383898 7.2796776939380194 6.782937414944172
      vertex 8.619549166526536 7.354255061118188 7.118514411151409
      vertex 8.464307524898086 7.667791216955379 7.118514411151409
    endloop
  endfacet
  facet normal -0.8315362706250761 -0.4117198393937941 0.3728729066109373
    outer loop
      vertex 8.464307524898086 7.667791216955379 7.118514411151409
      vertex 8.619549166526536 7.354255061118188 7.118514411151409
      vertex 8.589751933515341 7.742368581620823 7.480612471699715
    endloop
  endfacet
  facet normal -0.8846397567042547 -0.27996124084192425 0.3728729066109354
    outer loop
      vertex 8.725110372138172 7.020695890681402 7.118514411151409
      vertex 8.754907601170782 7.408809411489489 7.480612471699715
      vertex 8.619549166526536 7.354255061118188 7.118514411151409
    endloop
  endfacet
  facet normal -0.9278824254804692 0 0.3728729066109278
    outer loop
      vertex 8.924027291017012 6.313896457222455 7.480612471699715
      vertex 8.924027291017012 6.686103542777545 7.480612471699715
      vertex 8.778516876542987 6.674932049888419 7.118514411151409
    endloop
  endfacet
  facet normal -0.9738435709346361 0 0.2272194959709144
    outer loop
      vertex 8.924027291017012 6.313896457222455 7.480612471699715
      vertex 9.012720558818351 6.307087073755728 7.860744327306747
      vertex 8.924027291017012 6.686103542777545 7.480612471699715
    endloop
  endfacet
  facet normal -0.917008036672177 -0.14164058808885824 0.37287290661092787
    outer loop
      vertex 8.778516876542987 6.674932049888419 7.118514411151409
      vertex 8.924027291017012 6.686103542777545 7.480612471699715
      vertex 8.867210145825837 7.053948519023983 7.480612471699715
    endloop
  endfacet
  facet normal -0.9624305369790513 -0.14865652404431595 0.22721949597091454
    outer loop
      vertex 8.924027291017012 6.686103542777545 7.480612471699715
      vertex 9.012720558818351 6.692912926244272 7.860744327306747
      vertex 8.867210145825837 7.053948519023983 7.480612471699715
    endloop
  endfacet
  facet normal -0.9624305369790522 -0.1486565240443284 0.22721949597090305
    outer loop
      vertex 9.012720558818351 6.692912926244272 7.860744327306747
      vertex 8.953824518602836 7.074217063247069 7.860744327306747
      vertex 8.867210145825837 7.053948519023983 7.480612471699715
    endloop
  endfacet
  facet normal -0.8846397567042534 -0.27996124084192586 0.37287290661093697
    outer loop
      vertex 8.725110372138172 7.020695890681402 7.118514411151409
      vertex 8.867210145825837 7.053948519023983 7.480612471699715
      vertex 8.754907601170782 7.408809411489489 7.480612471699715
    endloop
  endfacet
  facet normal -0.928458946954974 -0.2938286651604806 0.22721949597090277
    outer loop
      vertex 8.867210145825837 7.053948519023983 7.480612471699715
      vertex 8.953824518602836 7.074217063247069 7.860744327306747
      vertex 8.837412911436491 7.442062038971166 7.860744327306747
    endloop
  endfacet
  facet normal -0.9284589469549743 -0.2938286651604798 0.22721949597090188
    outer loop
      vertex 8.867210145825837 7.053948519023983 7.480612471699715
      vertex 8.837412911436491 7.442062038971166 7.860744327306747
      vertex 8.754907601170782 7.408809411489489 7.480612471699715
    endloop
  endfacet
  facet normal -0.9614283206084615 -0.2642051147857609 0.07649340921305858
    outer loop
      vertex 8.953824518602836 7.074217063247069 7.860744327306747
      vertex 8.982923327986498 7.081026447023945 8.25
      vertex 8.931160799740073 7.269387526417741 8.25
    endloop
  endfacet
  facet normal -0.9490539169585444 -0.3003463389521068 0.09533488020504707
    outer loop
      vertex 8.953824518602836 7.074217063247069 7.860744327306747
      vertex 8.931160799740073 7.269387526417741 8.25
      vertex 8.837412911436491 7.442062038971166 7.860744327306747
    endloop
  endfacet
  facet normal -0.831536270625077 -0.4117198393937931 0.3728729066109362
    outer loop
      vertex 8.619549166526536 7.354255061118188 7.118514411151409
      vertex 8.754907601170782 7.408809411489489 7.480612471699715
      vertex 8.589751933515341 7.742368581620823 7.480612471699715
    endloop
  endfacet
  facet normal -0.8727250661395843 -0.4321137114028986 0.22721949597090121
    outer loop
      vertex 8.754907601170782 7.408809411489489 7.480612471699715
      vertex 8.837412911436491 7.442062038971166 7.860744327306747
      vertex 8.589751933515341 7.742368581620823 7.480612471699715
    endloop
  endfacet
  facet normal -0.8727250661395846 -0.4321137114028983 0.22721949597090169
    outer loop
      vertex 8.589751933515341 7.742368581620823 7.480612471699715
      vertex 8.837412911436491 7.442062038971166 7.860744327306747
      vertex 8.666214326725392 7.787825878956539 7.860744327306747
    endloop
  endfacet
  facet normal -0.892083753583393 -0.44169880824930285 0.09533488020504313
    outer loop
      vertex 8.666214326725392 7.787825878956539 7.860744327306747
      vertex 8.837412911436491 7.442062038971166 7.860744327306747
      vertex 8.785222170250691 7.631485586560746 8.25
    endloop
  endfacet
  facet normal -0.9383825843597456 -0.33702653266069255 0.07649340921305627
    outer loop
      vertex 8.931160799740073 7.269387526417741 8.25
      vertex 8.865131247546167 7.453233532079899 8.25
      vertex 8.837412911436491 7.442062038971166 7.860744327306747
    endloop
  endfacet
  facet normal -0.9098300664663465 -0.40787008777404526 0.07649340921305688
    outer loop
      vertex 8.837412911436491 7.442062038971166 7.860744327306747
      vertex 8.865131247546167 7.453233532079899 8.25
      vertex 8.785222170250691 7.631485586560746 8.25
    endloop
  endfacet
  facet normal -0.9738435709346361 -2.26129636016549e-17 0.22721949597091443
    outer loop
      vertex 8.924027291017012 6.686103542777545 7.480612471699715
      vertex 9.012720558818351 6.307087073755728 7.860744327306747
      vertex 9.012720558818351 6.692912926244272 7.860744327306747
    endloop
  endfacet
  facet normal -0.9954452574683805 0 0.09533488020504186
    outer loop
      vertex 9.012720558818351 6.307087073755728 7.860744327306747
      vertex 9.05 6.5 8.25
      vertex 9.012720558818351 6.692912926244272 7.860744327306747
    endloop
  endfacet
  facet normal -0.9963384174726096 -0.03819052520115327 0.07649340921305399
    outer loop
      vertex 9.05 6.5 8.25
      vertex 9.04251779004705 6.695200594504929 8.25
      vertex 9.012720558818351 6.692912926244272 7.860744327306747
    endloop
  endfacet
  facet normal -0.9904915097843718 -0.11434739783676795 0.07649340921305418
    outer loop
      vertex 9.012720558818351 6.692912926244272 7.860744327306747
      vertex 9.04251779004705 6.695200594504929 8.25
      vertex 9.02011508063989 6.889255674758129 8.25
    endloop
  endfacet
  facet normal -0.9837790609009884 -0.15195400603162462 0.09533488020504488
    outer loop
      vertex 9.012720558818351 6.692912926244272 7.860744327306747
      vertex 9.02011508063989 6.889255674758129 8.25
      vertex 8.953824518602836 7.074217063247069 7.860744327306747
    endloop
  endfacet
  facet normal -0.9788319971125734 -0.18983329469714966 0.07649340921305849
    outer loop
      vertex 9.02011508063989 6.889255674758129 8.25
      vertex 8.982923327986498 7.081026447023945 8.25
      vertex 8.953824518602836 7.074217063247069 7.860744327306747
    endloop
  endfacet
  facet normal -0.4801662597061007 -0.4621136871139266 0.7455811848630741
    outer loop
      vertex 7.528510231554428 7.654077809765575 6.222003176808357
      vertex 7.917480265424118 7.668987368340389 6.48174712061882
      vertex 7.72242291237556 7.871664679688685 6.48174712061882
    endloop
  endfacet
  facet normal -0.46825204085318994 -0.6142888491856057 0.635129306521945
    outer loop
      vertex 7.72242291237556 7.871664679688685 6.48174712061882
      vertex 7.887683031886116 8.057100887239187 6.782937414944172
      vertex 7.498713002338537 8.042191333514154 6.48174712061882
    endloop
  endfacet
  facet normal -0.5565350785022142 -0.5356113053264355 0.6351293065219444
    outer loop
      vertex 7.72242291237556 7.871664679688685 6.48174712061882
      vertex 7.917480265424118 7.668987368340389 6.48174712061882
      vertex 7.887683031886116 8.057100887239187 6.782937414944172
    endloop
  endfacet
  facet normal -0.5565350785022165 -0.5356113053264348 0.6351293065219432
    outer loop
      vertex 7.917480265424118 7.668987368340389 6.48174712061882
      vertex 8.109110310718847 7.827023503169407 6.782937414944172
      vertex 7.887683031886116 8.057100887239187 6.782937414944172
    endloop
  endfacet
  facet normal -0.5214920883108755 -0.6841332163853532 0.5099095449855726
    outer loop
      vertex 7.633729638931573 8.25068114624959 6.782937414944172
      vertex 7.887683031886116 8.057100887239187 6.782937414944172
      vertex 7.742172617643185 8.418136482825673 7.118514411151409
    endloop
  endfacet
  facet normal -0.6198128678255538 -0.5965100710050635 0.5099095449855756
    outer loop
      vertex 7.887683031886116 8.057100887239187 6.782937414944172
      vertex 8.109110310718847 7.827023503169407 6.782937414944172
      vertex 8.020417042110203 8.206039975155988 7.118514411151409
    endloop
  endfacet
  facet normal -0.5214920883108721 -0.684133216385354 0.5099095449855748
    outer loop
      vertex 7.887683031886116 8.057100887239187 6.782937414944172
      vertex 8.020417042110203 8.206039975155988 7.118514411151409
      vertex 7.742172617643185 8.418136482825673 7.118514411151409
    endloop
  endfacet
  facet normal -0.5625059047156091 -0.7379382783645198 0.37287290661092887
    outer loop
      vertex 7.742172617643185 8.418136482825673 7.118514411151409
      vertex 8.020417042110203 8.206039975155988 7.118514411151409
      vertex 8.117513761580849 8.314990927615401 7.480612471699715
    endloop
  endfacet
  facet normal -0.6198128678255648 -0.5965100710050589 0.5099095449855675
    outer loop
      vertex 8.109110310718847 7.827023503169407 6.782937414944172
      vertex 8.263024179755881 7.953955336441073 7.118514411151409
      vertex 8.020417042110203 8.206039975155988 7.118514411151409
    endloop
  endfacet
  facet normal -0.7036057590474328 -0.49490523513889906 0.5099095449855757
    outer loop
      vertex 8.109110310718847 7.827023503169407 6.782937414944172
      vertex 8.29282140768698 7.5658418129183005 6.782937414944172
      vertex 8.464307524898086 7.667791216955379 7.118514411151409
    endloop
  endfacet
  facet normal -0.7036057590474303 -0.4949052351389117 0.5099095449855672
    outer loop
      vertex 8.109110310718847 7.827023503169407 6.782937414944172
      vertex 8.464307524898086 7.667791216955379 7.118514411151409
      vertex 8.263024179755881 7.953955336441073 7.118514411151409
    endloop
  endfacet
  facet normal -0.6685593238813565 -0.6434238307420845 0.3728729066109322
    outer loop
      vertex 8.020417042110203 8.206039975155988 7.118514411151409
      vertex 8.263024179755881 7.953955336441073 7.118514411151409
      vertex 8.375614251729907 8.04680768518174 7.480612471699715
    endloop
  endfacet
  facet normal -0.7589422791399087 -0.5338280738678242 0.3728729066109385
    outer loop
      vertex 8.464307524898086 7.667791216955379 7.118514411151409
      vertex 8.589751933515341 7.742368581620823 7.480612471699715
      vertex 8.263024179755881 7.953955336441073 7.118514411151409
    endloop
  endfacet
  facet normal -0.7016753216477096 -0.6752947827736479 0.2272194959709117
    outer loop
      vertex 8.117513761580849 8.314990927615401 7.480612471699715
      vertex 8.375614251729907 8.04680768518174 7.480612471699715
      vertex 8.444241514193976 8.103404171849771 7.860744327306747
    endloop
  endfacet
  facet normal -0.6685593238813546 -0.6434238307420884 0.3728729066109287
    outer loop
      vertex 8.020417042110203 8.206039975155988 7.118514411151409
      vertex 8.375614251729907 8.04680768518174 7.480612471699715
      vertex 8.117513761580849 8.314990927615401 7.480612471699715
    endloop
  endfacet
  facet normal -0.7016753216477037 -0.6752947827736574 0.22721949597090135
    outer loop
      vertex 8.117513761580849 8.314990927615401 7.480612471699715
      vertex 8.444241514193976 8.103404171849771 7.860744327306747
      vertex 8.176697328432542 8.3814000299372 7.860744327306747
    endloop
  endfacet
  facet normal -0.7172398032534595 -0.6902740942880795 0.09533488020504455
    outer loop
      vertex 8.176697328432542 8.3814000299372 7.860744327306747
      vertex 8.444241514193976 8.103404171849771 7.860744327306747
      vertex 8.337330063682007 8.268252877020217 8.25
    endloop
  endfacet
  facet normal -0.4652243739662367 -0.8555335075369341 0.2272194959709089
    outer loop
      vertex 7.494511635265418 8.718443022381091 7.480612471699715
      vertex 7.821500119801424 8.54063232102073 7.480612471699715
      vertex 7.869852778395408 8.615297465923625 7.860744327306747
    endloop
  endfacet
  facet normal -0.5625059047156131 -0.7379382783645141 0.37287290661093464
    outer loop
      vertex 7.742172617643185 8.418136482825673 7.118514411151409
      vertex 8.117513761580849 8.314990927615401 7.480612471699715
      vertex 7.821500119801424 8.54063232102073 7.480612471699715
    endloop
  endfacet
  facet normal -0.5903687190070651 -0.7744908496997773 0.2272194959709086
    outer loop
      vertex 7.821500119801424 8.54063232102073 7.480612471699715
      vertex 8.117513761580849 8.314990927615401 7.480612471699715
      vertex 7.869852778395408 8.615297465923625 7.860744327306747
    endloop
  endfacet
  facet normal -0.5736330141515298 -0.8155329076269046 0.07649340921306402
    outer loop
      vertex 7.869852778395408 8.615297465923625 7.860744327306747
      vertex 8.045874797964927 8.527996821747237 8.25
      vertex 7.886097250883157 8.64038183413497 8.25
    endloop
  endfacet
  facet normal -0.4755439277366906 -0.8745108537971676 0.0953348802050434
    outer loop
      vertex 7.5309000402660615 8.799614122151795 7.860744327306747
      vertex 7.869852778395408 8.615297465923625 7.860744327306747
      vertex 7.718185537206271 8.740206239822903 8.25
    endloop
  endfacet
  facet normal -0.5095214522297336 -0.8570511350349324 0.07649340921306434
    outer loop
      vertex 7.869852778395408 8.615297465923625 7.860744327306747
      vertex 7.886097250883157 8.64038183413497 8.25
      vertex 7.718185537206271 8.740206239822903 8.25
    endloop
  endfacet
  facet normal -0.5903687190070728 -0.774490849699774 0.22721949597090088
    outer loop
      vertex 7.869852778395408 8.615297465923625 7.860744327306747
      vertex 8.117513761580849 8.314990927615401 7.480612471699715
      vertex 8.176697328432542 8.3814000299372 7.860744327306747
    endloop
  endfacet
  facet normal -0.6343783190368485 -0.7692287739567119 0.07649340921305896
    outer loop
      vertex 8.176697328432542 8.3814000299372 7.860744327306747
      vertex 8.196580533439366 8.403710712885601 8.25
      vertex 8.045874797964927 8.527996821747237 8.25
    endloop
  endfacet
  facet normal -0.6034642103035623 -0.7916705170075412 0.09533488020504578
    outer loop
      vertex 7.869852778395408 8.615297465923625 7.860744327306747
      vertex 8.176697328432542 8.3814000299372 7.860744327306747
      vertex 8.045874797964927 8.527996821747237 8.25
    endloop
  endfacet
  facet normal -0.6914007929262449 -0.7184105385418029 0.07649340921305872
    outer loop
      vertex 8.176697328432542 8.3814000299372 7.860744327306747
      vertex 8.337330063682007 8.268252877020217 8.25
      vertex 8.196580533439366 8.403710712885601 8.25
    endloop
  endfacet
  facet normal -0.7589422791399065 -0.533828073867832 0.37287290661093175
    outer loop
      vertex 8.589751933515341 7.742368581620823 7.480612471699715
      vertex 8.375614251729907 8.04680768518174 7.480612471699715
      vertex 8.263024179755881 7.953955336441073 7.118514411151409
    endloop
  endfacet
  facet normal -0.7965352494613409 -0.560270378492638 0.2272194959709126
    outer loop
      vertex 8.589751933515341 7.742368581620823 7.480612471699715
      vertex 8.444241514193976 8.103404171849771 7.860744327306747
      vertex 8.375614251729907 8.04680768518174 7.480612471699715
    endloop
  endfacet
  facet normal -0.7965352494613508 -0.560270378492629 0.22721949597090027
    outer loop
      vertex 8.589751933515341 7.742368581620823 7.480612471699715
      vertex 8.666214326725392 7.787825878956539 7.860744327306747
      vertex 8.444241514193976 8.103404171849771 7.860744327306747
    endloop
  endfacet
  facet normal -0.814203903119377 -0.5726982318476836 0.09533488020503697
    outer loop
      vertex 8.666214326725392 7.787825878956539 7.860744327306747
      vertex 8.585719869955128 7.967062583557482 8.25
      vertex 8.444241514193976 8.103404171849771 7.860744327306747
    endloop
  endfacet
  facet normal -0.8369061667024529 -0.5419749315995795 0.07649340921306474
    outer loop
      vertex 8.666214326725392 7.787825878956539 7.860744327306747
      vertex 8.691902495255647 7.803097631067178 8.25
      vertex 8.585719869955128 7.967062583557482 8.25
    endloop
  endfacet
  facet normal -0.7443658957198519 -0.6633763423850345 0.07649340921305653
    outer loop
      vertex 8.444241514193976 8.103404171849771 7.860744327306747
      vertex 8.467297406246736 8.12241822603658 8.25
      vertex 8.337330063682007 8.268252877020217 8.25
    endloop
  endfacet
  facet normal -0.7929627231189329 -0.6044492353297921 0.07649340921305546
    outer loop
      vertex 8.444241514193976 8.103404171849771 7.860744327306747
      vertex 8.585719869955128 7.967062583557482 8.25
      vertex 8.467297406246736 8.12241822603658 8.25
    endloop
  endfacet
  facet normal -0.8759382791657367 -0.47632015434907893 0.07649340921306436
    outer loop
      vertex 8.666214326725392 7.787825878956539 7.860744327306747
      vertex 8.785222170250691 7.631485586560746 8.25
      vertex 8.691902495255647 7.803097631067178 8.25
    endloop
  endfacet
  facet normal -0.30172058406053925 -0.9533963966547006 7.557832948632785e-20
    outer loop
      vertex 7.175702829811783 8.958846410531812 8.25
      vertex 7.361943039941682 8.899907122347884 8.25
      vertex 7.361943039941682 8.899907122347884 35.03
    endloop
  endfacet
  facet normal -0.37381708598068797 -0.927502445403195 0
    outer loop
      vertex 7.361943039941682 8.899907122347884 8.25
      vertex 7.5431250235677965 8.826884219295728 8.25
      vertex 7.361943039941682 8.899907122347884 35.03
    endloop
  endfacet
  facet normal -0.4437198242047812 -0.8961655637256312 -1.2271781950900914e-19
    outer loop
      vertex 7.5431250235677965 8.826884219295728 8.25
      vertex 7.718185537206271 8.740206239822903 8.25
      vertex 7.718185537206271 8.740206239822903 35.03
    endloop
  endfacet
  facet normal -0.07654926803689217 -0.9970658000167371 0
    outer loop
      vertex 6.597671970909591 9.048128761679564 8.25
      vertex 6.792442734424135 9.033175325926603 8.25
      vertex 6.597671970909591 9.048128761679564 34.99
    endloop
  endfacet
  facet normal -0.15264926915241459 -0.9882804261075061 -3.104564028432383e-20
    outer loop
      vertex 6.792442734424135 9.033175325926603 8.25
      vertex 6.9854973283699024 9.003356215991978 8.25
      vertex 6.9854973283699024 9.003356215991978 35.03
    endloop
  endfacet
  facet normal -0.22785352374723364 -0.9736954204041265 0
    outer loop
      vertex 6.9854973283699024 9.003356215991978 8.25
      vertex 7.175702829811783 8.958846410531812 8.25
      vertex 6.9854973283699024 9.003356215991978 35.03
    endloop
  endfacet
  facet normal -0.9642534994928217 -0.2649814874964798 -1.0901522342582216e-19
    outer loop
      vertex 8.982923327986498 7.081026447023945 8.25
      vertex 8.931160799740073 7.269387526417741 35.03
      vertex 8.931160799740073 7.269387526417741 8.25
    endloop
  endfacet
  facet normal -0.9411400428264429 -0.33801689275632557 0
    outer loop
      vertex 8.931160799740073 7.269387526417741 8.25
      vertex 8.931160799740073 7.269387526417741 35.03
      vertex 8.865131247546167 7.453233532079899 8.25
    endloop
  endfacet
  facet normal -0.9125036227128588 -0.4090686232600938 -7.743931149306773e-20
    outer loop
      vertex 8.865131247546167 7.453233532079899 8.25
      vertex 8.785222170250691 7.631485586560746 35.03
      vertex 8.785222170250691 7.631485586560746 8.25
    endloop
  endfacet
  facet normal -0.9992661804668792 -0.03830274892399163 0
    outer loop
      vertex 9.05 6.5 8.25
      vertex 9.05 6.5 34.99
      vertex 9.04251779004705 6.695200594504929 8.25
    endloop
  endfacet
  facet normal -0.9934020915080405 -0.1146834102538408 6.605367660346675e-20
    outer loop
      vertex 9.04251779004705 6.695200594504929 8.25
      vertex 9.02011508063989 6.889255674758129 35.03
      vertex 9.02011508063989 6.889255674758129 8.25
    endloop
  endfacet
  facet normal -0.981708317094315 -0.19039112413095235 0
    outer loop
      vertex 9.02011508063989 6.889255674758129 8.25
      vertex 9.02011508063989 6.889255674758129 35.03
      vertex 8.982923327986498 7.081026447023945 8.25
    endloop
  endfacet
  facet normal -0.6934324898077856 -0.7205216041722657 9.339513470140235e-20
    outer loop
      vertex 8.196580533439366 8.403710712885601 8.25
      vertex 8.337330063682007 8.268252877020217 8.25
      vertex 8.337330063682007 8.268252877020217 35.03
    endloop
  endfacet
  facet normal -0.5753186477491832 -0.8179293695375238 -1.0208560790993877e-19
    outer loop
      vertex 7.886097250883157 8.64038183413497 8.25
      vertex 8.045874797964927 8.527996821747237 8.25
      vertex 8.045874797964927 8.527996821747237 35.03
    endloop
  endfacet
  facet normal -0.5110186925513597 -0.8595695991966555 0
    outer loop
      vertex 7.718185537206271 8.740206239822903 8.25
      vertex 7.886097250883157 8.64038183413497 8.25
      vertex 7.718185537206271 8.740206239822903 35.03
    endloop
  endfacet
  facet normal -0.6362424540880237 -0.771489170122335 -2.9529856698759453e-21
    outer loop
      vertex 8.196580533439366 8.403710712885601 8.25
      vertex 8.045874797964927 8.527996821747237 35.03
      vertex 8.045874797964927 8.527996821747237 8.25
    endloop
  endfacet
  facet normal -0.8393654344187008 -0.5435675372049966 -3.0955281868712385e-19
    outer loop
      vertex 8.691902495255647 7.803097631067178 8.25
      vertex 8.585719869955128 7.967062583557482 35.03
      vertex 8.585719869955128 7.967062583557482 8.25
    endloop
  endfacet
  facet normal -0.7465532317549446 -0.6653256887842586 -2.6841964826366082e-19
    outer loop
      vertex 8.467297406246736 8.12241822603658 8.25
      vertex 8.337330063682007 8.268252877020217 35.03
      vertex 8.337330063682007 8.268252877020217 8.25
    endloop
  endfacet
  facet normal -0.7952928620314443 -0.606225423090977 -3.3141006201070187e-19
    outer loop
      vertex 8.467297406246736 8.12241822603658 8.25
      vertex 8.585719869955128 7.967062583557482 8.25
      vertex 8.585719869955128 7.967062583557482 35.03
    endloop
  endfacet
  facet normal -0.8785122436280444 -0.47771983190529116 -3.0995007980753623e-19
    outer loop
      vertex 8.691902495255647 7.803097631067178 8.25
      vertex 8.785222170250691 7.631485586560746 8.25
      vertex 8.785222170250691 7.631485586560746 35.03
    endloop
  endfacet
  facet normal 0 -1 0
    outer loop
      vertex 6.597671970909591 9.048128761679564 8.25
      vertex 6.597671970909591 9.048128761679564 34.99
      vertex -6.3829105533622545 9.048128761679564 34.99
    endloop
  endfacet
  facet normal 0 -1 0
    outer loop
      vertex 6.597671970909591 9.048128761679564 34.99
      vertex 6.597671970909591 9.048128761679564 35.03
      vertex -6.3829105533622545 9.048128761679564 34.99
    endloop
  endfacet
  facet normal -1 0 0
    outer loop
      vertex 9.05 6.5 8.25
      vertex 9.05 -6.5 34.99
      vertex 9.05 6.5 34.99
    endloop
  endfacet
  facet normal -0.26498149185420095 -0.9642534578175175 -0.0002793952094546674
    outer loop
      vertex 7.175702829811783 8.958846410531812 8.25
      vertex 7.361943039941682 8.899907122347884 35.03
      vertex 6.9854973283699024 9.003356215991978 35.03
    endloop
  endfacet
  facet normal -0.40906862120504883 -0.9125035808607641 -0.00027939520945443973
    outer loop
      vertex 7.5431250235677965 8.826884219295728 8.25
      vertex 7.718185537206271 8.740206239822903 35.03
      vertex 7.361943039941682 8.899907122347884 35.03
    endloop
  endfacet
  facet normal -0.0765492680368993 -0.9970658000167366 2.7543403676666748e-17
    outer loop
      vertex 6.792442734424135 9.033175325926603 8.25
      vertex 6.597671970909591 9.048128761679564 35.03
      vertex 6.597671970909591 9.048128761679564 34.99
    endloop
  endfacet
  facet normal -0.11468342092221145 -0.9934020509863546 -0.0002793952094546224
    outer loop
      vertex 6.792442734424135 9.033175325926603 8.25
      vertex 6.9854973283699024 9.003356215991978 35.03
      vertex 6.597671970909591 9.048128761679564 35.03
    endloop
  endfacet
  facet normal -0.9275024149008908 -0.3738170572503785 -0.00027939520945448695
    outer loop
      vertex 8.865131247546167 7.453233532079899 8.25
      vertex 8.931160799740073 7.269387526417741 35.03
      vertex 8.785222170250691 7.631485586560746 35.03
    endloop
  endfacet
  facet normal -0.9992661804668792 -0.03830274892399164 0
    outer loop
      vertex 9.05 6.5 34.99
      vertex 9.05 6.5 35.03
      vertex 9.04251779004705 6.695200594504929 8.25
    endloop
  endfacet
  facet normal -0.9970657622674226 -0.07654924984871271 -0.0002793952094544991
    outer loop
      vertex 9.04251779004705 6.695200594504929 8.25
      vertex 9.05 6.5 35.03
      vertex 9.02011508063989 6.889255674758129 35.03
    endloop
  endfacet
  facet normal -0.9736953858736264 -0.22785350000982357 -0.0002793952094545142
    outer loop
      vertex 8.982923327986498 7.081026447023945 8.25
      vertex 9.02011508063989 6.889255674758129 35.03
      vertex 8.931160799740073 7.269387526417741 35.03
    endloop
  endfacet
  facet normal -0.5435675287853224 -0.8393653933708098 -0.00027939520945462063
    outer loop
      vertex 7.886097250883157 8.64038183413497 8.25
      vertex 8.045874797964927 8.527996821747237 35.03
      vertex 7.718185537206271 8.740206239822903 35.03
    endloop
  endfacet
  facet normal -0.6653256741973427 -0.7465531924733618 -0.0002793952094544993
    outer loop
      vertex 8.196580533439366 8.403710712885601 8.25
      vertex 8.337330063682007 8.268252877020217 35.03
      vertex 8.045874797964927 8.527996821747237 35.03
    endloop
  endfacet
  facet normal -0.7714891497100749 -0.6362424174934761 -0.00027939520945459656
    outer loop
      vertex 8.467297406246736 8.12241822603658 8.25
      vertex 8.585719869955128 7.967062583557482 35.03
      vertex 8.337330063682007 8.268252877020217 35.03
    endloop
  endfacet
  facet normal -0.8595695734374738 -0.5110186595016237 -0.00027939520945467506
    outer loop
      vertex 8.691902495255647 7.803097631067178 8.25
      vertex 8.785222170250691 7.631485586560746 35.03
      vertex 8.585719869955128 7.967062583557482 35.03
    endloop
  endfacet
endsolid OpenSCAD_Model
