solid OpenSCAD_Model
  facet normal -0.6585113789263682 -0.7525707699774772 0
    outer loop
      vertex -189.1657173060482 -168.7995683342599 80.48
      vertex -189.1657173060482 -168.7995683342599 80.49
      vertex -189.16574241911016 -168.79954635993175 80.48
    endloop
  endfacet
  facet normal -0.7347741509027915 -0.6783118362265852 0
    outer loop
      vertex -189.4661182042562 -168.53671277611866 80.48
      vertex -189.4661182042562 -168.53671277611866 80.49
      vertex -189.46615395507988 -168.53667404941552 80.48
    endloop
  endfacet
  facet normal -0.8027116378735655 -0.5963673586157596 5.284688814395303e-13
    outer loop
      vertex -189.97489576466756 -167.92304255249277 80.48
      vertex -189.97492719655943 -167.92300024510448 80.49
      vertex -189.97491462261033 -167.92301716966472 80.48
    endloop
  endfacet
  facet normal -0.48455087018258947 -0.8747630846150832 0
    outer loop
      vertex -188.83907840544902 -169.02900410458625 80.49
      vertex -188.83907840544902 -169.02900410458625 80.48
      vertex -188.83903230079176 -169.0290296429888 80.48
    endloop
  endfacet
  facet normal 0.6736956436465488 0.7390089172206668 -7.771961918420262e-17
    outer loop
      vertex -188.28252103700862 -167.44097579145787 83.34086909699712
      vertex -188.43886917202443 -167.2984456338401 80.49
      vertex -188.43886917202443 -167.2984456338401 80.53
    endloop
  endfacet
  facet normal 0.7980172272802696 0.6026346363792168 6.903122528026516e-15
    outer loop
      vertex -188.44688016765116 -167.2878373612121 83.34881421885069
      vertex -188.43886917202443 -167.2984456338401 80.53
      vertex -188.67473351979802 -166.98611076049883 80.53
    endloop
  endfacet
  facet normal 0.7980172272785625 0.6026346363814772 1.5481726294857622e-13
    outer loop
      vertex -188.58226240459274 -167.10856230660147 83.34119408694389
      vertex -188.67473351979802 -166.98611076049883 80.53
      vertex -188.67796684181866 -166.98182915018631 80.49
    endloop
  endfacet
  facet normal 0.7980172272802379 0.6026346363792585 3.586194985000761e-18
    outer loop
      vertex -188.58226240459274 -167.10856230660147 83.34119408694389
      vertex -188.67796684181866 -166.98182915018631 80.49
      vertex -188.67796684181866 -166.98182915018631 80.53
    endloop
  endfacet
  facet normal 0.5264321628773618 0.8502171357296103 2.5723819674370783e-15
    outer loop
      vertex -187.92092215678466 -167.70489158650224 83.3418443135693
      vertex -187.80833746491956 -167.77460107641338 80.53
      vertex -188.1456644682154 -167.56573703865251 80.53
    endloop
  endfacet
  facet normal 0.6736956436465402 0.7390089172206746 8.928787883571795e-16
    outer loop
      vertex -188.28252103700862 -167.44097579145787 83.34086909699712
      vertex -188.1456644682154 -167.56573703865251 80.49
      vertex -188.43886917202443 -167.2984456338401 80.49
    endloop
  endfacet
  facet normal 0.6736956436465285 0.7390089172206853 6.068985228506419e-17
    outer loop
      vertex -188.28252103700862 -167.44097579145787 83.34086909699712
      vertex -188.1456644682154 -167.56573703865251 80.53
      vertex -188.1456644682154 -167.56573703865251 80.49
    endloop
  endfacet
  facet normal -0.9774033898156109 -0.21138262364005386 0
    outer loop
      vertex -190.46787950805444 -166.8366346158532 80.49
      vertex -190.46810391449634 -166.8355969921676 80.49
      vertex -190.46787950805444 -166.8366346158532 80.48
    endloop
  endfacet
  facet normal -0.9943348002292268 -0.10629348546878957 -1.7607585975154122e-12
    outer loop
      vertex -190.59467950650975 -166.04963556282146 80.48
      vertex -190.59468510878784 -166.04958315565815 80.49
      vertex -190.59468240130522 -166.04960848311978 80.48
    endloop
  endfacet
  facet normal 0.8951632913550404 0.4457383557765825 4.672217143914082e-15
    outer loop
      vertex -188.70753498120771 -166.92244832142944 83.34489664285886
      vertex -188.67796684181866 -166.98182915018631 80.53
      vertex -188.8527517465424 -166.63081374268546 80.53
    endloop
  endfacet
  facet normal 0.8951632913565881 0.4457383557734741 -1.2750123934978706e-13
    outer loop
      vertex -188.8075637249286 -166.72156352365764 83.34282027079429
      vertex -188.8527517465424 -166.63081374268546 80.53
      vertex -188.85481529321936 -166.62666958230238 80.49
    endloop
  endfacet
  facet normal 0.8951632913550599 0.4457383557765433 -3.9704866356868634e-17
    outer loop
      vertex -188.8075637249286 -166.72156352365764 83.34282027079429
      vertex -188.85481529321936 -166.62666958230238 80.49
      vertex -188.85481529321936 -166.62666958230238 80.53
    endloop
  endfacet
  facet normal 0.9618256431728109 0.2736629900721116 -3.3586011118495577e-15
    outer loop
      vertex -188.88744032445962 -166.51200449131608 83.34229153530907
      vertex -188.85481529321936 -166.62666958230238 80.53
      vertex -188.9633921643204 -166.24506146330563 80.53
    endloop
  endfacet
  facet normal 0.9957341762950366 0.09226835946328092 -4.696065641423899e-16
    outer loop
      vertex -188.97926238610557 -166.0737944947716 83.34099095859234
      vertex -188.9633921643204 -166.24506146330563 80.49
      vertex -189 -165.85 80.49
    endloop
  endfacet
  facet normal 0.9957341762950372 0.09226835946327298 -2.2628223283373278e-17
    outer loop
      vertex -188.97926238610557 -166.0737944947716 83.34099095859234
      vertex -188.9633921643204 -166.24506146330563 80.53
      vertex -188.9633921643204 -166.24506146330563 80.49
    endloop
  endfacet
  facet normal 0 -1 0
    outer loop
      vertex -186.9004879742648 -169.59867104171295 80.48
      vertex -186.94982695539164 -169.59867104171295 80.49
      vertex -186.949813775407 -169.59867104171295 80.48
    endloop
  endfacet
  facet normal 0.36124166618714787 0.9324722294043578 -9.819314848983402e-17
    outer loop
      vertex -187.5125703525244 -167.8891818661847 83.34412270064495
      vertex -187.43837542865498 -167.91792513282155 80.53
      vertex -187.80833746491956 -167.77460107641338 80.53
    endloop
  endfacet
  facet normal 0.18374951781657753 0.9829730996839006 -3.054637767508832e-15
    outer loop
      vertex -187.07449695081752 -167.9859458089397 83.34771119558789
      vertex -187.04837697284609 -167.99082847903432 80.53
      vertex -187.43837542865498 -167.91792513282155 80.53
    endloop
  endfacet
  facet normal -0.7347741508630377 -0.6783118362696483 -8.814678016418213e-20
    outer loop
      vertex -189.4661182042562 -168.53671277611866 80.49
      vertex -189.73687743786215 -168.24341568866808 84.24000000000001
      vertex -189.73687743786215 -168.24341568866808 80.49
    endloop
  endfacet
  facet normal -0.6585113790650445 -0.7525707698561334 -4.429755611432168e-18
    outer loop
      vertex -189.1657173060482 -168.7995683342599 80.49
      vertex -189.4661182042562 -168.53671277611866 84.24000000000001
      vertex -189.4661182042562 -168.53671277611866 80.49
    endloop
  endfacet
  facet normal -0.8027116379309628 -0.5963673585385026 0
    outer loop
      vertex -189.97492719655943 -167.92300024510448 80.49
      vertex -189.73687743786215 -168.24341568866808 80.49
      vertex -189.97492719655943 -167.92300024510448 84.24000000000001
    endloop
  endfacet
  facet normal -0.8615540813938297 -0.5076658003388003 4.067094257329821e-18
    outer loop
      vertex -189.97492719655943 -167.92300024510448 80.49
      vertex -190.17757028146212 -167.57909688043497 84.24000000000001
      vertex -190.17757028146212 -167.57909688043497 80.49
    endloop
  endfacet
  facet normal -0.9106347728548981 -0.4132121857684112 0
    outer loop
      vertex -190.34251066544627 -167.21560215719808 80.49
      vertex -190.17757028146212 -167.57909688043497 80.49
      vertex -190.34251066544627 -167.21560215719808 84.24000000000001
    endloop
  endfacet
  facet normal -0.9493976084683793 -0.31407671202195486 -2.3280340397154875e-19
    outer loop
      vertex -190.34251066544627 -167.21560215719808 80.49
      vertex -190.46787950805444 -166.8366346158532 84.24000000000001
      vertex -190.46787950805444 -166.8366346158532 80.49
    endloop
  endfacet
  facet normal -0.38882417547331044 -0.9213119778704174 0
    outer loop
      vertex -188.4899024517207 -169.22242048814206 80.49
      vertex -188.1221457479426 -169.37762600001636 80.49
      vertex -188.4899024517207 -169.22242048814206 84.24000000000001
    endloop
  endfacet
  facet normal -0.48455087033267197 -0.8747630845319493 0
    outer loop
      vertex -188.83907840544902 -169.02900410458625 80.49
      vertex -188.4899024517207 -169.22242048814206 80.49
      vertex -188.83907840544902 -169.02900410458625 84.24000000000001
    endloop
  endfacet
  facet normal -0.5747874102143824 -0.8183027759081862 0
    outer loop
      vertex -189.1657173060482 -168.7995683342599 80.49
      vertex -188.83907840544902 -169.02900410458625 80.49
      vertex -189.1657173060482 -168.7995683342599 84.24000000000001
    endloop
  endfacet
  facet normal -0.2886919473396552 -0.9574220383619951 0
    outer loop
      vertex -188.1221457479426 -169.37762600001636 80.49
      vertex -187.73997512451666 -169.49286209974267 80.49
      vertex -188.1221457479426 -169.37762600001636 84.24000000000001
    endloop
  endfacet
  facet normal 0.6736956436465491 0.7390089172206665 0
    outer loop
      vertex -188.43886917202443 -167.2984456338401 83.35065329141595
      vertex -188.28252103700862 -167.44097579145787 83.34086909699712
      vertex -188.43886917202443 -167.2984456338401 80.53
    endloop
  endfacet
  facet normal 0.7980172272793874 0.6026346363803848 -4.727732257495864e-20
    outer loop
      vertex -188.44688016765116 -167.2878373612121 83.34881421885069
      vertex -188.43886917202443 -167.2984456338401 83.35065329141595
      vertex -188.43886917202443 -167.2984456338401 80.53
    endloop
  endfacet
  facet normal 0.7980172272803203 0.6026346363791493 -4.4248870934235874e-15
    outer loop
      vertex -188.44688016765116 -167.2878373612121 83.34881421885069
      vertex -188.67473351979802 -166.98611076049883 80.53
      vertex -188.58226240459274 -167.10856230660147 83.34119408694389
    endloop
  endfacet
  facet normal 0.7980172272802372 0.6026346363792594 5.082385518310972e-20
    outer loop
      vertex -188.58226240459274 -167.10856230660147 83.34119408694389
      vertex -188.67796684181866 -166.98182915018631 80.53
      vertex -188.67796684181866 -166.98182915018631 83.35245018374215
    endloop
  endfacet
  facet normal 0.895163291354952 0.44573835577675996 0
    outer loop
      vertex -188.67796684181866 -166.98182915018631 83.35245018374215
      vertex -188.67796684181866 -166.98182915018631 80.53
      vertex -188.70753498120771 -166.92244832142944 83.34489664285886
    endloop
  endfacet
  facet normal 0.5264321628774253 0.850217135729571 -4.459254006534085e-15
    outer loop
      vertex -187.92092215678466 -167.70489158650224 83.3418443135693
      vertex -188.1456644682154 -167.56573703865251 80.53
      vertex -188.11179314596873 -167.5867092734858 83.34669071918275
    endloop
  endfacet
  facet normal 0.5264321628773155 0.8502171357296391 -1.1444680810019976e-18
    outer loop
      vertex -187.92092215678466 -167.70489158650224 83.3418443135693
      vertex -187.80833746491956 -167.77460107641338 83.35285863810408
      vertex -187.80833746491956 -167.77460107641338 80.53
    endloop
  endfacet
  facet normal 0.36124166618723585 0.9324722294043236 6.334099679368088e-19
    outer loop
      vertex -187.72181177526377 -167.80812130716515 83.34343062053867
      vertex -187.80833746491956 -167.77460107641338 80.53
      vertex -187.80833746491956 -167.77460107641338 83.35285863810408
    endloop
  endfacet
  facet normal 0.36124166618711034 0.9324722294043724 4.439381777722126e-15
    outer loop
      vertex -187.72181177526377 -167.80812130716515 83.34343062053867
      vertex -187.5125703525244 -167.8891818661847 83.34412270064495
      vertex -187.80833746491956 -167.77460107641338 80.53
    endloop
  endfacet
  facet normal 0.6736956436465301 0.739008917220684 8.603257468401969e-19
    outer loop
      vertex -188.28252103700862 -167.44097579145787 83.34086909699712
      vertex -188.1456644682154 -167.56573703865251 83.35171503098566
      vertex -188.1456644682154 -167.56573703865251 80.53
    endloop
  endfacet
  facet normal 0.5264321628771574 0.8502171357297369 4.2204750420186537e-19
    outer loop
      vertex -188.11179314596873 -167.5867092734858 83.34669071918275
      vertex -188.1456644682154 -167.56573703865251 80.53
      vertex -188.1456644682154 -167.56573703865251 83.35171503098566
    endloop
  endfacet
  facet normal -0.9774033898156111 -0.21138262364005386 0
    outer loop
      vertex -190.46787950805444 -166.8366346158532 80.49
      vertex -190.46787950805444 -166.8366346158532 84.24000000000001
      vertex -190.46810391449634 -166.8355969921676 80.49
    endloop
  endfacet
  facet normal -0.9774033898178738 -0.2113826236295913 -1.9684571764954292e-18
    outer loop
      vertex -190.46810391449634 -166.8355969921676 80.49
      vertex -190.55225633020504 -166.44648811007153 84.24000000000001
      vertex -190.55225633020504 -166.44648811007153 80.49
    endloop
  endfacet
  facet normal -0.994334800210141 -0.1062934856473289 -3.960072101623411e-19
    outer loop
      vertex -190.55225633020504 -166.44648811007153 80.49
      vertex -190.59468510878784 -166.04958315565815 84.24000000000001
      vertex -190.59468510878784 -166.04958315565815 80.49
    endloop
  endfacet
  facet normal 0.8951632913550798 0.44573835577650334 -5.563935831525793e-15
    outer loop
      vertex -188.8075637249286 -166.72156352365764 83.34282027079429
      vertex -188.70753498120771 -166.92244832142944 83.34489664285886
      vertex -188.8527517465424 -166.63081374268546 80.53
    endloop
  endfacet
  facet normal 0.8951632913550583 0.4457383557765463 -5.626029839273416e-19
    outer loop
      vertex -188.8075637249286 -166.72156352365764 83.34282027079429
      vertex -188.85481529321936 -166.62666958230238 80.53
      vertex -188.85481529321936 -166.62666958230238 83.35294033207636
    endloop
  endfacet
  facet normal 0.961825643172809 0.27366299007211836 -2.6659002756349338e-15
    outer loop
      vertex -188.88744032445962 -166.51200449131608 83.34229153530907
      vertex -188.9633921643204 -166.24506146330563 80.53
      vertex -188.9488627522061 -166.2961270500262 83.34575259463045
    endloop
  endfacet
  facet normal 0.9618256431728325 0.2736629900720353 0
    outer loop
      vertex -188.85481529321936 -166.62666958230238 83.35294033207636
      vertex -188.85481529321936 -166.62666958230238 80.53
      vertex -188.88744032445962 -166.51200449131608 83.34229153530907
    endloop
  endfacet
  facet normal 0.9618256431727702 0.2736629900722543 -1.4233619005970097e-19
    outer loop
      vertex -188.9488627522061 -166.2961270500262 83.34575259463045
      vertex -188.9633921643204 -166.24506146330563 80.53
      vertex -188.9633921643204 -166.24506146330563 83.35212343885142
    endloop
  endfacet
  facet normal 0.9957341762950372 0.09226835946327318 -3.2072620172257594e-19
    outer loop
      vertex -188.97926238610557 -166.0737944947716 83.34099095859234
      vertex -188.9633921643204 -166.24506146330563 83.35212343885142
      vertex -188.9633921643204 -166.24506146330563 80.53
    endloop
  endfacet
  facet normal 0.9957341762950359 0.09226835946328686 0
    outer loop
      vertex -189 -165.85 80.49
      vertex -189 -165.85 83.35000000000002
      vertex -188.97926238610557 -166.0737944947716 83.34099095859234
    endloop
  endfacet
  facet normal -0.1852887240871073 -0.9826841245925223 0
    outer loop
      vertex -187.73997512451666 -169.49286209974267 80.49
      vertex -187.34772072731394 -169.56682311626503 80.49
      vertex -187.73997512451666 -169.49286209974267 84.24000000000001
    endloop
  endfacet
  facet normal -0.0797861055530831 -0.99681200703075 0
    outer loop
      vertex -187.34772072731394 -169.56682311626503 80.49
      vertex -186.94982695539164 -169.59867104171295 80.49
      vertex -187.34772072731394 -169.56682311626503 84.24000000000001
    endloop
  endfacet
  facet normal 0.18374951781654358 0.9829730996839068 1.475336002003706e-15
    outer loop
      vertex -187.2952384200686 -167.94468207695147 83.34147852060367
      vertex -187.07449695081752 -167.9859458089397 83.34771119558789
      vertex -187.43837542865498 -167.91792513282155 80.53
    endloop
  endfacet
  facet normal 0.36124166618715114 0.9324722294043565 2.5863493209056984e-19
    outer loop
      vertex -187.5125703525244 -167.8891818661847 83.34412270064495
      vertex -187.43837542865498 -167.91792513282155 83.35269525325945
      vertex -187.43837542865498 -167.91792513282155 80.53
    endloop
  endfacet
  facet normal 0.18374951781657162 0.9829730996839015 -2.1612878910869195e-19
    outer loop
      vertex -187.2952384200686 -167.94468207695147 83.34147852060367
      vertex -187.43837542865498 -167.91792513282155 80.53
      vertex -187.43837542865498 -167.91792513282155 83.35269525325945
    endloop
  endfacet
  facet normal 0.18374951781689589 0.9829730996838408 1.0802597164962073e-19
    outer loop
      vertex -187.07449695081752 -167.9859458089397 83.34771119558789
      vertex -187.04837697284609 -167.99082847903432 83.3512249756421
      vertex -187.04837697284609 -167.99082847903432 80.53
    endloop
  endfacet
  facet normal 0 1 0
    outer loop
      vertex -187.04837697284609 -167.99082847903432 83.3512249756421
      vertex -186.85 -167.99082847903432 83.34082847903434
      vertex -187.04837697284609 -167.99082847903432 80.53
    endloop
  endfacet
  facet normal -0.7347741508630377 -0.6783118362696483 0
    outer loop
      vertex -189.4661182042562 -168.53671277611866 80.49
      vertex -189.4661182042562 -168.53671277611866 84.24000000000001
      vertex -189.73687743786215 -168.24341568866808 84.24000000000001
    endloop
  endfacet
  facet normal -0.6585113790650445 -0.7525707698561334 0
    outer loop
      vertex -189.1657173060482 -168.7995683342599 80.49
      vertex -189.1657173060482 -168.7995683342599 84.24000000000001
      vertex -189.4661182042562 -168.53671277611866 84.24000000000001
    endloop
  endfacet
  facet normal -0.8615540813938297 -0.5076658003388003 0
    outer loop
      vertex -189.97492719655943 -167.92300024510448 80.49
      vertex -189.97492719655943 -167.92300024510448 84.24000000000001
      vertex -190.17757028146212 -167.57909688043497 84.24000000000001
    endloop
  endfacet
  facet normal -0.9106347728548981 -0.4132121857684112 0
    outer loop
      vertex -190.17757028146212 -167.57909688043497 80.49
      vertex -190.17757028146212 -167.57909688043497 84.24000000000001
      vertex -190.34251066544627 -167.21560215719808 84.24000000000001
    endloop
  endfacet
  facet normal -0.9493976084683793 -0.31407671202195486 0
    outer loop
      vertex -190.34251066544627 -167.21560215719808 80.49
      vertex -190.34251066544627 -167.21560215719808 84.24000000000001
      vertex -190.46787950805444 -166.8366346158532 84.24000000000001
    endloop
  endfacet
  facet normal -0.8027116379309628 -0.5963673585385026 0
    outer loop
      vertex -189.73687743786215 -168.24341568866808 80.49
      vertex -189.73687743786215 -168.24341568866808 84.24000000000001
      vertex -189.97492719655943 -167.92300024510448 84.24000000000001
    endloop
  endfacet
  facet normal -0.5747874102143824 -0.8183027759081862 0
    outer loop
      vertex -188.83907840544902 -169.02900410458625 80.49
      vertex -188.83907840544902 -169.02900410458625 84.24000000000001
      vertex -189.1657173060482 -168.7995683342599 84.24000000000001
    endloop
  endfacet
  facet normal -0.48455087033267197 -0.8747630845319493 0
    outer loop
      vertex -188.4899024517207 -169.22242048814206 80.49
      vertex -188.4899024517207 -169.22242048814206 84.24000000000001
      vertex -188.83907840544902 -169.02900410458625 84.24000000000001
    endloop
  endfacet
  facet normal -0.38882417547331044 -0.9213119778704174 0
    outer loop
      vertex -188.1221457479426 -169.37762600001636 80.49
      vertex -188.1221457479426 -169.37762600001636 84.24000000000001
      vertex -188.4899024517207 -169.22242048814206 84.24000000000001
    endloop
  endfacet
  facet normal -0.2886919473396552 -0.9574220383619951 0
    outer loop
      vertex -187.73997512451666 -169.49286209974267 80.49
      vertex -187.73997512451666 -169.49286209974267 84.24000000000001
      vertex -188.1221457479426 -169.37762600001636 84.24000000000001
    endloop
  endfacet
  facet normal 0 0 1
    outer loop
      vertex -189.4661182042562 -168.53671277611866 84.24000000000001
      vertex -190.34251066544627 -167.21560215719808 84.24000000000001
      vertex -189.97492719655943 -167.92300024510448 84.24000000000001
    endloop
  endfacet
  facet normal 0 0 1
    outer loop
      vertex -189.97492719655943 -167.92300024510448 84.24000000000001
      vertex -190.34251066544627 -167.21560215719808 84.24000000000001
      vertex -190.17757028146212 -167.57909688043497 84.24000000000001
    endloop
  endfacet
  facet normal 0 0 1
    outer loop
      vertex -189.4661182042562 -168.53671277611866 84.24000000000001
      vertex -190.59468510878784 -166.04958315565815 84.24000000000001
      vertex -190.34251066544627 -167.21560215719808 84.24000000000001
    endloop
  endfacet
  facet normal 0 0 1
    outer loop
      vertex -189.4661182042562 -168.53671277611866 84.24000000000001
      vertex -189.97492719655943 -167.92300024510448 84.24000000000001
      vertex -189.73687743786215 -168.24341568866808 84.24000000000001
    endloop
  endfacet
  facet normal 0 0 1
    outer loop
      vertex -189.4661182042562 -168.53671277611866 84.24000000000001
      vertex -189.10916026945128 -167.88415704333093 84.24000000000001
      vertex -189.30941166289983 -167.63686716696913 84.24000000000001
    endloop
  endfacet
  facet normal 0 0 1
    outer loop
      vertex -189.4661182042562 -168.53671277611866 84.24000000000001
      vertex -188.88415704333093 -168.10916026945128 84.24000000000001
      vertex -189.10916026945128 -167.88415704333093 84.24000000000001
    endloop
  endfacet
  facet normal 0 0 1
    outer loop
      vertex -189.4661182042562 -168.53671277611866 84.24000000000001
      vertex -189.30941166289983 -167.63686716696913 84.24000000000001
      vertex -189.48271722750468 -167.37 84.24000000000001
    endloop
  endfacet
  facet normal 0.5934361481663807 0.3853819406971099 0.7066217501846221
    outer loop
      vertex -188.58226240459274 -167.10856230660147 83.34119408694389
      vertex -189.48271722750468 -167.37 84.24000000000001
      vertex -189.30941166289983 -167.63686716696913 84.24000000000001
    endloop
  endfacet
  facet normal 0.6304686248866457 0.3212398094875057 0.7066217501846183
    outer loop
      vertex -189.48271722750468 -167.37 84.24000000000001
      vertex -188.70753498120771 -166.92244832142944 83.34489664285886
      vertex -189.6271781912335 -167.08647939495043 84.24000000000001
    endloop
  endfacet
  facet normal 0 0 1
    outer loop
      vertex -189.4661182042562 -168.53671277611866 84.24000000000001
      vertex -189.48271722750468 -167.37 84.24000000000001
      vertex -190.59468510878784 -166.04958315565815 84.24000000000001
    endloop
  endfacet
  facet normal 0 0 1
    outer loop
      vertex -189.1657173060482 -168.7995683342599 84.24000000000001
      vertex -188.83907840544902 -169.02900410458625 84.24000000000001
      vertex -188.4899024517207 -169.22242048814206 84.24000000000001
    endloop
  endfacet
  facet normal 0 0 1
    outer loop
      vertex -189.1657173060482 -168.7995683342599 84.24000000000001
      vertex -188.4899024517207 -169.22242048814206 84.24000000000001
      vertex -189.4661182042562 -168.53671277611866 84.24000000000001
    endloop
  endfacet
  facet normal 0 0 1
    outer loop
      vertex -189.4661182042562 -168.53671277611866 84.24000000000001
      vertex -188.6368671669691 -168.30941166289983 84.24000000000001
      vertex -188.88415704333093 -168.10916026945128 84.24000000000001
    endloop
  endfacet
  facet normal 0 0 1
    outer loop
      vertex -189.4661182042562 -168.53671277611866 84.24000000000001
      vertex -188.37 -168.48271722750468 84.24000000000001
      vertex -188.6368671669691 -168.30941166289983 84.24000000000001
    endloop
  endfacet
  facet normal 0 0 1
    outer loop
      vertex -189.4661182042562 -168.53671277611866 84.24000000000001
      vertex -187.78941166289982 -168.74121180953725 84.24000000000001
      vertex -188.08647939495043 -168.6271781912335 84.24000000000001
    endloop
  endfacet
  facet normal 0 0 1
    outer loop
      vertex -189.4661182042562 -168.53671277611866 84.24000000000001
      vertex -188.08647939495043 -168.6271781912335 84.24000000000001
      vertex -188.37 -168.48271722750468 84.24000000000001
    endloop
  endfacet
  facet normal 0 0 1
    outer loop
      vertex -188.4899024517207 -169.22242048814206 84.24000000000001
      vertex -188.1221457479426 -169.37762600001636 84.24000000000001
      vertex -187.73997512451666 -169.49286209974267 84.24000000000001
    endloop
  endfacet
  facet normal 0 0 1
    outer loop
      vertex -189.4661182042562 -168.53671277611866 84.24000000000001
      vertex -188.4899024517207 -169.22242048814206 84.24000000000001
      vertex -186.94982695539164 -169.59867104171295 84.24000000000001
    endloop
  endfacet
  facet normal 0 0 1
    outer loop
      vertex -189.4661182042562 -168.53671277611866 84.24000000000001
      vertex -186.94982695539164 -169.59867104171295 84.24000000000001
      vertex -187.78941166289982 -168.74121180953725 84.24000000000001
    endloop
  endfacet
  facet normal 0 0 1
    outer loop
      vertex -188.4899024517207 -169.22242048814206 84.24000000000001
      vertex -187.73997512451666 -169.49286209974267 84.24000000000001
      vertex -186.94982695539164 -169.59867104171295 84.24000000000001
    endloop
  endfacet
  facet normal 0.32123980948750447 0.6304686248866432 0.706621750184621
    outer loop
      vertex -187.72181177526377 -167.80812130716515 83.34343062053867
      vertex -188.37 -168.48271722750468 84.24000000000001
      vertex -188.08647939495043 -168.6271781912335 84.24000000000001
    endloop
  endfacet
  facet normal 0.25357810770135225 0.6605935554186281 0.7066217501846214
    outer loop
      vertex -188.08647939495043 -168.6271781912335 84.24000000000001
      vertex -187.78941166289982 -168.74121180953725 84.24000000000001
      vertex -187.5125703525244 -167.8891818661847 83.34412270064495
    endloop
  endfacet
  facet normal 0.44530174671812506 0.5499018608222801 0.7066217501846237
    outer loop
      vertex -188.28252103700862 -167.44097579145787 83.34086909699712
      vertex -188.88415704333093 -168.10916026945128 84.24000000000001
      vertex -188.1456644682154 -167.56573703865251 83.35171503098566
    endloop
  endfacet
  facet normal 0.5499018608223286 0.44530174671806416 0.7066217501846243
    outer loop
      vertex -188.44688016765116 -167.2878373612121 83.34881421885069
      vertex -188.58226240459274 -167.10856230660147 83.34119408694389
      vertex -189.30941166289983 -167.63686716696913 84.24000000000001
    endloop
  endfacet
  facet normal 0.5934361481663777 0.3853819406971165 0.7066217501846213
    outer loop
      vertex -188.58226240459274 -167.10856230660147 83.34119408694389
      vertex -188.67796684181866 -166.98182915018631 83.35245018374215
      vertex -189.48271722750468 -167.37 84.24000000000001
    endloop
  endfacet
  facet normal 0.5934361481663379 0.3853819406971872 0.7066217501846161
    outer loop
      vertex -188.67796684181866 -166.98182915018631 83.35245018374215
      vertex -188.70753498120771 -166.92244832142944 83.34489664285886
      vertex -189.48271722750468 -167.37 84.24000000000001
    endloop
  endfacet
  facet normal 0.5003427336166774 0.5003427336166786 0.7066217501846233
    outer loop
      vertex -188.43886917202443 -167.2984456338401 83.35065329141595
      vertex -189.10916026945128 -167.88415704333093 84.24000000000001
      vertex -188.28252103700862 -167.44097579145787 83.34086909699712
    endloop
  endfacet
  facet normal 0.500342733616042 0.5003427336173581 0.7066217501845918
    outer loop
      vertex -188.44688016765116 -167.2878373612121 83.34881421885069
      vertex -189.10916026945128 -167.88415704333093 84.24000000000001
      vertex -188.43886917202443 -167.2984456338401 83.35065329141595
    endloop
  endfacet
  facet normal 0.3212398094874955 0.6304686248866502 0.7066217501846189
    outer loop
      vertex -187.92092215678466 -167.70489158650224 83.3418443135693
      vertex -188.37 -168.48271722750468 84.24000000000001
      vertex -187.80833746491956 -167.77460107641338 83.35285863810408
    endloop
  endfacet
  facet normal 0.38538194069714476 0.5934361481663614 0.7066217501846195
    outer loop
      vertex -187.92092215678466 -167.70489158650224 83.3418443135693
      vertex -188.11179314596873 -167.5867092734858 83.34669071918275
      vertex -188.6368671669691 -168.30941166289983 84.24000000000001
    endloop
  endfacet
  facet normal 0.4453017467179425 0.5499018608224272 0.706621750184624
    outer loop
      vertex -188.11179314596873 -167.5867092734858 83.34669071918275
      vertex -188.1456644682154 -167.56573703865251 83.35171503098566
      vertex -188.6368671669691 -168.30941166289983 84.24000000000001
    endloop
  endfacet
  facet normal 0.2535781077013448 0.6605935554186323 0.70662175018462
    outer loop
      vertex -187.72181177526377 -167.80812130716515 83.34343062053867
      vertex -188.08647939495043 -168.6271781912335 84.24000000000001
      vertex -187.5125703525244 -167.8891818661847 83.34412270064495
    endloop
  endfacet
  facet normal 0.3212398094874879 0.630468624886655 0.706621750184618
    outer loop
      vertex -187.72181177526377 -167.80812130716515 83.34343062053867
      vertex -187.80833746491956 -167.77460107641338 83.35285863810408
      vertex -188.37 -168.48271722750468 84.24000000000001
    endloop
  endfacet
  facet normal 0.500342733616678 0.5003427336166778 0.7066217501846234
    outer loop
      vertex -188.28252103700862 -167.44097579145787 83.34086909699712
      vertex -189.10916026945128 -167.88415704333093 84.24000000000001
      vertex -188.88415704333093 -168.10916026945128 84.24000000000001
    endloop
  endfacet
  facet normal 0.44530174671808265 0.5499018608223247 0.7066217501846156
    outer loop
      vertex -188.1456644682154 -167.56573703865251 83.35171503098566
      vertex -188.88415704333093 -168.10916026945128 84.24000000000001
      vertex -188.6368671669691 -168.30941166289983 84.24000000000001
    endloop
  endfacet
  facet normal 0.5499018608222996 0.44530174671811357 0.7066217501846156
    outer loop
      vertex -188.44688016765116 -167.2878373612121 83.34881421885069
      vertex -189.30941166289983 -167.63686716696913 84.24000000000001
      vertex -189.10916026945128 -167.88415704333093 84.24000000000001
    endloop
  endfacet
  facet normal 0.3853819406971407 0.5934361481663651 0.7066217501846187
    outer loop
      vertex -187.92092215678466 -167.70489158650224 83.3418443135693
      vertex -188.6368671669691 -168.30941166289983 84.24000000000001
      vertex -188.37 -168.48271722750468 84.24000000000001
    endloop
  endfacet
  facet normal -0.9774033898178678 -0.2113826236296191 3.0223452540443762e-15
    outer loop
      vertex -190.46810391449634 -166.8355969921676 80.49
      vertex -190.46787950805444 -166.8366346158532 84.24000000000001
      vertex -190.55225633020504 -166.44648811007153 84.24000000000001
    endloop
  endfacet
  facet normal -0.994334800210141 -0.1062934856473289 0
    outer loop
      vertex -190.55225633020504 -166.44648811007153 80.49
      vertex -190.55225633020504 -166.44648811007153 84.24000000000001
      vertex -190.59468510878784 -166.04958315565815 84.24000000000001
    endloop
  endfacet
  facet normal 0.6605935554186424 0.2535781077013024 0.7066217501846259
    outer loop
      vertex -188.85481529321936 -166.62666958230238 83.35294033207636
      vertex -188.88744032445962 -166.51200449131608 83.34229153530907
      vertex -189.74121180953725 -166.78941166289982 84.24000000000001
    endloop
  endfacet
  facet normal 0.6605935554186209 0.2535781077013792 0.7066217501846185
    outer loop
      vertex -188.8075637249286 -166.72156352365764 83.34282027079429
      vertex -188.85481529321936 -166.62666958230238 83.35294033207636
      vertex -189.74121180953725 -166.78941166289982 84.24000000000001
    endloop
  endfacet
  facet normal 0.6834808847193194 0.18313815110272058 0.7066217501846186
    outer loop
      vertex -188.88744032445962 -166.51200449131608 83.34229153530907
      vertex -188.9488627522061 -166.2961270500262 83.34575259463045
      vertex -189.82356870623076 -166.482051540086 84.24000000000001
    endloop
  endfacet
  facet normal 0.6988798544194847 0.11069169459639593 0.7066217501846217
    outer loop
      vertex -188.9488627522061 -166.2961270500262 83.34575259463045
      vertex -188.9633921643204 -166.24506146330563 83.35212343885142
      vertex -189.82356870623076 -166.482051540086 84.24000000000001
    endloop
  endfacet
  facet normal 0.6988798544195063 0.11069169459625525 0.7066217501846226
    outer loop
      vertex -188.97926238610557 -166.0737944947716 83.34099095859234
      vertex -189.87334656191953 -166.16776652833366 84.24000000000001
      vertex -188.9633921643204 -166.24506146330563 83.35212343885142
    endloop
  endfacet
  facet normal 0.7066217501846243 0.037032476720260166 0.7066217501846243
    outer loop
      vertex -188.97926238610557 -166.0737944947716 83.34099095859234
      vertex -189 -165.85 83.35000000000002
      vertex -189.89 -165.85 84.24000000000001
    endloop
  endfacet
  facet normal 0 0 1
    outer loop
      vertex -190.34251066544627 -167.21560215719808 84.24000000000001
      vertex -190.55225633020504 -166.44648811007153 84.24000000000001
      vertex -190.46787950805444 -166.8366346158532 84.24000000000001
    endloop
  endfacet
  facet normal 0 0 1
    outer loop
      vertex -190.34251066544627 -167.21560215719808 84.24000000000001
      vertex -190.59468510878784 -166.04958315565815 84.24000000000001
      vertex -190.55225633020504 -166.44648811007153 84.24000000000001
    endloop
  endfacet
  facet normal 0 0 1
    outer loop
      vertex -189.48271722750468 -167.37 84.24000000000001
      vertex -189.6271781912335 -167.08647939495043 84.24000000000001
      vertex -190.59468510878784 -166.04958315565815 84.24000000000001
    endloop
  endfacet
  facet normal 0 0 1
    outer loop
      vertex -189.6271781912335 -167.08647939495043 84.24000000000001
      vertex -189.74121180953725 -166.78941166289982 84.24000000000001
      vertex -190.59468510878784 -166.04958315565815 84.24000000000001
    endloop
  endfacet
  facet normal 0 0 1
    outer loop
      vertex -190.59468510878784 -166.04958315565815 84.24000000000001
      vertex -189.74121180953725 -166.78941166289982 84.24000000000001
      vertex -189.82356870623076 -166.482051540086 84.24000000000001
    endloop
  endfacet
  facet normal 0 0 1
    outer loop
      vertex -190.59468510878784 -166.04958315565815 84.24000000000001
      vertex -189.87334656191953 -166.16776652833366 84.24000000000001
      vertex -189.89 -165.85 84.24000000000001
    endloop
  endfacet
  facet normal 0 0 1
    outer loop
      vertex -190.59468510878784 -166.04958315565815 84.24000000000001
      vertex -189.82356870623076 -166.482051540086 84.24000000000001
      vertex -189.87334656191953 -166.16776652833366 84.24000000000001
    endloop
  endfacet
  facet normal 0.6834808847193236 0.1831381511026834 0.7066217501846243
    outer loop
      vertex -188.88744032445962 -166.51200449131608 83.34229153530907
      vertex -189.82356870623076 -166.482051540086 84.24000000000001
      vertex -189.74121180953725 -166.78941166289982 84.24000000000001
    endloop
  endfacet
  facet normal 0.6988798544195045 0.11069169459630517 0.7066217501846165
    outer loop
      vertex -188.9633921643204 -166.24506146330563 83.35212343885142
      vertex -189.87334656191953 -166.16776652833366 84.24000000000001
      vertex -189.82356870623076 -166.482051540086 84.24000000000001
    endloop
  endfacet
  facet normal 0.6605935554186269 0.2535781077013518 0.7066217501846227
    outer loop
      vertex -189.6271781912335 -167.08647939495043 84.24000000000001
      vertex -188.8075637249286 -166.72156352365764 83.34282027079429
      vertex -189.74121180953725 -166.78941166289982 84.24000000000001
    endloop
  endfacet
  facet normal 0.7066217501846266 0.03703247672028252 0.7066217501846211
    outer loop
      vertex -188.97926238610557 -166.0737944947716 83.34099095859234
      vertex -189.89 -165.85 84.24000000000001
      vertex -189.87334656191953 -166.16776652833366 84.24000000000001
    endloop
  endfacet
  facet normal 0.6304686248866592 0.32123980948746494 0.7066217501846248
    outer loop
      vertex -189.6271781912335 -167.08647939495043 84.24000000000001
      vertex -188.70753498120771 -166.92244832142944 83.34489664285886
      vertex -188.8075637249286 -166.72156352365764 83.34282027079429
    endloop
  endfacet
  facet normal -0.1852887240871073 -0.9826841245925223 0
    outer loop
      vertex -187.34772072731394 -169.56682311626503 80.49
      vertex -187.34772072731394 -169.56682311626503 84.24000000000001
      vertex -187.73997512451666 -169.49286209974267 84.24000000000001
    endloop
  endfacet
  facet normal -0.0797861055530831 -0.99681200703075 0
    outer loop
      vertex -186.94982695539164 -169.59867104171295 80.49
      vertex -186.94982695539164 -169.59867104171295 84.24000000000001
      vertex -187.34772072731394 -169.56682311626503 84.24000000000001
    endloop
  endfacet
  facet normal 0.03703247672026582 0.7066217501846271 0.7066217501846214
    outer loop
      vertex -187.04837697284609 -167.99082847903432 83.3512249756421
      vertex -187.16776652833366 -168.87334656191953 84.24000000000001
      vertex -186.85 -167.99082847903432 83.34082847903434
    endloop
  endfacet
  facet normal 0.037032476720424944 0.7066217501846123 0.7066217501846279
    outer loop
      vertex -187.07449695081752 -167.9859458089397 83.34771119558789
      vertex -187.16776652833366 -168.87334656191953 84.24000000000001
      vertex -187.04837697284609 -167.99082847903432 83.3512249756421
    endloop
  endfacet
  facet normal 0 0 1
    outer loop
      vertex -187.73997512451666 -169.49286209974267 84.24000000000001
      vertex -187.34772072731394 -169.56682311626503 84.24000000000001
      vertex -186.94982695539164 -169.59867104171295 84.24000000000001
    endloop
  endfacet
  facet normal 0 0 1
    outer loop
      vertex -187.78941166289982 -168.74121180953725 84.24000000000001
      vertex -186.94982695539164 -169.59867104171295 84.24000000000001
      vertex -187.482051540086 -168.82356870623076 84.24000000000001
    endloop
  endfacet
  facet normal 0 0 1
    outer loop
      vertex -186.94982695539164 -169.59867104171295 84.24000000000001
      vertex -186.85 -168.89 84.24000000000001
      vertex -187.16776652833366 -168.87334656191953 84.24000000000001
    endloop
  endfacet
  facet normal 0 0 1
    outer loop
      vertex -186.94982695539164 -169.59867104171295 84.24000000000001
      vertex -187.16776652833366 -168.87334656191953 84.24000000000001
      vertex -187.482051540086 -168.82356870623076 84.24000000000001
    endloop
  endfacet
  facet normal 0.18313815110268558 0.6834808847193319 0.7066217501846155
    outer loop
      vertex -187.78941166289982 -168.74121180953725 84.24000000000001
      vertex -187.482051540086 -168.82356870623076 84.24000000000001
      vertex -187.2952384200686 -167.94468207695147 83.34147852060367
    endloop
  endfacet
  facet normal 0.03703247672028236 0.7066217501846238 0.7066217501846238
    outer loop
      vertex -186.85 -167.99082847903432 83.34082847903434
      vertex -187.16776652833366 -168.87334656191953 84.24000000000001
      vertex -186.85 -168.89 84.24000000000001
    endloop
  endfacet
  facet normal 0.11069169459630367 0.6988798544194964 0.7066217501846247
    outer loop
      vertex -187.07449695081752 -167.9859458089397 83.34771119558789
      vertex -187.482051540086 -168.82356870623076 84.24000000000001
      vertex -187.16776652833366 -168.87334656191953 84.24000000000001
    endloop
  endfacet
  facet normal 0.11069169459623031 0.6988798544195196 0.7066217501846132
    outer loop
      vertex -187.2952384200686 -167.94468207695147 83.34147852060367
      vertex -187.482051540086 -168.82356870623076 84.24000000000001
      vertex -187.07449695081752 -167.9859458089397 83.34771119558789
    endloop
  endfacet
  facet normal 0.1831381511027212 0.6834808847193166 0.7066217501846214
    outer loop
      vertex -187.78941166289982 -168.74121180953725 84.24000000000001
      vertex -187.2952384200686 -167.94468207695147 83.34147852060367
      vertex -187.43837542865498 -167.91792513282155 83.35269525325945
    endloop
  endfacet
  facet normal 0.18313815110275397 0.6834808847193052 0.7066217501846237
    outer loop
      vertex -187.78941166289982 -168.74121180953725 84.24000000000001
      vertex -187.43837542865498 -167.91792513282155 83.35269525325945
      vertex -187.5125703525244 -167.8891818661847 83.34412270064495
    endloop
  endfacet
  facet normal 1 0 0
    outer loop
      vertex -189 -165.85 80.49
      vertex -189 -0.09003800217155344 80.49
      vertex -189 -165.85 83.35000000000002
    endloop
  endfacet
  facet normal 1 0 0
    outer loop
      vertex -189 -165.85 83.35000000000002
      vertex -189 -0.09003800217155344 80.49
      vertex -189 0 80.53
    endloop
  endfacet
  facet normal -1 0 0
    outer loop
      vertex -190.59468510878784 -166.04958315565815 80.49
      vertex -190.59468510878784 -166.04958315565815 84.24000000000001
      vertex -190.59468510878784 166.04958315565815 84.24000000000001
    endloop
  endfacet
  facet normal 0 0 1
    outer loop
      vertex -190.59468510878784 -166.04958315565815 84.24000000000001
      vertex -189.89 -165.85 84.24000000000001
      vertex -189.89 165.85 84.24000000000001
    endloop
  endfacet
  facet normal 0.7071067811865475 -9.786053202636041e-21 0.7071067811865475
    outer loop
      vertex -189 -165.85 83.35000000000002
      vertex -189.89 165.85 84.24000000000001
      vertex -189.89 -165.85 84.24000000000001
    endloop
  endfacet
  facet normal 1 0 0
    outer loop
      vertex -189 -165.85 83.35000000000002
      vertex -189 0 80.53
      vertex -189 161.2108391608385 80.53
    endloop
  endfacet
  facet normal 0 -1 0
    outer loop
      vertex -186.94982695539164 -169.59867104171295 80.49
      vertex 186.75017304460837 -169.59867104171295 80.49
      vertex -186.94982695539164 -169.59867104171295 84.24000000000001
    endloop
  endfacet
  facet normal 0 1 0
    outer loop
      vertex -186.85 -167.99082847903432 83.34082847903434
      vertex 186.85 -167.99082847903432 83.34082847903434
      vertex -187.04837697284609 -167.99082847903432 80.53
    endloop
  endfacet
  facet normal 0 0.7071067811865476 0.7071067811865476
    outer loop
      vertex -186.85 -167.99082847903432 83.34082847903434
      vertex -186.85 -168.89 84.24000000000001
      vertex 186.85 -167.99082847903432 83.34082847903434
    endloop
  endfacet
  facet normal 0 0 1
    outer loop
      vertex -186.94982695539164 -169.59867104171295 84.24000000000001
      vertex 186.75017304460837 -169.59867104171295 84.24000000000001
      vertex -186.85 -168.89 84.24000000000001
    endloop
  endfacet
  facet normal -1 0 0
    outer loop
      vertex -190.59468510878784 -166.04958315565815 80.49
      vertex -190.59468510878784 166.04958315565815 84.24000000000001
      vertex -190.59468510878784 166.04958315565815 80.49
    endloop
  endfacet
  facet normal 1 0 0
    outer loop
      vertex -189 -165.85 83.35000000000002
      vertex -189 161.2108391608385 80.53
      vertex -189 165.85 83.35000000000002
    endloop
  endfacet
  facet normal 0.7071067811865475 0 0.7071067811865475
    outer loop
      vertex -189 -165.85 83.35000000000002
      vertex -189 165.85 83.35000000000002
      vertex -189.89 165.85 84.24000000000001
    endloop
  endfacet
  facet normal 0 0 1
    outer loop
      vertex -190.59468510878784 -166.04958315565815 84.24000000000001
      vertex -189.89 165.85 84.24000000000001
      vertex -190.59468510878784 166.04958315565815 84.24000000000001
    endloop
  endfacet
  facet normal 1 0 0
    outer loop
      vertex -189 165.85 83.35000000000002
      vertex -189 161.2108391608385 80.53
      vertex -189 165.67665273059836 80.49149464332375
    endloop
  endfacet
  facet normal -0.9943348001937969 0.10629348580022124 0
    outer loop
      vertex -190.5522592242282 166.44646103759456 80.48
      vertex -190.55225633020504 166.44648811007156 80.49
      vertex -190.55225633020504 166.44648811007156 80.48
    endloop
  endfacet
  facet normal -0.9774033897465244 0.21138262395950042 3.449135153954531e-20
    outer loop
      vertex -190.46788544879666 166.83660714670046 80.48
      vertex -190.46787950805444 166.83663461585323 80.49
      vertex -190.46787950805444 166.83663461585323 80.48
    endloop
  endfacet
  facet normal 1 0 0
    outer loop
      vertex -189 165.67665273059836 80.49149464332375
      vertex -189 165.85 80.49149464332375
      vertex -189 165.85 80.53
    endloop
  endfacet
  facet normal 1 0 0
    outer loop
      vertex -189 165.85 83.35000000000002
      vertex -189 165.67665273059836 80.49149464332375
      vertex -189 165.85 80.53
    endloop
  endfacet
  facet normal 0.9957341762950366 -0.09226835946328094 0
    outer loop
      vertex -189 165.85 83.35000000000002
      vertex -189 165.85 80.53
      vertex -188.9633921643204 166.24506146330563 80.53
    endloop
  endfacet
  facet normal 0.9618256431728163 -0.2736629900720927 -4.0448560214632244e-16
    outer loop
      vertex -188.9488627522061 166.29612705002623 83.34575259463045
      vertex -188.9633921643204 166.24506146330563 80.53
      vertex -188.85481529321936 166.6266695823024 80.53
    endloop
  endfacet
  facet normal 0.8951632913550385 -0.44573835577658627 -2.819040666486645e-15
    outer loop
      vertex -188.8075637249286 166.72156352365764 83.34282027079429
      vertex -188.85481529321936 166.6266695823024 80.53
      vertex -188.67796684181866 166.98182915018631 80.53
    endloop
  endfacet
  facet normal -0.9106347728548843 0.4132121857684421 -9.9577519805404e-13
    outer loop
      vertex -190.34251066544627 167.2156021571981 80.49
      vertex -190.17800895269613 167.57813013914975 80.49
      vertex -190.17757028146212 167.57909688043495 80.48
    endloop
  endfacet
  facet normal -0.9106347728548702 0.41321218576847313 3.6827653876338565e-13
    outer loop
      vertex -190.34250122796948 167.21562295545826 80.48
      vertex -190.34251066544627 167.2156021571981 80.49
      vertex -190.17757028146212 167.57909688043495 80.48
    endloop
  endfacet
  facet normal -0.9106347728510055 0.4132121857769898 4.047592803418417e-17
    outer loop
      vertex -190.17800895269613 167.57813013914975 80.49
      vertex -190.17757028146212 167.57909688043495 80.48047298588017
      vertex -190.17757028146212 167.57909688043495 80.48
    endloop
  endfacet
  facet normal -0.7347741510812786 0.678311836033241 4.972257353442087e-21
    outer loop
      vertex -189.46614024398176 168.5366889018181 80.48
      vertex -189.4661182042562 168.53671277611866 80.49
      vertex -189.4661182042562 168.53671277611866 80.48
    endloop
  endfacet
  facet normal 0.7980172272802559 -0.6026346363792349 4.353124729362689e-15
    outer loop
      vertex -188.58226240459274 167.1085623066015 83.34119408694387
      vertex -188.67796684181866 166.98182915018631 80.53
      vertex -188.43886917202443 167.2984456338401 80.53
    endloop
  endfacet
  facet normal 0.6736956436465793 -0.739008917220639 3.733461633786507e-15
    outer loop
      vertex -188.28252103700865 167.44097579145787 83.34086909699717
      vertex -188.43886917202443 167.2984456338401 80.53
      vertex -188.1456644682154 167.56573703865254 80.53
    endloop
  endfacet
  facet normal 0.5264321628772584 -0.8502171357296746 -4.945327226083299e-15
    outer loop
      vertex -188.11179314596876 167.5867092734858 83.34669071918279
      vertex -188.1456644682154 167.56573703865254 80.53
      vertex -187.80833746491956 167.77460107641335 80.53
    endloop
  endfacet
  facet normal 0.3612416661872725 -0.9324722294043094 -1.2944736941208714e-15
    outer loop
      vertex -187.72181177526377 167.80812130716512 83.34343062053867
      vertex -187.80833746491956 167.77460107641335 80.53
      vertex -187.43837542865498 167.91792513282158 80.53
    endloop
  endfacet
  facet normal -0.18528872417708547 0.9826841245755567 4.278683860001448e-20
    outer loop
      vertex -187.34775783245843 169.5668161199529 80.48
      vertex -187.34772072731394 169.56682311626506 80.49
      vertex -187.34772072731394 169.56682311626506 80.48
    endloop
  endfacet
  facet normal -0.0797861053368151 0.9968120070480604 0
    outer loop
      vertex -186.94982695539164 169.59867104171295 80.49
      vertex -186.94982695539164 169.59867104171295 80.48
      vertex -186.94986546926603 169.59866795901328 80.48
    endloop
  endfacet
  facet normal 0.1837495178165083 -0.9829730996839133 -6.600352243802806e-15
    outer loop
      vertex -187.2952384200686 167.94468207695147 83.3414785206037
      vertex -187.43837542865498 167.91792513282158 80.53
      vertex -187.04837697284609 167.99082847903432 80.53
    endloop
  endfacet
  facet normal -0.9943348002101419 0.10629348564732138 -5.854536468541972e-19
    outer loop
      vertex -190.59468510878784 166.04958315565815 80.49
      vertex -190.55225633020504 166.44648811007156 84.24000000000001
      vertex -190.55225633020504 166.44648811007156 80.49
    endloop
  endfacet
  facet normal -0.9774033898178678 0.2113826236296191 -1.0427252341448359e-18
    outer loop
      vertex -190.55225633020504 166.44648811007156 80.49
      vertex -190.46787950805444 166.83663461585323 84.24000000000001
      vertex -190.46787950805444 166.83663461585323 80.49
    endloop
  endfacet
  facet normal 0.995734176295036 -0.09226835946328692 -8.421649735413944e-16
    outer loop
      vertex -189 165.85 83.35000000000002
      vertex -188.9633921643204 166.24506146330563 80.53
      vertex -188.97926238610557 166.0737944947716 83.34099095859234
    endloop
  endfacet
  facet normal 0.9957341762950371 -0.09226835946327316 3.2072620172257753e-19
    outer loop
      vertex -188.97926238610557 166.0737944947716 83.34099095859234
      vertex -188.9633921643204 166.24506146330563 80.53
      vertex -188.9633921643204 166.24506146330563 83.35212343885141
    endloop
  endfacet
  facet normal 0.9618256431728103 -0.2736629900721133 0
    outer loop
      vertex -188.9633921643204 166.24506146330563 83.35212343885141
      vertex -188.9633921643204 166.24506146330563 80.53
      vertex -188.9488627522061 166.29612705002623 83.34575259463045
    endloop
  endfacet
  facet normal 0.9618256431728089 -0.2736629900721184 -3.657573416638713e-15
    outer loop
      vertex -188.88744032445962 166.5120044913161 83.34229153530907
      vertex -188.9488627522061 166.29612705002623 83.34575259463045
      vertex -188.85481529321936 166.6266695823024 80.53
    endloop
  endfacet
  facet normal 0.9618256431728325 -0.2736629900720354 5.041102306038454e-20
    outer loop
      vertex -188.88744032445962 166.5120044913161 83.34229153530907
      vertex -188.85481529321936 166.6266695823024 80.53
      vertex -188.85481529321936 166.6266695823024 83.35294033207637
    endloop
  endfacet
  facet normal 0.895163291355005 -0.4457383557766532 -4.210933772615024e-19
    outer loop
      vertex -188.8075637249286 166.72156352365764 83.34282027079429
      vertex -188.85481529321936 166.6266695823024 83.35294033207637
      vertex -188.85481529321936 166.6266695823024 80.53
    endloop
  endfacet
  facet normal 0.8951632913550545 -0.4457383557765538 9.243297452690623e-16
    outer loop
      vertex -188.8075637249286 166.72156352365764 83.34282027079429
      vertex -188.67796684181866 166.98182915018631 80.53
      vertex -188.70753498120771 166.9224483214294 83.34489664285886
    endloop
  endfacet
  facet normal -0.9493976084683793 0.31407671202195486 2.3280340397154875e-19
    outer loop
      vertex -190.46787950805444 166.83663461585323 80.49
      vertex -190.34251066544627 167.2156021571981 84.24000000000001
      vertex -190.34251066544627 167.2156021571981 80.49
    endloop
  endfacet
  facet normal -0.9106347728548841 0.413212185768442 0
    outer loop
      vertex -190.34251066544627 167.2156021571981 80.49
      vertex -190.34251066544627 167.2156021571981 84.24000000000001
      vertex -190.17800895269613 167.57813013914975 80.49
    endloop
  endfacet
  facet normal -0.9106347728510058 0.41321218577698954 0
    outer loop
      vertex -190.17757028146212 167.57909688043495 80.49
      vertex -190.17800895269613 167.57813013914975 80.49
      vertex -190.17757028146212 167.57909688043495 84.24000000000001
    endloop
  endfacet
  facet normal -0.8615540813938478 0.507665800338769 -3.946217695823161e-18
    outer loop
      vertex -190.17757028146212 167.57909688043495 80.49
      vertex -189.97492719655943 167.92300024510448 84.24000000000001
      vertex -189.97492719655943 167.92300024510448 80.49
    endloop
  endfacet
  facet normal -0.8027116379309628 0.5963673585385026 -3.918940226269175e-18
    outer loop
      vertex -189.97492719655943 167.92300024510448 80.49
      vertex -189.73687743786215 168.24341568866808 84.24000000000001
      vertex -189.73687743786215 168.24341568866808 80.49
    endloop
  endfacet
  facet normal -0.7347741508630377 0.6783118362696483 8.814678016418213e-20
    outer loop
      vertex -189.73687743786215 168.24341568866808 80.49
      vertex -189.4661182042562 168.53671277611866 84.24000000000001
      vertex -189.4661182042562 168.53671277611866 80.49
    endloop
  endfacet
  facet normal -0.658511379065085 0.752570769856098 -2.7921284721932242e-18
    outer loop
      vertex -189.4661182042562 168.53671277611866 80.49
      vertex -189.1657173060482 168.79956833425993 84.24000000000001
      vertex -189.1657173060482 168.79956833425993 80.49
    endloop
  endfacet
  facet normal -0.5747874102142871 0.8183027759082533 3.6711145722098285e-18
    outer loop
      vertex -189.1657173060482 168.79956833425993 80.49
      vertex -188.83907840544902 169.02900410458622 84.24000000000001
      vertex -188.83907840544902 169.02900410458622 80.49
    endloop
  endfacet
  facet normal -0.48455087033267197 0.8747630845319493 4.290516436698216e-18
    outer loop
      vertex -188.83907840544902 169.02900410458622 80.49
      vertex -188.4899024517207 169.22242048814203 84.24000000000001
      vertex -188.4899024517207 169.22242048814203 80.49
    endloop
  endfacet
  facet normal -0.38882417547337084 0.9213119778703919 2.178088584144596e-18
    outer loop
      vertex -188.4899024517207 169.22242048814203 80.49
      vertex -188.1221457479426 169.37762600001636 84.24000000000001
      vertex -188.1221457479426 169.37762600001636 80.49
    endloop
  endfacet
  facet normal -0.2886919473396552 0.9574220383619951 -1.881170291217297e-18
    outer loop
      vertex -188.1221457479426 169.37762600001636 80.49
      vertex -187.73997512451666 169.49286209974267 84.24000000000001
      vertex -187.73997512451666 169.49286209974267 80.49
    endloop
  endfacet
  facet normal 0.8951632913550371 -0.44573835577658893 -3.5466971941493688e-19
    outer loop
      vertex -188.70753498120771 166.9224483214294 83.34489664285886
      vertex -188.67796684181866 166.98182915018631 80.53
      vertex -188.67796684181866 166.98182915018631 83.35245018374215
    endloop
  endfacet
  facet normal 0.7980172272801678 -0.6026346363793514 -8.01780779318423e-15
    outer loop
      vertex -188.58226240459274 167.1085623066015 83.34119408694387
      vertex -188.43886917202443 167.2984456338401 80.53
      vertex -188.44688016765113 167.28783736121207 83.34881421885069
    endloop
  endfacet
  facet normal 0.7980172272803022 -0.6026346363791734 3.238212417215584e-20
    outer loop
      vertex -188.58226240459274 167.1085623066015 83.34119408694387
      vertex -188.67796684181866 166.98182915018631 83.35245018374215
      vertex -188.67796684181866 166.98182915018631 80.53
    endloop
  endfacet
  facet normal 0.6736956436466159 -0.7390089172206055 0
    outer loop
      vertex -188.43886917202443 167.2984456338401 83.35065329141595
      vertex -188.43886917202443 167.2984456338401 80.53
      vertex -188.28252103700865 167.44097579145787 83.34086909699717
    endloop
  endfacet
  facet normal 0.798017227281192 -0.602634636377995 8.896679543249304e-20
    outer loop
      vertex -188.44688016765113 167.28783736121207 83.34881421885069
      vertex -188.43886917202443 167.2984456338401 80.53
      vertex -188.43886917202443 167.2984456338401 83.35065329141595
    endloop
  endfacet
  facet normal 0.6736956436465374 -0.7390089172206771 2.8928296903114153e-19
    outer loop
      vertex -188.28252103700865 167.44097579145787 83.34086909699717
      vertex -188.1456644682154 167.56573703865254 80.53
      vertex -188.1456644682154 167.56573703865254 83.35171503098569
    endloop
  endfacet
  facet normal 0.526432162876961 -0.8502171357298585 -3.346914885774545e-19
    outer loop
      vertex -188.11179314596876 167.5867092734858 83.34669071918279
      vertex -188.1456644682154 167.56573703865254 83.35171503098569
      vertex -188.1456644682154 167.56573703865254 80.53
    endloop
  endfacet
  facet normal 0.5264321628772773 -0.8502171357296627 -2.1121587870016097e-15
    outer loop
      vertex -188.11179314596876 167.5867092734858 83.34669071918279
      vertex -187.80833746491956 167.77460107641335 80.53
      vertex -187.92092215678466 167.7048915865022 83.34184431356931
    endloop
  endfacet
  facet normal 0.5264321628773154 -0.8502171357296391 1.1444680810019919e-18
    outer loop
      vertex -187.92092215678466 167.7048915865022 83.34184431356931
      vertex -187.80833746491956 167.77460107641335 80.53
      vertex -187.80833746491956 167.77460107641335 83.3528586381041
    endloop
  endfacet
  facet normal 0.36124166618723585 -0.9324722294043237 -6.334099679368056e-19
    outer loop
      vertex -187.72181177526377 167.80812130716512 83.34343062053867
      vertex -187.80833746491956 167.77460107641335 83.3528586381041
      vertex -187.80833746491956 167.77460107641335 80.53
    endloop
  endfacet
  facet normal -0.1852887240871761 0.9826841245925093 2.0405784186413579e-19
    outer loop
      vertex -187.73997512451666 169.49286209974267 80.49
      vertex -187.34772072731394 169.56682311626506 84.24000000000001
      vertex -187.34772072731394 169.56682311626506 80.49
    endloop
  endfacet
  facet normal -0.07978610555301237 0.9968120070307558 3.008769320322665e-19
    outer loop
      vertex -187.34772072731394 169.56682311626506 80.49
      vertex -186.94982695539164 169.59867104171295 84.24000000000001
      vertex -186.94982695539164 169.59867104171295 80.49
    endloop
  endfacet
  facet normal 0.36124166618722053 -0.9324722294043296 -7.314092896549812e-15
    outer loop
      vertex -187.72181177526377 167.80812130716512 83.34343062053867
      vertex -187.43837542865498 167.91792513282158 80.53
      vertex -187.5125703525244 167.8891818661847 83.34412270064496
    endloop
  endfacet
  facet normal 0.36124166618746173 -0.9324722294042362 5.881400000047837e-19
    outer loop
      vertex -187.5125703525244 167.8891818661847 83.34412270064496
      vertex -187.43837542865498 167.91792513282158 80.53
      vertex -187.43837542865498 167.91792513282158 83.3526952532595
    endloop
  endfacet
  facet normal 0.18374951781638302 -0.9829730996839368 0
    outer loop
      vertex -187.43837542865498 167.91792513282158 83.3526952532595
      vertex -187.43837542865498 167.91792513282158 80.53
      vertex -187.2952384200686 167.94468207695147 83.3414785206037
    endloop
  endfacet
  facet normal 0.18374951781654378 -0.9829730996839068 -3.3797677416735587e-15
    outer loop
      vertex -187.2952384200686 167.94468207695147 83.3414785206037
      vertex -187.04837697284609 167.99082847903432 80.53
      vertex -187.07449695081752 167.9859458089397 83.34771119558792
    endloop
  endfacet
  facet normal 0 -1 0
    outer loop
      vertex -187.04837697284609 167.99082847903432 83.35122497564213
      vertex -187.04837697284609 167.99082847903432 80.53
      vertex -186.85 167.99082847903432 83.34082847903436
    endloop
  endfacet
  facet normal 0.18374951781689589 -0.9829730996838408 -1.0802597164961965e-19
    outer loop
      vertex -187.07449695081752 167.9859458089397 83.34771119558792
      vertex -187.04837697284609 167.99082847903432 80.53
      vertex -187.04837697284609 167.99082847903432 83.35122497564213
    endloop
  endfacet
  facet normal -0.9943348002101419 0.10629348564732138 0
    outer loop
      vertex -190.59468510878784 166.04958315565815 80.49
      vertex -190.59468510878784 166.04958315565815 84.24000000000001
      vertex -190.55225633020504 166.44648811007156 84.24000000000001
    endloop
  endfacet
  facet normal -0.9774033898178678 0.2113826236296191 0
    outer loop
      vertex -190.55225633020504 166.44648811007156 80.49
      vertex -190.55225633020504 166.44648811007156 84.24000000000001
      vertex -190.46787950805444 166.83663461585323 84.24000000000001
    endloop
  endfacet
  facet normal 0.7066217501846281 -0.03703247672026067 0.7066217501846204
    outer loop
      vertex -189 165.85 83.35000000000002
      vertex -188.97926238610557 166.0737944947716 83.34099095859234
      vertex -189.87334656191953 166.16776652833366 84.24000000000001
    endloop
  endfacet
  facet normal 0.6988798544195318 -0.11069169459619792 0.7066217501846065
    outer loop
      vertex -188.97926238610557 166.0737944947716 83.34099095859234
      vertex -188.9633921643204 166.24506146330563 83.35212343885141
      vertex -189.82356870623076 166.48205154008602 84.24000000000001
    endloop
  endfacet
  facet normal 0.6834808847193102 -0.18313815110271786 0.706621750184628
    outer loop
      vertex -188.88744032445962 166.5120044913161 83.34229153530907
      vertex -189.74121180953725 166.78941166289988 84.24000000000001
      vertex -188.9488627522061 166.29612705002623 83.34575259463045
    endloop
  endfacet
  facet normal 0.6988798544194611 -0.11069169459652378 0.706621750184625
    outer loop
      vertex -188.9633921643204 166.24506146330563 83.35212343885141
      vertex -188.9488627522061 166.29612705002623 83.34575259463045
      vertex -189.82356870623076 166.48205154008602 84.24000000000001
    endloop
  endfacet
  facet normal 0.6605935554186102 -0.253578107701381 0.7066217501846276
    outer loop
      vertex -188.88744032445962 166.5120044913161 83.34229153530907
      vertex -188.85481529321936 166.6266695823024 83.35294033207637
      vertex -189.74121180953725 166.78941166289988 84.24000000000001
    endloop
  endfacet
  facet normal 0 0 1
    outer loop
      vertex -190.59468510878784 166.04958315565815 84.24000000000001
      vertex -189.89 165.85 84.24000000000001
      vertex -189.87334656191953 166.16776652833366 84.24000000000001
    endloop
  endfacet
  facet normal 0 0 1
    outer loop
      vertex -190.59468510878784 166.04958315565815 84.24000000000001
      vertex -189.87334656191953 166.16776652833366 84.24000000000001
      vertex -189.82356870623076 166.48205154008602 84.24000000000001
    endloop
  endfacet
  facet normal 0 0 1
    outer loop
      vertex -190.59468510878784 166.04958315565815 84.24000000000001
      vertex -190.34251066544627 167.2156021571981 84.24000000000001
      vertex -190.55225633020504 166.44648811007156 84.24000000000001
    endloop
  endfacet
  facet normal 0 0 1
    outer loop
      vertex -190.55225633020504 166.44648811007156 84.24000000000001
      vertex -190.34251066544627 167.2156021571981 84.24000000000001
      vertex -190.46787950805444 166.83663461585323 84.24000000000001
    endloop
  endfacet
  facet normal 0 0 1
    outer loop
      vertex -190.59468510878784 166.04958315565815 84.24000000000001
      vertex -189.82356870623076 166.48205154008602 84.24000000000001
      vertex -189.74121180953725 166.78941166289988 84.24000000000001
    endloop
  endfacet
  facet normal 0 0 1
    outer loop
      vertex -190.59468510878784 166.04958315565815 84.24000000000001
      vertex -189.6271781912335 167.08647939495043 84.24000000000001
      vertex -189.48271722750468 167.36999999999998 84.24000000000001
    endloop
  endfacet
  facet normal 0 0 1
    outer loop
      vertex -190.59468510878784 166.04958315565815 84.24000000000001
      vertex -189.74121180953725 166.78941166289988 84.24000000000001
      vertex -189.6271781912335 167.08647939495043 84.24000000000001
    endloop
  endfacet
  facet normal 0.6988798544195011 -0.11069169459629458 0.7066217501846216
    outer loop
      vertex -188.97926238610557 166.0737944947716 83.34099095859234
      vertex -189.82356870623076 166.48205154008602 84.24000000000001
      vertex -189.87334656191953 166.16776652833366 84.24000000000001
    endloop
  endfacet
  facet normal 0.7066217501846237 -0.03703247672028226 0.7066217501846237
    outer loop
      vertex -189 165.85 83.35000000000002
      vertex -189.87334656191953 166.16776652833366 84.24000000000001
      vertex -189.89 165.85 84.24000000000001
    endloop
  endfacet
  facet normal 0.6834808847193319 -0.1831381511026685 0.70662175018462
    outer loop
      vertex -188.9488627522061 166.29612705002623 83.34575259463045
      vertex -189.74121180953725 166.78941166289988 84.24000000000001
      vertex -189.82356870623076 166.48205154008602 84.24000000000001
    endloop
  endfacet
  facet normal 0.6605935554186071 -0.25357810770139283 0.7066217501846266
    outer loop
      vertex -188.85481529321936 166.6266695823024 83.35294033207637
      vertex -189.6271781912335 167.08647939495043 84.24000000000001
      vertex -189.74121180953725 166.78941166289988 84.24000000000001
    endloop
  endfacet
  facet normal 0.6605935554186269 -0.2535781077013518 0.7066217501846226
    outer loop
      vertex -188.8075637249286 166.72156352365764 83.34282027079429
      vertex -189.6271781912335 167.08647939495043 84.24000000000001
      vertex -188.85481529321936 166.6266695823024 83.35294033207637
    endloop
  endfacet
  facet normal -0.9493976084683793 0.31407671202195486 0
    outer loop
      vertex -190.46787950805444 166.83663461585323 80.49
      vertex -190.46787950805444 166.83663461585323 84.24000000000001
      vertex -190.34251066544627 167.2156021571981 84.24000000000001
    endloop
  endfacet
  facet normal -0.9106347728548739 0.4132121857684648 2.65015120415999e-15
    outer loop
      vertex -190.17800895269613 167.57813013914975 80.49
      vertex -190.34251066544627 167.2156021571981 84.24000000000001
      vertex -190.17757028146212 167.57909688043495 84.24000000000001
    endloop
  endfacet
  facet normal -0.8615540813938478 0.507665800338769 0
    outer loop
      vertex -190.17757028146212 167.57909688043495 80.49
      vertex -190.17757028146212 167.57909688043495 84.24000000000001
      vertex -189.97492719655943 167.92300024510448 84.24000000000001
    endloop
  endfacet
  facet normal -0.8027116379309628 0.5963673585385026 0
    outer loop
      vertex -189.97492719655943 167.92300024510448 80.49
      vertex -189.97492719655943 167.92300024510448 84.24000000000001
      vertex -189.73687743786215 168.24341568866808 84.24000000000001
    endloop
  endfacet
  facet normal -0.7347741508630377 0.6783118362696483 0
    outer loop
      vertex -189.73687743786215 168.24341568866808 80.49
      vertex -189.73687743786215 168.24341568866808 84.24000000000001
      vertex -189.4661182042562 168.53671277611866 84.24000000000001
    endloop
  endfacet
  facet normal -0.658511379065085 0.752570769856098 0
    outer loop
      vertex -189.4661182042562 168.53671277611866 80.49
      vertex -189.4661182042562 168.53671277611866 84.24000000000001
      vertex -189.1657173060482 168.79956833425993 84.24000000000001
    endloop
  endfacet
  facet normal -0.5747874102142871 0.8183027759082533 0
    outer loop
      vertex -189.1657173060482 168.79956833425993 80.49
      vertex -189.1657173060482 168.79956833425993 84.24000000000001
      vertex -188.83907840544902 169.02900410458622 84.24000000000001
    endloop
  endfacet
  facet normal -0.48455087033267197 0.8747630845319493 0
    outer loop
      vertex -188.83907840544902 169.02900410458622 80.49
      vertex -188.83907840544902 169.02900410458622 84.24000000000001
      vertex -188.4899024517207 169.22242048814203 84.24000000000001
    endloop
  endfacet
  facet normal -0.38882417547337084 0.9213119778703919 0
    outer loop
      vertex -188.4899024517207 169.22242048814203 80.49
      vertex -188.4899024517207 169.22242048814203 84.24000000000001
      vertex -188.1221457479426 169.37762600001636 84.24000000000001
    endloop
  endfacet
  facet normal -0.2886919473396552 0.9574220383619951 0
    outer loop
      vertex -188.1221457479426 169.37762600001636 80.49
      vertex -188.1221457479426 169.37762600001636 84.24000000000001
      vertex -187.73997512451666 169.49286209974267 84.24000000000001
    endloop
  endfacet
  facet normal 0 0 1
    outer loop
      vertex -190.59468510878784 166.04958315565815 84.24000000000001
      vertex -189.4661182042562 168.53671277611866 84.24000000000001
      vertex -190.34251066544627 167.2156021571981 84.24000000000001
    endloop
  endfacet
  facet normal 0 0 1
    outer loop
      vertex -190.34251066544627 167.2156021571981 84.24000000000001
      vertex -189.97492719655943 167.92300024510448 84.24000000000001
      vertex -190.17757028146212 167.57909688043495 84.24000000000001
    endloop
  endfacet
  facet normal 0 0 1
    outer loop
      vertex -190.34251066544627 167.2156021571981 84.24000000000001
      vertex -189.4661182042562 168.53671277611866 84.24000000000001
      vertex -189.97492719655943 167.92300024510448 84.24000000000001
    endloop
  endfacet
  facet normal 0.6304686248866286 -0.32123980948752917 0.7066217501846229
    outer loop
      vertex -188.8075637249286 166.72156352365764 83.34282027079429
      vertex -189.48271722750468 167.36999999999998 84.24000000000001
      vertex -189.6271781912335 167.08647939495043 84.24000000000001
    endloop
  endfacet
  facet normal 0.5934361481664199 -0.3853819406970533 0.7066217501846201
    outer loop
      vertex -188.70753498120771 166.9224483214294 83.34489664285886
      vertex -189.30941166289983 167.63686716696915 84.24000000000001
      vertex -189.48271722750468 167.36999999999998 84.24000000000001
    endloop
  endfacet
  facet normal 0 0 1
    outer loop
      vertex -190.59468510878784 166.04958315565815 84.24000000000001
      vertex -189.48271722750468 167.36999999999998 84.24000000000001
      vertex -189.4661182042562 168.53671277611866 84.24000000000001
    endloop
  endfacet
  facet normal 0 0 1
    outer loop
      vertex -189.97492719655943 167.92300024510448 84.24000000000001
      vertex -189.4661182042562 168.53671277611866 84.24000000000001
      vertex -189.73687743786215 168.24341568866808 84.24000000000001
    endloop
  endfacet
  facet normal 0 0 1
    outer loop
      vertex -189.48271722750468 167.36999999999998 84.24000000000001
      vertex -189.30941166289983 167.63686716696915 84.24000000000001
      vertex -189.4661182042562 168.53671277611866 84.24000000000001
    endloop
  endfacet
  facet normal 0 0 1
    outer loop
      vertex -189.10916026945128 167.88415704333093 84.24000000000001
      vertex -189.4661182042562 168.53671277611866 84.24000000000001
      vertex -189.30941166289983 167.63686716696915 84.24000000000001
    endloop
  endfacet
  facet normal 0 0 1
    outer loop
      vertex -189.10916026945128 167.88415704333093 84.24000000000001
      vertex -188.88415704333093 168.10916026945128 84.24000000000001
      vertex -189.4661182042562 168.53671277611866 84.24000000000001
    endloop
  endfacet
  facet normal 0.6304686248866466 -0.32123980948750397 0.7066217501846183
    outer loop
      vertex -188.8075637249286 166.72156352365764 83.34282027079429
      vertex -188.70753498120771 166.9224483214294 83.34489664285886
      vertex -189.48271722750468 167.36999999999998 84.24000000000001
    endloop
  endfacet
  facet normal 0.5934361481664558 -0.3853819406970105 0.7066217501846135
    outer loop
      vertex -188.58226240459274 167.1085623066015 83.34119408694387
      vertex -189.30941166289983 167.63686716696915 84.24000000000001
      vertex -188.67796684181866 166.98182915018631 83.35245018374215
    endloop
  endfacet
  facet normal 0.5934361481664258 -0.38538194069704684 0.7066217501846188
    outer loop
      vertex -188.70753498120771 166.9224483214294 83.34489664285886
      vertex -188.67796684181866 166.98182915018631 83.35245018374215
      vertex -189.30941166289983 167.63686716696915 84.24000000000001
    endloop
  endfacet
  facet normal 0.549901860822176 -0.4453017467182338 0.7066217501846359
    outer loop
      vertex -188.58226240459274 167.1085623066015 83.34119408694387
      vertex -188.44688016765113 167.28783736121207 83.34881421885069
      vertex -189.10916026945128 167.88415704333093 84.24000000000001
    endloop
  endfacet
  facet normal 0.5003427336175045 -0.500342733615794 0.706621750184664
    outer loop
      vertex -188.44688016765113 167.28783736121207 83.34881421885069
      vertex -188.43886917202443 167.2984456338401 83.35065329141595
      vertex -189.10916026945128 167.88415704333093 84.24000000000001
    endloop
  endfacet
  facet normal 0.5003427336166172 -0.5003427336167234 0.7066217501846341
    outer loop
      vertex -188.43886917202443 167.2984456338401 83.35065329141595
      vertex -188.28252103700865 167.44097579145787 83.34086909699717
      vertex -188.88415704333093 168.10916026945128 84.24000000000001
    endloop
  endfacet
  facet normal 0.4453017467181895 -0.5499018608222453 0.7066217501846099
    outer loop
      vertex -188.28252103700865 167.44097579145787 83.34086909699717
      vertex -188.1456644682154 167.56573703865254 83.35171503098569
      vertex -188.63686716696913 168.3094116628998 84.24000000000001
    endloop
  endfacet
  facet normal 0.38538194069711307 -0.5934361481663754 0.706621750184625
    outer loop
      vertex -188.11179314596876 167.5867092734858 83.34669071918279
      vertex -187.92092215678466 167.7048915865022 83.34184431356931
      vertex -188.37 168.48271722750465 84.24000000000001
    endloop
  endfacet
  facet normal 0.4453017467176794 -0.5499018608226188 0.7066217501846407
    outer loop
      vertex -188.11179314596876 167.5867092734858 83.34669071918279
      vertex -188.63686716696913 168.3094116628998 84.24000000000001
      vertex -188.1456644682154 167.56573703865254 83.35171503098569
    endloop
  endfacet
  facet normal 0.3212398094874921 -0.6304686248866457 0.7066217501846245
    outer loop
      vertex -187.92092215678466 167.7048915865022 83.34184431356931
      vertex -187.80833746491956 167.77460107641335 83.3528586381041
      vertex -188.37 168.48271722750465 84.24000000000001
    endloop
  endfacet
  facet normal 0.253578107701379 -0.6605935554186126 0.7066217501846261
    outer loop
      vertex -187.72181177526377 167.80812130716512 83.34343062053867
      vertex -187.5125703525244 167.8891818661847 83.34412270064496
      vertex -187.78941166289982 168.74121180953725 84.24000000000001
    endloop
  endfacet
  facet normal 0.3212398094875847 -0.6304686248866049 0.7066217501846187
    outer loop
      vertex -187.72181177526377 167.80812130716512 83.34343062053867
      vertex -188.08647939495043 168.62717819123347 84.24000000000001
      vertex -187.80833746491956 167.77460107641335 83.3528586381041
    endloop
  endfacet
  facet normal 0.5499018608222741 -0.4453017467181442 0.706621750184616
    outer loop
      vertex -188.58226240459274 167.1085623066015 83.34119408694387
      vertex -189.10916026945128 167.88415704333093 84.24000000000001
      vertex -189.30941166289983 167.63686716696915 84.24000000000001
    endloop
  endfacet
  facet normal 0.500342733616678 -0.5003427336166779 0.7066217501846233
    outer loop
      vertex -188.43886917202443 167.2984456338401 83.35065329141595
      vertex -188.88415704333093 168.10916026945128 84.24000000000001
      vertex -189.10916026945128 167.88415704333093 84.24000000000001
    endloop
  endfacet
  facet normal 0.4453017467180655 -0.5499018608223183 0.7066217501846315
    outer loop
      vertex -188.28252103700865 167.44097579145787 83.34086909699717
      vertex -188.63686716696913 168.3094116628998 84.24000000000001
      vertex -188.88415704333093 168.10916026945128 84.24000000000001
    endloop
  endfacet
  facet normal 0.3853819406971079 -0.5934361481663776 0.7066217501846258
    outer loop
      vertex -188.11179314596876 167.5867092734858 83.34669071918279
      vertex -188.37 168.48271722750465 84.24000000000001
      vertex -188.63686716696913 168.3094116628998 84.24000000000001
    endloop
  endfacet
  facet normal 0 0 1
    outer loop
      vertex -189.4661182042562 168.53671277611866 84.24000000000001
      vertex -188.88415704333093 168.10916026945128 84.24000000000001
      vertex -188.63686716696913 168.3094116628998 84.24000000000001
    endloop
  endfacet
  facet normal 0 0 1
    outer loop
      vertex -189.4661182042562 168.53671277611866 84.24000000000001
      vertex -188.63686716696913 168.3094116628998 84.24000000000001
      vertex -188.37 168.48271722750465 84.24000000000001
    endloop
  endfacet
  facet normal 0 0 1
    outer loop
      vertex -189.4661182042562 168.53671277611866 84.24000000000001
      vertex -188.4899024517207 169.22242048814203 84.24000000000001
      vertex -189.1657173060482 168.79956833425993 84.24000000000001
    endloop
  endfacet
  facet normal 0 0 1
    outer loop
      vertex -189.4661182042562 168.53671277611866 84.24000000000001
      vertex -188.37 168.48271722750465 84.24000000000001
      vertex -188.08647939495043 168.62717819123347 84.24000000000001
    endloop
  endfacet
  facet normal 0 0 1
    outer loop
      vertex -189.4661182042562 168.53671277611866 84.24000000000001
      vertex -188.08647939495043 168.62717819123347 84.24000000000001
      vertex -187.78941166289982 168.74121180953725 84.24000000000001
    endloop
  endfacet
  facet normal 0 0 1
    outer loop
      vertex -189.1657173060482 168.79956833425993 84.24000000000001
      vertex -188.4899024517207 169.22242048814203 84.24000000000001
      vertex -188.83907840544902 169.02900410458622 84.24000000000001
    endloop
  endfacet
  facet normal 0.32123980948750236 -0.630468624886639 0.7066217501846257
    outer loop
      vertex -187.80833746491956 167.77460107641335 83.3528586381041
      vertex -188.08647939495043 168.62717819123347 84.24000000000001
      vertex -188.37 168.48271722750465 84.24000000000001
    endloop
  endfacet
  facet normal 0.25357810770140715 -0.6605935554186066 0.7066217501846218
    outer loop
      vertex -187.72181177526377 167.80812130716512 83.34343062053867
      vertex -187.78941166289982 168.74121180953725 84.24000000000001
      vertex -188.08647939495043 168.62717819123347 84.24000000000001
    endloop
  endfacet
  facet normal 0 0 1
    outer loop
      vertex -189.4661182042562 168.53671277611866 84.24000000000001
      vertex -187.78941166289982 168.74121180953725 84.24000000000001
      vertex -187.482051540086 168.82356870623076 84.24000000000001
    endloop
  endfacet
  facet normal 0 0 1
    outer loop
      vertex -189.4661182042562 168.53671277611866 84.24000000000001
      vertex -186.94982695539164 169.59867104171295 84.24000000000001
      vertex -188.4899024517207 169.22242048814203 84.24000000000001
    endloop
  endfacet
  facet normal 0 0 1
    outer loop
      vertex -188.4899024517207 169.22242048814203 84.24000000000001
      vertex -187.73997512451666 169.49286209974267 84.24000000000001
      vertex -188.1221457479426 169.37762600001636 84.24000000000001
    endloop
  endfacet
  facet normal 0 0 1
    outer loop
      vertex -189.4661182042562 168.53671277611866 84.24000000000001
      vertex -187.482051540086 168.82356870623076 84.24000000000001
      vertex -186.94982695539164 169.59867104171295 84.24000000000001
    endloop
  endfacet
  facet normal 0 0 1
    outer loop
      vertex -188.4899024517207 169.22242048814203 84.24000000000001
      vertex -186.94982695539164 169.59867104171295 84.24000000000001
      vertex -187.73997512451666 169.49286209974267 84.24000000000001
    endloop
  endfacet
  facet normal -0.1852887240871761 0.9826841245925093 0
    outer loop
      vertex -187.73997512451666 169.49286209974267 80.49
      vertex -187.73997512451666 169.49286209974267 84.24000000000001
      vertex -187.34772072731394 169.56682311626506 84.24000000000001
    endloop
  endfacet
  facet normal -0.07978610555301237 0.9968120070307558 0
    outer loop
      vertex -187.34772072731394 169.56682311626506 80.49
      vertex -187.34772072731394 169.56682311626506 84.24000000000001
      vertex -186.94982695539164 169.59867104171295 84.24000000000001
    endloop
  endfacet
  facet normal 0.1831381511026583 -0.683480884719327 0.7066217501846274
    outer loop
      vertex -187.43837542865498 167.91792513282158 83.3526952532595
      vertex -187.2952384200686 167.94468207695147 83.3414785206037
      vertex -187.482051540086 168.82356870623076 84.24000000000001
    endloop
  endfacet
  facet normal 0.18313815110274326 -0.6834808847193025 0.706621750184629
    outer loop
      vertex -187.78941166289982 168.74121180953725 84.24000000000001
      vertex -187.5125703525244 167.8891818661847 83.34412270064496
      vertex -187.43837542865498 167.91792513282158 83.3526952532595
    endloop
  endfacet
  facet normal 0.11069169459622505 -0.6988798544194953 0.706621750184638
    outer loop
      vertex -187.2952384200686 167.94468207695147 83.3414785206037
      vertex -187.07449695081752 167.9859458089397 83.34771119558792
      vertex -187.16776652833366 168.87334656191953 84.24000000000001
    endloop
  endfacet
  facet normal 0.037032476720316225 -0.7066217501846285 0.7066217501846173
    outer loop
      vertex -187.04837697284609 167.99082847903432 83.35122497564213
      vertex -186.85 167.99082847903432 83.34082847903436
      vertex -186.85 168.88999999999996 84.24000000000001
    endloop
  endfacet
  facet normal 0.03703247672042138 -0.7066217501846013 0.706621750184639
    outer loop
      vertex -187.07449695081752 167.9859458089397 83.34771119558792
      vertex -187.04837697284609 167.99082847903432 83.35122497564213
      vertex -187.16776652833366 168.87334656191953 84.24000000000001
    endloop
  endfacet
  facet normal 0.11069169459630342 -0.6988798544194947 0.7066217501846263
    outer loop
      vertex -187.2952384200686 167.94468207695147 83.3414785206037
      vertex -187.16776652833366 168.87334656191953 84.24000000000001
      vertex -187.482051540086 168.82356870623076 84.24000000000001
    endloop
  endfacet
  facet normal 0.18313815110268322 -0.6834808847193231 0.7066217501846247
    outer loop
      vertex -187.78941166289982 168.74121180953725 84.24000000000001
      vertex -187.43837542865498 167.91792513282158 83.3526952532595
      vertex -187.482051540086 168.82356870623076 84.24000000000001
    endloop
  endfacet
  facet normal 0.03703247672021893 -0.7066217501846201 0.7066217501846307
    outer loop
      vertex -187.04837697284609 167.99082847903432 83.35122497564213
      vertex -186.85 168.88999999999996 84.24000000000001
      vertex -187.16776652833366 168.87334656191953 84.24000000000001
    endloop
  endfacet
  facet normal 0 0 1
    outer loop
      vertex -187.73997512451666 169.49286209974267 84.24000000000001
      vertex -186.94982695539164 169.59867104171295 84.24000000000001
      vertex -187.34772072731394 169.56682311626506 84.24000000000001
    endloop
  endfacet
  facet normal 0 0 1
    outer loop
      vertex -187.16776652833366 168.87334656191953 84.24000000000001
      vertex -186.85 168.88999999999996 84.24000000000001
      vertex -186.94982695539164 169.59867104171295 84.24000000000001
    endloop
  endfacet
  facet normal 0 0 1
    outer loop
      vertex -187.482051540086 168.82356870623076 84.24000000000001
      vertex -187.16776652833366 168.87334656191953 84.24000000000001
      vertex -186.94982695539164 169.59867104171295 84.24000000000001
    endloop
  endfacet
  facet normal 0 -1 0
    outer loop
      vertex -186.85 167.99082847903432 83.34082847903436
      vertex -187.04837697284609 167.99082847903432 80.53
      vertex 187.0483769728461 167.99082847903432 80.53
    endloop
  endfacet
  facet normal 0 1 0
    outer loop
      vertex -186.94982695539164 169.59867104171295 80.49
      vertex -186.94982695539164 169.59867104171295 84.24000000000001
      vertex 186.75017304460837 169.59867104171295 84.24000000000001
    endloop
  endfacet
  facet normal 7.497459672949889e-20 -0.7071067811865531 0.7071067811865419
    outer loop
      vertex -186.85 167.99082847903432 83.34082847903436
      vertex 186.85 168.88999999999996 84.24000000000001
      vertex -186.85 168.88999999999996 84.24000000000001
    endloop
  endfacet
  facet normal 0 0 1
    outer loop
      vertex -186.94982695539164 169.59867104171295 84.24000000000001
      vertex -186.85 168.88999999999996 84.24000000000001
      vertex 186.85 168.88999999999996 84.24000000000001
    endloop
  endfacet
  facet normal 0 1 0
    outer loop
      vertex 186.85 -167.99082847903432 83.34082847903434
      vertex 187.0483769728461 -167.99082847903432 80.53
      vertex -187.04837697284609 -167.99082847903432 80.53
    endloop
  endfacet
  facet normal 0 -1 0
    outer loop
      vertex -186.94982695539164 -169.59867104171295 84.24000000000001
      vertex 186.75017304460837 -169.59867104171295 80.49
      vertex 186.75017304460837 -169.59867104171295 84.24000000000001
    endloop
  endfacet
  facet normal 0 0 1
    outer loop
      vertex -186.85 -168.89 84.24000000000001
      vertex 186.75017304460837 -169.59867104171295 84.24000000000001
      vertex 186.85 -168.89 84.24000000000001
    endloop
  endfacet
  facet normal 0 0.7071067811865476 0.7071067811865476
    outer loop
      vertex -186.85 -168.89 84.24000000000001
      vertex 186.85 -168.89 84.24000000000001
      vertex 186.85 -167.99082847903432 83.34082847903434
    endloop
  endfacet
  facet normal 0.02662052143779032 -0.9996456111234522 -1.0694738355474827e-12
    outer loop
      vertex 186.75018622413043 -169.5986706907428 80.48
      vertex 187.14919789582407 -169.5880450263653 80.49
      vertex 186.75017304460837 -169.59867104171295 80.49
    endloop
  endfacet
  facet normal 0.02662052143778733 -0.9996456111234524 -9.50245450018303e-13
    outer loop
      vertex 186.75018622413043 -169.5986706907428 80.48
      vertex 187.1491583946166 -169.58804607828083 80.48
      vertex 187.14919789582407 -169.5880450263653 80.49
    endloop
  endfacet
  facet normal -0.18374951781605592 0.9829730996839979 1.747458029619401e-18
    outer loop
      vertex 187.07449695081752 -167.98594580893973 83.3477111955879
      vertex 187.0483769728461 -167.99082847903432 80.49
      vertex 187.0483769728461 -167.99082847903432 80.53
    endloop
  endfacet
  facet normal -0.18374951781236454 0.9829730996846879 -3.491444415893376e-14
    outer loop
      vertex 187.07449695081752 -167.98594580893973 83.3477111955879
      vertex 187.0510126236455 -167.99033579051246 80.53
      vertex 187.0483769728461 -167.99082847903432 80.49
    endloop
  endfacet
  facet normal -0.18374951781662874 0.9829730996838908 -1.1526909416275183e-15
    outer loop
      vertex 187.2952384200686 -167.94468207695147 83.34147852060367
      vertex 187.43837542865495 -167.91792513282155 80.53
      vertex 187.0510126236455 -167.99033579051246 80.53
    endloop
  endfacet
  facet normal 0.23732669983135468 -0.9714298932744236 0
    outer loop
      vertex 187.9325948025236 -169.44033264385752 80.48
      vertex 187.9325948025236 -169.44033264385752 80.49
      vertex 187.9325436036602 -169.44034515207593 80.48
    endloop
  endfacet
  facet normal 0.6976315214565763 -0.7164567399851737 -2.758874684897926e-20
    outer loop
      vertex 189.31945543139895 -168.6721036192137 80.48
      vertex 189.31941767149388 -168.6721403869605 80.49
      vertex 189.31941767149388 -168.6721403869605 80.48
    endloop
  endfacet
  facet normal 0.8873520750559127 -0.46109250145059383 1.1797177507579397e-18
    outer loop
      vertex 190.0813173068038 -167.75280472718916 80.49
      vertex 190.08082780522673 -167.75374675127065 80.49
      vertex 190.08082780522673 -167.75374675127065 80.48
    endloop
  endfacet
  facet normal 0.9313361774513712 -0.36416057525529577 0
    outer loop
      vertex 190.26488039820592 -167.3995456966314 80.48
      vertex 190.2648995905138 -167.39949661254082 80.48
      vertex 190.26488039820592 -167.3995456966314 80.49
    endloop
  endfacet
  facet normal -0.5264321628773299 0.8502171357296302 2.4101523061183585e-15
    outer loop
      vertex 188.1117931459688 -167.5867092734858 83.34669071918275
      vertex 188.14566446821541 -167.56573703865251 80.49
      vertex 187.80833746491956 -167.77460107641338 80.49
    endloop
  endfacet
  facet normal -0.3612416661871238 0.9324722294043672 3.964951507814892e-15
    outer loop
      vertex 187.72181177526377 -167.80812130716515 83.34343062053865
      vertex 187.80833746491956 -167.77460107641338 80.53
      vertex 187.43837542865495 -167.91792513282155 80.53
    endloop
  endfacet
  facet normal -0.5264321628773133 0.8502171357296404 8.076679021225955e-17
    outer loop
      vertex 187.92092215678466 -167.70489158650224 83.34184431356931
      vertex 187.80833746491956 -167.77460107641338 80.49
      vertex 187.80833746491956 -167.77460107641338 80.53
    endloop
  endfacet
  facet normal -0.526432162877476 0.8502171357295397 -1.2458829878152253e-17
    outer loop
      vertex 188.1117931459688 -167.5867092734858 83.34669071918275
      vertex 188.14566446821541 -167.56573703865251 80.53
      vertex 188.14566446821541 -167.56573703865251 80.49
    endloop
  endfacet
  facet normal -0.6736956436465759 0.7390089172206421 -9.5388990197299e-15
    outer loop
      vertex 188.2825210370086 -167.44097579145787 83.34086909699714
      vertex 188.43886917202443 -167.2984456338401 80.53
      vertex 188.14566446821541 -167.56573703865251 80.53
    endloop
  endfacet
  facet normal -0.7980172272802901 0.6026346363791891 3.0576320684733837e-15
    outer loop
      vertex 188.58226240459274 -167.10856230660147 83.34119408694389
      vertex 188.67796684181863 -166.98182915018631 80.49
      vertex 188.43886917202443 -167.2984456338401 80.49
    endloop
  endfacet
  facet normal -0.7980172272798064 0.6026346363798301 -4.767446036045283e-15
    outer loop
      vertex 188.44688016765113 -167.2878373612121 83.3488142188507
      vertex 188.44070775489214 -167.29601095665154 80.53
      vertex 188.43886917202443 -167.2984456338401 80.53
    endloop
  endfacet
  facet normal -0.7980172272851481 0.6026346363727565 6.801954542655741e-13
    outer loop
      vertex 188.58226240459274 -167.10856230660147 83.34119408694389
      vertex 188.43886917202443 -167.2984456338401 80.49
      vertex 188.44070775489214 -167.29601095665154 80.53
    endloop
  endfacet
  facet normal -0.7980172272803217 0.6026346363791477 -1.1173594654902621e-16
    outer loop
      vertex 188.58226240459274 -167.10856230660147 83.34119408694389
      vertex 188.67796684181863 -166.98182915018631 80.53
      vertex 188.67796684181863 -166.98182915018631 80.49
    endloop
  endfacet
  facet normal 0.9647678689119865 -0.2631025638701075 0
    outer loop
      vertex 190.51526271181697 -166.64268483861107 80.48
      vertex 190.51526271181697 -166.64268483861107 80.49
      vertex 190.51524884555644 -166.6427356846478 80.48
    endloop
  endfacet
  facet normal 0.9872683547399809 -0.15906349590340085 0
    outer loop
      vertex 190.51526271181697 -166.64268483861107 80.48
      vertex 190.51527109484792 -166.64263280718097 80.48
      vertex 190.51526271181697 -166.64268483861107 80.49
    endloop
  endfacet
  facet normal 0.9985826957051734 -0.05322217430910703 0
    outer loop
      vertex 190.6 -165.85 80.48
      vertex 190.6 -165.85 80.49
      vertex 190.59999719506268 -165.85005262772324 80.48
    endloop
  endfacet
  facet normal -0.9618256431728109 0.2736629900721116 6.814872859382093e-15
    outer loop
      vertex 188.9488627522061 -166.2961270500262 83.34575259463044
      vertex 188.96339216432037 -166.24506146330563 80.49
      vertex 188.85481529321933 -166.62666958230238 80.49
    endloop
  endfacet
  facet normal -0.8951632913550527 0.44573835577655774 -8.562903102394409e-15
    outer loop
      vertex 188.80756372492854 -166.72156352365764 83.34282027079428
      vertex 188.85481529321933 -166.62666958230238 80.53
      vertex 188.67796684181863 -166.98182915018631 80.53
    endloop
  endfacet
  facet normal -0.9618256431727698 0.27366299007225664 -2.4507461277301916e-17
    outer loop
      vertex 188.88744032445962 -166.51200449131608 83.34229153530904
      vertex 188.85481529321933 -166.62666958230238 80.49
      vertex 188.85481529321933 -166.62666958230238 80.53
    endloop
  endfacet
  facet normal -0.9618256431729113 0.2736629900717585 -1.7381454501725163e-17
    outer loop
      vertex 188.9488627522061 -166.2961270500262 83.34575259463044
      vertex 188.96339216432037 -166.24506146330563 80.53
      vertex 188.96339216432037 -166.24506146330563 80.49
    endloop
  endfacet
  facet normal -0.9957341762950231 0.09226835946342297 0
    outer loop
      vertex 189.00000000000003 -165.85 83.35000000000007
      vertex 189.00000000000003 -165.85 80.53
      vertex 188.96339216432037 -166.24506146330563 80.53
    endloop
  endfacet
  facet normal 0.026620521437790316 -0.9996456111234522 0
    outer loop
      vertex 186.75017304460837 -169.59867104171295 80.49
      vertex 187.14919789582407 -169.5880450263653 80.49
      vertex 186.75017304460837 -169.59867104171295 84.24000000000001
    endloop
  endfacet
  facet normal 0.13272552728372342 -0.991152831004007 0
    outer loop
      vertex 187.14919789582407 -169.5880450263653 80.49
      vertex 187.54483271532663 -169.53506546722195 80.49
      vertex 187.14919789582407 -169.5880450263653 84.24000000000001
    endloop
  endfacet
  facet normal 0 1 0
    outer loop
      vertex 186.85 -167.99082847903432 83.34082847903434
      vertex 187.0483769728461 -167.99082847903432 83.3512249756421
      vertex 187.0483769728461 -167.99082847903432 80.53
    endloop
  endfacet
  facet normal -0.1837495178160556 0.982973099683998 2.4775876361607257e-20
    outer loop
      vertex 187.07449695081752 -167.98594580893973 83.3477111955879
      vertex 187.0483769728461 -167.99082847903432 80.53
      vertex 187.0483769728461 -167.99082847903432 83.3512249756421
    endloop
  endfacet
  facet normal -0.1837495178166659 0.9829730996838839 2.18659505370976e-15
    outer loop
      vertex 187.07449695081752 -167.98594580893973 83.3477111955879
      vertex 187.2952384200686 -167.94468207695147 83.34147852060367
      vertex 187.0510126236455 -167.99033579051246 80.53
    endloop
  endfacet
  facet normal -0.18374951781660684 0.9829730996838949 -3.5688908922343845e-19
    outer loop
      vertex 187.2952384200686 -167.94468207695147 83.34147852060367
      vertex 187.43837542865495 -167.91792513282155 83.35269525325944
      vertex 187.43837542865495 -167.91792513282155 80.53
    endloop
  endfacet
  facet normal -0.3612416661871512 0.9324722294043565 -2.5863493209057114e-19
    outer loop
      vertex 187.51257035252436 -167.8891818661847 83.34412270064493
      vertex 187.43837542865495 -167.91792513282155 80.53
      vertex 187.43837542865495 -167.91792513282155 83.35269525325944
    endloop
  endfacet
  facet normal -0.36124166618706766 0.9324722294043888 -2.530282613210063e-15
    outer loop
      vertex 187.51257035252436 -167.8891818661847 83.34412270064493
      vertex 187.72181177526377 -167.80812130716515 83.34343062053865
      vertex 187.43837542865495 -167.91792513282155 80.53
    endloop
  endfacet
  facet normal 0.23732669987109242 -0.9714298932647154 0
    outer loop
      vertex 187.54483271532663 -169.53506546722195 80.49
      vertex 187.9325948025236 -169.44033264385752 80.49
      vertex 187.54483271532663 -169.53506546722195 84.24000000000001
    endloop
  endfacet
  facet normal 0.33923886611803933 -0.9407002666710301 0
    outer loop
      vertex 187.9325948025236 -169.44033264385752 80.49
      vertex 188.30809065802495 -169.30491991701405 80.49
      vertex 187.9325948025236 -169.44033264385752 84.24000000000001
    endloop
  endfacet
  facet normal 0.43730732045885434 -0.8993121301712197 0
    outer loop
      vertex 188.30809065802495 -169.30491991701405 80.49
      vertex 188.66706576374744 -169.13036156699485 80.49
      vertex 188.30809065802495 -169.30491991701405 84.24000000000001
    endloop
  endfacet
  facet normal 0.5304209081198108 -0.8477344278896282 0
    outer loop
      vertex 188.66706576374744 -169.13036156699485 80.49
      vertex 189.00545278830398 -168.91863540965562 80.49
      vertex 188.66706576374744 -169.13036156699485 84.24000000000001
    endloop
  endfacet
  facet normal 0.6175246149461584 -0.7865515558026688 0
    outer loop
      vertex 189.00545278830398 -168.91863540965562 80.49
      vertex 189.31941767149388 -168.6721403869605 80.49
      vertex 189.00545278830398 -168.91863540965562 84.24000000000001
    endloop
  endfacet
  facet normal 0.6976315211349473 -0.7164567402983517 0
    outer loop
      vertex 189.31941767149388 -168.6721403869605 80.49
      vertex 189.6054030657365 -168.39366938601106 80.49
      vertex 189.31941767149388 -168.6721403869605 84.24000000000001
    endloop
  endfacet
  facet normal 0.7698339834299065 -0.6382441836448199 0
    outer loop
      vertex 189.6054030657365 -168.39366938601106 80.49
      vertex 189.86016864224112 -168.08637759451938 80.49
      vertex 189.6054030657365 -168.39366938601106 84.24000000000001
    endloop
  endfacet
  facet normal 0.8333139190825631 -0.5528000653611208 0
    outer loop
      vertex 189.86016864224112 -168.08637759451938 80.49
      vertex 190.08082780522673 -167.75374675127065 80.49
      vertex 189.86016864224112 -168.08637759451938 84.24000000000001
    endloop
  endfacet
  facet normal 0.8873520750559126 -0.4610925014505939 3.145914002018299e-21
    outer loop
      vertex 190.0813173068038 -167.75280472718916 80.49
      vertex 190.08082780522673 -167.75374675127065 84.24000000000001
      vertex 190.08082780522673 -167.75374675127065 80.49
    endloop
  endfacet
  facet normal 0.8873520750565472 -0.4610925014493727 -2.072213886463489e-18
    outer loop
      vertex 190.0813173068038 -167.75280472718916 80.49
      vertex 190.26488039820592 -167.3995456966314 80.49
      vertex 190.26488039820592 -167.3995456966314 84.24000000000001
    endloop
  endfacet
  facet normal 0.9313361774523246 -0.3641605752528575 0
    outer loop
      vertex 190.26488039820592 -167.3995456966314 80.49
      vertex 190.41024103175644 -167.0277876700823 80.49
      vertex 190.26488039820592 -167.3995456966314 84.24000000000001
    endloop
  endfacet
  facet normal -0.36124166618723585 0.9324722294043236 -6.334099679368088e-19
    outer loop
      vertex 187.72181177526377 -167.80812130716515 83.34343062053865
      vertex 187.80833746491956 -167.77460107641338 83.35285863810408
      vertex 187.80833746491956 -167.77460107641338 80.53
    endloop
  endfacet
  facet normal -0.5264321628773155 0.8502171357296391 1.1444680810019976e-18
    outer loop
      vertex 187.92092215678466 -167.70489158650224 83.34184431356931
      vertex 187.80833746491956 -167.77460107641338 80.53
      vertex 187.80833746491956 -167.77460107641338 83.35285863810408
    endloop
  endfacet
  facet normal -0.5264321628773121 0.8502171357296412 -1.7702262630946597e-16
    outer loop
      vertex 187.92092215678466 -167.70489158650224 83.34184431356931
      vertex 188.1117931459688 -167.5867092734858 83.34669071918275
      vertex 187.80833746491956 -167.77460107641338 80.49
    endloop
  endfacet
  facet normal -0.6736956436466828 0.7390089172205444 -1.446415488235768e-18
    outer loop
      vertex 188.2825210370086 -167.44097579145787 83.34086909699714
      vertex 188.14566446821541 -167.56573703865251 80.53
      vertex 188.14566446821541 -167.56573703865251 83.35171503098566
    endloop
  endfacet
  facet normal -0.5264321628774769 0.8502171357295393 -1.7661358062514452e-19
    outer loop
      vertex 188.1117931459688 -167.5867092734858 83.34669071918275
      vertex 188.14566446821541 -167.56573703865251 83.35171503098566
      vertex 188.14566446821541 -167.56573703865251 80.53
    endloop
  endfacet
  facet normal -0.6736956436464823 0.7390089172207274 -1.1824141753717505e-18
    outer loop
      vertex 188.2825210370086 -167.44097579145787 83.34086909699714
      vertex 188.43886917202443 -167.2984456338401 83.35065329141597
      vertex 188.43886917202443 -167.2984456338401 80.53
    endloop
  endfacet
  facet normal -0.7980172272804156 0.6026346363790231 -1.0610567718476557e-20
    outer loop
      vertex 188.44688016765113 -167.2878373612121 83.3488142188507
      vertex 188.43886917202443 -167.2984456338401 80.53
      vertex 188.43886917202443 -167.2984456338401 83.35065329141597
    endloop
  endfacet
  facet normal -0.7980172272802596 0.60263463637923 -2.0354096502367953e-15
    outer loop
      vertex 188.44688016765113 -167.2878373612121 83.3488142188507
      vertex 188.58226240459274 -167.10856230660147 83.34119408694389
      vertex 188.44070775489214 -167.29601095665154 80.53
    endloop
  endfacet
  facet normal -0.7980172272803234 0.6026346363791454 -1.5835311771688907e-18
    outer loop
      vertex 188.58226240459274 -167.10856230660147 83.34119408694389
      vertex 188.67796684181863 -166.98182915018631 83.35245018374214
      vertex 188.67796684181863 -166.98182915018631 80.53
    endloop
  endfacet
  facet normal -0.8951632913552081 0.44573835577624565 0
    outer loop
      vertex 188.67796684181863 -166.98182915018631 83.35245018374214
      vertex 188.70753498120766 -166.9224483214294 83.34489664285886
      vertex 188.67796684181863 -166.98182915018631 80.53
    endloop
  endfacet
  facet normal 0.9647678688145404 -0.2631025642274317 0
    outer loop
      vertex 190.41024103175644 -167.0277876700823 80.49
      vertex 190.51526271181697 -166.64268483861107 80.49
      vertex 190.41024103175644 -167.0277876700823 84.24000000000001
    endloop
  endfacet
  facet normal 0.9872683547213206 -0.15906349601922107 0
    outer loop
      vertex 190.51526271181697 -166.64268483861107 80.49
      vertex 190.57875550078805 -166.2486005711776 80.49
      vertex 190.51526271181697 -166.64268483861107 84.24000000000001
    endloop
  endfacet
  facet normal 0.9985826956767672 -0.05322217484208023 0
    outer loop
      vertex 190.57875550078805 -166.2486005711776 80.49
      vertex 190.6 -165.85 80.49
      vertex 190.57875550078805 -166.2486005711776 84.24000000000001
    endloop
  endfacet
  facet normal -0.8951632913550546 0.44573835577655374 -8.11211568930663e-15
    outer loop
      vertex 188.70753498120766 -166.9224483214294 83.34489664285886
      vertex 188.80756372492854 -166.72156352365764 83.34282027079428
      vertex 188.67796684181863 -166.98182915018631 80.53
    endloop
  endfacet
  facet normal -0.8951632913549513 0.445738355776761 -9.31042359748253e-19
    outer loop
      vertex 188.80756372492854 -166.72156352365764 83.34282027079428
      vertex 188.85481529321933 -166.62666958230238 83.35294033207634
      vertex 188.85481529321933 -166.62666958230238 80.53
    endloop
  endfacet
  facet normal -0.961825643172809 0.27366299007211825 5.9828803991564275e-15
    outer loop
      vertex 188.88744032445962 -166.51200449131608 83.34229153530904
      vertex 188.9488627522061 -166.2961270500262 83.34575259463044
      vertex 188.85481529321933 -166.62666958230238 80.49
    endloop
  endfacet
  facet normal -0.9618256431727698 0.2736629900722559 0
    outer loop
      vertex 188.85481529321933 -166.62666958230238 83.35294033207634
      vertex 188.88744032445962 -166.51200449131608 83.34229153530904
      vertex 188.85481529321933 -166.62666958230238 80.53
    endloop
  endfacet
  facet normal -0.9618256431729112 0.27366299007175904 -2.463599467329061e-19
    outer loop
      vertex 188.9488627522061 -166.2961270500262 83.34575259463044
      vertex 188.96339216432037 -166.24506146330563 83.35212343885141
      vertex 188.96339216432037 -166.24506146330563 80.53
    endloop
  endfacet
  facet normal -0.9957341762950371 0.09226835946327316 3.2072620172257753e-19
    outer loop
      vertex 188.97926238610555 -166.0737944947716 83.34099095859234
      vertex 188.96339216432037 -166.24506146330563 80.53
      vertex 188.96339216432037 -166.24506146330563 83.35212343885141
    endloop
  endfacet
  facet normal -0.9957341762950126 0.09226835946353829 -1.629043063142765e-14
    outer loop
      vertex 188.97926238610555 -166.0737944947716 83.34099095859234
      vertex 189.00000000000003 -165.85 83.35000000000007
      vertex 188.96339216432037 -166.24506146330563 80.53
    endloop
  endfacet
  facet normal 0.026620521437790316 -0.9996456111234522 0
    outer loop
      vertex 187.14919789582407 -169.5880450263653 80.49
      vertex 187.14919789582407 -169.5880450263653 84.24000000000001
      vertex 186.75017304460837 -169.59867104171295 84.24000000000001
    endloop
  endfacet
  facet normal 0.13272552728372342 -0.991152831004007 0
    outer loop
      vertex 187.54483271532663 -169.53506546722195 80.49
      vertex 187.54483271532663 -169.53506546722195 84.24000000000001
      vertex 187.14919789582407 -169.5880450263653 84.24000000000001
    endloop
  endfacet
  facet normal -0.03703247672026067 0.7066217501846243 0.7066217501846243
    outer loop
      vertex 186.85 -167.99082847903432 83.34082847903434
      vertex 186.85 -168.89 84.24000000000001
      vertex 187.0483769728461 -167.99082847903432 83.3512249756421
    endloop
  endfacet
  facet normal -0.03703247672008874 0.7066217501846443 0.7066217501846134
    outer loop
      vertex 187.07449695081752 -167.98594580893973 83.3477111955879
      vertex 187.0483769728461 -167.99082847903432 83.3512249756421
      vertex 187.16776652833366 -168.87334656191953 84.24000000000001
    endloop
  endfacet
  facet normal 0 0 1
    outer loop
      vertex 186.75017304460837 -169.59867104171295 84.24000000000001
      vertex 187.16776652833366 -168.87334656191953 84.24000000000001
      vertex 186.85 -168.89 84.24000000000001
    endloop
  endfacet
  facet normal 0 0 1
    outer loop
      vertex 186.75017304460837 -169.59867104171295 84.24000000000001
      vertex 187.48205154008602 -168.82356870623076 84.24000000000001
      vertex 187.16776652833366 -168.87334656191953 84.24000000000001
    endloop
  endfacet
  facet normal 0 0 1
    outer loop
      vertex 186.75017304460837 -169.59867104171295 84.24000000000001
      vertex 187.14919789582407 -169.5880450263653 84.24000000000001
      vertex 187.9325948025236 -169.44033264385752 84.24000000000001
    endloop
  endfacet
  facet normal 0 0 1
    outer loop
      vertex 187.14919789582407 -169.5880450263653 84.24000000000001
      vertex 187.54483271532663 -169.53506546722195 84.24000000000001
      vertex 187.9325948025236 -169.44033264385752 84.24000000000001
    endloop
  endfacet
  facet normal -0.03703247672028242 0.7066217501846261 0.7066217501846214
    outer loop
      vertex 187.0483769728461 -167.99082847903432 83.3512249756421
      vertex 186.85 -168.89 84.24000000000001
      vertex 187.16776652833366 -168.87334656191953 84.24000000000001
    endloop
  endfacet
  facet normal -0.11069169459629517 0.698879854419506 0.7066217501846166
    outer loop
      vertex 187.2952384200686 -167.94468207695147 83.34147852060367
      vertex 187.16776652833366 -168.87334656191953 84.24000000000001
      vertex 187.48205154008602 -168.82356870623076 84.24000000000001
    endloop
  endfacet
  facet normal -0.18313815110270107 0.6834808847193263 0.706621750184617
    outer loop
      vertex 187.43837542865495 -167.91792513282155 83.35269525325944
      vertex 187.48205154008602 -168.82356870623076 84.24000000000001
      vertex 187.78941166289982 -168.74121180953725 84.24000000000001
    endloop
  endfacet
  facet normal -0.11069169459627204 0.6988798544195061 0.70662175018462
    outer loop
      vertex 187.07449695081752 -167.98594580893973 83.3477111955879
      vertex 187.16776652833366 -168.87334656191953 84.24000000000001
      vertex 187.2952384200686 -167.94468207695147 83.34147852060367
    endloop
  endfacet
  facet normal -0.18313815110268955 0.6834808847193282 0.7066217501846183
    outer loop
      vertex 187.2952384200686 -167.94468207695147 83.34147852060367
      vertex 187.48205154008602 -168.82356870623076 84.24000000000001
      vertex 187.43837542865495 -167.91792513282155 83.35269525325944
    endloop
  endfacet
  facet normal -0.18313815110275494 0.6834808847193077 0.706621750184621
    outer loop
      vertex 187.51257035252436 -167.8891818661847 83.34412270064493
      vertex 187.43837542865495 -167.91792513282155 83.35269525325944
      vertex 187.78941166289982 -168.74121180953725 84.24000000000001
    endloop
  endfacet
  facet normal 0.23732669987109242 -0.9714298932647154 0
    outer loop
      vertex 187.9325948025236 -169.44033264385752 80.49
      vertex 187.9325948025236 -169.44033264385752 84.24000000000001
      vertex 187.54483271532663 -169.53506546722195 84.24000000000001
    endloop
  endfacet
  facet normal 0.33923886611803933 -0.9407002666710301 0
    outer loop
      vertex 188.30809065802495 -169.30491991701405 80.49
      vertex 188.30809065802495 -169.30491991701405 84.24000000000001
      vertex 187.9325948025236 -169.44033264385752 84.24000000000001
    endloop
  endfacet
  facet normal 0.43730732045885434 -0.8993121301712197 0
    outer loop
      vertex 188.66706576374744 -169.13036156699485 80.49
      vertex 188.66706576374744 -169.13036156699485 84.24000000000001
      vertex 188.30809065802495 -169.30491991701405 84.24000000000001
    endloop
  endfacet
  facet normal 0.5304209081198108 -0.8477344278896282 0
    outer loop
      vertex 189.00545278830398 -168.91863540965562 80.49
      vertex 189.00545278830398 -168.91863540965562 84.24000000000001
      vertex 188.66706576374744 -169.13036156699485 84.24000000000001
    endloop
  endfacet
  facet normal 0.6175246149461584 -0.7865515558026688 0
    outer loop
      vertex 189.31941767149388 -168.6721403869605 80.49
      vertex 189.31941767149388 -168.6721403869605 84.24000000000001
      vertex 189.00545278830398 -168.91863540965562 84.24000000000001
    endloop
  endfacet
  facet normal 0.6976315211349473 -0.7164567402983517 0
    outer loop
      vertex 189.6054030657365 -168.39366938601106 80.49
      vertex 189.6054030657365 -168.39366938601106 84.24000000000001
      vertex 189.31941767149388 -168.6721403869605 84.24000000000001
    endloop
  endfacet
  facet normal 0.7698339834299065 -0.6382441836448199 0
    outer loop
      vertex 189.86016864224112 -168.08637759451938 80.49
      vertex 189.86016864224112 -168.08637759451938 84.24000000000001
      vertex 189.6054030657365 -168.39366938601106 84.24000000000001
    endloop
  endfacet
  facet normal 0.8873520750565456 -0.46109250144937597 3.8855533699036366e-16
    outer loop
      vertex 190.0813173068038 -167.75280472718916 80.49
      vertex 190.26488039820592 -167.3995456966314 84.24000000000001
      vertex 190.08082780522673 -167.75374675127065 84.24000000000001
    endloop
  endfacet
  facet normal 0.8333139190825631 -0.5528000653611208 0
    outer loop
      vertex 190.08082780522673 -167.75374675127065 80.49
      vertex 190.08082780522673 -167.75374675127065 84.24000000000001
      vertex 189.86016864224112 -168.08637759451938 84.24000000000001
    endloop
  endfacet
  facet normal 0.9313361774523246 -0.3641605752528575 0
    outer loop
      vertex 190.41024103175644 -167.0277876700823 80.49
      vertex 190.41024103175644 -167.0277876700823 84.24000000000001
      vertex 190.26488039820592 -167.3995456966314 84.24000000000001
    endloop
  endfacet
  facet normal 0 0 1
    outer loop
      vertex 186.75017304460837 -169.59867104171295 84.24000000000001
      vertex 189.31941767149388 -168.6721403869605 84.24000000000001
      vertex 187.48205154008602 -168.82356870623076 84.24000000000001
    endloop
  endfacet
  facet normal 0 0 1
    outer loop
      vertex 187.9325948025236 -169.44033264385752 84.24000000000001
      vertex 188.30809065802495 -169.30491991701405 84.24000000000001
      vertex 188.66706576374744 -169.13036156699485 84.24000000000001
    endloop
  endfacet
  facet normal 0 0 1
    outer loop
      vertex 186.75017304460837 -169.59867104171295 84.24000000000001
      vertex 187.9325948025236 -169.44033264385752 84.24000000000001
      vertex 189.31941767149388 -168.6721403869605 84.24000000000001
    endloop
  endfacet
  facet normal -0.2535781077013546 0.6605935554186343 0.7066217501846146
    outer loop
      vertex 187.72181177526377 -167.80812130716515 83.34343062053865
      vertex 187.78941166289982 -168.74121180953725 84.24000000000001
      vertex 188.08647939495043 -168.6271781912335 84.24000000000001
    endloop
  endfacet
  facet normal 0 0 1
    outer loop
      vertex 187.48205154008602 -168.82356870623076 84.24000000000001
      vertex 189.31941767149388 -168.6721403869605 84.24000000000001
      vertex 187.78941166289982 -168.74121180953725 84.24000000000001
    endloop
  endfacet
  facet normal 0 0 1
    outer loop
      vertex 187.9325948025236 -169.44033264385752 84.24000000000001
      vertex 188.66706576374744 -169.13036156699485 84.24000000000001
      vertex 189.31941767149388 -168.6721403869605 84.24000000000001
    endloop
  endfacet
  facet normal 0 0 1
    outer loop
      vertex 187.78941166289982 -168.74121180953725 84.24000000000001
      vertex 189.31941767149388 -168.6721403869605 84.24000000000001
      vertex 188.08647939495043 -168.6271781912335 84.24000000000001
    endloop
  endfacet
  facet normal 0 0 1
    outer loop
      vertex 188.08647939495043 -168.6271781912335 84.24000000000001
      vertex 189.31941767149388 -168.6721403869605 84.24000000000001
      vertex 188.36999999999998 -168.48271722750468 84.24000000000001
    endloop
  endfacet
  facet normal 0 0 1
    outer loop
      vertex 188.66706576374744 -169.13036156699485 84.24000000000001
      vertex 189.00545278830398 -168.91863540965562 84.24000000000001
      vertex 189.31941767149388 -168.6721403869605 84.24000000000001
    endloop
  endfacet
  facet normal 0 0 1
    outer loop
      vertex 188.63686716696915 -168.30941166289983 84.24000000000001
      vertex 189.31941767149388 -168.6721403869605 84.24000000000001
      vertex 188.88415704333093 -168.10916026945128 84.24000000000001
    endloop
  endfacet
  facet normal 0 0 1
    outer loop
      vertex 188.36999999999998 -168.48271722750468 84.24000000000001
      vertex 189.31941767149388 -168.6721403869605 84.24000000000001
      vertex 188.63686716696915 -168.30941166289983 84.24000000000001
    endloop
  endfacet
  facet normal -0.2535781077013146 0.6605935554186432 0.7066217501846208
    outer loop
      vertex 187.51257035252436 -167.8891818661847 83.34412270064493
      vertex 187.78941166289982 -168.74121180953725 84.24000000000001
      vertex 187.72181177526377 -167.80812130716515 83.34343062053865
    endloop
  endfacet
  facet normal -0.3212398094875657 0.6304686248866189 0.7066217501846148
    outer loop
      vertex 187.92092215678466 -167.70489158650224 83.34184431356931
      vertex 187.80833746491956 -167.77460107641338 83.35285863810408
      vertex 188.08647939495043 -168.6271781912335 84.24000000000001
    endloop
  endfacet
  facet normal -0.3212398094875862 0.6304686248866105 0.7066217501846132
    outer loop
      vertex 187.72181177526377 -167.80812130716515 83.34343062053865
      vertex 188.08647939495043 -168.6271781912335 84.24000000000001
      vertex 187.80833746491956 -167.77460107641338 83.35285863810408
    endloop
  endfacet
  facet normal -0.3853819406970242 0.593436148166437 0.7066217501846217
    outer loop
      vertex 187.92092215678466 -167.70489158650224 83.34184431356931
      vertex 188.36999999999998 -168.48271722750468 84.24000000000001
      vertex 188.1117931459688 -167.5867092734858 83.34669071918275
    endloop
  endfacet
  facet normal -0.4453017467182831 0.549901860822169 0.7066217501846104
    outer loop
      vertex 188.2825210370086 -167.44097579145787 83.34086909699714
      vertex 188.14566446821541 -167.56573703865251 83.35171503098566
      vertex 188.63686716696915 -168.30941166289983 84.24000000000001
    endloop
  endfacet
  facet normal -0.44530174671819495 0.5499018608222335 0.7066217501846157
    outer loop
      vertex 188.1117931459688 -167.5867092734858 83.34669071918275
      vertex 188.63686716696915 -168.30941166289983 84.24000000000001
      vertex 188.14566446821541 -167.56573703865251 83.35171503098566
    endloop
  endfacet
  facet normal -0.5003427336166199 0.5003427336167143 0.7066217501846386
    outer loop
      vertex 188.2825210370086 -167.44097579145787 83.34086909699714
      vertex 188.88415704333093 -168.10916026945128 84.24000000000001
      vertex 188.43886917202443 -167.2984456338401 83.35065329141597
    endloop
  endfacet
  facet normal -0.5499018608222506 0.44530174671814876 0.7066217501846316
    outer loop
      vertex 188.44688016765113 -167.2878373612121 83.3488142188507
      vertex 189.10916026945128 -167.88415704333093 84.24000000000001
      vertex 188.58226240459274 -167.10856230660147 83.34119408694389
    endloop
  endfacet
  facet normal -0.5003427336167682 0.5003427336165732 0.7066217501846336
    outer loop
      vertex 188.44688016765113 -167.2878373612121 83.3488142188507
      vertex 188.43886917202443 -167.2984456338401 83.35065329141597
      vertex 189.10916026945128 -167.88415704333093 84.24000000000001
    endloop
  endfacet
  facet normal -0.6304686248866118 0.3212398094875367 0.7066217501846345
    outer loop
      vertex 189.48271722750465 -167.37 84.24000000000001
      vertex 188.80756372492854 -166.72156352365764 83.34282027079428
      vertex 188.70753498120766 -166.9224483214294 83.34489664285886
    endloop
  endfacet
  facet normal -0.5934361481664083 0.3853819406970865 0.706621750184612
    outer loop
      vertex 188.58226240459274 -167.10856230660147 83.34119408694389
      vertex 189.3094116628998 -167.63686716696913 84.24000000000001
      vertex 188.67796684181863 -166.98182915018631 83.35245018374214
    endloop
  endfacet
  facet normal -0.5934361481666215 0.3853819406966947 0.7066217501846466
    outer loop
      vertex 188.67796684181863 -166.98182915018631 83.35245018374214
      vertex 189.48271722750465 -167.37 84.24000000000001
      vertex 188.70753498120766 -166.9224483214294 83.34489664285886
    endloop
  endfacet
  facet normal -0.32123980948753017 0.6304686248866308 0.7066217501846205
    outer loop
      vertex 187.92092215678466 -167.70489158650224 83.34184431356931
      vertex 188.08647939495043 -168.6271781912335 84.24000000000001
      vertex 188.36999999999998 -168.48271722750468 84.24000000000001
    endloop
  endfacet
  facet normal -0.4453017467181312 0.5499018608222581 0.7066217501846368
    outer loop
      vertex 188.2825210370086 -167.44097579145787 83.34086909699714
      vertex 188.63686716696915 -168.30941166289983 84.24000000000001
      vertex 188.88415704333093 -168.10916026945128 84.24000000000001
    endloop
  endfacet
  facet normal -0.38538194069705534 0.593436148166423 0.7066217501846166
    outer loop
      vertex 188.1117931459688 -167.5867092734858 83.34669071918275
      vertex 188.36999999999998 -168.48271722750468 84.24000000000001
      vertex 188.63686716696915 -168.30941166289983 84.24000000000001
    endloop
  endfacet
  facet normal -0.500342733616674 0.5003427336166739 0.7066217501846289
    outer loop
      vertex 188.43886917202443 -167.2984456338401 83.35065329141597
      vertex 188.88415704333093 -168.10916026945128 84.24000000000001
      vertex 189.10916026945128 -167.88415704333093 84.24000000000001
    endloop
  endfacet
  facet normal 0 0 1
    outer loop
      vertex 188.88415704333093 -168.10916026945128 84.24000000000001
      vertex 189.31941767149388 -168.6721403869605 84.24000000000001
      vertex 189.10916026945128 -167.88415704333093 84.24000000000001
    endloop
  endfacet
  facet normal -0.5499018608223307 0.44530174671807554 0.7066217501846155
    outer loop
      vertex 188.58226240459274 -167.10856230660147 83.34119408694389
      vertex 189.10916026945128 -167.88415704333093 84.24000000000001
      vertex 189.3094116628998 -167.63686716696913 84.24000000000001
    endloop
  endfacet
  facet normal 0 0 1
    outer loop
      vertex 189.31941767149388 -168.6721403869605 84.24000000000001
      vertex 189.6054030657365 -168.39366938601106 84.24000000000001
      vertex 189.86016864224112 -168.08637759451938 84.24000000000001
    endloop
  endfacet
  facet normal 0 0 1
    outer loop
      vertex 189.10916026945128 -167.88415704333093 84.24000000000001
      vertex 189.31941767149388 -168.6721403869605 84.24000000000001
      vertex 189.3094116628998 -167.63686716696913 84.24000000000001
    endloop
  endfacet
  facet normal 0 0 1
    outer loop
      vertex 189.31941767149388 -168.6721403869605 84.24000000000001
      vertex 189.62717819123347 -167.08647939495043 84.24000000000001
      vertex 189.48271722750465 -167.37 84.24000000000001
    endloop
  endfacet
  facet normal 0 0 1
    outer loop
      vertex 189.31941767149388 -168.6721403869605 84.24000000000001
      vertex 189.48271722750465 -167.37 84.24000000000001
      vertex 189.3094116628998 -167.63686716696913 84.24000000000001
    endloop
  endfacet
  facet normal 0 0 1
    outer loop
      vertex 189.31941767149388 -168.6721403869605 84.24000000000001
      vertex 189.86016864224112 -168.08637759451938 84.24000000000001
      vertex 190.26488039820592 -167.3995456966314 84.24000000000001
    endloop
  endfacet
  facet normal -0.593436148166386 0.3853819406971133 0.706621750184616
    outer loop
      vertex 188.67796684181863 -166.98182915018631 83.35245018374214
      vertex 189.3094116628998 -167.63686716696913 84.24000000000001
      vertex 189.48271722750465 -167.37 84.24000000000001
    endloop
  endfacet
  facet normal -0.630468624886637 0.3212398094875013 0.7066217501846281
    outer loop
      vertex 189.48271722750465 -167.37 84.24000000000001
      vertex 189.62717819123347 -167.08647939495043 84.24000000000001
      vertex 188.80756372492854 -166.72156352365764 83.34282027079428
    endloop
  endfacet
  facet normal 0 0 1
    outer loop
      vertex 189.31941767149388 -168.6721403869605 84.24000000000001
      vertex 189.74121180953725 -166.78941166289982 84.24000000000001
      vertex 189.62717819123347 -167.08647939495043 84.24000000000001
    endloop
  endfacet
  facet normal 0 0 1
    outer loop
      vertex 189.86016864224112 -168.08637759451938 84.24000000000001
      vertex 190.08082780522673 -167.75374675127065 84.24000000000001
      vertex 190.26488039820592 -167.3995456966314 84.24000000000001
    endloop
  endfacet
  facet normal 0 0 1
    outer loop
      vertex 189.31941767149388 -168.6721403869605 84.24000000000001
      vertex 190.26488039820592 -167.3995456966314 84.24000000000001
      vertex 190.6 -165.85 84.24000000000001
    endloop
  endfacet
  facet normal 0 0 1
    outer loop
      vertex 189.31941767149388 -168.6721403869605 84.24000000000001
      vertex 190.6 -165.85 84.24000000000001
      vertex 189.74121180953725 -166.78941166289982 84.24000000000001
    endloop
  endfacet
  facet normal 0 0 1
    outer loop
      vertex 190.26488039820592 -167.3995456966314 84.24000000000001
      vertex 190.41024103175644 -167.0277876700823 84.24000000000001
      vertex 190.51526271181697 -166.64268483861107 84.24000000000001
    endloop
  endfacet
  facet normal 0.9647678688145404 -0.2631025642274317 0
    outer loop
      vertex 190.51526271181697 -166.64268483861107 80.49
      vertex 190.51526271181697 -166.64268483861107 84.24000000000001
      vertex 190.41024103175644 -167.0277876700823 84.24000000000001
    endloop
  endfacet
  facet normal 0.9872683547213206 -0.15906349601922107 0
    outer loop
      vertex 190.57875550078805 -166.2486005711776 80.49
      vertex 190.57875550078805 -166.2486005711776 84.24000000000001
      vertex 190.51526271181697 -166.64268483861107 84.24000000000001
    endloop
  endfacet
  facet normal 0.9985826956767672 -0.05322217484208023 0
    outer loop
      vertex 190.6 -165.85 80.49
      vertex 190.6 -165.85 84.24000000000001
      vertex 190.57875550078805 -166.2486005711776 84.24000000000001
    endloop
  endfacet
  facet normal -0.6605935554185447 0.2535781077015373 0.7066217501846328
    outer loop
      vertex 189.62717819123347 -167.08647939495043 84.24000000000001
      vertex 188.85481529321933 -166.62666958230238 83.35294033207634
      vertex 188.80756372492854 -166.72156352365764 83.34282027079428
    endloop
  endfacet
  facet normal -0.6605935554185728 0.2535781077015323 0.7066217501846084
    outer loop
      vertex 188.85481529321933 -166.62666958230238 83.35294033207634
      vertex 189.74121180953725 -166.78941166289982 84.24000000000001
      vertex 188.88744032445962 -166.51200449131608 83.34229153530904
    endloop
  endfacet
  facet normal -0.6834808847193364 0.18313815110267906 0.7066217501846129
    outer loop
      vertex 188.88744032445962 -166.51200449131608 83.34229153530904
      vertex 189.74121180953725 -166.78941166289982 84.24000000000001
      vertex 188.9488627522061 -166.2961270500262 83.34575259463044
    endloop
  endfacet
  facet normal -0.6988798544195585 0.11069169459602982 0.7066217501846063
    outer loop
      vertex 188.9488627522061 -166.2961270500262 83.34575259463044
      vertex 189.82356870623076 -166.482051540086 84.24000000000001
      vertex 188.96339216432037 -166.24506146330563 83.35212343885141
    endloop
  endfacet
  facet normal -0.6988798544195222 0.11069169459619764 0.7066217501846159
    outer loop
      vertex 188.97926238610555 -166.0737944947716 83.34099095859234
      vertex 188.96339216432037 -166.24506146330563 83.35212343885141
      vertex 189.82356870623076 -166.482051540086 84.24000000000001
    endloop
  endfacet
  facet normal -0.7066217501846136 0.0370324767203037 0.7066217501846327
    outer loop
      vertex 188.97926238610555 -166.0737944947716 83.34099095859234
      vertex 189.87334656191953 -166.16776652833366 84.24000000000001
      vertex 189.00000000000003 -165.85 83.35000000000007
    endloop
  endfacet
  facet normal -0.6605935554186076 0.2535781077014076 0.7066217501846204
    outer loop
      vertex 189.62717819123347 -167.08647939495043 84.24000000000001
      vertex 189.74121180953725 -166.78941166289982 84.24000000000001
      vertex 188.85481529321933 -166.62666958230238 83.35294033207634
    endloop
  endfacet
  facet normal -0.6834808847193333 0.18313815110268591 0.7066217501846139
    outer loop
      vertex 188.9488627522061 -166.2961270500262 83.34575259463044
      vertex 189.74121180953725 -166.78941166289982 84.24000000000001
      vertex 189.82356870623076 -166.482051540086 84.24000000000001
    endloop
  endfacet
  facet normal -0.698879854419489 0.1106916945963027 0.7066217501846324
    outer loop
      vertex 188.97926238610555 -166.0737944947716 83.34099095859234
      vertex 189.82356870623076 -166.482051540086 84.24000000000001
      vertex 189.87334656191953 -166.16776652833366 84.24000000000001
    endloop
  endfacet
  facet normal -0.706621750184631 0.037032476720219386 0.7066217501846198
    outer loop
      vertex 189.00000000000003 -165.85 83.35000000000007
      vertex 189.87334656191953 -166.16776652833366 84.24000000000001
      vertex 189.88999999999996 -165.85 84.24000000000001
    endloop
  endfacet
  facet normal 0 0 1
    outer loop
      vertex 189.74121180953725 -166.78941166289982 84.24000000000001
      vertex 190.6 -165.85 84.24000000000001
      vertex 189.82356870623076 -166.482051540086 84.24000000000001
    endloop
  endfacet
  facet normal 0 0 1
    outer loop
      vertex 190.26488039820592 -167.3995456966314 84.24000000000001
      vertex 190.51526271181697 -166.64268483861107 84.24000000000001
      vertex 190.6 -165.85 84.24000000000001
    endloop
  endfacet
  facet normal 0 0 1
    outer loop
      vertex 189.87334656191953 -166.16776652833366 84.24000000000001
      vertex 190.6 -165.85 84.24000000000001
      vertex 189.88999999999996 -165.85 84.24000000000001
    endloop
  endfacet
  facet normal 0 0 1
    outer loop
      vertex 189.82356870623076 -166.482051540086 84.24000000000001
      vertex 190.6 -165.85 84.24000000000001
      vertex 189.87334656191953 -166.16776652833366 84.24000000000001
    endloop
  endfacet
  facet normal 0 0 1
    outer loop
      vertex 190.51526271181697 -166.64268483861107 84.24000000000001
      vertex 190.57875550078805 -166.2486005711776 84.24000000000001
      vertex 190.6 -165.85 84.24000000000001
    endloop
  endfacet
  facet normal 1 0 0
    outer loop
      vertex 190.6 -165.85 80.49
      vertex 190.6 -0.4410904255315131 80.49
      vertex 190.6 -165.85 84.24000000000001
    endloop
  endfacet
  facet normal -1 0 0
    outer loop
      vertex 189.00000000000003 165.85 80.49
      vertex 189.00000000000003 -165.66992399565686 80.49
      vertex 189.00000000000003 -165.85 80.53
    endloop
  endfacet
  facet normal -1 0 0
    outer loop
      vertex 189.00000000000003 -165.85 83.35000000000007
      vertex 189.00000000000003 165.85 83.35000000000007
      vertex 189.00000000000003 -165.85 80.53
    endloop
  endfacet
  facet normal -0.7071067811865531 0 0.7071067811865418
    outer loop
      vertex 189.00000000000003 -165.85 83.35000000000007
      vertex 189.88999999999996 -165.85 84.24000000000001
      vertex 189.00000000000003 165.85 83.35000000000007
    endloop
  endfacet
  facet normal 0 0 1
    outer loop
      vertex 189.88999999999996 -165.85 84.24000000000001
      vertex 190.6 -165.85 84.24000000000001
      vertex 190.6 165.85 84.24000000000001
    endloop
  endfacet
  facet normal 1 0 0
    outer loop
      vertex 190.6 -165.85 84.24000000000001
      vertex 190.6 -0.4410904255315131 80.49
      vertex 190.6 164.96781914893697 80.49
    endloop
  endfacet
  facet normal 0 1 0
    outer loop
      vertex -186.94982695539164 169.59867104171295 80.49
      vertex 186.75017304460837 169.59867104171295 84.24000000000001
      vertex 186.75017304460837 169.59867104171295 80.49
    endloop
  endfacet
  facet normal 0 -1 0
    outer loop
      vertex -186.85 167.99082847903432 83.34082847903436
      vertex 187.0483769728461 167.99082847903432 80.53
      vertex 186.85 167.99082847903432 83.34082847903436
    endloop
  endfacet
  facet normal 0 -0.7071067811865531 0.7071067811865419
    outer loop
      vertex -186.85 167.99082847903432 83.34082847903436
      vertex 186.85 167.99082847903432 83.34082847903436
      vertex 186.85 168.88999999999996 84.24000000000001
    endloop
  endfacet
  facet normal 0 0 1
    outer loop
      vertex -186.94982695539164 169.59867104171295 84.24000000000001
      vertex 186.85 168.88999999999996 84.24000000000001
      vertex 186.75017304460837 169.59867104171295 84.24000000000001
    endloop
  endfacet
  facet normal -1 0 0
    outer loop
      vertex 189.00000000000003 165.85 80.49
      vertex 189.00000000000003 -165.85 80.53
      vertex 189.00000000000003 165.85 80.53
    endloop
  endfacet
  facet normal 1 0 0
    outer loop
      vertex 190.6 -0.4410904255315131 80.49
      vertex 190.6 0.021897280168985844 80.48
      vertex 190.6 165.85 80.48
    endloop
  endfacet
  facet normal -1 0 0
    outer loop
      vertex 189.00000000000003 -165.85 80.53
      vertex 189.00000000000003 165.85 83.35000000000007
      vertex 189.00000000000003 165.85 80.53
    endloop
  endfacet
  facet normal 1 0 0
    outer loop
      vertex 190.6 -165.85 84.24000000000001
      vertex 190.6 164.96781914893697 80.49
      vertex 190.6 165.85 84.24000000000001
    endloop
  endfacet
  facet normal -0.7071067811865531 0 0.7071067811865418
    outer loop
      vertex 189.88999999999996 -165.85 84.24000000000001
      vertex 189.88999999999996 165.85 84.24000000000001
      vertex 189.00000000000003 165.85 83.35000000000007
    endloop
  endfacet
  facet normal 0 0 1
    outer loop
      vertex 189.88999999999996 -165.85 84.24000000000001
      vertex 190.6 165.85 84.24000000000001
      vertex 189.88999999999996 165.85 84.24000000000001
    endloop
  endfacet
  facet normal 1 0 0
    outer loop
      vertex 190.6 -0.4410904255315131 80.49
      vertex 190.6 165.85 80.48
      vertex 190.6 164.96781914893697 80.49
    endloop
  endfacet
  facet normal 0.026620521437645005 0.9996456111234562 -1.0696654870851185e-12
    outer loop
      vertex 186.75018622413043 169.5986706907428 80.48
      vertex 186.75017304460837 169.59867104171295 80.49
      vertex 187.1491583946166 169.58804607828088 80.48
    endloop
  endfacet
  facet normal -0.18374951781653417 -0.9829730996839086 -5.323869477468273e-15
    outer loop
      vertex 187.07449695081752 167.9859458089397 83.3477111955879
      vertex 187.0483769728461 167.99082847903432 80.53
      vertex 187.43837542865495 167.91792513282158 80.53
    endloop
  endfacet
  facet normal -0.3612416661872484 -0.932472229404319 -6.470505844363692e-15
    outer loop
      vertex 187.51257035252436 167.8891818661847 83.34412270064493
      vertex 187.43837542865495 167.91792513282158 80.53
      vertex 187.80833746491956 167.77460107641335 80.53
    endloop
  endfacet
  facet normal 0.9985826956767672 0.053222174842080236 1.882664812238162e-16
    outer loop
      vertex 190.6 165.85 80.48
      vertex 190.57875550078805 166.2486005711776 80.48
      vertex 190.57875550078805 166.2486005711776 80.49
    endloop
  endfacet
  facet normal 0.9647678688145325 0.2631025642274609 1.2043504271762402e-12
    outer loop
      vertex 190.51526271181697 166.64268483861107 80.49
      vertex 190.51524884555644 166.64273568464776 80.48
      vertex 190.41024103175644 167.0277876700823 80.48
    endloop
  endfacet
  facet normal -0.9618256431729514 -0.273662990071618 -2.336924610806929e-17
    outer loop
      vertex 188.9488627522061 166.29612705002623 83.34575259463044
      vertex 188.96339216432037 166.24506146330563 80.49
      vertex 188.96339216432037 166.24506146330563 80.53
    endloop
  endfacet
  facet normal -0.9957341762950233 -0.09226835946342297 -9.205343698542458e-15
    outer loop
      vertex 188.97926238610555 166.0737944947716 83.34099095859234
      vertex 188.96339216432037 166.24506146330563 80.53
      vertex 189.00000000000003 165.85 80.53
    endloop
  endfacet
  facet normal -0.9618256431728162 -0.2736629900720927 7.09097762911512e-15
    outer loop
      vertex 188.88744032445962 166.5120044913161 83.34229153530904
      vertex 188.85481529321933 166.6266695823024 80.49
      vertex 188.96339216432037 166.24506146330563 80.49
    endloop
  endfacet
  facet normal -0.9618256431727695 -0.27366299007225664 2.4507461277301925e-17
    outer loop
      vertex 188.88744032445962 166.5120044913161 83.34229153530904
      vertex 188.85481529321933 166.6266695823024 80.53
      vertex 188.85481529321933 166.6266695823024 80.49
    endloop
  endfacet
  facet normal -0.8951632913550385 -0.44573835577658627 -8.966910628227533e-15
    outer loop
      vertex 188.70753498120766 166.9224483214294 83.34489664285886
      vertex 188.67796684181863 166.98182915018631 80.53
      vertex 188.85481529321933 166.6266695823024 80.53
    endloop
  endfacet
  facet normal 0.23732670204766232 0.9714298927329652 -9.2635415164777e-12
    outer loop
      vertex 187.9325436036602 169.44034515207593 80.48
      vertex 187.9325948025236 169.4403326438575 80.49
      vertex 187.93255470984255 169.44034243876266 80.48
    endloop
  endfacet
  facet normal 0.5304209077513884 0.8477344281201473 0
    outer loop
      vertex 188.66706576374744 169.13036156699482 80.48
      vertex 188.66706576374744 169.13036156699482 80.49
      vertex 188.6670732175235 169.1303569032245 80.48
    endloop
  endfacet
  facet normal 0.9313361769024874 0.3641605766590594 0
    outer loop
      vertex 190.26488039820592 167.3995456966314 80.48
      vertex 190.26488039820592 167.3995456966314 80.49
      vertex 190.26488167961222 167.39954241945063 80.48
    endloop
  endfacet
  facet normal 0.8333139190825932 0.5528000653610756 -5.933684059941604e-13
    outer loop
      vertex 190.08080158946635 167.75378627000336 80.48
      vertex 189.86016864224112 168.0863775945194 80.48
      vertex 190.08082780522673 167.75374675127065 80.49
    endloop
  endfacet
  facet normal 0.769833983625935 0.6382441834083752 -1.471399831748357e-19
    outer loop
      vertex 189.86013500442542 168.08641816760152 80.48
      vertex 189.86016864224112 168.0863775945194 80.49
      vertex 189.86016864224112 168.0863775945194 80.48
    endloop
  endfacet
  facet normal 0.6976315179656322 0.7164567433843916 0
    outer loop
      vertex 189.31941767149388 168.67214038696048 80.48
      vertex 189.31941767149388 168.67214038696048 80.49
      vertex 189.31942271189413 168.67213547899902 80.48
    endloop
  endfacet
  facet normal -0.673695643646615 -0.7390089172206064 9.98389102012755e-17
    outer loop
      vertex 188.28252103700865 167.44097579145787 83.34086909699717
      vertex 188.14566446821541 167.56573703865254 80.53
      vertex 188.43886917202443 167.2984456338401 80.53
    endloop
  endfacet
  facet normal -0.5264321628772263 -0.8502171357296945 -4.939876399703237e-15
    outer loop
      vertex 187.92092215678466 167.7048915865022 83.34184431356933
      vertex 187.80833746491956 167.77460107641335 80.53
      vertex 188.14566446821541 167.56573703865254 80.53
    endloop
  endfacet
  facet normal -0.7980172272802901 -0.6026346363791891 -7.056952219672272e-15
    outer loop
      vertex 188.44688016765113 167.28783736121207 83.34881421885072
      vertex 188.43886917202443 167.2984456338401 80.53
      vertex 188.67796684181863 166.98182915018631 80.53
    endloop
  endfacet
  facet normal 0.02662052143767179 0.9996456111234552 0
    outer loop
      vertex 186.75017304460837 169.59867104171295 80.49
      vertex 186.75017304460837 169.59867104171295 84.24000000000001
      vertex 187.1491583946166 169.58804607828088 80.48
    endloop
  endfacet
  facet normal 0.02662052145484476 0.9996456111229981 1.823569347319321e-12
    outer loop
      vertex 187.14919789582407 169.58804502636534 80.49
      vertex 187.1491583946166 169.58804607828088 80.48
      vertex 186.75017304460837 169.59867104171295 84.24000000000001
    endloop
  endfacet
  facet normal 0.1327255272838633 0.9911528310039882 1.0346103433469718e-18
    outer loop
      vertex 187.14919789582407 169.58804502636534 80.49
      vertex 187.54483271532663 169.53506546722193 84.24000000000001
      vertex 187.54483271532663 169.53506546722193 80.49
    endloop
  endfacet
  facet normal -0.1837495178170891 -0.9829730996838048 5.4036670050240337e-20
    outer loop
      vertex 187.07449695081752 167.9859458089397 83.3477111955879
      vertex 187.0483769728461 167.99082847903432 83.3512249756421
      vertex 187.0483769728461 167.99082847903432 80.53
    endloop
  endfacet
  facet normal 0 -1 0
    outer loop
      vertex 186.85 167.99082847903432 83.34082847903436
      vertex 187.0483769728461 167.99082847903432 80.53
      vertex 187.0483769728461 167.99082847903432 83.3512249756421
    endloop
  endfacet
  facet normal -0.3612416661874618 -0.9324722294042361 -5.881400000047896e-19
    outer loop
      vertex 187.51257035252436 167.8891818661847 83.34412270064493
      vertex 187.43837542865495 167.91792513282158 83.35269525325947
      vertex 187.43837542865495 167.91792513282158 80.53
    endloop
  endfacet
  facet normal -0.18374951781641827 -0.9829730996839302 0
    outer loop
      vertex 187.43837542865495 167.91792513282158 83.35269525325947
      vertex 187.2952384200686 167.94468207695147 83.34147852060372
      vertex 187.43837542865495 167.91792513282158 80.53
    endloop
  endfacet
  facet normal -0.18374951781654386 -0.9829730996839068 -6.6172401479826525e-15
    outer loop
      vertex 187.07449695081752 167.9859458089397 83.3477111955879
      vertex 187.43837542865495 167.91792513282158 80.53
      vertex 187.2952384200686 167.94468207695147 83.34147852060372
    endloop
  endfacet
  facet normal 1 0 0
    outer loop
      vertex 190.6 164.96781914893697 80.49
      vertex 190.6 165.85 80.49
      vertex 190.6 165.85 84.24000000000001
    endloop
  endfacet
  facet normal 0.9985826956767672 0.05322217484208023 5.020439499297179e-19
    outer loop
      vertex 190.6 165.85 80.48
      vertex 190.57875550078805 166.2486005711776 80.49
      vertex 190.57875550078805 166.2486005711776 84.24000000000001
    endloop
  endfacet
  facet normal 0.9985826956767672 0.053222174842080236 0
    outer loop
      vertex 190.6 165.85 80.48
      vertex 190.57875550078805 166.2486005711776 84.24000000000001
      vertex 190.6 165.85 80.49
    endloop
  endfacet
  facet normal 0.9872683547213206 0.15906349601922107 0
    outer loop
      vertex 190.57875550078805 166.2486005711776 80.49
      vertex 190.51526271181697 166.64268483861107 80.49
      vertex 190.57875550078805 166.2486005711776 84.24000000000001
    endloop
  endfacet
  facet normal 0.9647678688145404 0.2631025642274317 0
    outer loop
      vertex 190.51526271181697 166.64268483861107 80.49
      vertex 190.41024103175644 167.0277876700823 80.48
      vertex 190.51526271181697 166.64268483861107 84.24000000000001
    endloop
  endfacet
  facet normal 0.9647678688145404 0.2631025642274318 0
    outer loop
      vertex 190.41024103175644 167.0277876700823 80.48
      vertex 190.41024103175644 167.0277876700823 80.49
      vertex 190.51526271181697 166.64268483861107 84.24000000000001
    endloop
  endfacet
  facet normal -0.9957341762950127 -0.09226835946353765 0
    outer loop
      vertex 189.00000000000003 165.85 83.35000000000007
      vertex 188.97926238610555 166.0737944947716 83.34099095859234
      vertex 189.00000000000003 165.85 80.53
    endloop
  endfacet
  facet normal -0.9618256431729512 -0.27366299007161815 0
    outer loop
      vertex 188.96339216432037 166.24506146330563 83.35212343885141
      vertex 188.9488627522061 166.29612705002623 83.34575259463044
      vertex 188.96339216432037 166.24506146330563 80.53
    endloop
  endfacet
  facet normal -0.9957341762950371 -0.09226835946327319 -3.207262017225776e-19
    outer loop
      vertex 188.97926238610555 166.0737944947716 83.34099095859234
      vertex 188.96339216432037 166.24506146330563 83.35212343885141
      vertex 188.96339216432037 166.24506146330563 80.53
    endloop
  endfacet
  facet normal -0.961825643172809 -0.2736629900721182 9.663099871246615e-15
    outer loop
      vertex 188.88744032445962 166.5120044913161 83.34229153530904
      vertex 188.96339216432037 166.24506146330563 80.49
      vertex 188.9488627522061 166.29612705002623 83.34575259463044
    endloop
  endfacet
  facet normal -0.9618256431727699 -0.2736629900722559 3.4726148475521885e-19
    outer loop
      vertex 188.88744032445962 166.5120044913161 83.34229153530904
      vertex 188.85481529321933 166.6266695823024 83.35294033207636
      vertex 188.85481529321933 166.6266695823024 80.53
    endloop
  endfacet
  facet normal -0.8951632913550547 -0.44573835577655374 -1.3232606191908155e-14
    outer loop
      vertex 188.70753498120766 166.9224483214294 83.34489664285886
      vertex 188.85481529321933 166.6266695823024 80.53
      vertex 188.80756372492854 166.72156352365764 83.34282027079429
    endloop
  endfacet
  facet normal -0.8951632913548981 -0.445738355776868 -9.83688103815008e-19
    outer loop
      vertex 188.80756372492854 166.72156352365764 83.34282027079429
      vertex 188.85481529321933 166.6266695823024 80.53
      vertex 188.85481529321933 166.6266695823024 83.35294033207636
    endloop
  endfacet
  facet normal 0.23732669987109242 0.9714298932647154 -1.1870052702594746e-18
    outer loop
      vertex 187.54483271532663 169.53506546722193 80.49
      vertex 187.9325948025236 169.4403326438575 84.24000000000001
      vertex 187.9325948025236 169.4403326438575 80.49
    endloop
  endfacet
  facet normal 0.33923886611803933 0.9407002666710301 4.489102905662364e-19
    outer loop
      vertex 187.9325948025236 169.4403326438575 80.49
      vertex 188.30809065802495 169.30491991701402 84.24000000000001
      vertex 188.30809065802495 169.30491991701402 80.49
    endloop
  endfacet
  facet normal 0.43730732045885434 0.8993121301712197 4.074030954898782e-18
    outer loop
      vertex 188.30809065802495 169.30491991701402 80.49
      vertex 188.66706576374744 169.13036156699482 84.24000000000001
      vertex 188.66706576374744 169.13036156699482 80.49
    endloop
  endfacet
  facet normal 0.5304209081197085 0.8477344278896922 0
    outer loop
      vertex 189.00545278830398 168.91863540965565 80.49
      vertex 188.66706576374744 169.13036156699482 80.49
      vertex 189.00545278830398 168.91863540965565 84.24000000000001
    endloop
  endfacet
  facet normal 0.7698339834298775 0.6382441836448549 0
    outer loop
      vertex 189.86016864224112 168.0863775945194 80.49
      vertex 189.6054030657365 168.39366938601106 80.49
      vertex 189.86016864224112 168.0863775945194 84.24000000000001
    endloop
  endfacet
  facet normal 0.8873520750565456 0.461092501449376 0
    outer loop
      vertex 190.26488039820592 167.3995456966314 80.49
      vertex 190.08082780522673 167.75374675127065 80.49
      vertex 190.26488039820592 167.3995456966314 84.24000000000001
    endloop
  endfacet
  facet normal 0.9313361774523246 0.3641605752528575 0
    outer loop
      vertex 190.41024103175644 167.0277876700823 80.49
      vertex 190.26488039820592 167.3995456966314 80.49
      vertex 190.41024103175644 167.0277876700823 84.24000000000001
    endloop
  endfacet
  facet normal 0.8333139190825849 0.5528000653610879 0
    outer loop
      vertex 190.08082780522673 167.75374675127065 80.49
      vertex 189.86016864224112 168.0863775945194 80.48
      vertex 190.08082780522673 167.75374675127065 84.24000000000001
    endloop
  endfacet
  facet normal 0.8333139190825849 0.5528000653610879 0
    outer loop
      vertex 189.86016864224112 168.0863775945194 80.49
      vertex 190.08082780522673 167.75374675127065 84.24000000000001
      vertex 189.86016864224112 168.0863775945194 80.48
    endloop
  endfacet
  facet normal 0.6175246149462466 0.7865515558025997 4.1341337617537574e-18
    outer loop
      vertex 189.00545278830398 168.91863540965565 80.49
      vertex 189.31941767149388 168.67214038696048 84.24000000000001
      vertex 189.31941767149388 168.67214038696048 80.49
    endloop
  endfacet
  facet normal 0.6976315211349108 0.7164567402983872 -2.3025533097221617e-18
    outer loop
      vertex 189.31941767149388 168.67214038696048 80.49
      vertex 189.6054030657365 168.39366938601106 84.24000000000001
      vertex 189.6054030657365 168.39366938601106 80.49
    endloop
  endfacet
  facet normal -0.526432162876961 -0.8502171357298586 3.3469148857745284e-19
    outer loop
      vertex 188.1117931459688 167.5867092734858 83.34669071918279
      vertex 188.14566446821541 167.56573703865254 80.53
      vertex 188.14566446821541 167.56573703865254 83.3517150309857
    endloop
  endfacet
  facet normal -0.6736956436466139 -0.7390089172206075 3.761903212277947e-21
    outer loop
      vertex 188.28252103700865 167.44097579145787 83.34086909699717
      vertex 188.14566446821541 167.56573703865254 83.3517150309857
      vertex 188.14566446821541 167.56573703865254 80.53
    endloop
  endfacet
  facet normal -0.3612416661871778 -0.9324722294043463 2.052979054782731e-15
    outer loop
      vertex 187.51257035252436 167.8891818661847 83.34412270064493
      vertex 187.80833746491956 167.77460107641335 80.53
      vertex 187.72181177526377 167.80812130716512 83.3434306205387
    endloop
  endfacet
  facet normal -0.3612416661872359 -0.9324722294043237 6.334099679368056e-19
    outer loop
      vertex 187.72181177526377 167.80812130716512 83.3434306205387
      vertex 187.80833746491956 167.77460107641335 80.53
      vertex 187.80833746491956 167.77460107641335 83.3528586381041
    endloop
  endfacet
  facet normal -0.5264321628773154 -0.8502171357296391 -1.1444680810019919e-18
    outer loop
      vertex 187.92092215678466 167.7048915865022 83.34184431356933
      vertex 187.80833746491956 167.77460107641335 83.3528586381041
      vertex 187.80833746491956 167.77460107641335 80.53
    endloop
  endfacet
  facet normal -0.5264321628772206 -0.8502171357296979 -4.317632936431636e-15
    outer loop
      vertex 188.1117931459688 167.5867092734858 83.34669071918279
      vertex 187.92092215678466 167.7048915865022 83.34184431356933
      vertex 188.14566446821541 167.56573703865254 80.53
    endloop
  endfacet
  facet normal -0.8951632913552081 -0.44573835577624565 5.445933262232936e-19
    outer loop
      vertex 188.70753498120766 166.9224483214294 83.34489664285886
      vertex 188.67796684181863 166.98182915018631 83.35245018374215
      vertex 188.67796684181863 166.98182915018631 80.53
    endloop
  endfacet
  facet normal -0.7980172272802594 -0.60263463637923 -1.0553888311827372e-16
    outer loop
      vertex 188.58226240459274 167.10856230660144 83.34119408694387
      vertex 188.44688016765113 167.28783736121207 83.34881421885072
      vertex 188.67796684181863 166.98182915018631 80.53
    endloop
  endfacet
  facet normal -0.7980172272802583 -0.6026346363792315 1.6667371547222283e-18
    outer loop
      vertex 188.58226240459274 167.10856230660144 83.34119408694387
      vertex 188.67796684181863 166.98182915018631 80.53
      vertex 188.67796684181863 166.98182915018631 83.35245018374215
    endloop
  endfacet
  facet normal -0.6736956436466159 -0.7390089172206055 2.4271840628890674e-18
    outer loop
      vertex 188.28252103700865 167.44097579145787 83.34086909699717
      vertex 188.43886917202443 167.2984456338401 80.53
      vertex 188.43886917202443 167.2984456338401 83.35065329141598
    endloop
  endfacet
  facet normal -0.7980172272811921 -0.602634636377995 -8.896679543249215e-20
    outer loop
      vertex 188.44688016765113 167.28783736121207 83.34881421885072
      vertex 188.43886917202443 167.2984456338401 83.35065329141598
      vertex 188.43886917202443 167.2984456338401 80.53
    endloop
  endfacet
  facet normal 0.026620521437719164 0.9996456111234541 0
    outer loop
      vertex 187.14919789582407 169.58804502636534 80.49
      vertex 186.75017304460837 169.59867104171295 84.24000000000001
      vertex 187.14919789582407 169.58804502636534 84.24000000000001
    endloop
  endfacet
  facet normal 0.1327255272838633 0.9911528310039882 0
    outer loop
      vertex 187.14919789582407 169.58804502636534 80.49
      vertex 187.14919789582407 169.58804502636534 84.24000000000001
      vertex 187.54483271532663 169.53506546722193 84.24000000000001
    endloop
  endfacet
  facet normal -0.11069169459631427 -0.6988798544194853 0.706621750184634
    outer loop
      vertex 187.07449695081752 167.9859458089397 83.3477111955879
      vertex 187.2952384200686 167.94468207695147 83.34147852060372
      vertex 187.48205154008602 168.82356870623076 84.24000000000001
    endloop
  endfacet
  facet normal -0.18313815110249107 -0.6834808847193584 0.7066217501846402
    outer loop
      vertex 187.43837542865495 167.91792513282158 83.35269525325947
      vertex 187.48205154008602 168.82356870623076 84.24000000000001
      vertex 187.2952384200686 167.94468207695147 83.34147852060372
    endloop
  endfacet
  facet normal -0.183138151102747 -0.68348088471931 0.7066217501846208
    outer loop
      vertex 187.51257035252436 167.8891818661847 83.34412270064493
      vertex 187.78941166289982 168.74121180953725 84.24000000000001
      vertex 187.43837542865495 167.91792513282158 83.35269525325947
    endloop
  endfacet
  facet normal -0.037032476720209734 -0.7066217501846329 0.7066217501846184
    outer loop
      vertex 186.85 167.99082847903432 83.34082847903436
      vertex 187.0483769728461 167.99082847903432 83.3512249756421
      vertex 187.16776652833366 168.87334656191953 84.24000000000001
    endloop
  endfacet
  facet normal -0.03703247672084029 -0.706621750184574 0.7066217501846445
    outer loop
      vertex 187.07449695081752 167.9859458089397 83.3477111955879
      vertex 187.16776652833366 168.87334656191953 84.24000000000001
      vertex 187.0483769728461 167.99082847903432 83.3512249756421
    endloop
  endfacet
  facet normal -0.037032476720219344 -0.7066217501846311 0.7066217501846199
    outer loop
      vertex 186.85 167.99082847903432 83.34082847903436
      vertex 187.16776652833366 168.87334656191953 84.24000000000001
      vertex 186.85 168.88999999999996 84.24000000000001
    endloop
  endfacet
  facet normal -0.11069169459629315 -0.6988798544194921 0.7066217501846307
    outer loop
      vertex 187.07449695081752 167.9859458089397 83.3477111955879
      vertex 187.48205154008602 168.82356870623076 84.24000000000001
      vertex 187.16776652833366 168.87334656191953 84.24000000000001
    endloop
  endfacet
  facet normal -0.18313815110270099 -0.6834808847193259 0.7066217501846174
    outer loop
      vertex 187.43837542865495 167.91792513282158 83.35269525325947
      vertex 187.78941166289982 168.74121180953725 84.24000000000001
      vertex 187.48205154008602 168.82356870623076 84.24000000000001
    endloop
  endfacet
  facet normal 0 0 1
    outer loop
      vertex 186.85 168.88999999999996 84.24000000000001
      vertex 187.16776652833366 168.87334656191953 84.24000000000001
      vertex 186.75017304460837 169.59867104171295 84.24000000000001
    endloop
  endfacet
  facet normal 0 0 1
    outer loop
      vertex 186.75017304460837 169.59867104171295 84.24000000000001
      vertex 187.16776652833366 168.87334656191953 84.24000000000001
      vertex 187.48205154008602 168.82356870623076 84.24000000000001
    endloop
  endfacet
  facet normal 0 0 1
    outer loop
      vertex 186.75017304460837 169.59867104171295 84.24000000000001
      vertex 187.54483271532663 169.53506546722193 84.24000000000001
      vertex 187.14919789582407 169.58804502636534 84.24000000000001
    endloop
  endfacet
  facet normal 0 0 1
    outer loop
      vertex 186.75017304460837 169.59867104171295 84.24000000000001
      vertex 188.30809065802495 169.30491991701402 84.24000000000001
      vertex 187.54483271532663 169.53506546722193 84.24000000000001
    endloop
  endfacet
  facet normal 0.9985826956767672 0.05322217484208023 0
    outer loop
      vertex 190.6 165.85 80.49
      vertex 190.57875550078805 166.2486005711776 84.24000000000001
      vertex 190.6 165.85 84.24000000000001
    endloop
  endfacet
  facet normal 0.9872683547213206 0.15906349601922107 0
    outer loop
      vertex 190.51526271181697 166.64268483861107 80.49
      vertex 190.51526271181697 166.64268483861107 84.24000000000001
      vertex 190.57875550078805 166.2486005711776 84.24000000000001
    endloop
  endfacet
  facet normal 0.9647678688145404 0.2631025642274317 0
    outer loop
      vertex 190.41024103175644 167.0277876700823 80.49
      vertex 190.41024103175644 167.0277876700823 84.24000000000001
      vertex 190.51526271181697 166.64268483861107 84.24000000000001
    endloop
  endfacet
  facet normal -0.6304686248866327 -0.3212398094874972 0.7066217501846336
    outer loop
      vertex 188.70753498120766 166.9224483214294 83.34489664285886
      vertex 188.80756372492854 166.72156352365764 83.34282027079429
      vertex 189.62717819123347 167.08647939495043 84.24000000000001
    endloop
  endfacet
  facet normal -0.6605935554185137 -0.25357810770159733 0.7066217501846402
    outer loop
      vertex 188.80756372492854 166.72156352365764 83.34282027079429
      vertex 188.85481529321933 166.6266695823024 83.35294033207636
      vertex 189.62717819123347 167.08647939495043 84.24000000000001
    endloop
  endfacet
  facet normal -0.7066217501846288 -0.03703247672030572 0.7066217501846175
    outer loop
      vertex 189.00000000000003 165.85 83.35000000000007
      vertex 189.88999999999996 165.85 84.24000000000001
      vertex 188.97926238610555 166.0737944947716 83.34099095859234
    endloop
  endfacet
  facet normal -0.6988798544195027 -0.11069169459619708 0.7066217501846351
    outer loop
      vertex 188.97926238610555 166.0737944947716 83.34099095859234
      vertex 189.87334656191953 166.16776652833366 84.24000000000001
      vertex 188.96339216432037 166.24506146330563 83.35212343885141
    endloop
  endfacet
  facet normal -0.6834808847193352 -0.18313815110267864 0.706621750184614
    outer loop
      vertex 188.88744032445962 166.5120044913161 83.34229153530904
      vertex 188.9488627522061 166.29612705002623 83.34575259463044
      vertex 189.82356870623076 166.48205154008602 84.24000000000001
    endloop
  endfacet
  facet normal -0.6988798544195691 -0.11069169459597147 0.7066217501846047
    outer loop
      vertex 188.96339216432037 166.24506146330563 83.35212343885141
      vertex 189.82356870623076 166.48205154008602 84.24000000000001
      vertex 188.9488627522061 166.29612705002623 83.34575259463044
    endloop
  endfacet
  facet normal -0.6605935554185407 -0.25357810770161093 0.7066217501846102
    outer loop
      vertex 188.88744032445962 166.5120044913161 83.34229153530904
      vertex 189.74121180953725 166.78941166289988 84.24000000000001
      vertex 188.85481529321933 166.6266695823024 83.35294033207636
    endloop
  endfacet
  facet normal -0.7066217501846203 -0.037032476720219 0.7066217501846306
    outer loop
      vertex 188.97926238610555 166.0737944947716 83.34099095859234
      vertex 189.88999999999996 165.85 84.24000000000001
      vertex 189.87334656191953 166.16776652833366 84.24000000000001
    endloop
  endfacet
  facet normal -0.6605935554185864 -0.2535781077014479 0.7066217501846259
    outer loop
      vertex 188.85481529321933 166.6266695823024 83.35294033207636
      vertex 189.74121180953725 166.78941166289988 84.24000000000001
      vertex 189.62717819123347 167.08647939495043 84.24000000000001
    endloop
  endfacet
  facet normal -0.6834808847193362 -0.18313815110266968 0.7066217501846156
    outer loop
      vertex 188.88744032445962 166.5120044913161 83.34229153530904
      vertex 189.82356870623076 166.48205154008602 84.24000000000001
      vertex 189.74121180953725 166.78941166289988 84.24000000000001
    endloop
  endfacet
  facet normal -0.6988798544194994 -0.11069169459629442 0.7066217501846231
    outer loop
      vertex 188.96339216432037 166.24506146330563 83.35212343885141
      vertex 189.87334656191953 166.16776652833366 84.24000000000001
      vertex 189.82356870623076 166.48205154008602 84.24000000000001
    endloop
  endfacet
  facet normal 0 0 1
    outer loop
      vertex 189.88999999999996 165.85 84.24000000000001
      vertex 190.6 165.85 84.24000000000001
      vertex 189.87334656191953 166.16776652833366 84.24000000000001
    endloop
  endfacet
  facet normal 0 0 1
    outer loop
      vertex 189.82356870623076 166.48205154008602 84.24000000000001
      vertex 189.87334656191953 166.16776652833366 84.24000000000001
      vertex 190.6 165.85 84.24000000000001
    endloop
  endfacet
  facet normal 0 0 1
    outer loop
      vertex 190.6 165.85 84.24000000000001
      vertex 190.57875550078805 166.2486005711776 84.24000000000001
      vertex 190.51526271181697 166.64268483861107 84.24000000000001
    endloop
  endfacet
  facet normal 0 0 1
    outer loop
      vertex 189.82356870623076 166.48205154008602 84.24000000000001
      vertex 190.6 165.85 84.24000000000001
      vertex 189.74121180953725 166.78941166289988 84.24000000000001
    endloop
  endfacet
  facet normal 0 0 1
    outer loop
      vertex 189.74121180953725 166.78941166289988 84.24000000000001
      vertex 190.6 165.85 84.24000000000001
      vertex 189.62717819123347 167.08647939495043 84.24000000000001
    endloop
  endfacet
  facet normal 0 0 1
    outer loop
      vertex 190.6 165.85 84.24000000000001
      vertex 189.48271722750465 167.36999999999998 84.24000000000001
      vertex 189.62717819123347 167.08647939495043 84.24000000000001
    endloop
  endfacet
  facet normal 0.23732669987109242 0.9714298932647154 0
    outer loop
      vertex 187.54483271532663 169.53506546722193 80.49
      vertex 187.54483271532663 169.53506546722193 84.24000000000001
      vertex 187.9325948025236 169.4403326438575 84.24000000000001
    endloop
  endfacet
  facet normal 0.33923886611803933 0.9407002666710301 0
    outer loop
      vertex 187.9325948025236 169.4403326438575 80.49
      vertex 187.9325948025236 169.4403326438575 84.24000000000001
      vertex 188.30809065802495 169.30491991701402 84.24000000000001
    endloop
  endfacet
  facet normal 0.6175246149462466 0.7865515558025997 0
    outer loop
      vertex 189.00545278830398 168.91863540965565 80.49
      vertex 189.00545278830398 168.91863540965565 84.24000000000001
      vertex 189.31941767149388 168.67214038696048 84.24000000000001
    endloop
  endfacet
  facet normal 0.43730732045885434 0.8993121301712197 0
    outer loop
      vertex 188.30809065802495 169.30491991701402 80.49
      vertex 188.30809065802495 169.30491991701402 84.24000000000001
      vertex 188.66706576374744 169.13036156699482 84.24000000000001
    endloop
  endfacet
  facet normal 0.5304209081197085 0.8477344278896922 0
    outer loop
      vertex 188.66706576374744 169.13036156699482 80.49
      vertex 188.66706576374744 169.13036156699482 84.24000000000001
      vertex 189.00545278830398 168.91863540965565 84.24000000000001
    endloop
  endfacet
  facet normal 0.9313361774523246 0.3641605752528575 0
    outer loop
      vertex 190.26488039820592 167.3995456966314 80.49
      vertex 190.26488039820592 167.3995456966314 84.24000000000001
      vertex 190.41024103175644 167.0277876700823 84.24000000000001
    endloop
  endfacet
  facet normal 0.8873520750565456 0.461092501449376 0
    outer loop
      vertex 190.08082780522673 167.75374675127065 80.49
      vertex 190.08082780522673 167.75374675127065 84.24000000000001
      vertex 190.26488039820592 167.3995456966314 84.24000000000001
    endloop
  endfacet
  facet normal 0.8333139190825849 0.5528000653610879 0
    outer loop
      vertex 189.86016864224112 168.0863775945194 80.49
      vertex 189.86016864224112 168.0863775945194 84.24000000000001
      vertex 190.08082780522673 167.75374675127065 84.24000000000001
    endloop
  endfacet
  facet normal 0.6976315211349108 0.7164567402983872 0
    outer loop
      vertex 189.31941767149388 168.67214038696048 80.49
      vertex 189.31941767149388 168.67214038696048 84.24000000000001
      vertex 189.6054030657365 168.39366938601106 84.24000000000001
    endloop
  endfacet
  facet normal 0.7698339834298775 0.6382441836448549 0
    outer loop
      vertex 189.6054030657365 168.39366938601106 80.49
      vertex 189.6054030657365 168.39366938601106 84.24000000000001
      vertex 189.86016864224112 168.0863775945194 84.24000000000001
    endloop
  endfacet
  facet normal -0.2535781077015125 -0.6605935554185507 0.7066217501846362
    outer loop
      vertex 187.51257035252436 167.8891818661847 83.34412270064493
      vertex 187.72181177526377 167.80812130716512 83.3434306205387
      vertex 188.08647939495043 168.62717819123347 84.24000000000001
    endloop
  endfacet
  facet normal -0.3212398094873863 -0.6304686248866873 0.7066217501846356
    outer loop
      vertex 187.72181177526377 167.80812130716512 83.3434306205387
      vertex 187.80833746491956 167.77460107641335 83.3528586381041
      vertex 188.08647939495043 168.62717819123347 84.24000000000001
    endloop
  endfacet
  facet normal -0.3853819406970353 -0.5934361481664276 0.7066217501846236
    outer loop
      vertex 188.1117931459688 167.5867092734858 83.34669071918279
      vertex 188.63686716696915 168.3094116628998 84.24000000000001
      vertex 187.92092215678466 167.7048915865022 83.34184431356933
    endloop
  endfacet
  facet normal -0.44530174671787975 -0.5499018608224652 0.7066217501846341
    outer loop
      vertex 188.1117931459688 167.5867092734858 83.34669071918279
      vertex 188.14566446821541 167.56573703865254 83.3517150309857
      vertex 188.63686716696915 168.3094116628998 84.24000000000001
    endloop
  endfacet
  facet normal -0.32123980948755837 -0.630468624886609 0.706621750184627
    outer loop
      vertex 187.92092215678466 167.7048915865022 83.34184431356933
      vertex 188.36999999999998 168.48271722750465 84.24000000000001
      vertex 187.80833746491956 167.77460107641335 83.3528586381041
    endloop
  endfacet
  facet normal -0.5003427336166837 -0.5003427336166554 0.7066217501846352
    outer loop
      vertex 188.28252103700865 167.44097579145787 83.34086909699717
      vertex 188.43886917202443 167.2984456338401 83.35065329141598
      vertex 189.10916026945128 167.88415704333093 84.24000000000001
    endloop
  endfacet
  facet normal -0.5003427336174944 -0.5003427336157883 0.7066217501846752
    outer loop
      vertex 188.44688016765113 167.28783736121207 83.34881421885072
      vertex 189.10916026945128 167.88415704333093 84.24000000000001
      vertex 188.43886917202443 167.2984456338401 83.35065329141598
    endloop
  endfacet
  facet normal -0.5934361481664324 -0.38538194069703186 0.7066217501846215
    outer loop
      vertex 188.58226240459274 167.10856230660144 83.34119408694387
      vertex 188.67796684181863 166.98182915018631 83.35245018374215
      vertex 189.48271722750465 167.36999999999998 84.24000000000001
    endloop
  endfacet
  facet normal -0.5934361481665481 -0.38538194069682596 0.7066217501846365
    outer loop
      vertex 188.70753498120766 166.9224483214294 83.34489664285886
      vertex 189.48271722750465 167.36999999999998 84.24000000000001
      vertex 188.67796684181863 166.98182915018631 83.35245018374215
    endloop
  endfacet
  facet normal -0.5499018608222164 -0.4453017467182338 0.7066217501846047
    outer loop
      vertex 188.58226240459274 167.10856230660144 83.34119408694387
      vertex 189.3094116628998 167.6368671669691 84.24000000000001
      vertex 188.44688016765113 167.28783736121207 83.34881421885072
    endloop
  endfacet
  facet normal -0.4453017467181822 -0.5499018608222184 0.7066217501846356
    outer loop
      vertex 188.28252103700865 167.44097579145787 83.34086909699717
      vertex 188.88415704333093 168.10916026945128 84.24000000000001
      vertex 188.14566446821541 167.56573703865254 83.3517150309857
    endloop
  endfacet
  facet normal -0.38538194069704984 -0.5934361481664147 0.7066217501846264
    outer loop
      vertex 187.92092215678466 167.7048915865022 83.34184431356933
      vertex 188.63686716696915 168.3094116628998 84.24000000000001
      vertex 188.36999999999998 168.48271722750465 84.24000000000001
    endloop
  endfacet
  facet normal -0.5499018608223362 -0.4453017467180288 0.7066217501846405
    outer loop
      vertex 188.44688016765113 167.28783736121207 83.34881421885072
      vertex 189.3094116628998 167.6368671669691 84.24000000000001
      vertex 189.10916026945128 167.88415704333093 84.24000000000001
    endloop
  endfacet
  facet normal -0.44530174671810313 -0.5499018608223016 0.7066217501846207
    outer loop
      vertex 188.14566446821541 167.56573703865254 83.3517150309857
      vertex 188.88415704333093 168.10916026945128 84.24000000000001
      vertex 188.63686716696915 168.3094116628998 84.24000000000001
    endloop
  endfacet
  facet normal -0.5003427336166716 -0.5003427336166717 0.7066217501846322
    outer loop
      vertex 188.28252103700865 167.44097579145787 83.34086909699717
      vertex 189.10916026945128 167.88415704333093 84.24000000000001
      vertex 188.88415704333093 168.10916026945128 84.24000000000001
    endloop
  endfacet
  facet normal 0 0 1
    outer loop
      vertex 189.10916026945128 167.88415704333093 84.24000000000001
      vertex 189.31941767149388 168.67214038696048 84.24000000000001
      vertex 188.88415704333093 168.10916026945128 84.24000000000001
    endloop
  endfacet
  facet normal -0.25357810770140843 -0.6605935554186098 0.7066217501846183
    outer loop
      vertex 187.51257035252436 167.8891818661847 83.34412270064493
      vertex 188.08647939495043 168.62717819123347 84.24000000000001
      vertex 187.78941166289982 168.74121180953725 84.24000000000001
    endloop
  endfacet
  facet normal -0.32123980948752884 -0.630468624886628 0.7066217501846234
    outer loop
      vertex 187.80833746491956 167.77460107641335 83.3528586381041
      vertex 188.36999999999998 168.48271722750465 84.24000000000001
      vertex 188.08647939495043 168.62717819123347 84.24000000000001
    endloop
  endfacet
  facet normal 0 0 1
    outer loop
      vertex 187.48205154008602 168.82356870623076 84.24000000000001
      vertex 187.78941166289982 168.74121180953725 84.24000000000001
      vertex 189.31941767149388 168.67214038696048 84.24000000000001
    endloop
  endfacet
  facet normal 0 0 1
    outer loop
      vertex 186.75017304460837 169.59867104171295 84.24000000000001
      vertex 187.48205154008602 168.82356870623076 84.24000000000001
      vertex 189.31941767149388 168.67214038696048 84.24000000000001
    endloop
  endfacet
  facet normal 0 0 1
    outer loop
      vertex 187.54483271532663 169.53506546722193 84.24000000000001
      vertex 188.30809065802495 169.30491991701402 84.24000000000001
      vertex 187.9325948025236 169.4403326438575 84.24000000000001
    endloop
  endfacet
  facet normal 0 0 1
    outer loop
      vertex 186.75017304460837 169.59867104171295 84.24000000000001
      vertex 189.31941767149388 168.67214038696048 84.24000000000001
      vertex 188.30809065802495 169.30491991701402 84.24000000000001
    endloop
  endfacet
  facet normal 0 0 1
    outer loop
      vertex 188.08647939495043 168.62717819123347 84.24000000000001
      vertex 188.36999999999998 168.48271722750465 84.24000000000001
      vertex 189.31941767149388 168.67214038696048 84.24000000000001
    endloop
  endfacet
  facet normal 0 0 1
    outer loop
      vertex 187.78941166289982 168.74121180953725 84.24000000000001
      vertex 188.08647939495043 168.62717819123347 84.24000000000001
      vertex 189.31941767149388 168.67214038696048 84.24000000000001
    endloop
  endfacet
  facet normal 0 0 1
    outer loop
      vertex 188.88415704333093 168.10916026945128 84.24000000000001
      vertex 189.31941767149388 168.67214038696048 84.24000000000001
      vertex 188.63686716696915 168.3094116628998 84.24000000000001
    endloop
  endfacet
  facet normal 0 0 1
    outer loop
      vertex 188.63686716696915 168.3094116628998 84.24000000000001
      vertex 189.31941767149388 168.67214038696048 84.24000000000001
      vertex 188.36999999999998 168.48271722750465 84.24000000000001
    endloop
  endfacet
  facet normal 0 0 1
    outer loop
      vertex 188.30809065802495 169.30491991701402 84.24000000000001
      vertex 189.00545278830398 168.91863540965565 84.24000000000001
      vertex 188.66706576374744 169.13036156699482 84.24000000000001
    endloop
  endfacet
  facet normal 0 0 1
    outer loop
      vertex 188.30809065802495 169.30491991701402 84.24000000000001
      vertex 189.31941767149388 168.67214038696048 84.24000000000001
      vertex 189.00545278830398 168.91863540965565 84.24000000000001
    endloop
  endfacet
  facet normal -0.630468624886623 -0.32123980948752634 0.7066217501846291
    outer loop
      vertex 188.70753498120766 166.9224483214294 83.34489664285886
      vertex 189.62717819123347 167.08647939495043 84.24000000000001
      vertex 189.48271722750465 167.36999999999998 84.24000000000001
    endloop
  endfacet
  facet normal -0.5934361481663933 -0.38538194069711806 0.7066217501846073
    outer loop
      vertex 188.58226240459274 167.10856230660144 83.34119408694387
      vertex 189.48271722750465 167.36999999999998 84.24000000000001
      vertex 189.3094116628998 167.6368671669691 84.24000000000001
    endloop
  endfacet
  facet normal 0 0 1
    outer loop
      vertex 190.6 165.85 84.24000000000001
      vertex 189.31941767149388 168.67214038696048 84.24000000000001
      vertex 189.48271722750465 167.36999999999998 84.24000000000001
    endloop
  endfacet
  facet normal 0 0 1
    outer loop
      vertex 189.48271722750465 167.36999999999998 84.24000000000001
      vertex 189.31941767149388 168.67214038696048 84.24000000000001
      vertex 189.3094116628998 167.6368671669691 84.24000000000001
    endloop
  endfacet
  facet normal 0 0 1
    outer loop
      vertex 189.10916026945128 167.88415704333093 84.24000000000001
      vertex 189.3094116628998 167.6368671669691 84.24000000000001
      vertex 189.31941767149388 168.67214038696048 84.24000000000001
    endloop
  endfacet
  facet normal 0 0 1
    outer loop
      vertex 190.08082780522673 167.75374675127065 84.24000000000001
      vertex 189.86016864224112 168.0863775945194 84.24000000000001
      vertex 189.31941767149388 168.67214038696048 84.24000000000001
    endloop
  endfacet
  facet normal 0 0 1
    outer loop
      vertex 190.6 165.85 84.24000000000001
      vertex 190.51526271181697 166.64268483861107 84.24000000000001
      vertex 189.31941767149388 168.67214038696048 84.24000000000001
    endloop
  endfacet
  facet normal 0 0 1
    outer loop
      vertex 190.51526271181697 166.64268483861107 84.24000000000001
      vertex 190.41024103175644 167.0277876700823 84.24000000000001
      vertex 190.08082780522673 167.75374675127065 84.24000000000001
    endloop
  endfacet
  facet normal 0 0 1
    outer loop
      vertex 190.41024103175644 167.0277876700823 84.24000000000001
      vertex 190.26488039820592 167.3995456966314 84.24000000000001
      vertex 190.08082780522673 167.75374675127065 84.24000000000001
    endloop
  endfacet
  facet normal 0 0 1
    outer loop
      vertex 190.51526271181697 166.64268483861107 84.24000000000001
      vertex 190.08082780522673 167.75374675127065 84.24000000000001
      vertex 189.31941767149388 168.67214038696048 84.24000000000001
    endloop
  endfacet
  facet normal 0 0 1
    outer loop
      vertex 189.86016864224112 168.0863775945194 84.24000000000001
      vertex 189.6054030657365 168.39366938601106 84.24000000000001
      vertex 189.31941767149388 168.67214038696048 84.24000000000001
    endloop
  endfacet
  facet normal -0.7347741508630111 -0.6783118362696768 -1.42026818488814e-20
    outer loop
      vertex -189.63305816248666 -168.35587682501912 4.744974151840243
      vertex -189.4661182042562 -168.53671277611866 4.7548135872335315
      vertex -189.4661182042562 -168.53671277611866 80.48
    endloop
  endfacet
  facet normal -0.73477415086308 -0.6783118362696023 3.2982979207796195e-16
    outer loop
      vertex -189.63305816248666 -168.35587682501912 4.744974151840243
      vertex -189.4661182042562 -168.53671277611866 80.48
      vertex -189.73687743786215 -168.24341568866808 4.754896394201663
    endloop
  endfacet
  facet normal -0.658511379065026 -0.7525707698561495 -8.134200413132644e-17
    outer loop
      vertex -189.35593603638708 -168.63312392337295 4.745062641841153
      vertex -189.1657173060482 -168.7995683342599 4.754718951443883
      vertex -189.16574241911016 -168.79954635993175 80.48
    endloop
  endfacet
  facet normal -0.6585113790650764 -0.7525707698561055 1.4225641149669216e-16
    outer loop
      vertex -189.35593603638708 -168.63312392337295 4.745062641841153
      vertex -189.16574241911016 -168.79954635993175 80.48
      vertex -189.4661182042562 -168.53671277611866 4.7548135872335315
    endloop
  endfacet
  facet normal -0.802711637930959 -0.5963673585385078 -9.290514047975568e-18
    outer loop
      vertex -189.8796856900215 -168.05119550028988 4.744897463324918
      vertex -189.73687743786215 -168.24341568866808 4.754896394201663
      vertex -189.97491462261033 -167.92301716966472 80.48
    endloop
  endfacet
  facet normal -0.8027116379309684 -0.596367358538495 -4.3015243125981226e-17
    outer loop
      vertex -189.8796856900215 -168.05119550028988 4.744897463324918
      vertex -189.97491462261033 -167.92301716966472 80.48
      vertex -189.97492719655943 -167.92300024510448 4.754967372087381
    endloop
  endfacet
  facet normal -0.8615540813938247 -0.5076658003388084 0
    outer loop
      vertex -189.97492719655943 -167.92300024510448 4.754967372087381
      vertex -189.97492719655943 -167.92300024510448 80.49
      vertex -190.09312014294485 -167.7224162875435 4.744832575087024
    endloop
  endfacet
  facet normal -0.8615540813938363 -0.5076658003387887 7.03948505397195e-17
    outer loop
      vertex -190.09312014294485 -167.7224162875435 4.744832575087024
      vertex -189.97492719655943 -167.92300024510448 80.49
      vertex -190.17757028146212 -167.57909688043497 4.755026520667083
    endloop
  endfacet
  facet normal -0.9106347728549028 -0.4132121857684009 -5.93898148906084e-17
    outer loop
      vertex -190.2710262894038 -167.3731390372372 4.744779486104349
      vertex -190.17757028146212 -167.57909688043497 4.755026520667083
      vertex -190.34251066544627 -167.21560215719808 80.49
    endloop
  endfacet
  facet normal -0.910634772854892 -0.41321218576842456 -3.738326952114277e-20
    outer loop
      vertex -190.2710262894038 -167.3731390372372 4.744779486104349
      vertex -190.34251066544627 -167.21560215719808 80.49
      vertex -190.34251066544627 -167.21560215719808 4.755073839754475
    endloop
  endfacet
  facet normal -0.9493976084683734 -0.3140767120219725 0
    outer loop
      vertex -190.34251066544627 -167.21560215719808 4.755073839754475
      vertex -190.34251066544627 -167.21560215719808 80.49
      vertex -190.41145766268824 -167.00718774190702 4.744738195540603
    endloop
  endfacet
  facet normal -0.9493976084683865 -0.31407671202193327 1.1964551573849887e-16
    outer loop
      vertex -190.41145766268824 -167.00718774190702 4.744738195540603
      vertex -190.34251066544627 -167.21560215719808 80.49
      vertex -190.46787950805444 -166.8366346158532 4.755109329200448
    endloop
  endfacet
  facet normal -0.5747874102144426 -0.8183027759081439 0
    outer loop
      vertex -188.83907840544902 -169.02900410458625 4.7546124871308315
      vertex -188.83907840544902 -169.02900410458625 80.48
      vertex -189.05135154046187 -168.87990046089308 4.745162934721814
    endloop
  endfacet
  facet normal -0.4845508703327579 -0.8747630845319015 1.1948155765651852e-16
    outer loop
      vertex -188.83907840544902 -169.02900410458625 4.7546124871308315
      vertex -188.72263751603123 -169.09350332192565 4.745275032062446
      vertex -188.83903230079176 -169.0290296429888 80.48
    endloop
  endfacet
  facet normal -0.4845508703326288 -0.874763084531973 3.786450487350328e-16
    outer loop
      vertex -188.72263751603123 -169.09350332192565 4.745275032062446
      vertex -188.4899024517207 -169.22242048814206 4.754494194629794
      vertex -188.83903230079176 -169.0290296429888 80.48
    endloop
  endfacet
  facet normal -0.5747874102142707 -0.8183027759082645 -7.188549512613348e-16
    outer loop
      vertex -189.1657173060482 -168.7995683342599 4.754718951443883
      vertex -189.05135154046187 -168.87990046089308 4.745162934721814
      vertex -188.83907840544902 -169.02900410458625 80.49
    endloop
  endfacet
  facet normal -0.38882417547328324 -0.9213119778704288 8.111397706182745e-20
    outer loop
      vertex -188.37339099005754 -169.27159218470362 4.745398935629348
      vertex -188.1221457479426 -169.37762600001636 4.754364074313393
      vertex -188.1221457479426 -169.37762600001636 80.49
    endloop
  endfacet
  facet normal -0.288691947339587 -0.9574220383620157 0
    outer loop
      vertex -188.1221457479426 -169.37762600001636 4.754364074313393
      vertex -188.00743385905906 -169.41221513339525 4.745534647375014
      vertex -188.1221457479426 -169.37762600001636 80.49
    endloop
  endfacet
  facet normal -0.388824175473369 -0.9213119778703927 3.3496493029775143e-16
    outer loop
      vertex -188.37339099005754 -169.27159218470362 4.745398935629348
      vertex -188.1221457479426 -169.37762600001636 80.49
      vertex -188.4899024517207 -169.22242048814206 4.754494194629794
    endloop
  endfacet
  facet normal -0.2886919473396844 -0.9574220383619864 -1.609910580960818e-16
    outer loop
      vertex -188.00743385905906 -169.41221513339525 4.745534647375014
      vertex -187.73997512451666 -169.49286209974267 4.754222126591584
      vertex -188.1221457479426 -169.37762600001636 80.49
    endloop
  endfacet
  facet normal -0.18528872408703626 -0.9826841245925357 0
    outer loop
      vertex -187.73997512451666 -169.49286209974267 4.754222126591584
      vertex -187.62877111311383 -169.51383002714735 4.7456821694382025
      vertex -187.73997512451666 -169.49286209974267 80.49
    endloop
  endfacet
  facet normal -0.9774033898178647 -0.21138262362963345 7.730886016084146e-17
    outer loop
      vertex -190.46787950805444 -166.8366346158532 4.755109329200448
      vertex -190.55225633020504 -166.44648811007153 80.49
      vertex -190.51287783303735 -166.62856871800776 4.7447087027453465
    endloop
  endfacet
  facet normal -0.9774033898178713 -0.2113826236296027 -3.006404550644692e-20
    outer loop
      vertex -190.51287783303735 -166.62856871800776 4.7447087027453465
      vertex -190.55225633020504 -166.44648811007153 80.49
      vertex -190.55225633020504 -166.44648811007153 4.755132988893198
    endloop
  endfacet
  facet normal -0.9943348002101376 -0.10629348564736088 3.416146756702082e-16
    outer loop
      vertex -190.55225633020504 -166.44648811007153 4.755132988893198
      vertex -190.59468240130522 -166.04960848311978 80.48
      vertex -190.57417719810277 -166.24142679640045 4.74469100725399
    endloop
  endfacet
  facet normal -0.9943348002101448 -0.10629348564729472 1.7213422786464575e-16
    outer loop
      vertex -190.59468510878784 -166.04958315565815 4.755144818758197
      vertex -190.57417719810277 -166.24142679640045 4.74469100725399
      vertex -190.59468240130522 -166.04960848311978 80.48
    endloop
  endfacet
  facet normal -1 0 0
    outer loop
      vertex -190.59468510878784 -166.04958315565815 4.755144818758197
      vertex -190.59468510878784 -166.04958315565815 80.48047298658403
      vertex -190.59468510878784 -165.85 4.744685108787858
    endloop
  endfacet
  facet normal -0.18528872408713543 -0.982684124592517 -1.5078608888057723e-16
    outer loop
      vertex -187.62877111311383 -169.51383002714735 4.7456821694382025
      vertex -187.34772072731394 -169.56682311626503 4.754068351911499
      vertex -187.73997512451666 -169.49286209974267 80.49
    endloop
  endfacet
  facet normal -0.07978610555317114 -0.9968120070307432 0
    outer loop
      vertex -187.34772072731394 -169.56682311626503 4.754068351911499
      vertex -187.24154705607236 -169.5753213924504 4.745841504143962
      vertex -187.34772072731394 -169.56682311626503 80.49
    endloop
  endfacet
  facet normal -0.07978610555305109 -0.9968120070307528 1.6940879903400641e-16
    outer loop
      vertex -186.94982695539164 -169.59867104171295 4.753902750757622
      vertex -187.34772072731394 -169.56682311626503 80.49
      vertex -187.24154705607236 -169.5753213924504 4.745841504143962
    endloop
  endfacet
  facet normal 0 -1 0
    outer loop
      vertex -186.94982695539164 -169.59867104171295 4.753902750757622
      vertex -186.85 -169.59867104171295 4.748671041712963
      vertex -186.949813775407 -169.59867104171295 80.48
    endloop
  endfacet
  facet normal 0 -1 0
    outer loop
      vertex -186.85 -169.59867104171295 4.748671041712963
      vertex 186.75017304460837 -169.59867104171295 4.748671041712963
      vertex -186.9004879742648 -169.59867104171295 80.48
    endloop
  endfacet
  facet normal -0.7347741508630323 -0.678311836269654 0
    outer loop
      vertex -189.73687743786215 -168.24341568866808 4.754896394201663
      vertex -189.46615395507988 -168.53667404941552 80.48
      vertex -189.73687743786215 -168.24341568866808 80.49
    endloop
  endfacet
  facet normal -0.7347741509023783 -0.6783118362270326 3.089642470178159e-13
    outer loop
      vertex -189.73687743786215 -168.24341568866808 4.754896394201663
      vertex -189.4661182042562 -168.53671277611866 80.48
      vertex -189.46615395507988 -168.53667404941552 80.48
    endloop
  endfacet
  facet normal -0.6585113789263682 -0.7525707699774773 0
    outer loop
      vertex -189.1657173060482 -168.7995683342599 4.754718951443883
      vertex -189.1657173060482 -168.7995683342599 80.48
      vertex -189.16574241911016 -168.79954635993175 80.48
    endloop
  endfacet
  facet normal -0.6585113793049286 -0.7525707696462308 1.6715116947259057e-12
    outer loop
      vertex -189.4661182042562 -168.53671277611866 4.7548135872335315
      vertex -189.16574241911016 -168.79954635993175 80.48
      vertex -189.1657173060482 -168.7995683342599 80.49
    endloop
  endfacet
  facet normal -0.6585113790650445 -0.7525707698561334 0
    outer loop
      vertex -189.4661182042562 -168.53671277611866 4.7548135872335315
      vertex -189.1657173060482 -168.7995683342599 80.49
      vertex -189.4661182042562 -168.53671277611866 80.48
    endloop
  endfacet
  facet normal -0.8027116378732705 -0.5963673586161565 5.084169450690242e-13
    outer loop
      vertex -189.73687743786215 -168.24341568866808 4.754896394201663
      vertex -189.97489576466756 -167.92304255249277 80.48
      vertex -189.97491462261033 -167.92301716966472 80.48
    endloop
  endfacet
  facet normal -0.8027116380230427 -0.5963673584145628 0
    outer loop
      vertex -189.97492719655943 -167.92300024510448 4.754967372087381
      vertex -189.97491462261033 -167.92301716966472 80.48
      vertex -189.97492719655943 -167.92300024510448 80.49
    endloop
  endfacet
  facet normal -0.8615540813938295 -0.5076658003388002 0
    outer loop
      vertex -190.17757028146212 -167.57909688043497 4.755026520667083
      vertex -189.97492719655943 -167.92300024510448 80.49
      vertex -190.17757028146212 -167.57909688043497 80.49
    endloop
  endfacet
  facet normal -0.9106347728548982 -0.4132121857684112 0
    outer loop
      vertex -190.17757028146212 -167.57909688043497 4.755026520667083
      vertex -190.17757028146212 -167.57909688043497 80.49
      vertex -190.34251066544627 -167.21560215719808 80.49
    endloop
  endfacet
  facet normal -0.9493976084683793 -0.3140767120219548 0
    outer loop
      vertex -190.46787950805444 -166.8366346158532 4.755109329200448
      vertex -190.34251066544627 -167.21560215719808 80.49
      vertex -190.46787950805444 -166.8366346158532 80.48
    endloop
  endfacet
  facet normal -0.8027116379309625 -0.5963673585385031 0
    outer loop
      vertex -189.73687743786215 -168.24341568866808 4.754896394201663
      vertex -189.73687743786215 -168.24341568866808 80.49
      vertex -189.97489576466756 -167.92304255249277 80.48
    endloop
  endfacet
  facet normal -0.5747874102145277 -0.8183027759080842 8.326717260717402e-16
    outer loop
      vertex -189.05135154046187 -168.87990046089308 4.745162934721814
      vertex -188.83907840544902 -169.02900410458625 80.48
      vertex -188.83907840544902 -169.02900410458625 80.49
    endloop
  endfacet
  facet normal -0.4845508701825896 -0.8747630846150833 0
    outer loop
      vertex -188.83907840544902 -169.02900410458625 4.7546124871308315
      vertex -188.83903230079176 -169.0290296429888 80.48
      vertex -188.83907840544902 -169.02900410458625 80.48
    endloop
  endfacet
  facet normal -0.3888241754733104 -0.9213119778704174 0
    outer loop
      vertex -188.4899024517207 -169.22242048814206 4.754494194629794
      vertex -188.1221457479426 -169.37762600001636 80.49
      vertex -188.4899024517207 -169.22242048814206 80.49
    endloop
  endfacet
  facet normal -0.4845508703326917 -0.8747630845319383 0
    outer loop
      vertex -188.4899024517207 -169.22242048814206 4.754494194629794
      vertex -188.4899024517207 -169.22242048814206 80.49
      vertex -188.83903230079176 -169.0290296429888 80.48
    endloop
  endfacet
  facet normal -0.5747874102143825 -0.8183027759081862 0
    outer loop
      vertex -189.1657173060482 -168.7995683342599 4.754718951443883
      vertex -188.83907840544902 -169.02900410458625 80.49
      vertex -189.1657173060482 -168.7995683342599 80.48
    endloop
  endfacet
  facet normal -0.28869194733965514 -0.9574220383619951 0
    outer loop
      vertex -187.73997512451666 -169.49286209974267 4.754222126591584
      vertex -187.73997512451666 -169.49286209974267 80.49
      vertex -188.1221457479426 -169.37762600001636 80.49
    endloop
  endfacet
  facet normal -0.9774033898178678 -0.2113826236296191 0
    outer loop
      vertex -190.46787950805444 -166.8366346158532 4.755109329200448
      vertex -190.46787950805444 -166.8366346158532 80.48
      vertex -190.55225633020504 -166.44648811007153 80.49
    endloop
  endfacet
  facet normal -0.9943348002101432 -0.10629348564730862 0
    outer loop
      vertex -190.55225633020504 -166.44648811007153 4.755132988893198
      vertex -190.55225633020504 -166.44648811007153 80.49
      vertex -190.59467950650975 -166.04963556282146 80.48
    endloop
  endfacet
  facet normal -0.9943348002292193 -0.10629348546886005 -9.467911518619598e-13
    outer loop
      vertex -190.55225633020504 -166.44648811007153 4.755132988893198
      vertex -190.59467950650975 -166.04963556282146 80.48
      vertex -190.59468240130522 -166.04960848311978 80.48
    endloop
  endfacet
  facet normal -0.9943348001557504 -0.10629348615613243 0
    outer loop
      vertex -190.59468510878784 -166.04958315565815 4.755144818758197
      vertex -190.59468240130522 -166.04960848311978 80.48
      vertex -190.59468510878784 -166.04958315565815 80.48047298658403
    endloop
  endfacet
  facet normal -1 0 0
    outer loop
      vertex -190.59468510878784 -165.85 4.744685108787858
      vertex -190.59468510878784 -166.04958315565815 80.48047298658403
      vertex -190.59468510878784 -166.04958315565815 80.49
    endloop
  endfacet
  facet normal -0.1852887240871073 -0.9826841245925223 0
    outer loop
      vertex -187.34772072731394 -169.56682311626503 4.754068351911499
      vertex -187.34772072731394 -169.56682311626503 80.49
      vertex -187.73997512451666 -169.49286209974267 80.49
    endloop
  endfacet
  facet normal 0 -1 0
    outer loop
      vertex -186.94982695539164 -169.59867104171295 4.753902750757622
      vertex -186.949813775407 -169.59867104171295 80.48
      vertex -186.94982695539164 -169.59867104171295 80.49
    endloop
  endfacet
  facet normal 0 -1 0
    outer loop
      vertex -186.85 -169.59867104171295 4.748671041712963
      vertex -186.9004879742648 -169.59867104171295 80.48
      vertex -186.949813775407 -169.59867104171295 80.48
    endloop
  endfacet
  facet normal -0.0797861055530831 -0.9968120070307501 0
    outer loop
      vertex -186.94982695539164 -169.59867104171295 4.753902750757622
      vertex -186.94982695539164 -169.59867104171295 80.49
      vertex -187.34772072731394 -169.56682311626503 80.49
    endloop
  endfacet
  facet normal -0.7347741508630377 -0.6783118362696483 -3.088927051748919e-13
    outer loop
      vertex -189.46615395507988 -168.53667404941552 80.48
      vertex -189.4661182042562 -168.53671277611866 80.49
      vertex -189.73687743786215 -168.24341568866808 80.49
    endloop
  endfacet
  facet normal -0.6585113790650445 -0.7525707698561334 -1.6611583542885802e-15
    outer loop
      vertex -189.1657173060482 -168.7995683342599 80.49
      vertex -189.4661182042562 -168.53671277611866 80.49
      vertex -189.4661182042562 -168.53671277611866 80.48
    endloop
  endfacet
  facet normal -0.8027116379309628 -0.5963673585385026 2.1204103290124613e-14
    outer loop
      vertex -189.97489576466756 -167.92304255249277 80.48
      vertex -189.73687743786215 -168.24341568866808 80.49
      vertex -189.97492719655943 -167.92300024510448 80.49
    endloop
  endfacet
  facet normal -0.9493976084683793 -0.3140767120219548 -8.73012764894105e-17
    outer loop
      vertex -190.34251066544627 -167.21560215719808 80.49
      vertex -190.46787950805444 -166.8366346158532 80.49
      vertex -190.46787950805444 -166.8366346158532 80.48
    endloop
  endfacet
  facet normal -0.48455087033267186 -0.8747630845319492 -9.042605172530598e-13
    outer loop
      vertex -188.83907840544902 -169.02900410458625 80.49
      vertex -188.83903230079176 -169.0290296429888 80.48
      vertex -188.4899024517207 -169.22242048814206 80.49
    endloop
  endfacet
  facet normal -0.5747874102143825 -0.8183027759081863 0
    outer loop
      vertex -189.1657173060482 -168.7995683342599 80.48
      vertex -188.83907840544902 -169.02900410458625 80.49
      vertex -189.1657173060482 -168.7995683342599 80.49
    endloop
  endfacet
  facet normal -0.9774033898178737 -0.21138262362959126 -1.1363997554853668e-12
    outer loop
      vertex -190.46810391449634 -166.8355969921676 80.49
      vertex -190.55225633020504 -166.44648811007153 80.49
      vertex -190.46787950805444 -166.8366346158532 80.48
    endloop
  endfacet
  facet normal -0.9943348001557504 -0.10629348615613243 0
    outer loop
      vertex -190.59468510878784 -166.04958315565815 80.48047298658403
      vertex -190.59468240130522 -166.04960848311978 80.48
      vertex -190.59468510878784 -166.04958315565815 80.49
    endloop
  endfacet
  facet normal -0.994334800210141 -0.1062934856473289 -8.143567099685052e-13
    outer loop
      vertex -190.55225633020504 -166.44648811007153 80.49
      vertex -190.59468510878784 -166.04958315565815 80.49
      vertex -190.59467950650975 -166.04963556282146 80.48
    endloop
  endfacet
  facet normal -1 0 0
    outer loop
      vertex -190.59468510878784 -165.85 4.744685108787858
      vertex -190.59468510878784 -166.04958315565815 80.49
      vertex -190.59468510878784 166.04958315565815 80.49
    endloop
  endfacet
  facet normal 0 -1 0
    outer loop
      vertex -186.9004879742648 -169.59867104171295 80.48
      vertex 186.75017304460837 -169.59867104171295 80.49
      vertex -186.94982695539164 -169.59867104171295 80.49
    endloop
  endfacet
  facet normal -1 0 0
    outer loop
      vertex -190.59468510878784 -165.85 4.744685108787858
      vertex -190.59468510878784 166.04958315565815 80.49
      vertex -190.59468510878784 165.85 4.744685108787858
    endloop
  endfacet
  facet normal -1 0 0
    outer loop
      vertex -190.59468510878784 165.85 4.744685108787858
      vertex -190.59468510878784 166.04958315565815 80.49
      vertex -190.59468510878784 166.04958315565815 4.755144818758197
    endloop
  endfacet
  facet normal -0.994334800210143 0.10629348564731027 3.5653413854122254e-18
    outer loop
      vertex -190.59468510878784 166.04958315565815 4.755144818758197
      vertex -190.5522592242282 166.44646103759456 80.48
      vertex -190.57417719810277 166.24142679640042 4.744691007253994
    endloop
  endfacet
  facet normal -0.9943348002101408 0.10629348564733176 -5.528805812724378e-17
    outer loop
      vertex -190.57417719810277 166.24142679640042 4.744691007253994
      vertex -190.5522592242282 166.44646103759456 80.48
      vertex -190.55225633020504 166.44648811007156 4.755132988893207
    endloop
  endfacet
  facet normal -0.9774033898178708 0.2113826236296059 -1.252662457734638e-16
    outer loop
      vertex -190.46787950805444 166.83663461585323 4.755109329200461
      vertex -190.51287783303735 166.62856871800776 4.744708702745358
      vertex -190.46788544879666 166.83660714670046 80.48
    endloop
  endfacet
  facet normal -0.9774033898178645 0.2113826236296342 -2.068491038772704e-16
    outer loop
      vertex -190.55225633020504 166.44648811007156 4.755132988893207
      vertex -190.46788544879666 166.83660714670046 80.48
      vertex -190.51287783303735 166.62856871800776 4.744708702745358
    endloop
  endfacet
  facet normal -0.9493976084683708 0.3140767120219805 0
    outer loop
      vertex -190.46787950805444 166.83663461585323 4.755109329200461
      vertex -190.46787950805444 166.83663461585323 80.48
      vertex -190.41145766268824 167.00718774190702 4.744738195540623
    endloop
  endfacet
  facet normal -0.9106347728548921 0.41321218576842456 -4.8617378600289835e-17
    outer loop
      vertex -190.34251066544627 167.2156021571981 4.755073839754491
      vertex -190.34250122796948 167.21562295545826 80.48
      vertex -190.2710262894038 167.37313903723722 4.744779486104349
    endloop
  endfacet
  facet normal -0.9493976084683863 0.3140767120219339 -1.164338930347346e-16
    outer loop
      vertex -190.34251066544627 167.2156021571981 4.755073839754491
      vertex -190.41145766268824 167.00718774190702 4.744738195540623
      vertex -190.46787950805444 166.83663461585323 80.49
    endloop
  endfacet
  facet normal -0.91063477285486 0.41321218576849555 1.2924277709134096e-16
    outer loop
      vertex -190.2710262894038 167.37313903723722 4.744779486104349
      vertex -190.34250122796948 167.21562295545826 80.48
      vertex -190.17757028146212 167.57909688043495 4.7550265206670765
    endloop
  endfacet
  facet normal -0.8615540813938877 0.5076658003387016 0
    outer loop
      vertex -189.97492719655943 167.92300024510448 4.7549673720874095
      vertex -190.09312014294485 167.72241628754344 4.744832575087048
      vertex -189.97492719655943 167.92300024510448 80.49
    endloop
  endfacet
  facet normal -0.8615540813937924 0.5076658003388634 -5.769952323507062e-16
    outer loop
      vertex -190.17757028146212 167.57909688043495 4.7550265206670765
      vertex -189.97492719655943 167.92300024510448 80.49
      vertex -190.09312014294485 167.72241628754344 4.744832575087048
    endloop
  endfacet
  facet normal -0.8027116379310536 0.5963673585383803 8.031755255819534e-16
    outer loop
      vertex -189.97492719655943 167.92300024510448 4.7549673720874095
      vertex -189.73687743786215 168.24341568866808 80.49
      vertex -189.87968569002152 168.05119550028988 4.744897463324942
    endloop
  endfacet
  facet normal -0.8027116379309021 0.5963673585385842 -9.207341705473289e-20
    outer loop
      vertex -189.87968569002152 168.05119550028988 4.744897463324942
      vertex -189.73687743786215 168.24341568866808 80.49
      vertex -189.73687743786215 168.24341568866808 4.754896394201685
    endloop
  endfacet
  facet normal -0.7347741508630599 0.6783118362696242 1.380771022172042e-16
    outer loop
      vertex -189.6330581624867 168.35587682501907 4.744974151840275
      vertex -189.46614024398176 168.5366889018181 80.48
      vertex -189.4661182042562 168.53671277611866 4.754813587233553
    endloop
  endfacet
  facet normal -0.7347741508630018 0.678311836269687 -1.4054588912644488e-16
    outer loop
      vertex -189.73687743786215 168.24341568866808 4.754896394201685
      vertex -189.46614024398176 168.5366889018181 80.48
      vertex -189.6330581624867 168.35587682501907 4.744974151840275
    endloop
  endfacet
  facet normal -0.6585113790650764 0.7525707698561054 0
    outer loop
      vertex -189.4661182042562 168.53671277611866 4.754813587233553
      vertex -189.4661182042562 168.53671277611866 80.48
      vertex -189.35593603638708 168.63312392337295 4.745062641841163
    endloop
  endfacet
  facet normal -0.6585113790650897 0.7525707698560938 0
    outer loop
      vertex -189.1657173060482 168.79956833425993 4.75471895144391
      vertex -189.35593603638708 168.63312392337295 4.745062641841163
      vertex -189.1657173060482 168.79956833425993 80.49
    endloop
  endfacet
  facet normal -0.5747874102142304 0.8183027759082931 -3.6578436365434983e-16
    outer loop
      vertex -189.1657173060482 168.79956833425993 4.75471895144391
      vertex -188.83907840544902 169.02900410458622 80.49
      vertex -189.0513515404619 168.87990046089308 4.745162934721826
    endloop
  endfacet
  facet normal -0.5747874102143177 0.8183027759082315 -1.8904942699699263e-20
    outer loop
      vertex -189.0513515404619 168.87990046089308 4.745162934721826
      vertex -188.83907840544902 169.02900410458622 80.49
      vertex -188.83907840544902 169.02900410458622 4.754612487130786
    endloop
  endfacet
  facet normal -0.4845508703326741 0.874763084531948 0
    outer loop
      vertex -188.4899024517207 169.22242048814203 4.754494194629768
      vertex -188.7226375160312 169.09350332192562 4.7452750320623895
      vertex -188.4899024517207 169.22242048814203 80.49
    endloop
  endfacet
  facet normal -0.48455087033266736 0.8747630845319517 -2.715572257394958e-17
    outer loop
      vertex -188.83907840544902 169.02900410458622 4.754612487130786
      vertex -188.4899024517207 169.22242048814203 80.49
      vertex -188.7226375160312 169.09350332192562 4.7452750320623895
    endloop
  endfacet
  facet normal -0.3888241754732833 0.9213119778704288 -8.111397706182748e-20
    outer loop
      vertex -188.37339099005754 169.27159218470362 4.745398935629339
      vertex -188.1221457479426 169.37762600001636 80.49
      vertex -188.1221457479426 169.37762600001636 4.754364074313429
    endloop
  endfacet
  facet normal -0.38882417547355963 0.921311977870312 1.0801784260239918e-15
    outer loop
      vertex -188.4899024517207 169.22242048814203 4.754494194629768
      vertex -188.1221457479426 169.37762600001636 80.49
      vertex -188.37339099005754 169.27159218470362 4.745398935629339
    endloop
  endfacet
  facet normal -0.2886919473398044 0.9574220383619501 0
    outer loop
      vertex -188.1221457479426 169.37762600001636 4.754364074313429
      vertex -188.1221457479426 169.37762600001636 80.49
      vertex -188.00743385905906 169.41221513339528 4.745534647375069
    endloop
  endfacet
  facet normal -0.2886919473395912 0.9574220383620146 -2.3548771602276525e-20
    outer loop
      vertex -188.00743385905906 169.41221513339528 4.745534647375069
      vertex -187.73997512451666 169.49286209974267 80.49
      vertex -187.73997512451666 169.49286209974267 4.754222126591589
    endloop
  endfacet
  facet normal -0.18528872408723143 0.9826841245924989 4.5595051649420954e-17
    outer loop
      vertex -187.62877111311383 169.51383002714735 4.745682169438195
      vertex -187.34775783245843 169.5668161199529 80.48
      vertex -187.34772072731394 169.56682311626506 4.754068351911529
    endloop
  endfacet
  facet normal -0.18528872408703634 0.9826841245925357 -7.040624164884547e-16
    outer loop
      vertex -187.73997512451666 169.49286209974267 4.754222126591589
      vertex -187.34775783245843 169.5668161199529 80.48
      vertex -187.62877111311383 169.51383002714735 4.745682169438195
    endloop
  endfacet
  facet normal -0.07978610555317113 0.9968120070307432 0
    outer loop
      vertex -187.34772072731394 169.56682311626506 4.754068351911529
      vertex -187.34772072731394 169.56682311626506 80.48
      vertex -187.24154705607236 169.57532139245043 4.745841504143973
    endloop
  endfacet
  facet normal 0 1 0
    outer loop
      vertex -186.94982695539164 169.59867104171295 4.753902750757614
      vertex -186.94982695539164 169.59867104171295 80.48
      vertex -186.85 169.59867104171295 4.7486710417129565
    endloop
  endfacet
  facet normal -0.07978610555295455 0.9968120070307604 -1.1063158888766538e-16
    outer loop
      vertex -186.94982695539164 169.59867104171295 4.753902750757614
      vertex -187.24154705607236 169.57532139245043 4.745841504143973
      vertex -186.94986546926603 169.59866795901328 80.48
    endloop
  endfacet
  facet normal -0.9943348002101418 0.10629348564732136 0
    outer loop
      vertex -190.59468510878784 166.04958315565815 4.755144818758197
      vertex -190.59468510878784 166.04958315565815 80.49
      vertex -190.55225633020504 166.44648811007156 80.49
    endloop
  endfacet
  facet normal -0.9943348002276231 0.106293485483791 8.667798933658918e-13
    outer loop
      vertex -190.59468510878784 166.04958315565815 4.755144818758197
      vertex -190.55225633020504 166.44648811007156 80.49
      vertex -190.5522592242282 166.44646103759456 80.48
    endloop
  endfacet
  facet normal -0.994334800193797 0.10629348580022126 0
    outer loop
      vertex -190.55225633020504 166.44648811007156 4.755132988893207
      vertex -190.5522592242282 166.44646103759456 80.48
      vertex -190.55225633020504 166.44648811007156 80.48
    endloop
  endfacet
  facet normal -0.9774033898178678 0.21138262362961907 0
    outer loop
      vertex -190.55225633020504 166.44648811007156 4.755132988893207
      vertex -190.55225633020504 166.44648811007156 80.48
      vertex -190.46787950805444 166.83663461585323 80.49
    endloop
  endfacet
  facet normal -0.9774033897465244 0.2113826239595004 0
    outer loop
      vertex -190.46787950805444 166.83663461585323 4.755109329200461
      vertex -190.46788544879666 166.83660714670046 80.48
      vertex -190.46787950805444 166.83663461585323 80.48
    endloop
  endfacet
  facet normal -0.9774033898993205 0.21138262325299303 2.032229613107571e-12
    outer loop
      vertex -190.55225633020504 166.44648811007156 4.755132988893207
      vertex -190.46787950805444 166.83663461585323 80.49
      vertex -190.46788544879666 166.83660714670046 80.48
    endloop
  endfacet
  facet normal -0.9493976084683146 0.31407671202215054 -3.2684956471951065e-16
    outer loop
      vertex -190.41145766268824 167.00718774190702 4.744738195540623
      vertex -190.46787950805444 166.83663461585323 80.48
      vertex -190.46787950805444 166.83663461585323 80.49
    endloop
  endfacet
  facet normal -0.9106347729214993 0.41321218562163614 0
    outer loop
      vertex -190.34251066544627 167.2156021571981 4.755073839754491
      vertex -190.34251066544627 167.2156021571981 80.49
      vertex -190.34250122796948 167.21562295545826 80.48
    endloop
  endfacet
  facet normal -0.9493976084683793 0.31407671202195486 0
    outer loop
      vertex -190.34251066544627 167.2156021571981 4.755073839754491
      vertex -190.46787950805444 166.83663461585323 80.49
      vertex -190.34251066544627 167.2156021571981 80.49
    endloop
  endfacet
  facet normal -0.91063477285487 0.41321218576847313 0
    outer loop
      vertex -190.17757028146212 167.57909688043495 4.7550265206670765
      vertex -190.34250122796948 167.21562295545826 80.48
      vertex -190.17757028146212 167.57909688043495 80.48
    endloop
  endfacet
  facet normal -0.8615540813938479 0.5076658003387691 0
    outer loop
      vertex -190.17757028146212 167.57909688043495 4.7550265206670765
      vertex -190.17757028146212 167.57909688043495 80.48
      vertex -189.97492719655943 167.92300024510448 80.49
    endloop
  endfacet
  facet normal -0.8027116379309628 0.5963673585385026 0
    outer loop
      vertex -189.97492719655943 167.92300024510448 4.7549673720874095
      vertex -189.97492719655943 167.92300024510448 80.49
      vertex -189.73687743786215 168.24341568866808 80.49
    endloop
  endfacet
  facet normal -0.7347741505120203 0.678311836649884 -2.7277169771935003e-12
    outer loop
      vertex -189.73687743786215 168.24341568866808 4.754896394201685
      vertex -189.4661182042562 168.53671277611866 80.49
      vertex -189.46614024398176 168.5366889018181 80.48
    endloop
  endfacet
  facet normal -0.7347741508630375 0.6783118362696482 0
    outer loop
      vertex -189.73687743786215 168.24341568866808 4.754896394201685
      vertex -189.73687743786215 168.24341568866808 80.49
      vertex -189.4661182042562 168.53671277611866 80.49
    endloop
  endfacet
  facet normal -0.7347741510812786 0.6783118360332409 0
    outer loop
      vertex -189.4661182042562 168.53671277611866 4.754813587233553
      vertex -189.46614024398176 168.5366889018181 80.48
      vertex -189.4661182042562 168.53671277611866 80.48
    endloop
  endfacet
  facet normal -0.6585113790649015 0.7525707698562586 1.8285461980320022e-17
    outer loop
      vertex -189.35593603638708 168.63312392337295 4.745062641841163
      vertex -189.4661182042562 168.53671277611866 80.48
      vertex -189.4661182042562 168.53671277611866 80.49
    endloop
  endfacet
  facet normal -0.6585113790650848 0.752570769856098 -2.1631052576536063e-17
    outer loop
      vertex -189.35593603638708 168.63312392337295 4.745062641841163
      vertex -189.4661182042562 168.53671277611866 80.49
      vertex -189.1657173060482 168.79956833425993 80.49
    endloop
  endfacet
  facet normal -0.5747874102142871 0.8183027759082532 0
    outer loop
      vertex -189.1657173060482 168.79956833425993 4.75471895144391
      vertex -189.1657173060482 168.79956833425993 80.49
      vertex -188.83907840544902 169.02900410458622 80.49
    endloop
  endfacet
  facet normal -0.48455087033267186 0.8747630845319492 0
    outer loop
      vertex -188.83907840544902 169.02900410458622 4.754612487130786
      vertex -188.83907840544902 169.02900410458622 80.49
      vertex -188.4899024517207 169.22242048814203 80.49
    endloop
  endfacet
  facet normal -0.3888241754733709 0.9213119778703919 0
    outer loop
      vertex -188.4899024517207 169.22242048814203 4.754494194629768
      vertex -188.4899024517207 169.22242048814203 80.49
      vertex -188.1221457479426 169.37762600001636 80.49
    endloop
  endfacet
  facet normal -0.28869194733965514 0.9574220383619951 2.4654351185749786e-16
    outer loop
      vertex -188.00743385905906 169.41221513339528 4.745534647375069
      vertex -188.1221457479426 169.37762600001636 80.49
      vertex -187.73997512451666 169.49286209974267 80.49
    endloop
  endfacet
  facet normal -0.18528872417708545 0.9826841245755565 0
    outer loop
      vertex -187.34772072731394 169.56682311626506 4.754068351911529
      vertex -187.34775783245843 169.5668161199529 80.48
      vertex -187.34772072731394 169.56682311626506 80.48
    endloop
  endfacet
  facet normal -0.1852887238599349 0.9826841246353565 -1.2194512072738579e-12
    outer loop
      vertex -187.73997512451666 169.49286209974267 4.754222126591589
      vertex -187.34772072731394 169.56682311626506 80.49
      vertex -187.34775783245843 169.5668161199529 80.48
    endloop
  endfacet
  facet normal -0.07978610555307439 0.9968120070307509 2.491802218748811e-17
    outer loop
      vertex -187.24154705607236 169.57532139245043 4.745841504143973
      vertex -187.34772072731394 169.56682311626506 80.48
      vertex -187.34772072731394 169.56682311626506 80.49
    endloop
  endfacet
  facet normal -0.1852887240871761 0.9826841245925093 0
    outer loop
      vertex -187.73997512451666 169.49286209974267 4.754222126591589
      vertex -187.73997512451666 169.49286209974267 80.49
      vertex -187.34772072731394 169.56682311626506 80.49
    endloop
  endfacet
  facet normal 0 1 0
    outer loop
      vertex -186.85 169.59867104171295 4.7486710417129565
      vertex -186.94982695539164 169.59867104171295 80.48
      vertex -186.94982695539164 169.59867104171295 80.49
    endloop
  endfacet
  facet normal -0.07978610533681511 0.9968120070480605 0
    outer loop
      vertex -186.94982695539164 169.59867104171295 4.753902750757614
      vertex -186.94986546926603 169.59866795901328 80.48
      vertex -186.94982695539164 169.59867104171295 80.48
    endloop
  endfacet
  facet normal -0.07978610555303328 0.9968120070307541 1.944772628687159e-16
    outer loop
      vertex -187.24154705607236 169.57532139245043 4.745841504143973
      vertex -187.34772072731394 169.56682311626506 80.49
      vertex -186.94986546926603 169.59866795901328 80.48
    endloop
  endfacet
  facet normal -0.9774033898178678 0.21138262362961913 0
    outer loop
      vertex -190.55225633020504 166.44648811007156 80.49
      vertex -190.46787950805444 166.83663461585323 80.49
      vertex -190.55225633020504 166.44648811007156 80.48
    endloop
  endfacet
  facet normal -0.9106347728510058 0.41321218577698954 0
    outer loop
      vertex -190.17757028146212 167.57909688043495 80.49
      vertex -190.17757028146212 167.57909688043495 80.48047298588017
      vertex -190.17800895269613 167.57813013914975 80.49
    endloop
  endfacet
  facet normal -0.8615540813938479 0.5076658003387691 0
    outer loop
      vertex -190.17757028146212 167.57909688043495 80.49
      vertex -189.97492719655943 167.92300024510448 80.49
      vertex -190.17757028146212 167.57909688043495 80.48047298588017
    endloop
  endfacet
  facet normal -0.8615540813938479 0.5076658003387691 0
    outer loop
      vertex -190.17757028146212 167.57909688043495 80.48
      vertex -190.17757028146212 167.57909688043495 80.48047298588017
      vertex -189.97492719655943 167.92300024510448 80.49
    endloop
  endfacet
  facet normal -0.07978610555301235 0.9968120070307558 8.37891423590277e-13
    outer loop
      vertex -187.34772072731394 169.56682311626506 80.49
      vertex -186.94982695539164 169.59867104171295 80.49
      vertex -186.94986546926603 169.59866795901328 80.48
    endloop
  endfacet
  facet normal 0 1 0
    outer loop
      vertex -186.85 169.59867104171295 4.7486710417129565
      vertex -186.94982695539164 169.59867104171295 80.49
      vertex 186.75017304460837 169.59867104171295 80.49
    endloop
  endfacet
  facet normal 0.02662052143791833 -0.9996456111234487 1.411971784692059e-16
    outer loop
      vertex 186.75017304460837 -169.59867104171295 4.748671041712963
      vertex 186.85 -169.59601265400383 4.746012654003858
      vertex 186.75018622413043 -169.5986706907428 80.48
    endloop
  endfacet
  facet normal 0.026620521437747607 -0.9996456111234534 1.2546260128338893e-16
    outer loop
      vertex 186.85 -169.59601265400383 4.746012654003858
      vertex 187.14919789582407 -169.5880450263653 4.7537253236516115
      vertex 187.1491583946166 -169.58804607828083 80.48
    endloop
  endfacet
  facet normal 0.13272552728358897 -0.991152831004025 0
    outer loop
      vertex 187.14919789582407 -169.5880450263653 4.7537253236516115
      vertex 187.24158407143793 -169.5756735701292 4.74619562171586
      vertex 187.14919789582407 -169.5880450263653 80.49
    endloop
  endfacet
  facet normal 0.13272552728376436 -0.9911528310040016 2.1777456727061648e-16
    outer loop
      vertex 187.24158407143793 -169.5756735701292 4.74619562171586
      vertex 187.54483271532663 -169.53506546722195 4.753536071152456
      vertex 187.14919789582407 -169.5880450263653 80.49
    endloop
  endfacet
  facet normal 0.23732669987105903 -0.9714298932647236 0
    outer loop
      vertex 187.9325948025236 -169.44033264385752 4.753334993856337
      vertex 187.9325948025236 -169.44033264385752 80.48
      vertex 187.62891836464073 -169.5145227911147 4.746390410164681
    endloop
  endfacet
  facet normal 0.33923886611784804 -0.940700266671099 0
    outer loop
      vertex 187.9325948025236 -169.44033264385752 4.753334993856337
      vertex 188.00776215100288 -169.41322551210615 4.74659702242168
      vertex 187.9325948025236 -169.44033264385752 80.48
    endloop
  endfacet
  facet normal 0.23732669987121302 -0.971429893264686 -6.542676085609893e-16
    outer loop
      vertex 187.54483271532663 -169.53506546722195 4.753536071152456
      vertex 187.62891836464073 -169.5145227911147 4.746390410164681
      vertex 187.9325948025236 -169.44033264385752 80.48
    endloop
  endfacet
  facet normal 0.3392388661180872 -0.9407002666710128 2.6820674094444224e-16
    outer loop
      vertex 188.30809065802495 -169.30491991701405 4.753122092396694
      vertex 187.9325948025236 -169.44033264385752 80.49
      vertex 188.00776215100288 -169.41322551210615 4.74659702242168
    endloop
  endfacet
  facet normal 0.43730732045883514 -0.899312130171229 1.0589064744914368e-19
    outer loop
      vertex 188.3739671431347 -169.27288624570227 4.746815461745087
      vertex 188.66706576374744 -169.13036156699485 4.752897367444278
      vertex 188.66706576374744 -169.13036156699485 80.49
    endloop
  endfacet
  facet normal 0.5304209081197775 -0.847734427889649 0
    outer loop
      vertex 188.66706576374744 -169.13036156699485 4.752897367444278
      vertex 188.72352286579004 -169.09503679269048 4.74704573158019
      vertex 188.66706576374744 -169.13036156699485 80.49
    endloop
  endfacet
  facet normal 0.4373073204589399 -0.8993121301711781 -5.014179986478748e-16
    outer loop
      vertex 188.30809065802495 -169.30491991701405 4.753122092396694
      vertex 188.3739671431347 -169.27288624570227 4.746815461745087
      vertex 188.66706576374744 -169.13036156699485 80.49
    endloop
  endfacet
  facet normal 0.5304209081198176 -0.8477344278896239 4.1576917859189573e-17
    outer loop
      vertex 188.72352286579004 -169.09503679269048 4.74704573158019
      vertex 189.00545278830398 -168.91863540965562 4.752660819706959
      vertex 188.66706576374744 -169.13036156699485 80.49
    endloop
  endfacet
  facet normal 0.6175246149461716 -0.7865515558026585 -1.4184595497839022e-20
    outer loop
      vertex 189.05260052583665 -168.88161954178193 4.747287835559225
      vertex 189.31941767149388 -168.6721403869605 4.752412449930047
      vertex 189.31941767149388 -168.6721403869605 80.48
    endloop
  endfacet
  facet normal 0.6976315211351464 -0.7164567402981576 3.122359680590606e-16
    outer loop
      vertex 189.31941767149388 -168.6721403869605 4.752412449930047
      vertex 189.35759490193496 -168.63496628021088 4.747541777501911
      vertex 189.31945543139895 -168.6721036192137 80.48
    endloop
  endfacet
  facet normal 0.6175246149460836 -0.7865515558027275 5.009930486578268e-16
    outer loop
      vertex 189.00545278830398 -168.91863540965562 4.752660819706959
      vertex 189.05260052583665 -168.88161954178193 4.747287835559225
      vertex 189.31941767149388 -168.6721403869605 80.49
    endloop
  endfacet
  facet normal 0.6976315211349166 -0.7164567402983816 8.669127304172439e-17
    outer loop
      vertex 189.35759490193496 -168.63496628021088 4.747541777501911
      vertex 189.6054030657365 -168.39366938601106 4.752152258895916
      vertex 189.31945543139895 -168.6721036192137 80.48
    endloop
  endfacet
  facet normal 0.7698339834300171 -0.6382441836446865 0
    outer loop
      vertex 189.6054030657365 -168.39366938601106 4.752152258895916
      vertex 189.6351637961507 -168.35777274608603 4.747807561415158
      vertex 189.6054030657365 -168.39366938601106 80.49
    endloop
  endfacet
  facet normal 0.7698339834298918 -0.6382441836448375 -9.516840229311358e-20
    outer loop
      vertex 189.6351637961507 -168.35777274608603 4.747807561415158
      vertex 189.86016864224112 -168.08637759451938 4.751880247424244
      vertex 189.86016864224112 -168.08637759451938 80.49
    endloop
  endfacet
  facet normal 0.8333139190825827 -0.5528000653610913 1.863694061647174e-16
    outer loop
      vertex 189.88226461628332 -168.0530691998957 4.748085191493516
      vertex 190.08082780522673 -167.75374675127065 4.7515964163719016
      vertex 189.86016864224112 -168.08637759451938 80.49
    endloop
  endfacet
  facet normal 0.8333139190823876 -0.5528000653613856 0
    outer loop
      vertex 189.86016864224112 -168.08637759451938 4.751880247424244
      vertex 189.88226461628332 -168.0530691998957 4.748085191493516
      vertex 189.86016864224112 -168.08637759451938 80.49
    endloop
  endfacet
  facet normal 0.8873520750563425 -0.46109250144976693 0
    outer loop
      vertex 190.08082780522673 -167.75374675127065 4.7515964163719016
      vertex 190.09618768895743 -167.7241873360596 4.748374672119197
      vertex 190.08082780522673 -167.75374675127065 80.48
    endloop
  endfacet
  facet normal 0.887352075056564 -0.4610925014493404 -3.390644626635767e-20
    outer loop
      vertex 190.09618768895743 -167.7241873360596 4.748374672119197
      vertex 190.26488039820592 -167.3995456966314 4.7513007666332285
      vertex 190.26488039820592 -167.3995456966314 80.48
    endloop
  endfacet
  facet normal 0.9313361774525407 -0.3641605752523054 -2.2346540360955462e-18
    outer loop
      vertex 190.26488039820592 -167.3995456966314 4.7513007666332285
      vertex 190.2745859391566 -167.3747238954168 4.748676007862546
      vertex 190.2648995905138 -167.39949661254082 80.48
    endloop
  endfacet
  facet normal 0.9313361774523092 -0.36416057525289697 -2.253789138955195e-16
    outer loop
      vertex 190.2745859391566 -167.3747238954168 4.748676007862546
      vertex 190.41024103175644 -167.0277876700823 4.750993299139494
      vertex 190.2648995905138 -167.39949661254082 80.48
    endloop
  endfacet
  facet normal 0.987268354721634 -0.15906349601727537 8.02708378224861e-17
    outer loop
      vertex 190.51526271181697 -166.64268483861107 4.750674014859182
      vertex 190.51738275165306 -166.6295262680193 4.749314263922768
      vertex 190.51527109484792 -166.64263280718097 80.48
    endloop
  endfacet
  facet normal 0.964767868814526 -0.2631025642274845 -2.381530691911854e-20
    outer loop
      vertex 190.4155006114913 -167.00850137560403 4.748989203481628
      vertex 190.51526271181697 -166.64268483861107 4.750674014859182
      vertex 190.51526271181697 -166.64268483861107 80.48
    endloop
  endfacet
  facet normal 0.964767868814813 -0.263102564226432 -5.462096094548085e-15
    outer loop
      vertex 190.41024103175644 -167.0277876700823 4.750993299139494
      vertex 190.4155006114913 -167.00850137560403 4.748989203481628
      vertex 190.51526271181697 -166.64268483861107 80.48
    endloop
  endfacet
  facet normal 0.9872683547213097 -0.1590634960192883 -2.771391762748804e-16
    outer loop
      vertex 190.51738275165306 -166.6295262680193 4.749314263922768
      vertex 190.57875550078805 -166.2486005711776 4.750342914798385
      vertex 190.51527109484792 -166.64263280718097 80.48
    endloop
  endfacet
  facet normal 0.9985826956767656 -0.05322217484211027 2.1826616455190583e-20
    outer loop
      vertex 190.57911021274614 -166.2419452771321 4.7496511943211095
      vertex 190.6 -165.85 4.7500000000000036
      vertex 190.6 -165.85 80.48
    endloop
  endfacet
  facet normal 0.9985826956768613 -0.05322217484031201 -9.333405095605968e-15
    outer loop
      vertex 190.57875550078805 -166.2486005711776 4.750342914798385
      vertex 190.57911021274614 -166.2419452771321 4.7496511943211095
      vertex 190.6 -165.85 80.48
    endloop
  endfacet
  facet normal 1 0 0
    outer loop
      vertex 190.6 -165.85 4.7500000000000036
      vertex 190.6 165.85 4.750000000000015
      vertex 190.6 -165.85 80.48
    endloop
  endfacet
  facet normal 0 -1 0
    outer loop
      vertex -186.9004879742648 -169.59867104171295 80.48
      vertex 186.75017304460837 -169.59867104171295 4.748671041712963
      vertex 186.75017304460837 -169.59867104171295 80.49
    endloop
  endfacet
  facet normal 0.026620522248681597 -0.9996456111018581 0
    outer loop
      vertex 186.75017304460837 -169.59867104171295 4.748671041712963
      vertex 186.75018622413043 -169.5986706907428 80.48
      vertex 186.75017304460837 -169.59867104171295 80.49
    endloop
  endfacet
  facet normal 0.026620521197416366 -0.9996456111298533 0
    outer loop
      vertex 187.14919789582407 -169.5880450263653 4.7537253236516115
      vertex 187.14919789582407 -169.5880450263653 80.49
      vertex 187.1491583946166 -169.58804607828083 80.48
    endloop
  endfacet
  facet normal 0.026620521437787325 -0.9996456111234522 -3.158256448913667e-17
    outer loop
      vertex 186.85 -169.59601265400383 4.746012654003858
      vertex 187.1491583946166 -169.58804607828083 80.48
      vertex 186.75018622413043 -169.5986706907428 80.48
    endloop
  endfacet
  facet normal 0.13272552728372342 -0.9911528310040071 0
    outer loop
      vertex 187.54483271532663 -169.53506546722195 4.753536071152456
      vertex 187.54483271532663 -169.53506546722195 80.49
      vertex 187.14919789582407 -169.5880450263653 80.49
    endloop
  endfacet
  facet normal 0.3392388661180843 -0.9407002666710137 3.520268289892546e-17
    outer loop
      vertex 188.00776215100288 -169.41322551210615 4.74659702242168
      vertex 187.9325948025236 -169.44033264385752 80.49
      vertex 187.9325948025236 -169.44033264385752 80.48
    endloop
  endfacet
  facet normal 0.2373266998313266 -0.9714298932744305 2.1599568091977757e-13
    outer loop
      vertex 187.54483271532663 -169.53506546722195 4.753536071152456
      vertex 187.9325948025236 -169.44033264385752 80.48
      vertex 187.9325436036602 -169.44034515207593 80.48
    endloop
  endfacet
  facet normal 0.2373266998710977 -0.9714298932647142 0
    outer loop
      vertex 187.54483271532663 -169.53506546722195 4.753536071152456
      vertex 187.9325436036602 -169.44034515207593 80.48
      vertex 187.54483271532663 -169.53506546722195 80.49
    endloop
  endfacet
  facet normal 0.3392388661180393 -0.94070026667103 0
    outer loop
      vertex 188.30809065802495 -169.30491991701405 4.753122092396694
      vertex 188.30809065802495 -169.30491991701405 80.49
      vertex 187.9325948025236 -169.44033264385752 80.49
    endloop
  endfacet
  facet normal 0.43730732045885434 -0.8993121301712197 0
    outer loop
      vertex 188.30809065802495 -169.30491991701405 4.753122092396694
      vertex 188.66706576374744 -169.13036156699485 80.49
      vertex 188.30809065802495 -169.30491991701405 80.49
    endloop
  endfacet
  facet normal 0.5304209081198109 -0.8477344278896282 0
    outer loop
      vertex 189.00545278830398 -168.91863540965562 4.752660819706959
      vertex 189.00545278830398 -168.91863540965562 80.49
      vertex 188.66706576374744 -169.13036156699485 80.49
    endloop
  endfacet
  facet normal 0.6175246149461584 -0.7865515558026688 0
    outer loop
      vertex 189.00545278830398 -168.91863540965562 4.752660819706959
      vertex 189.31941767149388 -168.6721403869605 80.49
      vertex 189.00545278830398 -168.91863540965562 80.49
    endloop
  endfacet
  facet normal 0.6175246149460343 -0.7865515558027663 -1.0741651974258484e-16
    outer loop
      vertex 189.05260052583665 -168.88161954178193 4.747287835559225
      vertex 189.31941767149388 -168.6721403869605 80.48
      vertex 189.31941767149388 -168.6721403869605 80.49
    endloop
  endfacet
  facet normal 0.6976315214565763 -0.7164567399851737 0
    outer loop
      vertex 189.31941767149388 -168.6721403869605 4.752412449930047
      vertex 189.31945543139895 -168.6721036192137 80.48
      vertex 189.31941767149388 -168.6721403869605 80.48
    endloop
  endfacet
  facet normal 0.6976315211349047 -0.7164567402983931 0
    outer loop
      vertex 189.6054030657365 -168.39366938601106 4.752152258895916
      vertex 189.6054030657365 -168.39366938601106 80.49
      vertex 189.31945543139895 -168.6721036192137 80.48
    endloop
  endfacet
  facet normal 0.7698339834299065 -0.6382441836448199 -1.0668915450521008e-16
    outer loop
      vertex 189.6351637961507 -168.35777274608603 4.747807561415158
      vertex 189.86016864224112 -168.08637759451938 80.49
      vertex 189.6054030657365 -168.39366938601106 80.49
    endloop
  endfacet
  facet normal 0.8873520750565472 -0.46109250144937275 1.760745859165883e-16
    outer loop
      vertex 190.09618768895743 -167.7241873360596 4.748374672119197
      vertex 190.26488039820592 -167.3995456966314 80.49
      vertex 190.0813173068038 -167.75280472718916 80.49
    endloop
  endfacet
  facet normal 0.8873520750559154 -0.4610925014505887 -4.083002517671284e-16
    outer loop
      vertex 190.09618768895743 -167.7241873360596 4.748374672119197
      vertex 190.0813173068038 -167.75280472718916 80.49
      vertex 190.08082780522673 -167.75374675127065 80.48
    endloop
  endfacet
  facet normal 0.8333139190825631 -0.5528000653611207 0
    outer loop
      vertex 190.08082780522673 -167.75374675127065 4.7515964163719016
      vertex 190.08082780522673 -167.75374675127065 80.48
      vertex 189.86016864224112 -168.08637759451938 80.49
    endloop
  endfacet
  facet normal 0.8873520750565381 -0.4610925014493904 -2.567691071380767e-16
    outer loop
      vertex 190.09618768895743 -167.7241873360596 4.748374672119197
      vertex 190.26488039820592 -167.3995456966314 80.48
      vertex 190.26488039820592 -167.3995456966314 80.49
    endloop
  endfacet
  facet normal 0.9313361774513711 -0.36416057525529577 0
    outer loop
      vertex 190.26488039820592 -167.3995456966314 4.7513007666332285
      vertex 190.2648995905138 -167.39949661254082 80.48
      vertex 190.26488039820592 -167.3995456966314 80.48
    endloop
  endfacet
  facet normal 0.9313361774523248 -0.3641605752528572 0
    outer loop
      vertex 190.41024103175644 -167.0277876700823 4.750993299139494
      vertex 190.41024103175644 -167.0277876700823 80.49
      vertex 190.2648995905138 -167.39949661254082 80.48
    endloop
  endfacet
  facet normal 0.987268354739981 -0.15906349590340088 0
    outer loop
      vertex 190.51526271181697 -166.64268483861107 4.750674014859182
      vertex 190.51527109484792 -166.64263280718097 80.48
      vertex 190.51526271181697 -166.64268483861107 80.48
    endloop
  endfacet
  facet normal 0.9647678689119804 -0.2631025638701301 -1.9515166723465014e-12
    outer loop
      vertex 190.41024103175644 -167.0277876700823 4.750993299139494
      vertex 190.51526271181697 -166.64268483861107 80.48
      vertex 190.51524884555644 -166.6427356846478 80.48
    endloop
  endfacet
  facet normal 0.9647678688145275 -0.26310256422747896 0
    outer loop
      vertex 190.41024103175644 -167.0277876700823 4.750993299139494
      vertex 190.51524884555644 -166.6427356846478 80.48
      vertex 190.41024103175644 -167.0277876700823 80.49
    endloop
  endfacet
  facet normal 0.987268354721318 -0.15906349601923636 0
    outer loop
      vertex 190.57875550078805 -166.2486005711776 4.750342914798385
      vertex 190.57875550078805 -166.2486005711776 80.49
      vertex 190.51527109484792 -166.64263280718097 80.48
    endloop
  endfacet
  facet normal 0.9985826956767635 -0.05322217484215062 0
    outer loop
      vertex 190.57875550078805 -166.2486005711776 4.750342914798385
      vertex 190.59999719506268 -165.85005262772324 80.48
      vertex 190.57875550078805 -166.2486005711776 80.49
    endloop
  endfacet
  facet normal 0.9985826957051723 -0.05322217430912652 -2.8134331439325634e-12
    outer loop
      vertex 190.57875550078805 -166.2486005711776 4.750342914798385
      vertex 190.6 -165.85 80.48
      vertex 190.59999719506268 -165.85005262772324 80.48
    endloop
  endfacet
  facet normal 0.23732669987109242 -0.9714298932647153 -2.1518386048771792e-13
    outer loop
      vertex 187.54483271532663 -169.53506546722195 80.49
      vertex 187.9325436036602 -169.44034515207593 80.48
      vertex 187.9325948025236 -169.44033264385752 80.49
    endloop
  endfacet
  facet normal 0.6976315211349471 -0.7164567402983515 -2.365953234367104e-12
    outer loop
      vertex 189.31945543139895 -168.6721036192137 80.48
      vertex 189.6054030657365 -168.39366938601106 80.49
      vertex 189.31941767149388 -168.6721403869605 80.49
    endloop
  endfacet
  facet normal 0.8333139190825631 -0.5528000653611207 -1.4734011062456092e-16
    outer loop
      vertex 189.86016864224112 -168.08637759451938 80.49
      vertex 190.08082780522673 -167.75374675127065 80.48
      vertex 190.08082780522673 -167.75374675127065 80.49
    endloop
  endfacet
  facet normal 0.9313361774523246 -0.3641605752528575 1.3797990340008945e-14
    outer loop
      vertex 190.2648995905138 -167.39949661254082 80.48
      vertex 190.41024103175644 -167.0277876700823 80.49
      vertex 190.26488039820592 -167.3995456966314 80.49
    endloop
  endfacet
  facet normal 0.9647678688145404 -0.2631025642274318 1.951139653488093e-12
    outer loop
      vertex 190.41024103175644 -167.0277876700823 80.49
      vertex 190.51524884555644 -166.6427356846478 80.48
      vertex 190.51526271181697 -166.64268483861107 80.49
    endloop
  endfacet
  facet normal 0.9872683547213206 -0.15906349601922104 -6.18272110303807e-13
    outer loop
      vertex 190.51527109484792 -166.64263280718097 80.48
      vertex 190.57875550078805 -166.2486005711776 80.49
      vertex 190.51526271181697 -166.64268483861107 80.49
    endloop
  endfacet
  facet normal 0.9985826956767672 -0.053222174842080236 2.8129020509565248e-12
    outer loop
      vertex 190.57875550078805 -166.2486005711776 80.49
      vertex 190.59999719506268 -165.85005262772324 80.48
      vertex 190.6 -165.85 80.49
    endloop
  endfacet
  facet normal 1 0 0
    outer loop
      vertex 190.6 -165.85 80.48
      vertex 190.6 165.85 4.750000000000015
      vertex 190.6 -165.85 80.49
    endloop
  endfacet
  facet normal 1 0 0
    outer loop
      vertex 190.6 -165.85 80.49
      vertex 190.6 0.021897280168985844 80.48
      vertex 190.6 -0.4410904255315131 80.49
    endloop
  endfacet
  facet normal 0 1 0
    outer loop
      vertex -186.85 169.59867104171295 4.7486710417129565
      vertex 186.75017304460837 169.59867104171295 80.49
      vertex 186.75017304460837 169.59867104171295 4.748671041712976
    endloop
  endfacet
  facet normal 0.8873520750565443 0.4610925014493784 -3.606591057945251e-12
    outer loop
      vertex 190.26488039820592 167.3995456966314 4.751300766633228
      vertex 190.09618768895743 167.72418733605954 4.748374672119226
      vertex 190.08082780522673 167.75374675127065 4.751596416371914
    endloop
  endfacet
  facet normal 0.026620521437918328 0.9996456111234487 1.4119717869821244e-16
    outer loop
      vertex 186.75017304460837 169.59867104171295 4.748671041712976
      vertex 186.75018622413043 169.5986706907428 80.48
      vertex 186.85 169.59601265400383 4.7460126540038505
    endloop
  endfacet
  facet normal 0.13272552728350873 0.9911528310040357 0
    outer loop
      vertex 187.14919789582407 169.58804502636534 4.753725323651631
      vertex 187.14919789582407 169.58804502636534 80.49
      vertex 187.24158407143798 169.57567357012923 4.746195621715862
    endloop
  endfacet
  facet normal 0.02662052143765272 0.9996456111234558 -2.497753875391662e-16
    outer loop
      vertex 186.85 169.59601265400383 4.7460126540038505
      vertex 187.1491583946166 169.58804607828088 80.48
      vertex 187.14919789582407 169.58804502636534 4.753725323651631
    endloop
  endfacet
  facet normal 0.1327255272839713 0.9911528310039737 2.727079432347516e-20
    outer loop
      vertex 187.24158407143798 169.57567357012923 4.746195621715862
      vertex 187.54483271532663 169.53506546722193 80.49
      vertex 187.54483271532663 169.53506546722193 4.753536071152414
    endloop
  endfacet
  facet normal 0.9985826956768613 0.05322217484031201 -9.333407509568558e-15
    outer loop
      vertex 190.57875550078805 166.2486005711776 4.750342914798384
      vertex 190.6 165.85 80.48
      vertex 190.57911021274614 166.2419452771321 4.749651194321109
    endloop
  endfacet
  facet normal 0.9985826956767655 0.05322217484211027 0
    outer loop
      vertex 190.6 165.85 4.750000000000015
      vertex 190.57911021274614 166.2419452771321 4.749651194321109
      vertex 190.6 165.85 80.48
    endloop
  endfacet
  facet normal 0.9872683547213328 0.15906349601914468 0
    outer loop
      vertex 190.57875550078805 166.2486005711776 4.750342914798384
      vertex 190.51738275165312 166.6295262680193 4.7493142639227734
      vertex 190.57875550078805 166.2486005711776 80.48
    endloop
  endfacet
  facet normal 0.9872683547209645 0.15906349602143122 1.1798115824994151e-14
    outer loop
      vertex 190.51526271181697 166.64268483861107 4.750674014859188
      vertex 190.57875550078805 166.2486005711776 80.49
      vertex 190.51738275165312 166.6295262680193 4.7493142639227734
    endloop
  endfacet
  facet normal 0.964767868814564 0.26310256422734496 0
    outer loop
      vertex 190.51526271181697 166.64268483861107 4.750674014859188
      vertex 190.41550061149135 167.00850137560403 4.748989203481633
      vertex 190.51526271181697 166.64268483861107 80.49
    endloop
  endfacet
  facet normal 0.9647678688140916 0.2631025642290773 8.830326279368993e-15
    outer loop
      vertex 190.41024103175644 167.0277876700823 4.7509932991394965
      vertex 190.51524884555644 166.64273568464776 80.48
      vertex 190.41550061149135 167.00850137560403 4.748989203481633
    endloop
  endfacet
  facet normal 0.23732669987105906 0.9714298932647236 2.1264613324695558e-18
    outer loop
      vertex 187.9325948025236 169.4403326438575 4.753334993856348
      vertex 187.62891836464073 169.51452279111467 4.746390410164646
      vertex 187.93255470984255 169.44034243876266 80.48
    endloop
  endfacet
  facet normal 0.23732669987121302 0.971429893264686 -6.519757186471538e-16
    outer loop
      vertex 187.54483271532663 169.53506546722193 4.753536071152414
      vertex 187.93255470984255 169.44034243876266 80.48
      vertex 187.62891836464073 169.51452279111467 4.746390410164646
    endloop
  endfacet
  facet normal 0.3392388661181628 0.9407002666709855 0
    outer loop
      vertex 187.9325948025236 169.4403326438575 4.753334993856348
      vertex 187.9325948025236 169.4403326438575 80.49
      vertex 188.00776215100288 169.4132255121061 4.746597022421691
    endloop
  endfacet
  facet normal 0.3392388661180084 0.9407002666710412 0
    outer loop
      vertex 188.30809065802495 169.30491991701402 4.753122092396664
      vertex 188.00776215100288 169.4132255121061 4.746597022421691
      vertex 188.30809065802495 169.30491991701402 80.49
    endloop
  endfacet
  facet normal 0.4373073204589057 0.8993121301711948 0
    outer loop
      vertex 188.66706576374744 169.13036156699482 4.752897367444212
      vertex 188.3739671431347 169.27288624570227 4.746815461745072
      vertex 188.66706576374744 169.13036156699482 80.48
    endloop
  endfacet
  facet normal 0.43730732045862625 0.8993121301713306 1.3369707358074277e-15
    outer loop
      vertex 188.30809065802495 169.30491991701402 4.753122092396664
      vertex 188.66706576374744 169.13036156699482 80.49
      vertex 188.3739671431347 169.27288624570227 4.746815461745072
    endloop
  endfacet
  facet normal 0.5304209081194707 0.8477344278898409 -5.0413925477132933e-17
    outer loop
      vertex 188.66706576374744 169.13036156699482 4.752897367444212
      vertex 188.6670732175235 169.1303569032245 80.48
      vertex 188.72352286579004 169.09503679269048 4.74704573158015
    endloop
  endfacet
  facet normal 0.5304209081197562 0.8477344278896625 0
    outer loop
      vertex 189.00545278830398 168.91863540965565 4.752660819706987
      vertex 188.72352286579004 169.09503679269048 4.74704573158015
      vertex 189.00545278830398 168.91863540965565 80.49
    endloop
  endfacet
  facet normal 0.7698339834298261 0.6382441836449166 -2.138425361973105e-16
    outer loop
      vertex 189.86016864224112 168.0863775945194 4.751880247424302
      vertex 189.6351637961507 168.357772746086 4.747807561415197
      vertex 189.86013500442542 168.08641816760152 80.48
    endloop
  endfacet
  facet normal 0.8873520750565456 0.46109250144937597 0
    outer loop
      vertex 190.26488039820592 167.3995456966314 4.751300766633228
      vertex 190.08082780522673 167.75374675127065 4.751596416371914
      vertex 190.26488039820592 167.3995456966314 80.48
    endloop
  endfacet
  facet normal 0.9313361774523294 0.3641605752528453 0
    outer loop
      vertex 190.41024103175644 167.0277876700823 4.7509932991394965
      vertex 190.2745859391566 167.37472389541685 4.7486760078625325
      vertex 190.41024103175644 167.0277876700823 80.48
    endloop
  endfacet
  facet normal 0.9313361774522577 0.3641605752530287 -7.014904542475894e-17
    outer loop
      vertex 190.26488039820592 167.3995456966314 4.751300766633228
      vertex 190.26488167961222 167.39954241945063 80.48
      vertex 190.2745859391566 167.37472389541685 4.7486760078625325
    endloop
  endfacet
  facet normal 0.8333139190825827 0.5528000653610913 7.834299187263144e-17
    outer loop
      vertex 190.08082780522673 167.75374675127065 4.751596416371914
      vertex 189.88226461628332 168.0530691998957 4.748085191493541
      vertex 190.08080158946635 167.75378627000336 80.48
    endloop
  endfacet
  facet normal 0.8333139190826049 0.552800065361058 0
    outer loop
      vertex 189.86016864224112 168.0863775945194 4.751880247424302
      vertex 189.86016864224112 168.0863775945194 80.48
      vertex 189.88226461628332 168.0530691998957 4.748085191493541
    endloop
  endfacet
  facet normal 0.6976315211348726 0.7164567402984243 -4.1094731298532325e-16
    outer loop
      vertex 189.31941767149388 168.67214038696048 4.752412449930053
      vertex 189.31942271189413 168.67213547899902 80.48
      vertex 189.35759490193496 168.63496628021088 4.747541777501911
    endloop
  endfacet
  facet normal 0.6175246149462235 0.7865515558026178 4.5780386270878154e-20
    outer loop
      vertex 189.05260052583665 168.88161954178193 4.747287835559244
      vertex 189.31941767149388 168.67214038696048 80.48
      vertex 189.31941767149388 168.67214038696048 4.752412449930053
    endloop
  endfacet
  facet normal 0.6175246149463768 0.7865515558024972 -8.734005311939918e-16
    outer loop
      vertex 189.00545278830398 168.91863540965565 4.752660819706987
      vertex 189.31941767149388 168.67214038696048 80.49
      vertex 189.05260052583665 168.88161954178193 4.747287835559244
    endloop
  endfacet
  facet normal 0.7698339834302651 0.6382441836443872 -3.415519905434236e-15
    outer loop
      vertex 189.6054030657365 168.39366938601106 4.752152258895933
      vertex 189.86013500442542 168.08641816760152 80.48
      vertex 189.6351637961507 168.357772746086 4.747807561415197
    endloop
  endfacet
  facet normal 0.6976315211349163 0.7164567402983816 -1.2544198911986114e-19
    outer loop
      vertex 189.35759490193496 168.63496628021088 4.747541777501911
      vertex 189.6054030657365 168.39366938601106 80.49
      vertex 189.6054030657365 168.39366938601106 4.752152258895933
    endloop
  endfacet
  facet normal 1 0 0
    outer loop
      vertex 190.6 -165.85 80.49
      vertex 190.6 165.85 4.750000000000015
      vertex 190.6 0.021897280168985844 80.48
    endloop
  endfacet
  facet normal 1 0 0
    outer loop
      vertex 190.6 165.85 4.750000000000015
      vertex 190.6 165.85 80.48
      vertex 190.6 0.021897280168985844 80.48
    endloop
  endfacet
  facet normal 0.02662052224868159 0.9996456111018581 0
    outer loop
      vertex 186.75017304460837 169.59867104171295 4.748671041712976
      vertex 186.75017304460837 169.59867104171295 80.49
      vertex 186.75018622413043 169.5986706907428 80.48
    endloop
  endfacet
  facet normal 0.026620521916166623 0.9996456111107129 0
    outer loop
      vertex 187.14919789582407 169.58804502636534 4.753725323651631
      vertex 187.1491583946166 169.58804607828088 80.48
      vertex 187.14919789582407 169.58804502636534 80.49
    endloop
  endfacet
  facet normal 0.026620521437645005 0.9996456111234561 -2.1929041081833088e-16
    outer loop
      vertex 186.85 169.59601265400383 4.7460126540038505
      vertex 186.75018622413043 169.5986706907428 80.48
      vertex 187.1491583946166 169.58804607828088 80.48
    endloop
  endfacet
  facet normal 0.1327255272838633 0.9911528310039883 4.4022524852875526e-16
    outer loop
      vertex 187.24158407143798 169.57567357012923 4.746195621715862
      vertex 187.14919789582407 169.58804502636534 80.49
      vertex 187.54483271532663 169.53506546722193 80.49
    endloop
  endfacet
  facet normal 0.9985826956767672 0.053222174842080236 0
    outer loop
      vertex 190.57875550078805 166.2486005711776 4.750342914798384
      vertex 190.57875550078805 166.2486005711776 80.48
      vertex 190.6 165.85 80.48
    endloop
  endfacet
  facet normal 0.9872683547213305 0.15906349601915976 -3.510339856310119e-16
    outer loop
      vertex 190.51738275165312 166.6295262680193 4.7493142639227734
      vertex 190.57875550078805 166.2486005711776 80.49
      vertex 190.57875550078805 166.2486005711776 80.48
    endloop
  endfacet
  facet normal 0.9872683547213206 0.15906349601922107 0
    outer loop
      vertex 190.51526271181697 166.64268483861107 4.750674014859188
      vertex 190.51526271181697 166.64268483861107 80.49
      vertex 190.57875550078805 166.2486005711776 80.49
    endloop
  endfacet
  facet normal 0.9647678700141168 0.2631025598287184 -2.283268582093598e-11
    outer loop
      vertex 190.41550061149135 167.00850137560403 4.748989203481633
      vertex 190.51524884555644 166.64273568464776 80.48
      vertex 190.51526271181697 166.64268483861107 80.49
    endloop
  endfacet
  facet normal 0.9647678688145325 0.26310256422746087 0
    outer loop
      vertex 190.41024103175644 167.0277876700823 4.7509932991394965
      vertex 190.41024103175644 167.0277876700823 80.48
      vertex 190.51524884555644 166.64273568464776 80.48
    endloop
  endfacet
  facet normal 0.23732669986726887 0.9714298932656497 0
    outer loop
      vertex 187.9325948025236 169.4403326438575 4.753334993856348
      vertex 187.93255470984255 169.44034243876266 80.48
      vertex 187.9325948025236 169.4403326438575 80.49
    endloop
  endfacet
  facet normal 0.2373267020484852 0.971429892732764 -1.1810879263288683e-11
    outer loop
      vertex 187.54483271532663 169.53506546722193 4.753536071152414
      vertex 187.9325436036602 169.44034515207593 80.48
      vertex 187.93255470984255 169.44034243876266 80.48
    endloop
  endfacet
  facet normal 0.2373266998710305 0.9714298932647305 0
    outer loop
      vertex 187.54483271532663 169.53506546722193 4.753536071152414
      vertex 187.54483271532663 169.53506546722193 80.49
      vertex 187.9325436036602 169.44034515207593 80.48
    endloop
  endfacet
  facet normal 0.3392388661180393 0.94070026667103 -1.3847799575755489e-16
    outer loop
      vertex 188.00776215100288 169.4132255121061 4.746597022421691
      vertex 187.9325948025236 169.4403326438575 80.49
      vertex 188.30809065802495 169.30491991701402 80.49
    endloop
  endfacet
  facet normal 0.6175246149462464 0.7865515558025997 0
    outer loop
      vertex 189.00545278830398 168.91863540965565 4.752660819706987
      vertex 189.00545278830398 168.91863540965565 80.49
      vertex 189.31941767149388 168.67214038696048 80.49
    endloop
  endfacet
  facet normal 0.43730732045883686 0.8993121301712282 1.9451914509884147e-16
    outer loop
      vertex 188.3739671431347 169.27288624570227 4.746815461745072
      vertex 188.66706576374744 169.13036156699482 80.49
      vertex 188.66706576374744 169.13036156699482 80.48
    endloop
  endfacet
  facet normal 0.5304209077513884 0.8477344281201473 0
    outer loop
      vertex 188.66706576374744 169.13036156699482 4.752897367444212
      vertex 188.66706576374744 169.13036156699482 80.48
      vertex 188.6670732175235 169.1303569032245 80.48
    endloop
  endfacet
  facet normal 0.4373073204588544 0.8993121301712197 0
    outer loop
      vertex 188.30809065802495 169.30491991701402 4.753122092396664
      vertex 188.30809065802495 169.30491991701402 80.49
      vertex 188.66706576374744 169.13036156699482 80.49
    endloop
  endfacet
  facet normal 0.5304209081197166 0.8477344278896872 2.045844941841292e-16
    outer loop
      vertex 188.72352286579004 169.09503679269048 4.74704573158015
      vertex 188.6670732175235 169.1303569032245 80.48
      vertex 189.00545278830398 168.91863540965565 80.49
    endloop
  endfacet
  facet normal 0.8873520750564939 0.46109250144947533 1.5391415905741437e-15
    outer loop
      vertex 190.08082780522673 167.75374675127065 4.751596416371914
      vertex 190.26488039820592 167.3995456966314 80.49
      vertex 190.26488039820592 167.3995456966314 80.48
    endloop
  endfacet
  facet normal 0.9313361774522995 0.36416057525292206 7.252198068234504e-16
    outer loop
      vertex 190.2745859391566 167.37472389541685 4.7486760078625325
      vertex 190.41024103175644 167.0277876700823 80.49
      vertex 190.41024103175644 167.0277876700823 80.48
    endloop
  endfacet
  facet normal 0.9313361774523294 0.3641605752528451 -7.907445522523082e-19
    outer loop
      vertex 190.2745859391566 167.37472389541685 4.7486760078625325
      vertex 190.26488167961222 167.39954241945063 80.48
      vertex 190.41024103175644 167.0277876700823 80.49
    endloop
  endfacet
  facet normal 0.9313361769024875 0.3641605766590594 0
    outer loop
      vertex 190.26488039820592 167.3995456966314 4.751300766633228
      vertex 190.26488039820592 167.3995456966314 80.48
      vertex 190.26488167961222 167.39954241945063 80.48
    endloop
  endfacet
  facet normal 0.8333139190134263 0.5528000654653404 0
    outer loop
      vertex 190.08082780522673 167.75374675127065 4.751596416371914
      vertex 190.08080158946635 167.75378627000336 80.48
      vertex 190.08082780522673 167.75374675127065 80.49
    endloop
  endfacet
  facet normal 0.8873520750565456 0.461092501449376 0
    outer loop
      vertex 190.08082780522673 167.75374675127065 4.751596416371914
      vertex 190.08082780522673 167.75374675127065 80.49
      vertex 190.26488039820592 167.3995456966314 80.49
    endloop
  endfacet
  facet normal 0.7698339836259349 0.6382441834083752 0
    outer loop
      vertex 189.86016864224112 168.0863775945194 4.751880247424302
      vertex 189.86013500442542 168.08641816760152 80.48
      vertex 189.86016864224112 168.0863775945194 80.48
    endloop
  endfacet
  facet normal 0.8333139190825931 0.5528000653610755 -1.1115176788988707e-17
    outer loop
      vertex 189.88226461628332 168.0530691998957 4.748085191493541
      vertex 189.86016864224112 168.0863775945194 80.48
      vertex 190.08080158946635 167.75378627000336 80.48
    endloop
  endfacet
  facet normal 0.6976315211349665 0.7164567402983328 -3.187072729940314e-16
    outer loop
      vertex 189.35759490193496 168.63496628021088 4.747541777501911
      vertex 189.31942271189413 168.67213547899902 80.48
      vertex 189.6054030657365 168.39366938601106 80.49
    endloop
  endfacet
  facet normal 0.697631517965632 0.7164567433843915 0
    outer loop
      vertex 189.31941767149388 168.67214038696048 4.752412449930053
      vertex 189.31941767149388 168.67214038696048 80.48
      vertex 189.31942271189413 168.67213547899902 80.48
    endloop
  endfacet
  facet normal 0.6175246149464417 0.7865515558024464 3.4668382094078077e-16
    outer loop
      vertex 189.05260052583665 168.88161954178193 4.747287835559244
      vertex 189.31941767149388 168.67214038696048 80.49
      vertex 189.31941767149388 168.67214038696048 80.48
    endloop
  endfacet
  facet normal 0.7698339834298517 0.6382441836448861 0
    outer loop
      vertex 189.6054030657365 168.39366938601106 4.752152258895933
      vertex 189.6054030657365 168.39366938601106 80.49
      vertex 189.86013500442542 168.08641816760152 80.48
    endloop
  endfacet
  facet normal 1 0 0
    outer loop
      vertex 190.6 164.96781914893697 80.49
      vertex 190.6 165.85 80.48
      vertex 190.6 165.85 80.49
    endloop
  endfacet
  facet normal 0.23732669987109242 0.9714298932647153 2.545002654395743e-12
    outer loop
      vertex 187.54483271532663 169.53506546722193 80.49
      vertex 187.9325948025236 169.4403326438575 80.49
      vertex 187.9325436036602 169.44034515207593 80.48
    endloop
  endfacet
  facet normal 0.5304209081197085 0.8477344278896921 3.8140302738893255e-13
    outer loop
      vertex 189.00545278830398 168.91863540965565 80.49
      vertex 188.6670732175235 169.1303569032245 80.48
      vertex 188.66706576374744 169.13036156699482 80.49
    endloop
  endfacet
  facet normal 0.7698339834298775 0.6382441836448549 1.6189658214036452e-12
    outer loop
      vertex 189.86013500442542 168.08641816760152 80.48
      vertex 189.6054030657365 168.39366938601106 80.49
      vertex 189.86016864224112 168.0863775945194 80.49
    endloop
  endfacet
  facet normal 0.9313361774523246 0.36416057525285744 5.30777706549676e-13
    outer loop
      vertex 190.41024103175644 167.0277876700823 80.49
      vertex 190.26488167961222 167.39954241945063 80.48
      vertex 190.26488039820592 167.3995456966314 80.49
    endloop
  endfacet
  facet normal 0.6976315211349106 0.7164567402983872 3.112042270217441e-12
    outer loop
      vertex 189.31941767149388 168.67214038696048 80.49
      vertex 189.6054030657365 168.39366938601106 80.49
      vertex 189.31942271189413 168.67213547899902 80.48
    endloop
  endfacet
  facet normal -0.6170821224129417 -0.32386968187118426 -0.7171597335064185
    outer loop
      vertex -187.62675345394084 -166.04145253143005 0
      vertex -187.44880859853689 -166.38049812659264 0
      vertex -188.26672964104512 -166.59355707527 0.8
    endloop
  endfacet
  facet normal -0.6635709899475931 -0.2516592816177053 -0.7045148311253864
    outer loop
      vertex -187.62675345394084 -166.04145253143005 0
      vertex -188.26672964104512 -166.59355707527 0.8
      vertex -188.40350690788168 -166.23290506286008 0.8
    endloop
  endfacet
  facet normal -0.470611031870169 -0.5312100426445935 -0.7045148311253808
    outer loop
      vertex -187.75890359476983 -167.16677418542986 0.8
      vertex -188.04761719707375 -166.91099625318526 0.8
      vertex -187.44880859853689 -166.38049812659264 0
    endloop
  endfacet
  facet normal -0.5840628148164789 -0.40314945252726125 -0.7045148311253787
    outer loop
      vertex -188.04761719707375 -166.91099625318526 0.8
      vertex -188.26672964104512 -166.59355707527 0.8
      vertex -187.44880859853689 -166.38049812659264 0
    endloop
  endfacet
  facet normal -0.7045148311253931 -0.0855435880047315 -0.7045148311253892
    outer loop
      vertex -187.62675345394084 -166.04145253143005 0
      vertex -188.40350690788168 -166.23290506286008 0.8
      vertex -188.45 -165.85 0.8
    endloop
  endfacet
  facet normal -0.32980904635301095 -0.6283986359533854 -0.7045148311253938
    outer loop
      vertex -187.75890359476983 -167.16677418542986 0.8
      vertex -187.13368390963402 -166.59801299414832 0
      vertex -187.41736781926807 -167.34602598829665 0.8
    endloop
  endfacet
  facet normal -0.169839757868987 -0.6890669846766475 -0.70451483112539
    outer loop
      vertex -187.41736781926807 -167.34602598829665 0.8
      vertex -187.13368390963402 -166.59801299414832 0
      vertex -187.0428586884085 -167.43833419855687 0.8
    endloop
  endfacet
  facet normal -0.39588933772537205 -0.5735447226784947 -0.7171597335064309
    outer loop
      vertex -187.75890359476983 -167.16677418542986 0.8
      vertex -187.44880859853689 -166.38049812659264 0
      vertex -187.13368390963402 -166.59801299414832 0
    endloop
  endfacet
  facet normal -0.08400307674872406 -0.6918275794833104 -0.7171597335064286
    outer loop
      vertex -187.0428586884085 -167.43833419855687 0.8
      vertex -187.13368390963402 -166.59801299414832 0
      vertex -186.75357065579573 -166.64416709927843 0
    endloop
  endfacet
  facet normal -0.6631226582408216 -0.7485107481710777 4.5378325116091194e-15
    outer loop
      vertex -187.75890359476983 -167.16677418542986 0.8
      vertex -187.7667523991011 -167.1598207515548 2.6
      vertex -188.04761719707375 -166.91099625318526 0.8
    endloop
  endfacet
  facet normal -0.6631226582414047 -0.7485107481705612 0
    outer loop
      vertex -187.75890359476983 -167.16677418542986 0.8
      vertex -187.75890359476983 -167.16677418542986 2.6015590116914895
      vertex -187.7667523991011 -167.1598207515548 2.6
    endloop
  endfacet
  facet normal -0.4647231720433457 -0.8854560256534317 0
    outer loop
      vertex -187.75890359476983 -167.16677418542986 0.8
      vertex -187.74400109918415 -167.174595618476 2.6
      vertex -187.75890359476983 -167.16677418542986 2.6015590116914895
    endloop
  endfacet
  facet normal -0.6631226582408224 -0.748510748171077 4.753918760479328e-15
    outer loop
      vertex -188.04761719707375 -166.91099625318526 0.8
      vertex -187.7667523991011 -167.1598207515548 2.6
      vertex -188.04478185122775 -166.91350815041454 2.6
    endloop
  endfacet
  facet normal -0.4647231720437811 -0.8854560256532034 4.597744938310326e-15
    outer loop
      vertex -187.75890359476983 -167.16677418542986 0.8
      vertex -187.43392977745947 -167.33733360208777 2.6
      vertex -187.74400109918415 -167.174595618476 2.6
    endloop
  endfacet
  facet normal 0 0 -1
    outer loop
      vertex -187.79045640366795 -167.14442719099992 2.6
      vertex -187.92060897017416 -167.03903172076383 2.6
      vertex -187.7667523991011 -167.1598207515548 2.6
    endloop
  endfacet
  facet normal 0 0 -1
    outer loop
      vertex -187.7667523991011 -167.1598207515548 2.6
      vertex -188.03903172076383 -166.92060897017416 2.6
      vertex -188.04478185122775 -166.91350815041454 2.6
    endloop
  endfacet
  facet normal 0 0 -1
    outer loop
      vertex -187.7667523991011 -167.1598207515548 2.6
      vertex -187.92060897017416 -167.03903172076383 2.6
      vertex -188.03903172076383 -166.92060897017416 2.6
    endloop
  endfacet
  facet normal -0.9927088740980556 -0.12053668025530946 2.6901283529185093e-15
    outer loop
      vertex -188.40350690788168 -166.23290506286008 0.8
      vertex -188.4051097265161 -166.21970466379 2.6
      vertex -188.45 -165.85 0.8
    endloop
  endfacet
  facet normal -0.8229838658936665 -0.5680647467311413 4.831429896835275e-16
    outer loop
      vertex -188.04761719707375 -166.91099625318526 0.8
      vertex -188.05224403652028 -166.90429311901528 2.6
      vertex -188.26672964104512 -166.59355707527 0.8
    endloop
  endfacet
  facet normal -0.9350162426854011 -0.3546048870425719 2.2077106832593757e-15
    outer loop
      vertex -188.40350690788168 -166.23290506286008 0.8
      vertex -188.26672964104512 -166.59355707527 0.8
      vertex -188.27351226934212 -166.57567275427633 2.6
    endloop
  endfacet
  facet normal -0.9927088740980995 -0.12053668025494796 0
    outer loop
      vertex -188.40350690788168 -166.23290506286008 0.8
      vertex -188.40350690788168 -166.23290506286008 2.6018708747372585
      vertex -188.4051097265161 -166.21970466379 2.6
    endloop
  endfacet
  facet normal -0.9350162426855188 -0.3546048870422614 0
    outer loop
      vertex -188.40350690788168 -166.23290506286008 0.8
      vertex -188.39691619062575 -166.25028335602644 2.6
      vertex -188.40350690788168 -166.23290506286008 2.6018708747372585
    endloop
  endfacet
  facet normal -0.9927088740980541 -0.12053668025532238 0
    outer loop
      vertex -188.45 -165.85 0.8
      vertex -188.4051097265161 -166.21970466379 2.6
      vertex -188.45 -165.85 2.6
    endloop
  endfacet
  facet normal -0.8229838658936699 -0.5680647467311363 1.7708264741699963e-15
    outer loop
      vertex -188.26672964104512 -166.59355707527 0.8
      vertex -188.05224403652028 -166.90429311901528 2.6
      vertex -188.2578309917081 -166.60644899450062 2.6
    endloop
  endfacet
  facet normal -0.8229838658937271 -0.5680647467310534 0
    outer loop
      vertex -188.04761719707375 -166.91099625318526 0.8
      vertex -188.04761719707375 -166.91099625318526 2.6006235439722754
      vertex -188.05224403652028 -166.90429311901528 2.6
    endloop
  endfacet
  facet normal -0.6631226582391315 -0.748510748172575 0
    outer loop
      vertex -188.04761719707375 -166.91099625318526 0.8
      vertex -188.04478185122775 -166.91350815041454 2.6
      vertex -188.04761719707375 -166.91099625318526 2.6006235439722754
    endloop
  endfacet
  facet normal -0.9350162426854747 -0.3546048870423776 0
    outer loop
      vertex -188.26672964104512 -166.59355707527 0.8
      vertex -188.26672964104512 -166.59355707527 2.6020787946775057
      vertex -188.27351226934212 -166.57567275427633 2.6
    endloop
  endfacet
  facet normal -0.8229838658935543 -0.5680647467313037 0
    outer loop
      vertex -188.26672964104512 -166.59355707527 0.8
      vertex -188.2578309917081 -166.60644899450062 2.6
      vertex -188.26672964104512 -166.59355707527 2.6020787946775057
    endloop
  endfacet
  facet normal -0.9350162426853907 -0.35460488704259924 -3.730375277480857e-15
    outer loop
      vertex -188.40350690788168 -166.23290506286008 0.8
      vertex -188.27351226934212 -166.57567275427633 2.6
      vertex -188.39691619062575 -166.25028335602644 2.6
    endloop
  endfacet
  facet normal 0 0 -1
    outer loop
      vertex -188.41503616117407 -166.1826587053084 2.6
      vertex -188.44123503258922 -166.01724554122825 2.6
      vertex -188.4051097265161 -166.21970466379 2.6
    endloop
  endfacet
  facet normal 0 0 -1
    outer loop
      vertex -188.4051097265161 -166.21970466379 2.6
      vertex -188.44123503258922 -166.01724554122825 2.6
      vertex -188.45 -165.85 2.6
    endloop
  endfacet
  facet normal 0 0 -1
    outer loop
      vertex -188.14442719099992 -166.79045640366795 2.6
      vertex -188.2356406460551 -166.65 2.6
      vertex -188.05224403652028 -166.90429311901528 2.6
    endloop
  endfacet
  facet normal 0 0 -1
    outer loop
      vertex -188.2356406460551 -166.65 2.6
      vertex -188.2578309917081 -166.60644899450062 2.6
      vertex -188.05224403652028 -166.90429311901528 2.6
    endloop
  endfacet
  facet normal 0 0 -1
    outer loop
      vertex -188.37169042607223 -166.3444271909999 2.6
      vertex -188.27351226934212 -166.57567275427633 2.6
      vertex -188.31167273222815 -166.50077862892127 2.6
    endloop
  endfacet
  facet normal 0 0 -1
    outer loop
      vertex -188.37169042607223 -166.3444271909999 2.6
      vertex -188.39691619062575 -166.25028335602644 2.6
      vertex -188.27351226934212 -166.57567275427633 2.6
    endloop
  endfacet
  facet normal -0.46472317204374075 -0.8854560256532243 -4.7007107314910935e-15
    outer loop
      vertex -187.75890359476983 -167.16677418542986 0.8
      vertex -187.41736781926807 -167.34602598829665 0.8
      vertex -187.43392977745947 -167.33733360208777 2.6
    endloop
  endfacet
  facet normal -0.23931566428755582 -0.9709418174260525 -5.509736029360478e-15
    outer loop
      vertex -187.41736781926807 -167.34602598829665 0.8
      vertex -187.0428586884085 -167.43833419855687 0.8
      vertex -187.05597987172985 -167.4351001173314 2.6
    endloop
  endfacet
  facet normal -0.4647231720433404 -0.8854560256534346 0
    outer loop
      vertex -187.41736781926807 -167.34602598829665 0.8
      vertex -187.41736781926807 -167.34602598829665 2.6021827580206693
      vertex -187.43392977745947 -167.33733360208777 2.6
    endloop
  endfacet
  facet normal -0.23931566428757184 -0.9709418174260486 0
    outer loop
      vertex -187.41736781926807 -167.34602598829665 0.8
      vertex -187.40037305134203 -167.35021482237778 2.6
      vertex -187.41736781926807 -167.34602598829665 2.6021827580206693
    endloop
  endfacet
  facet normal -0.2393156642875822 -0.970941817426046 1.0390720470492935e-16
    outer loop
      vertex -187.41736781926807 -167.34602598829665 0.8
      vertex -187.05597987172985 -167.4351001173314 2.6
      vertex -187.40037305134203 -167.35021482237778 2.6
    endloop
  endfacet
  facet normal -0.2393156642868437 -0.970941817426228 0
    outer loop
      vertex -187.0428586884085 -167.43833419855687 0.8
      vertex -187.0428586884085 -167.43833419855687 2.601143225776585
      vertex -187.05597987172985 -167.4351001173314 2.6
    endloop
  endfacet
  facet normal 0 -1 0
    outer loop
      vertex -187.0428586884085 -167.43833419855687 0.8
      vertex -187.0355606864938 -167.43833419855687 2.6
      vertex -187.0428586884085 -167.43833419855687 2.601143225776585
    endloop
  endfacet
  facet normal 0 0 -1
    outer loop
      vertex -187.65 -167.2356406460551 2.6
      vertex -187.43392977745947 -167.33733360208777 2.6
      vertex -187.50077862892127 -167.31167273222815 2.6
    endloop
  endfacet
  facet normal 0 0 -1
    outer loop
      vertex -187.3444271909999 -167.37169042607223 2.6
      vertex -187.40037305134203 -167.35021482237778 2.6
      vertex -187.05597987172985 -167.4351001173314 2.6
    endloop
  endfacet
  facet normal 0 0 -1
    outer loop
      vertex -187.74400109918415 -167.174595618476 2.6
      vertex -187.43392977745947 -167.33733360208777 2.6
      vertex -187.65 -167.2356406460551 2.6
    endloop
  endfacet
  facet normal 0 0 -1
    outer loop
      vertex -187.3444271909999 -167.37169042607223 2.6
      vertex -187.05597987172985 -167.4351001173314 2.6
      vertex -187.1826587053084 -167.41503616117407 2.6
    endloop
  endfacet
  facet normal -0.5934361481663831 -0.38538194069710385 -0.7066217501846235
    outer loop
      vertex -188.14442719099992 -166.79045640366795 2.6
      vertex -189.97492719655943 -167.92300024510448 4.754967372087381
      vertex -188.2356406460551 -166.65 2.6
    endloop
  endfacet
  facet normal -0.500342733616677 -0.500342733616677 -0.7066217501846246
    outer loop
      vertex -187.92060897017416 -167.03903172076383 2.6
      vertex -189.4661182042562 -168.53671277611866 4.7548135872335315
      vertex -188.03903172076383 -166.92060897017416 2.6
    endloop
  endfacet
  facet normal -0.5499018608222724 -0.4453017467181329 -0.7066217501846245
    outer loop
      vertex -188.14442719099992 -166.79045640366795 2.6
      vertex -188.05224403652028 -166.90429311901528 2.6
      vertex -189.73687743786215 -168.24341568866808 4.754896394201663
    endloop
  endfacet
  facet normal -0.5499018608222604 -0.4453017467181479 -0.7066217501846243
    outer loop
      vertex -188.05224403652028 -166.90429311901528 2.6
      vertex -188.04761719707375 -166.91099625318526 2.6006235439722754
      vertex -189.73687743786215 -168.24341568866808 4.754896394201663
    endloop
  endfacet
  facet normal -0.5499018608225928 -0.4453017467177296 -0.7066217501846295
    outer loop
      vertex -188.03903172076383 -166.92060897017416 2.6
      vertex -189.73687743786215 -168.24341568866808 4.754896394201663
      vertex -188.04478185122775 -166.91350815041454 2.6
    endloop
  endfacet
  facet normal -0.5499018608214735 -0.4453017467191326 -0.7066217501846164
    outer loop
      vertex -188.04478185122775 -166.91350815041454 2.6
      vertex -189.73687743786215 -168.24341568866808 4.754896394201663
      vertex -188.04761719707375 -166.91099625318526 2.6006235439722754
    endloop
  endfacet
  facet normal -0.3853819406969585 -0.5934361481664708 -0.7066217501846294
    outer loop
      vertex -187.79045640366795 -167.14442719099992 2.6
      vertex -187.7667523991011 -167.1598207515548 2.6
      vertex -188.83907840544902 -169.02900410458625 4.7546124871308315
    endloop
  endfacet
  facet normal -0.38538194069751114 -0.5934361481661332 -0.7066217501846115
    outer loop
      vertex -187.7667523991011 -167.1598207515548 2.6
      vertex -187.75890359476983 -167.16677418542986 2.6015590116914895
      vertex -188.83907840544902 -169.02900410458625 4.7546124871308315
    endloop
  endfacet
  facet normal -0.3853819406968128 -0.593436148166562 -0.706621750184632
    outer loop
      vertex -187.74400109918415 -167.174595618476 2.6
      vertex -188.83907840544902 -169.02900410458625 4.7546124871308315
      vertex -187.75890359476983 -167.16677418542986 2.6015590116914895
    endloop
  endfacet
  facet normal -0.38538194069714593 -0.5934361481663557 -0.7066217501846237
    outer loop
      vertex -187.74400109918415 -167.174595618476 2.6
      vertex -187.65 -167.2356406460551 2.6
      vertex -188.83907840544902 -169.02900410458625 4.7546124871308315
    endloop
  endfacet
  facet normal -0.4453017467181342 -0.5499018608222719 -0.7066217501846241
    outer loop
      vertex -187.79045640366795 -167.14442719099992 2.6
      vertex -189.1657173060482 -168.7995683342599 4.754718951443883
      vertex -187.92060897017416 -167.03903172076383 2.6
    endloop
  endfacet
  facet normal -0.25357810770138867 -0.6605935554186115 -0.7066217501846238
    outer loop
      vertex -187.3444271909999 -167.37169042607223 2.6
      vertex -188.1221457479426 -169.37762600001636 4.754364074313393
      vertex -187.40037305134203 -167.35021482237778 2.6
    endloop
  endfacet
  facet normal -0.2535781077014603 -0.660593555418585 -0.7066217501846228
    outer loop
      vertex -187.40037305134203 -167.35021482237778 2.6
      vertex -188.1221457479426 -169.37762600001636 4.754364074313393
      vertex -187.41736781926807 -167.34602598829665 2.6021827580206693
    endloop
  endfacet
  facet normal -0.2535781077010945 -0.6605935554187184 -0.7066217501846291
    outer loop
      vertex -187.43392977745947 -167.33733360208777 2.6
      vertex -187.41736781926807 -167.34602598829665 2.6021827580206693
      vertex -188.1221457479426 -169.37762600001636 4.754364074313393
    endloop
  endfacet
  facet normal -0.2535781077014824 -0.6605935554185787 -0.7066217501846207
    outer loop
      vertex -187.50077862892127 -167.31167273222815 2.6
      vertex -187.43392977745947 -167.33733360208777 2.6
      vertex -188.1221457479426 -169.37762600001636 4.754364074313393
    endloop
  endfacet
  facet normal -0.32123980948746217 -0.6304686248866608 -0.7066217501846247
    outer loop
      vertex -187.65 -167.2356406460551 2.6
      vertex -187.50077862892127 -167.31167273222815 2.6
      vertex -188.4899024517207 -169.22242048814206 4.754494194629794
    endloop
  endfacet
  facet normal -0.6988798544194907 -0.11069169459633259 -0.7066217501846256
    outer loop
      vertex -188.41503616117407 -166.1826587053084 2.6
      vertex -190.55225633020504 -166.44648811007153 4.755132988893198
      vertex -188.44123503258922 -166.01724554122825 2.6
    endloop
  endfacet
  facet normal -0.7066217501846216 -0.03703247672029878 -0.7066217501846251
    outer loop
      vertex -188.44123503258922 -166.01724554122825 2.6
      vertex -190.59468510878784 -166.04958315565815 4.755144818758197
      vertex -188.45 -165.85 2.6
    endloop
  endfacet
  facet normal -0.6304686248866717 -0.32123980948744185 -0.7066217501846241
    outer loop
      vertex -188.2356406460551 -166.65 2.6
      vertex -190.17757028146212 -167.57909688043497 4.755026520667083
      vertex -188.2578309917081 -166.60644899450062 2.6
    endloop
  endfacet
  facet normal -0.6304686248866251 -0.3212398094875332 -0.706621750184624
    outer loop
      vertex -188.2578309917081 -166.60644899450062 2.6
      vertex -190.17757028146212 -167.57909688043497 4.755026520667083
      vertex -188.26672964104512 -166.59355707527 2.6020787946775057
    endloop
  endfacet
  facet normal -0.6304686248867161 -0.3212398094873561 -0.7066217501846236
    outer loop
      vertex -188.27351226934212 -166.57567275427633 2.6
      vertex -188.26672964104512 -166.59355707527 2.6020787946775057
      vertex -190.17757028146212 -167.57909688043497 4.755026520667083
    endloop
  endfacet
  facet normal -0.6304686248866491 -0.3212398094874851 -0.7066217501846246
    outer loop
      vertex -188.31167273222815 -166.50077862892127 2.6
      vertex -188.27351226934212 -166.57567275427633 2.6
      vertex -190.17757028146212 -167.57909688043497 4.755026520667083
    endloop
  endfacet
  facet normal -0.6605935554186051 -0.25357810770140315 -0.7066217501846243
    outer loop
      vertex -188.37169042607223 -166.3444271909999 2.6
      vertex -188.31167273222815 -166.50077862892127 2.6
      vertex -190.34251066544627 -167.21560215719808 4.755073839754475
    endloop
  endfacet
  facet normal -0.6834808847194085 -0.18313815110237797 -0.7066217501846213
    outer loop
      vertex -188.39691619062575 -166.25028335602644 2.6
      vertex -190.46787950805444 -166.8366346158532 4.755109329200448
      vertex -188.40350690788168 -166.23290506286008 2.6018708747372585
    endloop
  endfacet
  facet normal -0.6834808847193156 -0.18313815110270573 -0.7066217501846261
    outer loop
      vertex -188.41503616117407 -166.1826587053084 2.6
      vertex -188.4051097265161 -166.21970466379 2.6
      vertex -190.46787950805444 -166.8366346158532 4.755109329200448
    endloop
  endfacet
  facet normal -0.6834808847194097 -0.1831381511023733 -0.7066217501846211
    outer loop
      vertex -188.4051097265161 -166.21970466379 2.6
      vertex -188.40350690788168 -166.23290506286008 2.6018708747372585
      vertex -190.46787950805444 -166.8366346158532 4.755109329200448
    endloop
  endfacet
  facet normal -0.6834808847193284 -0.18313815110266837 -0.7066217501846233
    outer loop
      vertex -188.37169042607223 -166.3444271909999 2.6
      vertex -190.46787950805444 -166.8366346158532 4.755109329200448
      vertex -188.39691619062575 -166.25028335602644 2.6
    endloop
  endfacet
  facet normal -0.18313815110262133 -0.6834808847193395 -0.7066217501846248
    outer loop
      vertex -187.3444271909999 -167.37169042607223 2.6
      vertex -187.1826587053084 -167.41503616117407 2.6
      vertex -187.73997512451666 -169.49286209974267 4.754222126591584
    endloop
  endfacet
  facet normal -0.037032476720298836 -0.7066217501846227 -0.7066217501846239
    outer loop
      vertex -187.01724554122825 -167.44123503258922 2.6
      vertex -186.85 -167.45 2.6
      vertex -186.94982695539164 -169.59867104171295 4.753902750757622
    endloop
  endfacet
  facet normal -0.11069169459638659 -0.6988798544194843 -0.7066217501846237
    outer loop
      vertex -187.1826587053084 -167.41503616117407 2.6
      vertex -187.05597987172985 -167.4351001173314 2.6
      vertex -187.34772072731394 -169.56682311626503 4.754068351911499
    endloop
  endfacet
  facet normal -0.11069169459581023 -0.6988798544195693 -0.7066217501846299
    outer loop
      vertex -187.05597987172985 -167.4351001173314 2.6
      vertex -187.0428586884085 -167.43833419855687 2.601143225776585
      vertex -187.34772072731394 -169.56682311626503 4.754068351911499
    endloop
  endfacet
  facet normal -0.11069169459630908 -0.6988798544194942 -0.706621750184626
    outer loop
      vertex -187.01724554122825 -167.44123503258922 2.6
      vertex -187.34772072731394 -169.56682311626503 4.754068351911499
      vertex -187.0355606864938 -167.43833419855687 2.6
    endloop
  endfacet
  facet normal -0.11069169459641111 -0.6988798544194788 -0.7066217501846255
    outer loop
      vertex -187.0355606864938 -167.43833419855687 2.6
      vertex -187.34772072731394 -169.56682311626503 4.754068351911499
      vertex -187.0428586884085 -167.43833419855687 2.601143225776585
    endloop
  endfacet
  facet normal -0.5499018608222802 -0.44530174671812395 -0.706621750184624
    outer loop
      vertex -188.14442719099992 -166.79045640366795 2.6
      vertex -189.73687743786215 -168.24341568866808 4.754896394201663
      vertex -189.8796856900215 -168.05119550028988 4.744897463324918
    endloop
  endfacet
  facet normal -0.5499018608223102 -0.44530174671808526 -0.7066217501846251
    outer loop
      vertex -188.03903172076383 -166.92060897017416 2.6
      vertex -189.63305816248666 -168.35587682501912 4.744974151840243
      vertex -189.73687743786215 -168.24341568866808 4.754896394201663
    endloop
  endfacet
  facet normal -0.6304686248866475 -0.3212398094874909 -0.7066217501846235
    outer loop
      vertex -188.2356406460551 -166.65 2.6
      vertex -190.09312014294485 -167.7224162875435 4.744832575087024
      vertex -190.17757028146212 -167.57909688043497 4.755026520667083
    endloop
  endfacet
  facet normal -0.6304686248866458 -0.3212398094874911 -0.7066217501846247
    outer loop
      vertex -188.31167273222815 -166.50077862892127 2.6
      vertex -190.17757028146212 -167.57909688043497 4.755026520667083
      vertex -190.2710262894038 -167.3731390372372 4.744779486104349
    endloop
  endfacet
  facet normal -0.6605935554186109 -0.2535781077013878 -0.7066217501846246
    outer loop
      vertex -188.31167273222815 -166.50077862892127 2.6
      vertex -190.2710262894038 -167.3731390372372 4.744779486104349
      vertex -190.34251066544627 -167.21560215719808 4.755073839754475
    endloop
  endfacet
  facet normal -0.5934361481663784 -0.38538194069711057 -0.7066217501846239
    outer loop
      vertex -188.2356406460551 -166.65 2.6
      vertex -189.97492719655943 -167.92300024510448 4.754967372087381
      vertex -190.09312014294485 -167.7224162875435 4.744832575087024
    endloop
  endfacet
  facet normal -0.5934361481663852 -0.3853819406971007 -0.7066217501846236
    outer loop
      vertex -188.14442719099992 -166.79045640366795 2.6
      vertex -189.8796856900215 -168.05119550028988 4.744897463324918
      vertex -189.97492719655943 -167.92300024510448 4.754967372087381
    endloop
  endfacet
  facet normal -0.3853819406971498 -0.5934361481663555 -0.7066217501846219
    outer loop
      vertex -187.79045640366795 -167.14442719099992 2.6
      vertex -188.83907840544902 -169.02900410458625 4.7546124871308315
      vertex -189.05135154046187 -168.87990046089308 4.745162934721814
    endloop
  endfacet
  facet normal -0.44530174671804246 -0.5499018608223467 -0.7066217501846238
    outer loop
      vertex -187.79045640366795 -167.14442719099992 2.6
      vertex -189.05135154046187 -168.87990046089308 4.745162934721814
      vertex -189.1657173060482 -168.7995683342599 4.754718951443883
    endloop
  endfacet
  facet normal -0.3853819406971683 -0.5934361481663406 -0.7066217501846241
    outer loop
      vertex -187.65 -167.2356406460551 2.6
      vertex -188.72263751603123 -169.09350332192565 4.745275032062446
      vertex -188.83907840544902 -169.02900410458625 4.7546124871308315
    endloop
  endfacet
  facet normal -0.253578107701358 -0.6605935554186212 -0.7066217501846256
    outer loop
      vertex -187.50077862892127 -167.31167273222815 2.6
      vertex -188.1221457479426 -169.37762600001636 4.754364074313393
      vertex -188.37339099005754 -169.27159218470362 4.745398935629348
    endloop
  endfacet
  facet normal -0.32123980948746966 -0.6304686248866572 -0.7066217501846244
    outer loop
      vertex -187.65 -167.2356406460551 2.6
      vertex -188.4899024517207 -169.22242048814206 4.754494194629794
      vertex -188.72263751603123 -169.09350332192565 4.745275032062446
    endloop
  endfacet
  facet normal -0.321239809487539 -0.6304686248866209 -0.7066217501846251
    outer loop
      vertex -187.50077862892127 -167.31167273222815 2.6
      vertex -188.37339099005754 -169.27159218470362 4.745398935629348
      vertex -188.4899024517207 -169.22242048814206 4.754494194629794
    endloop
  endfacet
  facet normal -0.18313815110267584 -0.6834808847193272 -0.7066217501846226
    outer loop
      vertex -187.3444271909999 -167.37169042607223 2.6
      vertex -187.73997512451666 -169.49286209974267 4.754222126591584
      vertex -188.00743385905906 -169.41221513339525 4.745534647375014
    endloop
  endfacet
  facet normal -0.2535781077013355 -0.6605935554186316 -0.706621750184624
    outer loop
      vertex -187.3444271909999 -167.37169042607223 2.6
      vertex -188.00743385905906 -169.41221513339525 4.745534647375014
      vertex -188.1221457479426 -169.37762600001636 4.754364074313393
    endloop
  endfacet
  facet normal -0.44530174671810746 -0.5499018608222918 -0.7066217501846254
    outer loop
      vertex -187.92060897017416 -167.03903172076383 2.6
      vertex -189.1657173060482 -168.7995683342599 4.754718951443883
      vertex -189.35593603638708 -168.63312392337295 4.745062641841153
    endloop
  endfacet
  facet normal -0.5003427336166966 -0.5003427336166572 -0.7066217501846249
    outer loop
      vertex -187.92060897017416 -167.03903172076383 2.6
      vertex -189.35593603638708 -168.63312392337295 4.745062641841153
      vertex -189.4661182042562 -168.53671277611866 4.7548135872335315
    endloop
  endfacet
  facet normal -0.500342733616654 -0.5003427336166983 -0.7066217501846256
    outer loop
      vertex -188.03903172076383 -166.92060897017416 2.6
      vertex -189.4661182042562 -168.53671277611866 4.7548135872335315
      vertex -189.63305816248666 -168.35587682501912 4.744974151840243
    endloop
  endfacet
  facet normal -0.6988798544194839 -0.11069169459637138 -0.7066217501846267
    outer loop
      vertex -188.44123503258922 -166.01724554122825 2.6
      vertex -190.55225633020504 -166.44648811007153 4.755132988893198
      vertex -190.57417719810277 -166.24142679640045 4.74469100725399
    endloop
  endfacet
  facet normal -0.7066217501846244 -0.037032476720216013 -0.7066217501846267
    outer loop
      vertex -188.44123503258922 -166.01724554122825 2.6
      vertex -190.57417719810277 -166.24142679640045 4.74469100725399
      vertex -190.59468510878784 -166.04958315565815 4.755144818758197
    endloop
  endfacet
  facet normal -0.7066217501846254 -0.03703247672024706 -0.706621750184624
    outer loop
      vertex -188.45 -165.85 2.6
      vertex -190.59468510878784 -166.04958315565815 4.755144818758197
      vertex -190.59468510878784 -165.85 4.744685108787858
    endloop
  endfacet
  facet normal -0.6605935554186096 -0.2535781077013932 -0.706621750184624
    outer loop
      vertex -188.37169042607223 -166.3444271909999 2.6
      vertex -190.34251066544627 -167.21560215719808 4.755073839754475
      vertex -190.41145766268824 -167.00718774190702 4.744738195540603
    endloop
  endfacet
  facet normal -0.6834808847193367 -0.1831381511026356 -0.7066217501846239
    outer loop
      vertex -188.37169042607223 -166.3444271909999 2.6
      vertex -190.41145766268824 -167.00718774190702 4.744738195540603
      vertex -190.46787950805444 -166.8366346158532 4.755109329200448
    endloop
  endfacet
  facet normal -0.6834808847193284 -0.1831381511026621 -0.7066217501846249
    outer loop
      vertex -188.41503616117407 -166.1826587053084 2.6
      vertex -190.46787950805444 -166.8366346158532 4.755109329200448
      vertex -190.51287783303735 -166.62856871800776 4.7447087027453465
    endloop
  endfacet
  facet normal -0.6988798544194899 -0.11069169459633868 -0.7066217501846257
    outer loop
      vertex -188.41503616117407 -166.1826587053084 2.6
      vertex -190.51287783303735 -166.62856871800776 4.7447087027453465
      vertex -190.55225633020504 -166.44648811007153 4.755132988893198
    endloop
  endfacet
  facet normal -0.11069169459636952 -0.6988798544194862 -0.7066217501846245
    outer loop
      vertex -187.1826587053084 -167.41503616117407 2.6
      vertex -187.34772072731394 -169.56682311626503 4.754068351911499
      vertex -187.62877111311383 -169.51383002714735 4.7456821694382025
    endloop
  endfacet
  facet normal -0.18313815110260506 -0.6834808847193437 -0.7066217501846253
    outer loop
      vertex -187.1826587053084 -167.41503616117407 2.6
      vertex -187.62877111311383 -169.51383002714735 4.7456821694382025
      vertex -187.73997512451666 -169.49286209974267 4.754222126591584
    endloop
  endfacet
  facet normal -0.03703247672022227 -0.7066217501846236 -0.7066217501846271
    outer loop
      vertex -187.01724554122825 -167.44123503258922 2.6
      vertex -186.94982695539164 -169.59867104171295 4.753902750757622
      vertex -187.24154705607236 -169.5753213924504 4.745841504143962
    endloop
  endfacet
  facet normal -0.11069169459641987 -0.698879854419477 -0.7066217501846256
    outer loop
      vertex -187.01724554122825 -167.44123503258922 2.6
      vertex -187.24154705607236 -169.5753213924504 4.745841504143962
      vertex -187.34772072731394 -169.56682311626503 4.754068351911499
    endloop
  endfacet
  facet normal -0.037032476720243984 -0.7066217501846255 -0.7066217501846243
    outer loop
      vertex -186.85 -167.45 2.6
      vertex -186.85 -169.59867104171295 4.748671041712963
      vertex -186.94982695539164 -169.59867104171295 4.753902750757622
    endloop
  endfacet
  facet normal -0.6969088295013848 0 -0.7171597335064273
    outer loop
      vertex -187.62675345394084 -166.04145253143005 0
      vertex -188.45 -165.85 0.8
      vertex -187.62675345394084 165.65854746856994 0
    endloop
  endfacet
  facet normal 0 0 -1
    outer loop
      vertex -187.62675345394084 -166.04145253143005 0
      vertex -187.62675345394084 165.65854746856994 0
      vertex -187.44880859853689 -166.38049812659264 0
    endloop
  endfacet
  facet normal -1 0 0
    outer loop
      vertex -188.45 -165.85 0.8
      vertex -188.45 -165.85 2.6
      vertex -188.45 165.85 0.8
    endloop
  endfacet
  facet normal -0.7071067811865482 0 -0.7071067811865469
    outer loop
      vertex -188.45 -165.85 2.6
      vertex -190.59468510878784 -165.85 4.744685108787858
      vertex -188.45 165.85 2.6
    endloop
  endfacet
  facet normal 0 0 -1
    outer loop
      vertex -187.44880859853689 -166.38049812659264 0
      vertex 186.9464293442043 -166.64416709927843 0
      vertex -187.13368390963402 -166.59801299414832 0
    endloop
  endfacet
  facet normal 0 0 -1
    outer loop
      vertex -187.13368390963402 -166.59801299414832 0
      vertex 186.9464293442043 -166.64416709927843 0
      vertex -186.75357065579573 -166.64416709927843 0
    endloop
  endfacet
  facet normal -3.1011264149006183e-20 -0.7096892649070893 -0.7045148311253889
    outer loop
      vertex -187.0428586884085 -167.43833419855687 0.8
      vertex -186.75357065579573 -166.64416709927843 0
      vertex 186.9464293442043 -166.64416709927843 0
    endloop
  endfacet
  facet normal 0 -1 0
    outer loop
      vertex -187.0428586884085 -167.43833419855687 0.8
      vertex 187.03556068649382 -167.43833419855687 2.6
      vertex -187.0355606864938 -167.43833419855687 2.6
    endloop
  endfacet
  facet normal 0 0 -1
    outer loop
      vertex -187.01724554122825 -167.44123503258922 2.6
      vertex -187.0355606864938 -167.43833419855687 2.6
      vertex 187.03556068649382 -167.43833419855687 2.6
    endloop
  endfacet
  facet normal 0 0 -1
    outer loop
      vertex -187.01724554122825 -167.44123503258922 2.6
      vertex 187.03556068649382 -167.43833419855687 2.6
      vertex -186.85 -167.45 2.6
    endloop
  endfacet
  facet normal 1.5671469043553117e-19 -0.7071067811865481 -0.7071067811865468
    outer loop
      vertex -186.85 -167.45 2.6
      vertex 186.75017304460837 -169.59867104171295 4.748671041712963
      vertex -186.85 -169.59867104171295 4.748671041712963
    endloop
  endfacet
  facet normal -0.6969088295013848 0 -0.7171597335064273
    outer loop
      vertex -188.45 -165.85 0.8
      vertex -188.45 165.85 0.8
      vertex -187.62675345394084 165.65854746856994 0
    endloop
  endfacet
  facet normal 0 0 -1
    outer loop
      vertex -187.44880859853689 -166.38049812659264 0
      vertex -187.62675345394084 165.65854746856994 0
      vertex -187.13368390963402 166.59801299414832 0
    endloop
  endfacet
  facet normal -1 0 0
    outer loop
      vertex -188.45 -165.85 2.6
      vertex -188.45 165.85 2.6
      vertex -188.45 165.85 0.8
    endloop
  endfacet
  facet normal -0.7071067811865482 0 -0.7071067811865469
    outer loop
      vertex -190.59468510878784 -165.85 4.744685108787858
      vertex -190.59468510878784 165.85 4.744685108787858
      vertex -188.45 165.85 2.6
    endloop
  endfacet
  facet normal -0.6969088295013847 0 -0.7171597335064274
    outer loop
      vertex -187.62675345394084 165.65854746856994 0
      vertex -188.45 165.85 0.8
      vertex -187.62675345394084 166.04145253143005 0
    endloop
  endfacet
  facet normal -0.6170821224129417 0.32386968187118426 -0.7171597335064185
    outer loop
      vertex -187.62675345394084 166.04145253143005 0
      vertex -188.26672964104512 166.59355707527 0.8
      vertex -187.44880859853689 166.38049812659264 0
    endloop
  endfacet
  facet normal -0.7045148311253936 0.08554358800473778 -0.704514831125388
    outer loop
      vertex -187.62675345394084 166.04145253143005 0
      vertex -188.45 165.85 0.8
      vertex -188.40350690788168 166.23290506286006 0.8
    endloop
  endfacet
  facet normal -0.6635709899476029 0.25165928161768897 -0.704514831125383
    outer loop
      vertex -187.62675345394084 166.04145253143005 0
      vertex -188.40350690788168 166.23290506286006 0.8
      vertex -188.26672964104512 166.59355707527 0.8
    endloop
  endfacet
  facet normal -0.5840628148164665 0.4031494525272888 -0.7045148311253733
    outer loop
      vertex -188.26672964104512 166.59355707527 0.8
      vertex -188.04761719707375 166.91099625318523 0.8
      vertex -187.44880859853689 166.38049812659264 0
    endloop
  endfacet
  facet normal -0.4706110318702307 0.5312100426445451 -0.7045148311253762
    outer loop
      vertex -188.04761719707375 166.91099625318523 0.8
      vertex -187.75890359476983 167.1667741854299 0.8
      vertex -187.44880859853689 166.38049812659264 0
    endloop
  endfacet
  facet normal 0 0 -1
    outer loop
      vertex -187.62675345394084 165.65854746856994 0
      vertex -187.62675345394084 166.04145253143005 0
      vertex -187.44880859853689 166.38049812659264 0
    endloop
  endfacet
  facet normal 0 0 -1
    outer loop
      vertex -187.62675345394084 165.65854746856994 0
      vertex -187.44880859853689 166.38049812659264 0
      vertex -187.13368390963402 166.59801299414832 0
    endloop
  endfacet
  facet normal -0.39588933772536616 0.5735447226784862 -0.7171597335064408
    outer loop
      vertex -187.75890359476983 167.1667741854299 0.8
      vertex -187.13368390963402 166.59801299414832 0
      vertex -187.44880859853689 166.38049812659264 0
    endloop
  endfacet
  facet normal -0.08400307674877576 0.6918275794833104 -0.7171597335064227
    outer loop
      vertex -187.13368390963402 166.59801299414832 0
      vertex -187.0428586884085 167.43833419855687 0.8
      vertex -186.75357065579573 166.64416709927846 0
    endloop
  endfacet
  facet normal -0.3298090463529686 0.6283986359534043 -0.7045148311253966
    outer loop
      vertex -187.75890359476983 167.1667741854299 0.8
      vertex -187.41736781926807 167.34602598829665 0.8
      vertex -187.13368390963402 166.59801299414832 0
    endloop
  endfacet
  facet normal -0.16983975786898697 0.6890669846766475 -0.70451483112539
    outer loop
      vertex -187.13368390963402 166.59801299414832 0
      vertex -187.41736781926807 167.34602598829665 0.8
      vertex -187.0428586884085 167.43833419855687 0.8
    endloop
  endfacet
  facet normal -0.9927088740980546 0.12053668025531829 0
    outer loop
      vertex -188.45 165.85 0.8
      vertex -188.45 165.85 2.6
      vertex -188.40350690788168 166.23290506286006 0.8
    endloop
  endfacet
  facet normal -0.9350162426854104 0.3546048870425475 -1.0290150886611342e-14
    outer loop
      vertex -188.40350690788168 166.23290506286006 0.8
      vertex -188.3969161906258 166.2502833560263 2.6
      vertex -188.26672964104512 166.59355707527 0.8
    endloop
  endfacet
  facet normal -0.8229838658936426 0.5680647467311757 4.3337561267941784e-16
    outer loop
      vertex -188.26672964104512 166.59355707527 0.8
      vertex -188.25783099170803 166.6064489945007 2.6
      vertex -188.04761719707375 166.91099625318523 0.8
    endloop
  endfacet
  facet normal -0.9927088740980065 0.12053668025571525 0
    outer loop
      vertex -188.40350690788168 166.23290506286006 0.8
      vertex -188.4051097265161 166.21970466379005 2.6
      vertex -188.40350690788168 166.23290506286006 2.6018708747372448
    endloop
  endfacet
  facet normal -0.9927088740980564 0.12053668025530412 -3.0594803444328036e-15
    outer loop
      vertex -188.40350690788168 166.23290506286006 0.8
      vertex -188.45 165.85 2.6
      vertex -188.4051097265161 166.21970466379005 2.6
    endloop
  endfacet
  facet normal -0.9350162426857638 0.35460488704161575 0
    outer loop
      vertex -188.40350690788168 166.23290506286006 0.8
      vertex -188.40350690788168 166.23290506286006 2.6018708747372448
      vertex -188.3969161906258 166.2502833560263 2.6
    endloop
  endfacet
  facet normal -0.9350162426857294 0.354604887041706 0
    outer loop
      vertex -188.26672964104512 166.59355707527 0.8
      vertex -188.27351226934215 166.5756727542762 2.6
      vertex -188.26672964104512 166.59355707527 2.6020787946775172
    endloop
  endfacet
  facet normal -0.9350162426853739 0.3546048870426435 1.0654197240954458e-14
    outer loop
      vertex -188.26672964104512 166.59355707527 0.8
      vertex -188.3969161906258 166.2502833560263 2.6
      vertex -188.27351226934215 166.5756727542762 2.6
    endloop
  endfacet
  facet normal -0.8229838658936144 0.5680647467312168 0
    outer loop
      vertex -188.26672964104512 166.59355707527 0.8
      vertex -188.26672964104512 166.59355707527 2.6020787946775172
      vertex -188.25783099170803 166.6064489945007 2.6
    endloop
  endfacet
  facet normal -0.8229838658936436 0.5680647467311744 9.32688520801855e-17
    outer loop
      vertex -188.04761719707375 166.91099625318523 0.8
      vertex -188.25783099170803 166.6064489945007 2.6
      vertex -188.05224403651997 166.9042931190157 2.6
    endloop
  endfacet
  facet normal -0.8229838658936554 0.5680647467311575 0
    outer loop
      vertex -188.04761719707375 166.91099625318523 0.8
      vertex -188.05224403651997 166.9042931190157 2.6
      vertex -188.04761719707375 166.91099625318523 2.6006235439722323
    endloop
  endfacet
  facet normal -0.6631226582399784 0.7485107481718247 0
    outer loop
      vertex -188.04761719707375 166.91099625318523 0.8
      vertex -188.04761719707375 166.91099625318523 2.6006235439722323
      vertex -188.04478185122795 166.91350815041434 2.6
    endloop
  endfacet
  facet normal 0 0 -1
    outer loop
      vertex -188.45 165.85 2.6
      vertex -188.44123503258922 166.01724554122828 2.6
      vertex -188.41503616117407 166.1826587053084 2.6
    endloop
  endfacet
  facet normal 0 0 -1
    outer loop
      vertex -188.45 165.85 2.6
      vertex -188.41503616117407 166.1826587053084 2.6
      vertex -188.4051097265161 166.21970466379005 2.6
    endloop
  endfacet
  facet normal 0 0 -1
    outer loop
      vertex -188.3969161906258 166.2502833560263 2.6
      vertex -188.37169042607223 166.34442719099994 2.6
      vertex -188.31167273222815 166.50077862892127 2.6
    endloop
  endfacet
  facet normal 0 0 -1
    outer loop
      vertex -188.3969161906258 166.2502833560263 2.6
      vertex -188.31167273222815 166.50077862892127 2.6
      vertex -188.27351226934215 166.5756727542762 2.6
    endloop
  endfacet
  facet normal 0 0 -1
    outer loop
      vertex -188.25783099170803 166.6064489945007 2.6
      vertex -188.2356406460551 166.65 2.6
      vertex -188.14442719099992 166.79045640366795 2.6
    endloop
  endfacet
  facet normal 0 0 -1
    outer loop
      vertex -188.25783099170803 166.6064489945007 2.6
      vertex -188.14442719099992 166.79045640366795 2.6
      vertex -188.05224403651997 166.9042931190157 2.6
    endloop
  endfacet
  facet normal -0.6631226582409041 0.7485107481710046 2.602833663281765e-15
    outer loop
      vertex -188.04761719707375 166.91099625318523 0.8
      vertex -188.04478185122795 166.91350815041434 2.6
      vertex -187.75890359476983 167.1667741854299 0.8
    endloop
  endfacet
  facet normal -0.46472317204368296 0.8854560256532549 8.423595364440514e-15
    outer loop
      vertex -187.75890359476983 167.1667741854299 0.8
      vertex -187.74400109918375 167.17459561847622 2.6
      vertex -187.41736781926807 167.34602598829665 0.8
    endloop
  endfacet
  facet normal -0.6631226582399266 0.7485107481718706 0
    outer loop
      vertex -187.75890359476983 167.1667741854299 0.8
      vertex -187.76675239910136 167.15982075155463 2.6
      vertex -187.75890359476983 167.1667741854299 2.6015590116915375
    endloop
  endfacet
  facet normal -0.6631226582409413 0.7485107481709717 -7.896430070204183e-15
    outer loop
      vertex -187.75890359476983 167.1667741854299 0.8
      vertex -188.04478185122795 166.91350815041434 2.6
      vertex -187.76675239910136 167.15982075155463 2.6
    endloop
  endfacet
  facet normal -0.46472317204288527 0.8854560256536734 0
    outer loop
      vertex -187.75890359476983 167.1667741854299 0.8
      vertex -187.75890359476983 167.1667741854299 2.6015590116915375
      vertex -187.74400109918375 167.17459561847622 2.6
    endloop
  endfacet
  facet normal 0 0 -1
    outer loop
      vertex -188.03903172076383 166.9206089701742 2.6
      vertex -187.92060897017416 167.0390317207638 2.6
      vertex -188.04478185122795 166.91350815041434 2.6
    endloop
  endfacet
  facet normal 0 0 -1
    outer loop
      vertex -188.04478185122795 166.91350815041434 2.6
      vertex -187.92060897017416 167.0390317207638 2.6
      vertex -187.79045640366795 167.1444271909999 2.6
    endloop
  endfacet
  facet normal 0 0 -1
    outer loop
      vertex -188.04478185122795 166.91350815041434 2.6
      vertex -187.79045640366795 167.1444271909999 2.6
      vertex -187.76675239910136 167.15982075155463 2.6
    endloop
  endfacet
  facet normal 0 0 -1
    outer loop
      vertex -187.74400109918375 167.17459561847622 2.6
      vertex -187.65 167.2356406460551 2.6
      vertex -187.50077862892127 167.31167273222812 2.6
    endloop
  endfacet
  facet normal -0.23931566428755582 0.9709418174260525 7.181557165948176e-15
    outer loop
      vertex -187.41736781926807 167.34602598829665 0.8
      vertex -187.40037305134186 167.3502148223778 2.6
      vertex -187.0428586884085 167.43833419855687 0.8
    endloop
  endfacet
  facet normal -0.46472317204492025 0.8854560256526053 0
    outer loop
      vertex -187.41736781926807 167.34602598829665 0.8
      vertex -187.43392977745967 167.33733360208763 2.6
      vertex -187.41736781926807 167.34602598829665 2.6021827580206973
    endloop
  endfacet
  facet normal -0.46472317204365526 0.8854560256532694 1.484546249011204e-14
    outer loop
      vertex -187.41736781926807 167.34602598829665 0.8
      vertex -187.74400109918375 167.17459561847622 2.6
      vertex -187.43392977745967 167.33733360208763 2.6
    endloop
  endfacet
  facet normal -0.2393156642868388 0.9709418174262292 0
    outer loop
      vertex -187.41736781926807 167.34602598829665 0.8
      vertex -187.41736781926807 167.34602598829665 2.6021827580206973
      vertex -187.40037305134186 167.3502148223778 2.6
    endloop
  endfacet
  facet normal 0 1 0
    outer loop
      vertex -187.0428586884085 167.43833419855687 0.8
      vertex -187.0428586884085 167.43833419855687 2.6011432257765703
      vertex -187.03556068649385 167.43833419855687 2.6
    endloop
  endfacet
  facet normal -0.23931566428730447 0.9709418174261144 0
    outer loop
      vertex -187.0428586884085 167.43833419855687 0.8
      vertex -187.0559798717297 167.43510011733142 2.6
      vertex -187.0428586884085 167.43833419855687 2.6011432257765703
    endloop
  endfacet
  facet normal -0.23931566428760084 0.9709418174260415 -2.291380788474118e-15
    outer loop
      vertex -187.0428586884085 167.43833419855687 0.8
      vertex -187.40037305134186 167.3502148223778 2.6
      vertex -187.0559798717297 167.43510011733142 2.6
    endloop
  endfacet
  facet normal 0 0 -1
    outer loop
      vertex -187.74400109918375 167.17459561847622 2.6
      vertex -187.50077862892127 167.31167273222812 2.6
      vertex -187.43392977745967 167.33733360208763 2.6
    endloop
  endfacet
  facet normal 0 0 -1
    outer loop
      vertex -187.3444271909999 167.3716904260722 2.6
      vertex -187.1826587053084 167.41503616117407 2.6
      vertex -187.40037305134186 167.3502148223778 2.6
    endloop
  endfacet
  facet normal 0 0 -1
    outer loop
      vertex -187.40037305134186 167.3502148223778 2.6
      vertex -187.1826587053084 167.41503616117407 2.6
      vertex -187.0559798717297 167.43510011733142 2.6
    endloop
  endfacet
  facet normal 0 0 -1
    outer loop
      vertex -187.01724554122825 167.44123503258922 2.6
      vertex -186.85 167.44999999999996 2.6
      vertex -187.03556068649385 167.43833419855687 2.6
    endloop
  endfacet
  facet normal -0.706621750184622 0.03703247672029251 -0.7066217501846249
    outer loop
      vertex -188.45 165.85 2.6
      vertex -190.59468510878784 166.04958315565815 4.755144818758197
      vertex -188.44123503258922 166.01724554122828 2.6
    endloop
  endfacet
  facet normal -0.698879854419489 0.11069169459635134 -0.7066217501846247
    outer loop
      vertex -188.44123503258922 166.01724554122828 2.6
      vertex -190.55225633020504 166.44648811007156 4.755132988893207
      vertex -188.41503616117407 166.1826587053084 2.6
    endloop
  endfacet
  facet normal -0.6834808847193927 0.18313815110244538 -0.706621750184619
    outer loop
      vertex -188.41503616117407 166.1826587053084 2.6
      vertex -190.46787950805444 166.83663461585323 4.755109329200461
      vertex -188.4051097265161 166.21970466379005 2.6
    endloop
  endfacet
  facet normal -0.6834808847192907 0.18313815110280532 -0.7066217501846244
    outer loop
      vertex -188.4051097265161 166.21970466379005 2.6
      vertex -190.46787950805444 166.83663461585323 4.755109329200461
      vertex -188.40350690788168 166.23290506286006 2.6018708747372448
    endloop
  endfacet
  facet normal -0.6834808847193113 0.18313815110274473 -0.70662175018462
    outer loop
      vertex -188.3969161906258 166.2502833560263 2.6
      vertex -190.46787950805444 166.83663461585323 4.755109329200461
      vertex -188.37169042607223 166.34442719099994 2.6
    endloop
  endfacet
  facet normal -0.6834808847195311 0.1831381511019474 -0.7066217501846143
    outer loop
      vertex -188.3969161906258 166.2502833560263 2.6
      vertex -188.40350690788168 166.23290506286006 2.6018708747372448
      vertex -190.46787950805444 166.83663461585323 4.755109329200461
    endloop
  endfacet
  facet normal -0.6304686248867492 0.32123980948728736 -0.7066217501846253
    outer loop
      vertex -188.25783099170803 166.6064489945007 2.6
      vertex -190.17757028146212 167.57909688043495 4.7550265206670765
      vertex -188.2356406460551 166.65 2.6
    endloop
  endfacet
  facet normal -0.6304686248866161 0.32123980948754927 -0.7066217501846249
    outer loop
      vertex -188.25783099170803 166.6064489945007 2.6
      vertex -188.26672964104512 166.59355707527 2.6020787946775172
      vertex -190.17757028146212 167.57909688043495 4.7550265206670765
    endloop
  endfacet
  facet normal -0.6304686248869659 0.3212398094868668 -0.706621750184623
    outer loop
      vertex -188.27351226934215 166.5756727542762 2.6
      vertex -190.17757028146212 167.57909688043495 4.7550265206670765
      vertex -188.26672964104512 166.59355707527 2.6020787946775172
    endloop
  endfacet
  facet normal -0.6304686248865444 0.32123980948768016 -0.7066217501846292
    outer loop
      vertex -188.31167273222815 166.50077862892127 2.6
      vertex -190.17757028146212 167.57909688043495 4.7550265206670765
      vertex -188.27351226934215 166.5756727542762 2.6
    endloop
  endfacet
  facet normal -0.6605935554185912 0.25357810770144396 -0.7066217501846227
    outer loop
      vertex -188.37169042607223 166.34442719099994 2.6
      vertex -190.34251066544627 167.2156021571981 4.755073839754491
      vertex -188.31167273222815 166.50077862892127 2.6
    endloop
  endfacet
  facet normal -0.5934361481663871 0.3853819406971064 -0.7066217501846189
    outer loop
      vertex -188.2356406460551 166.65 2.6
      vertex -189.97492719655943 167.92300024510448 4.7549673720874095
      vertex -188.14442719099992 166.79045640366795 2.6
    endloop
  endfacet
  facet normal -0.5499018608223551 0.44530174671804246 -0.7066217501846173
    outer loop
      vertex -188.14442719099992 166.79045640366795 2.6
      vertex -189.73687743786215 168.24341568866808 4.754896394201685
      vertex -188.05224403651997 166.9042931190157 2.6
    endloop
  endfacet
  facet normal -0.5499018608220428 0.44530174671843253 -0.7066217501846145
    outer loop
      vertex -188.03903172076383 166.9206089701742 2.6
      vertex -188.04478185122795 166.91350815041434 2.6
      vertex -189.73687743786215 168.24341568866808 4.754896394201685
    endloop
  endfacet
  facet normal -0.5499018608219849 0.4453017467185051 -0.7066217501846137
    outer loop
      vertex -188.04478185122795 166.91350815041434 2.6
      vertex -188.04761719707375 166.91099625318523 2.6006235439722323
      vertex -189.73687743786215 168.24341568866808 4.754896394201685
    endloop
  endfacet
  facet normal -0.5499018608222564 0.4453017467181654 -0.7066217501846165
    outer loop
      vertex -188.05224403651997 166.9042931190157 2.6
      vertex -189.73687743786215 168.24341568866808 4.754896394201685
      vertex -188.04761719707375 166.91099625318523 2.6006235439722323
    endloop
  endfacet
  facet normal -0.5003427336165581 0.5003427336167983 -0.7066217501846233
    outer loop
      vertex -188.03903172076383 166.9206089701742 2.6
      vertex -189.4661182042562 168.53671277611866 4.754813587233553
      vertex -187.92060897017416 167.0390317207638 2.6
    endloop
  endfacet
  facet normal -0.44530174671813233 0.5499018608222697 -0.7066217501846269
    outer loop
      vertex -187.92060897017416 167.0390317207638 2.6
      vertex -189.1657173060482 168.79956833425993 4.75471895144391
      vertex -187.79045640366795 167.1444271909999 2.6
    endloop
  endfacet
  facet normal -0.3853819406973866 0.5934361481662044 -0.7066217501846196
    outer loop
      vertex -187.79045640366795 167.1444271909999 2.6
      vertex -188.83907840544902 169.02900410458622 4.754612487130786
      vertex -187.76675239910136 167.15982075155463 2.6
    endloop
  endfacet
  facet normal -0.38538194069631204 0.5934361481668609 -0.7066217501846542
    outer loop
      vertex -187.76675239910136 167.15982075155463 2.6
      vertex -188.83907840544902 169.02900410458622 4.754612487130786
      vertex -187.75890359476983 167.1667741854299 2.6015590116915375
    endloop
  endfacet
  facet normal -0.38538194069673964 0.5934361481665982 -0.7066217501846416
    outer loop
      vertex -187.74400109918375 167.17459561847622 2.6
      vertex -187.75890359476983 167.1667741854299 2.6015590116915375
      vertex -188.83907840544902 169.02900410458622 4.754612487130786
    endloop
  endfacet
  facet normal -0.3853819406972812 0.5934361481662624 -0.7066217501846279
    outer loop
      vertex -187.74400109918375 167.17459561847622 2.6
      vertex -188.83907840544902 169.02900410458622 4.754612487130786
      vertex -187.65 167.2356406460551 2.6
    endloop
  endfacet
  facet normal -0.321239809487365 0.6304686248867057 -0.7066217501846287
    outer loop
      vertex -187.65 167.2356406460551 2.6
      vertex -188.4899024517207 169.22242048814203 4.754494194629768
      vertex -187.50077862892127 167.31167273222812 2.6
    endloop
  endfacet
  facet normal -0.2535781077011571 0.6605935554186916 -0.706621750184632
    outer loop
      vertex -187.50077862892127 167.31167273222812 2.6
      vertex -188.1221457479426 169.37762600001636 4.754364074313429
      vertex -187.43392977745967 167.33733360208763 2.6
    endloop
  endfacet
  facet normal -0.2535781077022962 0.660593555418281 -0.7066217501846069
    outer loop
      vertex -187.43392977745967 167.33733360208763 2.6
      vertex -188.1221457479426 169.37762600001636 4.754364074313429
      vertex -187.41736781926807 167.34602598829665 2.6021827580206973
    endloop
  endfacet
  facet normal -0.2535781077012073 0.6605935554186787 -0.7066217501846258
    outer loop
      vertex -187.40037305134186 167.3502148223778 2.6
      vertex -187.41736781926807 167.34602598829665 2.6021827580206973
      vertex -188.1221457479426 169.37762600001636 4.754364074313429
    endloop
  endfacet
  facet normal -0.2535781077014779 0.6605935554185788 -0.7066217501846224
    outer loop
      vertex -187.3444271909999 167.3716904260722 2.6
      vertex -187.40037305134186 167.3502148223778 2.6
      vertex -188.1221457479426 169.37762600001636 4.754364074313429
    endloop
  endfacet
  facet normal -0.18313815110273363 0.6834808847193103 -0.706621750184624
    outer loop
      vertex -187.3444271909999 167.3716904260722 2.6
      vertex -187.73997512451666 169.49286209974267 4.754222126591589
      vertex -187.1826587053084 167.41503616117407 2.6
    endloop
  endfacet
  facet normal -0.11069169459641866 0.6988798544194808 -0.706621750184622
    outer loop
      vertex -187.1826587053084 167.41503616117407 2.6
      vertex -187.34772072731394 169.56682311626506 4.754068351911529
      vertex -187.0559798717297 167.43510011733142 2.6
    endloop
  endfacet
  facet normal -0.11069169459597393 0.6988798544195473 -0.7066217501846261
    outer loop
      vertex -187.01724554122825 167.44123503258922 2.6
      vertex -187.03556068649385 167.43833419855687 2.6
      vertex -187.34772072731394 169.56682311626506 4.754068351911529
    endloop
  endfacet
  facet normal -0.11069169459585454 0.6988798544195653 -0.7066217501846268
    outer loop
      vertex -187.03556068649385 167.43833419855687 2.6
      vertex -187.0428586884085 167.43833419855687 2.6011432257765703
      vertex -187.34772072731394 169.56682311626506 4.754068351911529
    endloop
  endfacet
  facet normal -0.11069169459626864 0.698879854419503 -0.7066217501846237
    outer loop
      vertex -187.0559798717297 167.43510011733142 2.6
      vertex -187.34772072731394 169.56682311626506 4.754068351911529
      vertex -187.0428586884085 167.43833419855687 2.6011432257765703
    endloop
  endfacet
  facet normal -0.03703247672017875 0.7066217501846227 -0.7066217501846302
    outer loop
      vertex -187.01724554122825 167.44123503258922 2.6
      vertex -186.94982695539164 169.59867104171295 4.753902750757614
      vertex -186.85 167.44999999999996 2.6
    endloop
  endfacet
  facet normal -0.7066217501846254 0.03703247672024631 -0.706621750184624
    outer loop
      vertex -188.45 165.85 2.6
      vertex -190.59468510878784 165.85 4.744685108787858
      vertex -190.59468510878784 166.04958315565815 4.755144818758197
    endloop
  endfacet
  facet normal -0.7066217501846239 0.0370324767202377 -0.7066217501846261
    outer loop
      vertex -188.44123503258922 166.01724554122828 2.6
      vertex -190.59468510878784 166.04958315565815 4.755144818758197
      vertex -190.57417719810277 166.24142679640042 4.744691007253994
    endloop
  endfacet
  facet normal -0.698879854419488 0.11069169459635662 -0.7066217501846248
    outer loop
      vertex -188.44123503258922 166.01724554122828 2.6
      vertex -190.57417719810277 166.24142679640042 4.744691007253994
      vertex -190.55225633020504 166.44648811007156 4.755132988893207
    endloop
  endfacet
  facet normal -0.6988798544194867 0.11069169459636674 -0.7066217501846241
    outer loop
      vertex -188.41503616117407 166.1826587053084 2.6
      vertex -190.55225633020504 166.44648811007156 4.755132988893207
      vertex -190.51287783303735 166.62856871800776 4.744708702745358
    endloop
  endfacet
  facet normal -0.6834808847193353 0.18313815110264112 -0.7066217501846237
    outer loop
      vertex -188.41503616117407 166.1826587053084 2.6
      vertex -190.51287783303735 166.62856871800776 4.744708702745358
      vertex -190.46787950805444 166.83663461585323 4.755109329200461
    endloop
  endfacet
  facet normal -0.6834808847193247 0.18313815110269227 -0.706621750184621
    outer loop
      vertex -188.37169042607223 166.34442719099994 2.6
      vertex -190.46787950805444 166.83663461585323 4.755109329200461
      vertex -190.41145766268824 167.00718774190702 4.744738195540623
    endloop
  endfacet
  facet normal -0.660593555418629 0.2535781077013529 -0.7066217501846201
    outer loop
      vertex -188.37169042607223 166.34442719099994 2.6
      vertex -190.41145766268824 167.00718774190702 4.744738195540623
      vertex -190.34251066544627 167.2156021571981 4.755073839754491
    endloop
  endfacet
  facet normal -0.6605935554186345 0.25357810770132677 -0.7066217501846245
    outer loop
      vertex -188.31167273222815 166.50077862892127 2.6
      vertex -190.34251066544627 167.2156021571981 4.755073839754491
      vertex -190.2710262894038 167.37313903723722 4.744779486104349
    endloop
  endfacet
  facet normal -0.6304686248866178 0.3212398094875452 -0.7066217501846253
    outer loop
      vertex -188.31167273222815 166.50077862892127 2.6
      vertex -190.2710262894038 167.37313903723722 4.744779486104349
      vertex -190.17757028146212 167.57909688043495 4.7550265206670765
    endloop
  endfacet
  facet normal -0.6304686248865664 0.3212398094876572 -0.7066217501846201
    outer loop
      vertex -188.2356406460551 166.65 2.6
      vertex -190.17757028146212 167.57909688043495 4.7550265206670765
      vertex -190.09312014294485 167.72241628754344 4.744832575087048
    endloop
  endfacet
  facet normal -0.5934361481664562 0.38538194069699716 -0.7066217501846204
    outer loop
      vertex -188.14442719099992 166.79045640366795 2.6
      vertex -189.97492719655943 167.92300024510448 4.7549673720874095
      vertex -189.87968569002152 168.05119550028988 4.744897463324942
    endloop
  endfacet
  facet normal -0.5934361481664283 0.38538194069704657 -0.7066217501846168
    outer loop
      vertex -188.2356406460551 166.65 2.6
      vertex -190.09312014294485 167.72241628754344 4.744832575087048
      vertex -189.97492719655943 167.92300024510448 4.7549673720874095
    endloop
  endfacet
  facet normal -0.5499018608222469 0.4453017467181756 -0.7066217501846175
    outer loop
      vertex -188.03903172076383 166.9206089701742 2.6
      vertex -189.73687743786215 168.24341568866808 4.754896394201685
      vertex -189.6330581624867 168.35587682501907 4.744974151840275
    endloop
  endfacet
  facet normal -0.5499018608222441 0.44530174671817147 -0.7066217501846223
    outer loop
      vertex -188.14442719099992 166.79045640366795 2.6
      vertex -189.87968569002152 168.05119550028988 4.744897463324942
      vertex -189.73687743786215 168.24341568866808 4.754896394201685
    endloop
  endfacet
  facet normal -0.5003427336167243 0.5003427336166422 -0.7066217501846159
    outer loop
      vertex -188.03903172076383 166.9206089701742 2.6
      vertex -189.6330581624867 168.35587682501907 4.744974151840275
      vertex -189.4661182042562 168.53671277611866 4.754813587233553
    endloop
  endfacet
  facet normal -0.5003427336167325 0.5003427336166207 -0.7066217501846251
    outer loop
      vertex -187.92060897017416 167.0390317207638 2.6
      vertex -189.4661182042562 168.53671277611866 4.754813587233553
      vertex -189.35593603638708 168.63312392337295 4.745062641841163
    endloop
  endfacet
  facet normal -0.44530174671811934 0.5499018608222794 -0.7066217501846276
    outer loop
      vertex -187.92060897017416 167.0390317207638 2.6
      vertex -189.35593603638708 168.63312392337295 4.745062641841163
      vertex -189.1657173060482 168.79956833425993 4.75471895144391
    endloop
  endfacet
  facet normal -0.44530174671808426 0.5499018608223091 -0.7066217501846266
    outer loop
      vertex -187.79045640366795 167.1444271909999 2.6
      vertex -189.1657173060482 168.79956833425993 4.75471895144391
      vertex -189.0513515404619 168.87990046089308 4.745162934721826
    endloop
  endfacet
  facet normal -0.3853819406971491 0.5934361481663497 -0.706621750184627
    outer loop
      vertex -187.65 167.2356406460551 2.6
      vertex -188.83907840544902 169.02900410458622 4.754612487130786
      vertex -188.7226375160312 169.09350332192562 4.7452750320623895
    endloop
  endfacet
  facet normal -0.3853819406971865 0.5934361481663247 -0.7066217501846275
    outer loop
      vertex -187.79045640366795 167.1444271909999 2.6
      vertex -189.0513515404619 168.87990046089308 4.745162934721826
      vertex -188.83907840544902 169.02900410458622 4.754612487130786
    endloop
  endfacet
  facet normal -0.32123980948757574 0.6304686248865972 -0.7066217501846298
    outer loop
      vertex -187.50077862892127 167.31167273222812 2.6
      vertex -188.4899024517207 169.22242048814203 4.754494194629768
      vertex -188.37339099005754 169.27159218470362 4.745398935629339
    endloop
  endfacet
  facet normal -0.3212398094874273 0.6304686248866765 -0.7066217501846263
    outer loop
      vertex -187.65 167.2356406460551 2.6
      vertex -188.7226375160312 169.09350332192562 4.7452750320623895
      vertex -188.4899024517207 169.22242048814203 4.754494194629768
    endloop
  endfacet
  facet normal -0.25357810770124817 0.6605935554186606 -0.7066217501846284
    outer loop
      vertex -187.50077862892127 167.31167273222812 2.6
      vertex -188.37339099005754 169.27159218470362 4.745398935629339
      vertex -188.1221457479426 169.37762600001636 4.754364074313429
    endloop
  endfacet
  facet normal -0.2535781077013799 0.6605935554186165 -0.7066217501846223
    outer loop
      vertex -187.3444271909999 167.3716904260722 2.6
      vertex -188.1221457479426 169.37762600001636 4.754364074313429
      vertex -188.00743385905906 169.41221513339528 4.745534647375069
    endloop
  endfacet
  facet normal -0.1831381511027293 0.6834808847193112 -0.7066217501846244
    outer loop
      vertex -187.3444271909999 167.3716904260722 2.6
      vertex -188.00743385905906 169.41221513339528 4.745534647375069
      vertex -187.73997512451666 169.49286209974267 4.754222126591589
    endloop
  endfacet
  facet normal -0.1831381511026804 0.6834808847193241 -0.7066217501846243
    outer loop
      vertex -187.1826587053084 167.41503616117407 2.6
      vertex -187.73997512451666 169.49286209974267 4.754222126591589
      vertex -187.62877111311383 169.51383002714735 4.745682169438195
    endloop
  endfacet
  facet normal -0.11069169459634678 0.6988798544194893 -0.7066217501846249
    outer loop
      vertex -187.1826587053084 167.41503616117407 2.6
      vertex -187.62877111311383 169.51383002714735 4.745682169438195
      vertex -187.34772072731394 169.56682311626506 4.754068351911529
    endloop
  endfacet
  facet normal -0.11069169459654113 0.698879854419458 -0.7066217501846255
    outer loop
      vertex -187.01724554122825 167.44123503258922 2.6
      vertex -187.34772072731394 169.56682311626506 4.754068351911529
      vertex -187.24154705607236 169.57532139245043 4.745841504143973
    endloop
  endfacet
  facet normal -0.03703247672023165 0.7066217501846201 -0.7066217501846302
    outer loop
      vertex -186.85 167.44999999999996 2.6
      vertex -186.94982695539164 169.59867104171295 4.753902750757614
      vertex -186.85 169.59867104171295 4.7486710417129565
    endloop
  endfacet
  facet normal -0.03703247672020103 0.7066217501846225 -0.7066217501846295
    outer loop
      vertex -187.01724554122825 167.44123503258922 2.6
      vertex -187.24154705607236 169.57532139245043 4.745841504143973
      vertex -186.94982695539164 169.59867104171295 4.753902750757614
    endloop
  endfacet
  facet normal 0 0 -1
    outer loop
      vertex -187.44880859853689 -166.38049812659264 0
      vertex -187.13368390963402 166.59801299414832 0
      vertex 187.30445179738493 166.5083870927149 0
    endloop
  endfacet
  facet normal 0 0 -1
    outer loop
      vertex -187.13368390963402 166.59801299414832 0
      vertex -186.75357065579573 166.64416709927846 0
      vertex 186.9464293442043 166.64416709927846 0
    endloop
  endfacet
  facet normal 0 0.7096892649071019 -0.7045148311253763
    outer loop
      vertex -186.75357065579573 166.64416709927846 0
      vertex -187.0428586884085 167.43833419855687 0.8
      vertex 186.9464293442043 166.64416709927846 0
    endloop
  endfacet
  facet normal 0 1 0
    outer loop
      vertex -187.0428586884085 167.43833419855687 0.8
      vertex -187.03556068649385 167.43833419855687 2.6
      vertex 187.04285868840853 167.43833419855687 0.8
    endloop
  endfacet
  facet normal 0 0 -1
    outer loop
      vertex -187.03556068649385 167.43833419855687 2.6
      vertex -186.85 167.44999999999996 2.6
      vertex 186.85 167.44999999999996 2.6
    endloop
  endfacet
  facet normal 0 0.7071067811865424 -0.7071067811865525
    outer loop
      vertex -186.85 167.44999999999996 2.6
      vertex -186.85 169.59867104171295 4.7486710417129565
      vertex 186.85 167.44999999999996 2.6
    endloop
  endfacet
  facet normal 0 -0.7096892649070894 -0.7045148311253889
    outer loop
      vertex -187.0428586884085 -167.43833419855687 0.8
      vertex 186.9464293442043 -166.64416709927843 0
      vertex 187.04285868840853 -167.43833419855687 0.8
    endloop
  endfacet
  facet normal 0 0 -1
    outer loop
      vertex -187.44880859853689 -166.38049812659264 0
      vertex 187.30445179738493 -166.5083870927149 0
      vertex 186.9464293442043 -166.64416709927843 0
    endloop
  endfacet
  facet normal 0 -1 0
    outer loop
      vertex -187.0428586884085 -167.43833419855687 0.8
      vertex 187.04285868840853 -167.43833419855687 0.8
      vertex 187.03556068649382 -167.43833419855687 2.6
    endloop
  endfacet
  facet normal 0 0 -1
    outer loop
      vertex -186.85 -167.45 2.6
      vertex 187.03556068649382 -167.43833419855687 2.6
      vertex 186.85 -167.45 2.6
    endloop
  endfacet
  facet normal 0 -0.7071067811865481 -0.7071067811865469
    outer loop
      vertex -186.85 -167.45 2.6
      vertex 186.85 -167.45 2.6
      vertex 186.75017304460837 -169.59867104171295 4.748671041712963
    endloop
  endfacet
  facet normal 0 0 -1
    outer loop
      vertex -187.44880859853689 -166.38049812659264 0
      vertex 187.30445179738493 166.5083870927149 0
      vertex 187.30445179738493 -166.5083870927149 0
    endloop
  endfacet
  facet normal 0.1698397578689877 -0.6890669846766503 -0.7045148311253869
    outer loop
      vertex 187.04285868840853 -167.43833419855687 0.8
      vertex 186.9464293442043 -166.64416709927843 0
      vertex 187.4173678192681 -167.34602598829665 0.8
    endloop
  endfacet
  facet normal 0.3298090463530554 -0.6283986359533655 -0.7045148311253906
    outer loop
      vertex 187.4173678192681 -167.34602598829665 0.8
      vertex 187.30445179738493 -166.5083870927149 0
      vertex 187.7589035947698 -167.16677418542986 0.8
    endloop
  endfacet
  facet normal 0.24712727676430615 -0.6516210752546641 -0.7171597335064298
    outer loop
      vertex 187.4173678192681 -167.34602598829665 0.8
      vertex 186.9464293442043 -166.64416709927843 0
      vertex 187.30445179738493 -166.5083870927149 0
    endloop
  endfacet
  facet normal 0 0 -1
    outer loop
      vertex 187.30445179738493 -166.5083870927149 0
      vertex 187.65 -165.85 0
      vertex 187.5583648205226 -166.221778537635 0
    endloop
  endfacet
  facet normal 0.5216437493771144 -0.46213603557047966 -0.717159733506411
    outer loop
      vertex 187.30445179738493 -166.5083870927149 0
      vertex 187.5583648205226 -166.221778537635 0
      vertex 188.04761719707372 -166.91099625318526 0.8
    endloop
  endfacet
  facet normal 0.6766579254963544 -0.16678119947994982 -0.71715973350642
    outer loop
      vertex 187.5583648205226 -166.221778537635 0
      vertex 187.65 -165.85 0
      vertex 188.40350690788168 -166.23290506286008 0.8
    endloop
  endfacet
  facet normal 0.4706110318701683 -0.5312100426445927 -0.7045148311253819
    outer loop
      vertex 187.30445179738493 -166.5083870927149 0
      vertex 188.04761719707372 -166.91099625318526 0.8
      vertex 187.7589035947698 -167.16677418542986 0.8
    endloop
  endfacet
  facet normal 0.5840628148164314 -0.4031494525273329 -0.7045148311253772
    outer loop
      vertex 187.5583648205226 -166.221778537635 0
      vertex 188.26672964104515 -166.59355707527 0.8
      vertex 188.04761719707372 -166.91099625318526 0.8
    endloop
  endfacet
  facet normal 0.6635709899476167 -0.25165928161766193 -0.7045148311253797
    outer loop
      vertex 187.5583648205226 -166.221778537635 0
      vertex 188.40350690788168 -166.23290506286008 0.8
      vertex 188.26672964104515 -166.59355707527 0.8
    endloop
  endfacet
  facet normal 0.7045148311254141 -0.08554358800468179 -0.704514831125374
    outer loop
      vertex 187.65 -165.85 0
      vertex 188.44999999999996 -165.85 0.8
      vertex 188.40350690788168 -166.23290506286008 0.8
    endloop
  endfacet
  facet normal 0.23931566428755582 -0.9709418174260525 3.620741210072018e-15
    outer loop
      vertex 187.04285868840853 -167.43833419855687 0.8
      vertex 187.4173678192681 -167.34602598829665 0.8
      vertex 187.40037305134203 -167.35021482237778 2.6
    endloop
  endfacet
  facet normal 0 -1 0
    outer loop
      vertex 187.04285868840853 -167.43833419855687 0.8
      vertex 187.04285868840853 -167.43833419855687 2.601143225776586
      vertex 187.03556068649382 -167.43833419855687 2.6
    endloop
  endfacet
  facet normal 0.23931566428684367 -0.970941817426228 0
    outer loop
      vertex 187.04285868840853 -167.43833419855687 0.8
      vertex 187.05597987172987 -167.4351001173314 2.6
      vertex 187.04285868840853 -167.43833419855687 2.601143225776586
    endloop
  endfacet
  facet normal 0.23931566428760084 -0.9709418174260415 -5.854235066152953e-15
    outer loop
      vertex 187.04285868840853 -167.43833419855687 0.8
      vertex 187.40037305134203 -167.35021482237778 2.6
      vertex 187.05597987172987 -167.4351001173314 2.6
    endloop
  endfacet
  facet normal 0.2393156642871945 -0.9709418174261415 0
    outer loop
      vertex 187.4173678192681 -167.34602598829665 0.8
      vertex 187.4173678192681 -167.34602598829665 2.602182758020674
      vertex 187.40037305134203 -167.35021482237778 2.6
    endloop
  endfacet
  facet normal 0.4647231720432812 -0.8854560256534656 0
    outer loop
      vertex 187.4173678192681 -167.34602598829665 0.8
      vertex 187.43392977745955 -167.33733360208774 2.6
      vertex 187.4173678192681 -167.34602598829665 2.602182758020674
    endloop
  endfacet
  facet normal 0.4647231720438113 -0.8854560256531875 -6.221579435711491e-15
    outer loop
      vertex 187.4173678192681 -167.34602598829665 0.8
      vertex 187.74400109918426 -167.17459561847593 2.6
      vertex 187.43392977745955 -167.33733360208774 2.6
    endloop
  endfacet
  facet normal 0 0 -1
    outer loop
      vertex 186.85 -167.45 2.6
      vertex 187.03556068649382 -167.43833419855687 2.6
      vertex 187.01724554122828 -167.44123503258922 2.6
    endloop
  endfacet
  facet normal 0 0 -1
    outer loop
      vertex 187.1826587053084 -167.41503616117407 2.6
      vertex 187.05597987172987 -167.4351001173314 2.6
      vertex 187.40037305134203 -167.35021482237778 2.6
    endloop
  endfacet
  facet normal 0 0 -1
    outer loop
      vertex 187.1826587053084 -167.41503616117407 2.6
      vertex 187.40037305134203 -167.35021482237778 2.6
      vertex 187.34442719099994 -167.37169042607223 2.6
    endloop
  endfacet
  facet normal 0 0 -1
    outer loop
      vertex 187.50077862892127 -167.31167273222815 2.6
      vertex 187.43392977745955 -167.33733360208774 2.6
      vertex 187.74400109918426 -167.17459561847593 2.6
    endloop
  endfacet
  facet normal 0.4647231720438014 -0.8854560256531926 -3.910987937464609e-15
    outer loop
      vertex 187.4173678192681 -167.34602598829665 0.8
      vertex 187.7589035947698 -167.16677418542986 0.8
      vertex 187.74400109918426 -167.17459561847593 2.6
    endloop
  endfacet
  facet normal 0.6631226582408216 -0.7485107481710777 4.748931323403399e-15
    outer loop
      vertex 187.7589035947698 -167.16677418542986 0.8
      vertex 188.04761719707372 -166.91099625318526 0.8
      vertex 188.04478185122773 -166.91350815041454 2.6
    endloop
  endfacet
  facet normal 0.4647231720441722 -0.8854560256529981 0
    outer loop
      vertex 187.7589035947698 -167.16677418542986 0.8
      vertex 187.7589035947698 -167.16677418542986 2.601559011691474
      vertex 187.74400109918426 -167.17459561847593 2.6
    endloop
  endfacet
  facet normal 0.6631226582410582 -0.7485107481708683 0
    outer loop
      vertex 187.7589035947698 -167.16677418542986 0.8
      vertex 187.76675239910102 -167.15982075155486 2.6
      vertex 187.7589035947698 -167.16677418542986 2.601559011691474
    endloop
  endfacet
  facet normal 0.6631226582408322 -0.7485107481710682 1.7587612405789012e-15
    outer loop
      vertex 187.7589035947698 -167.16677418542986 0.8
      vertex 188.04478185122773 -166.91350815041454 2.6
      vertex 187.76675239910102 -167.15982075155486 2.6
    endloop
  endfacet
  facet normal 0 0 -1
    outer loop
      vertex 187.50077862892127 -167.31167273222815 2.6
      vertex 187.74400109918426 -167.17459561847593 2.6
      vertex 187.65 -167.2356406460551 2.6
    endloop
  endfacet
  facet normal 0 0 -1
    outer loop
      vertex 187.79045640366795 -167.14442719099992 2.6
      vertex 187.76675239910102 -167.15982075155486 2.6
      vertex 188.04478185122773 -166.91350815041454 2.6
    endloop
  endfacet
  facet normal 0 0 -1
    outer loop
      vertex 187.79045640366795 -167.14442719099992 2.6
      vertex 188.04478185122773 -166.91350815041454 2.6
      vertex 187.9206089701742 -167.03903172076383 2.6
    endloop
  endfacet
  facet normal 0 0 -1
    outer loop
      vertex 187.9206089701742 -167.03903172076383 2.6
      vertex 188.04478185122773 -166.91350815041454 2.6
      vertex 188.0390317207638 -166.92060897017416 2.6
    endloop
  endfacet
  facet normal 0.8229838658935975 -0.5680647467312411 -1.0148415711694354e-14
    outer loop
      vertex 188.04761719707372 -166.91099625318526 0.8
      vertex 188.26672964104515 -166.59355707527 0.8
      vertex 188.257830991708 -166.60644899450082 2.6
    endloop
  endfacet
  facet normal 0.9350162426854256 -0.35460488704250753 -1.0351771421583625e-14
    outer loop
      vertex 188.26672964104515 -166.59355707527 0.8
      vertex 188.40350690788168 -166.23290506286008 0.8
      vertex 188.39691619062572 -166.25028335602656 2.6
    endloop
  endfacet
  facet normal 0.9927088740980645 -0.12053668025523684 1.13538125873626e-18
    outer loop
      vertex 188.40350690788168 -166.23290506286008 0.8
      vertex 188.44999999999996 -165.85 0.8
      vertex 188.44999999999996 -165.85 2.6
    endloop
  endfacet
  facet normal 0.6631226582391315 -0.748510748172575 0
    outer loop
      vertex 188.04761719707372 -166.91099625318526 0.8
      vertex 188.04761719707372 -166.91099625318526 2.6006235439722754
      vertex 188.04478185122773 -166.91350815041454 2.6
    endloop
  endfacet
  facet normal 0.8229838658948532 -0.568064746729422 0
    outer loop
      vertex 188.04761719707372 -166.91099625318526 0.8
      vertex 188.05224403652025 -166.90429311901525 2.6
      vertex 188.04761719707372 -166.91099625318526 2.6006235439722754
    endloop
  endfacet
  facet normal 0.8229838658935406 -0.5680647467313236 1.045520971157753e-14
    outer loop
      vertex 188.04761719707372 -166.91099625318526 0.8
      vertex 188.257830991708 -166.60644899450082 2.6
      vertex 188.05224403652025 -166.90429311901525 2.6
    endloop
  endfacet
  facet normal 0.9350162426855593 -0.3546048870421546 0
    outer loop
      vertex 188.26672964104515 -166.59355707527 0.8
      vertex 188.27351226934226 -166.575672754276 2.6
      vertex 188.26672964104515 -166.59355707527 2.6020787946775408
    endloop
  endfacet
  facet normal 0.9350162426853991 -0.354604887042577 4.800592398984267e-15
    outer loop
      vertex 188.26672964104515 -166.59355707527 0.8
      vertex 188.39691619062572 -166.25028335602656 2.6
      vertex 188.27351226934226 -166.575672754276 2.6
    endloop
  endfacet
  facet normal 0.8229838658942598 -0.5680647467302816 0
    outer loop
      vertex 188.26672964104515 -166.59355707527 0.8
      vertex 188.26672964104515 -166.59355707527 2.6020787946775408
      vertex 188.257830991708 -166.60644899450082 2.6
    endloop
  endfacet
  facet normal 0.9350162426857809 -0.3546048870415702 0
    outer loop
      vertex 188.40350690788168 -166.23290506286008 0.8
      vertex 188.40350690788168 -166.23290506286008 2.601870874737267
      vertex 188.39691619062572 -166.25028335602656 2.6
    endloop
  endfacet
  facet normal 0.9927088740981307 -0.1205366802546922 0
    outer loop
      vertex 188.40350690788168 -166.23290506286008 0.8
      vertex 188.4051097265161 -166.21970466378997 2.6
      vertex 188.40350690788168 -166.23290506286008 2.601870874737267
    endloop
  endfacet
  facet normal 0.9927088740980621 -0.12053668025525628 4.197764900201655e-15
    outer loop
      vertex 188.40350690788168 -166.23290506286008 0.8
      vertex 188.44999999999996 -165.85 2.6
      vertex 188.4051097265161 -166.21970466378997 2.6
    endloop
  endfacet
  facet normal 0 0 -1
    outer loop
      vertex 188.05224403652025 -166.90429311901525 2.6
      vertex 188.257830991708 -166.60644899450082 2.6
      vertex 188.1444271909999 -166.79045640366795 2.6
    endloop
  endfacet
  facet normal 0 0 -1
    outer loop
      vertex 188.1444271909999 -166.79045640366795 2.6
      vertex 188.257830991708 -166.60644899450082 2.6
      vertex 188.2356406460551 -166.65 2.6
    endloop
  endfacet
  facet normal 0 0 -1
    outer loop
      vertex 188.31167273222812 -166.50077862892127 2.6
      vertex 188.27351226934226 -166.575672754276 2.6
      vertex 188.39691619062572 -166.25028335602656 2.6
    endloop
  endfacet
  facet normal 0 0 -1
    outer loop
      vertex 188.31167273222812 -166.50077862892127 2.6
      vertex 188.39691619062572 -166.25028335602656 2.6
      vertex 188.3716904260722 -166.3444271909999 2.6
    endloop
  endfacet
  facet normal 0 0 -1
    outer loop
      vertex 188.41503616117407 -166.1826587053084 2.6
      vertex 188.4051097265161 -166.21970466378997 2.6
      vertex 188.44999999999996 -165.85 2.6
    endloop
  endfacet
  facet normal 0 0 -1
    outer loop
      vertex 188.41503616117407 -166.1826587053084 2.6
      vertex 188.44999999999996 -165.85 2.6
      vertex 188.44123503258922 -166.01724554122825 2.6
    endloop
  endfacet
  facet normal 0.037032476720292466 -0.7066217501846211 -0.706621750184626
    outer loop
      vertex 186.85 -167.45 2.6
      vertex 187.01724554122828 -167.44123503258922 2.6
      vertex 187.14919789582407 -169.5880450263653 4.7537253236516115
    endloop
  endfacet
  facet normal 0.11069169459630959 -0.6988798544194974 -0.7066217501846228
    outer loop
      vertex 187.01724554122828 -167.44123503258922 2.6
      vertex 187.03556068649382 -167.43833419855687 2.6
      vertex 187.54483271532663 -169.53506546722195 4.753536071152456
    endloop
  endfacet
  facet normal 0.1106916945964979 -0.6988798544194597 -0.7066217501846306
    outer loop
      vertex 187.03556068649382 -167.43833419855687 2.6
      vertex 187.04285868840853 -167.43833419855687 2.601143225776586
      vertex 187.54483271532663 -169.53506546722195 4.753536071152456
    endloop
  endfacet
  facet normal 0.11069169459577327 -0.6988798544196035 -0.7066217501846017
    outer loop
      vertex 187.05597987172987 -167.4351001173314 2.6
      vertex 187.54483271532663 -169.53506546722195 4.753536071152456
      vertex 187.04285868840853 -167.43833419855687 2.601143225776586
    endloop
  endfacet
  facet normal 0.1106916945964106 -0.6988798544194791 -0.7066217501846251
    outer loop
      vertex 187.1826587053084 -167.41503616117407 2.6
      vertex 187.54483271532663 -169.53506546722195 4.753536071152456
      vertex 187.05597987172987 -167.4351001173314 2.6
    endloop
  endfacet
  facet normal 0.1831381511025923 -0.6834808847193511 -0.7066217501846211
    outer loop
      vertex 187.1826587053084 -167.41503616117407 2.6
      vertex 187.34442719099994 -167.37169042607223 2.6
      vertex 187.9325948025236 -169.44033264385752 4.753334993856337
    endloop
  endfacet
  facet normal 0.2535781077014992 -0.6605935554185638 -0.7066217501846286
    outer loop
      vertex 187.34442719099994 -167.37169042607223 2.6
      vertex 187.40037305134203 -167.35021482237778 2.6
      vertex 188.30809065802495 -169.30491991701405 4.753122092396694
    endloop
  endfacet
  facet normal 0.253578107701242 -0.6605935554186728 -0.706621750184619
    outer loop
      vertex 187.40037305134203 -167.35021482237778 2.6
      vertex 187.4173678192681 -167.34602598829665 2.602182758020674
      vertex 188.30809065802495 -169.30491991701405 4.753122092396694
    endloop
  endfacet
  facet normal 0.2535781077011633 -0.6605935554187058 -0.7066217501846164
    outer loop
      vertex 187.43392977745955 -167.33733360208774 2.6
      vertex 188.30809065802495 -169.30491991701405 4.753122092396694
      vertex 187.4173678192681 -167.34602598829665 2.602182758020674
    endloop
  endfacet
  facet normal 0.25357810770151756 -0.6605935554185592 -0.7066217501846263
    outer loop
      vertex 187.50077862892127 -167.31167273222815 2.6
      vertex 188.30809065802495 -169.30491991701405 4.753122092396694
      vertex 187.43392977745955 -167.33733360208774 2.6
    endloop
  endfacet
  facet normal 0.3212398094874643 -0.6304686248866648 -0.7066217501846199
    outer loop
      vertex 187.50077862892127 -167.31167273222815 2.6
      vertex 187.65 -167.2356406460551 2.6
      vertex 188.66706576374744 -169.13036156699485 4.752897367444278
    endloop
  endfacet
  facet normal 0.44530174671808026 -0.5499018608223255 -0.7066217501846166
    outer loop
      vertex 187.79045640366795 -167.14442719099992 2.6
      vertex 187.9206089701742 -167.03903172076383 2.6
      vertex 189.31941767149388 -168.6721403869605 4.752412449930047
    endloop
  endfacet
  facet normal 0.38538194069699055 -0.5934361481664634 -0.7066217501846179
    outer loop
      vertex 187.79045640366795 -167.14442719099992 2.6
      vertex 189.00545278830398 -168.91863540965562 4.752660819706959
      vertex 187.76675239910102 -167.15982075155486 2.6
    endloop
  endfacet
  facet normal 0.3853819406974297 -0.5934361481661664 -0.7066217501846279
    outer loop
      vertex 187.76675239910102 -167.15982075155486 2.6
      vertex 189.00545278830398 -168.91863540965562 4.752660819706959
      vertex 187.7589035947698 -167.16677418542986 2.601559011691474
    endloop
  endfacet
  facet normal 0.38538194069731846 -0.5934361481662419 -0.706621750184625
    outer loop
      vertex 187.74400109918426 -167.17459561847593 2.6
      vertex 187.7589035947698 -167.16677418542986 2.601559011691474
      vertex 189.00545278830398 -168.91863540965562 4.752660819706959
    endloop
  endfacet
  facet normal 0.38538194069707377 -0.5934361481664098 -0.7066217501846175
    outer loop
      vertex 187.65 -167.2356406460551 2.6
      vertex 187.74400109918426 -167.17459561847593 2.6
      vertex 189.00545278830398 -168.91863540965562 4.752660819706959
    endloop
  endfacet
  facet normal 0.5003427336167947 -0.5003427336165546 -0.7066217501846277
    outer loop
      vertex 187.9206089701742 -167.03903172076383 2.6
      vertex 188.0390317207638 -166.92060897017416 2.6
      vertex 189.6054030657365 -168.39366938601106 4.752152258895916
    endloop
  endfacet
  facet normal 0.5499018608231704 -0.44530174671689543 -0.7066217501847055
    outer loop
      vertex 188.05224403652025 -166.90429311901525 2.6
      vertex 189.86016864224112 -168.08637759451938 4.751880247424244
      vertex 188.04761719707372 -166.91099625318526 2.6006235439722754
    endloop
  endfacet
  facet normal 0.549901860822574 -0.44530174671771433 -0.7066217501846536
    outer loop
      vertex 188.0390317207638 -166.92060897017416 2.6
      vertex 188.04478185122773 -166.91350815041454 2.6
      vertex 189.86016864224112 -168.08637759451938 4.751880247424244
    endloop
  endfacet
  facet normal 0.5499018608215076 -0.44530174671918604 -0.706621750184556
    outer loop
      vertex 188.04478185122773 -166.91350815041454 2.6
      vertex 188.04761719707372 -166.91099625318526 2.6006235439722754
      vertex 189.86016864224112 -168.08637759451938 4.751880247424244
    endloop
  endfacet
  facet normal 0.549901860822219 -0.44530174671820083 -0.7066217501846233
    outer loop
      vertex 188.05224403652025 -166.90429311901525 2.6
      vertex 188.1444271909999 -166.79045640366795 2.6
      vertex 189.86016864224112 -168.08637759451938 4.751880247424244
    endloop
  endfacet
  facet normal 0.5934361481663258 -0.3853819406971868 -0.7066217501846265
    outer loop
      vertex 188.1444271909999 -166.79045640366795 2.6
      vertex 188.2356406460551 -166.65 2.6
      vertex 190.08082780522673 -167.75374675127065 4.7515964163719016
    endloop
  endfacet
  facet normal 0.6304686248865858 -0.3212398094876313 -0.7066217501846145
    outer loop
      vertex 188.2356406460551 -166.65 2.6
      vertex 188.257830991708 -166.60644899450082 2.6
      vertex 190.26488039820592 -167.3995456966314 4.7513007666332285
    endloop
  endfacet
  facet normal 0.6304686248870859 -0.32123980948652286 -0.7066217501846723
    outer loop
      vertex 188.257830991708 -166.60644899450082 2.6
      vertex 188.26672964104515 -166.59355707527 2.6020787946775408
      vertex 190.26488039820592 -167.3995456966314 4.7513007666332285
    endloop
  endfacet
  facet normal 0.6304686248867932 -0.32123980948716563 -0.7066217501846414
    outer loop
      vertex 188.27351226934226 -166.575672754276 2.6
      vertex 190.26488039820592 -167.3995456966314 4.7513007666332285
      vertex 188.26672964104515 -166.59355707527 2.6020787946775408
    endloop
  endfacet
  facet normal 0.6304686248866818 -0.32123980948740727 -0.7066217501846307
    outer loop
      vertex 188.31167273222812 -166.50077862892127 2.6
      vertex 190.26488039820592 -167.3995456966314 4.7513007666332285
      vertex 188.27351226934226 -166.575672754276 2.6
    endloop
  endfacet
  facet normal 0.6605935554186081 -0.2535781077014043 -0.7066217501846213
    outer loop
      vertex 188.31167273222812 -166.50077862892127 2.6
      vertex 188.3716904260722 -166.3444271909999 2.6
      vertex 190.41024103175644 -167.0277876700823 4.750993299139494
    endloop
  endfacet
  facet normal 0.6834808847193806 -0.1831381511024291 -0.7066217501846349
    outer loop
      vertex 188.4051097265161 -166.21970466378997 2.6
      vertex 190.51526271181697 -166.64268483861107 4.750674014859182
      vertex 188.40350690788168 -166.23290506286008 2.601870874737267
    endloop
  endfacet
  facet normal 0.6834808847194842 -0.18313815110198012 -0.7066217501846511
    outer loop
      vertex 188.39691619062572 -166.25028335602656 2.6
      vertex 188.40350690788168 -166.23290506286008 2.601870874737267
      vertex 190.51526271181697 -166.64268483861107 4.750674014859182
    endloop
  endfacet
  facet normal 0.6834808847192814 -0.1831381511028769 -0.706621750184615
    outer loop
      vertex 188.3716904260722 -166.3444271909999 2.6
      vertex 188.39691619062572 -166.25028335602656 2.6
      vertex 190.51526271181697 -166.64268483861107 4.750674014859182
    endloop
  endfacet
  facet normal 0.6834808847192849 -0.18313815110283804 -0.7066217501846215
    outer loop
      vertex 188.41503616117407 -166.1826587053084 2.6
      vertex 190.51526271181697 -166.64268483861107 4.750674014859182
      vertex 188.4051097265161 -166.21970466378997 2.6
    endloop
  endfacet
  facet normal 0.6988798544194874 -0.11069169459633206 -0.7066217501846291
    outer loop
      vertex 188.41503616117407 -166.1826587053084 2.6
      vertex 188.44123503258922 -166.01724554122825 2.6
      vertex 190.57875550078805 -166.2486005711776 4.750342914798385
    endloop
  endfacet
  facet normal 0.7066217501846215 -0.037032476720178696 -0.7066217501846316
    outer loop
      vertex 188.44123503258922 -166.01724554122825 2.6
      vertex 188.44999999999996 -165.85 2.6
      vertex 190.6 -165.85 4.7500000000000036
    endloop
  endfacet
  facet normal 9.545613719765374e-14 -0.7071067811865503 -0.7071067811865447
    outer loop
      vertex 186.85 -167.45 2.6
      vertex 186.85 -169.59601265400383 4.746012654003858
      vertex 186.75017304460837 -169.59867104171295 4.748671041712963
    endloop
  endfacet
  facet normal 0.03703247672021658 -0.7066217501846283 -0.7066217501846227
    outer loop
      vertex 186.85 -167.45 2.6
      vertex 187.14919789582407 -169.5880450263653 4.7537253236516115
      vertex 186.85 -169.59601265400383 4.746012654003858
    endloop
  endfacet
  facet normal 0.03703247672014753 -0.7066217501846292 -0.7066217501846253
    outer loop
      vertex 187.01724554122828 -167.44123503258922 2.6
      vertex 187.24158407143793 -169.5756735701292 4.74619562171586
      vertex 187.14919789582407 -169.5880450263653 4.7537253236516115
    endloop
  endfacet
  facet normal 0.11069169459637639 -0.6988798544194839 -0.7066217501846258
    outer loop
      vertex 187.01724554122828 -167.44123503258922 2.6
      vertex 187.54483271532663 -169.53506546722195 4.753536071152456
      vertex 187.24158407143793 -169.5756735701292 4.74619562171586
    endloop
  endfacet
  facet normal 0.18313815110262566 -0.6834808847193404 -0.7066217501846229
    outer loop
      vertex 187.1826587053084 -167.41503616117407 2.6
      vertex 187.9325948025236 -169.44033264385752 4.753334993856337
      vertex 187.62891836464073 -169.5145227911147 4.746390410164681
    endloop
  endfacet
  facet normal 0.11069169459641663 -0.6988798544194779 -0.7066217501846253
    outer loop
      vertex 187.1826587053084 -167.41503616117407 2.6
      vertex 187.62891836464073 -169.5145227911147 4.746390410164681
      vertex 187.54483271532663 -169.53506546722195 4.753536071152456
    endloop
  endfacet
  facet normal 0.25357810770139877 -0.6605935554186082 -0.7066217501846231
    outer loop
      vertex 187.34442719099994 -167.37169042607223 2.6
      vertex 188.30809065802495 -169.30491991701405 4.753122092396694
      vertex 188.00776215100288 -169.41322551210615 4.74659702242168
    endloop
  endfacet
  facet normal 0.18313815110253165 -0.683480884719368 -0.7066217501846205
    outer loop
      vertex 187.34442719099994 -167.37169042607223 2.6
      vertex 188.00776215100288 -169.41322551210615 4.74659702242168
      vertex 187.9325948025236 -169.44033264385752 4.753334993856337
    endloop
  endfacet
  facet normal 0.25357810770142675 -0.660593555418595 -0.7066217501846256
    outer loop
      vertex 187.50077862892127 -167.31167273222815 2.6
      vertex 188.3739671431347 -169.27288624570227 4.746815461745087
      vertex 188.30809065802495 -169.30491991701405 4.753122092396694
    endloop
  endfacet
  facet normal 0.3212398094875287 -0.6304686248866281 -0.7066217501846235
    outer loop
      vertex 187.50077862892127 -167.31167273222815 2.6
      vertex 188.66706576374744 -169.13036156699485 4.752897367444278
      vertex 188.3739671431347 -169.27288624570227 4.746815461745087
    endloop
  endfacet
  facet normal 0.32123980948752917 -0.6304686248866314 -0.7066217501846204
    outer loop
      vertex 187.65 -167.2356406460551 2.6
      vertex 188.72352286579004 -169.09503679269048 4.74704573158019
      vertex 188.66706576374744 -169.13036156699485 4.752897367444278
    endloop
  endfacet
  facet normal 0.3853819406971079 -0.5934361481663851 -0.7066217501846198
    outer loop
      vertex 187.65 -167.2356406460551 2.6
      vertex 189.00545278830398 -168.91863540965562 4.752660819706959
      vertex 188.72352286579004 -169.09503679269048 4.74704573158019
    endloop
  endfacet
  facet normal 0.385381940697051 -0.5934361481664229 -0.7066217501846189
    outer loop
      vertex 187.79045640366795 -167.14442719099992 2.6
      vertex 189.05260052583665 -168.88161954178193 4.747287835559225
      vertex 189.00545278830398 -168.91863540965562 4.752660819706959
    endloop
  endfacet
  facet normal 0.44530174671813166 -0.549901860822279 -0.7066217501846203
    outer loop
      vertex 187.79045640366795 -167.14442719099992 2.6
      vertex 189.31941767149388 -168.6721403869605 4.752412449930047
      vertex 189.05260052583665 -168.88161954178193 4.747287835559225
    endloop
  endfacet
  facet normal 0.5003427336166429 -0.5003427336167237 -0.7066217501846156
    outer loop
      vertex 187.9206089701742 -167.03903172076383 2.6
      vertex 189.6054030657365 -168.39366938601106 4.752152258895916
      vertex 189.35759490193496 -168.63496628021088 4.747541777501911
    endloop
  endfacet
  facet normal 0.44530174671828116 -0.5499018608221581 -0.70662175018462
    outer loop
      vertex 187.9206089701742 -167.03903172076383 2.6
      vertex 189.35759490193496 -168.63496628021088 4.747541777501911
      vertex 189.31941767149388 -168.6721403869605 4.752412449930047
    endloop
  endfacet
  facet normal 0.5003427336167519 -0.5003427336165985 -0.7066217501846271
    outer loop
      vertex 188.0390317207638 -166.92060897017416 2.6
      vertex 189.6351637961507 -168.35777274608603 4.747807561415158
      vertex 189.6054030657365 -168.39366938601106 4.752152258895916
    endloop
  endfacet
  facet normal 0.549901860822271 -0.4453017467181344 -0.7066217501846247
    outer loop
      vertex 188.0390317207638 -166.92060897017416 2.6
      vertex 189.86016864224112 -168.08637759451938 4.751880247424244
      vertex 189.6351637961507 -168.35777274608603 4.747807561415158
    endloop
  endfacet
  facet normal 0.549901860822151 -0.4453017467182887 -0.7066217501846209
    outer loop
      vertex 188.1444271909999 -166.79045640366795 2.6
      vertex 189.88226461628332 -168.0530691998957 4.748085191493516
      vertex 189.86016864224112 -168.08637759451938 4.751880247424244
    endloop
  endfacet
  facet normal 0.5934361481663424 -0.38538194069715775 -0.7066217501846284
    outer loop
      vertex 188.1444271909999 -166.79045640366795 2.6
      vertex 190.08082780522673 -167.75374675127065 4.7515964163719016
      vertex 189.88226461628332 -168.0530691998957 4.748085191493516
    endloop
  endfacet
  facet normal 0.5934361481661601 -0.3853819406974531 -0.7066217501846204
    outer loop
      vertex 188.2356406460551 -166.65 2.6
      vertex 190.09618768895743 -167.7241873360596 4.748374672119197
      vertex 190.08082780522673 -167.75374675127065 4.7515964163719016
    endloop
  endfacet
  facet normal 0.6304686248866826 -0.32123980948740993 -0.7066217501846289
    outer loop
      vertex 188.2356406460551 -166.65 2.6
      vertex 190.26488039820592 -167.3995456966314 4.7513007666332285
      vertex 190.09618768895743 -167.7241873360596 4.748374672119197
    endloop
  endfacet
  facet normal 0.6605935554186257 -0.2535781077013485 -0.7066217501846247
    outer loop
      vertex 188.31167273222812 -166.50077862892127 2.6
      vertex 190.41024103175644 -167.0277876700823 4.750993299139494
      vertex 190.2745859391566 -167.3747238954168 4.748676007862546
    endloop
  endfacet
  facet normal 0.6304686248868487 -0.3212398094870589 -0.7066217501846402
    outer loop
      vertex 188.31167273222812 -166.50077862892127 2.6
      vertex 190.2745859391566 -167.3747238954168 4.748676007862546
      vertex 190.26488039820592 -167.3995456966314 4.7513007666332285
    endloop
  endfacet
  facet normal 0.6834808847193012 -0.183138151102779 -0.706621750184621
    outer loop
      vertex 188.3716904260722 -166.3444271909999 2.6
      vertex 190.51526271181697 -166.64268483861107 4.750674014859182
      vertex 190.4155006114913 -167.00850137560403 4.748989203481628
    endloop
  endfacet
  facet normal 0.660593555418884 -0.25357810770064015 -0.7066217501846375
    outer loop
      vertex 188.3716904260722 -166.3444271909999 2.6
      vertex 190.4155006114913 -167.00850137560403 4.748989203481628
      vertex 190.41024103175644 -167.0277876700823 4.750993299139494
    endloop
  endfacet
  facet normal 0.6988798544194801 -0.11069169459641169 -0.706621750184624
    outer loop
      vertex 188.41503616117407 -166.1826587053084 2.6
      vertex 190.57875550078805 -166.2486005711776 4.750342914798385
      vertex 190.51738275165306 -166.6295262680193 4.749314263922768
    endloop
  endfacet
  facet normal 0.6834808847196473 -0.18313815110135254 -0.7066217501846558
    outer loop
      vertex 188.41503616117407 -166.1826587053084 2.6
      vertex 190.51738275165306 -166.6295262680193 4.749314263922768
      vertex 190.51526271181697 -166.64268483861107 4.750674014859182
    endloop
  endfacet
  facet normal 0.7066217501846224 -0.0370324767202477 -0.7066217501846269
    outer loop
      vertex 188.44123503258922 -166.01724554122825 2.6
      vertex 190.6 -165.85 4.7500000000000036
      vertex 190.57911021274614 -166.2419452771321 4.7496511943211095
    endloop
  endfacet
  facet normal 0.698879854419664 -0.11069169459501878 -0.7066217501846602
    outer loop
      vertex 188.44123503258922 -166.01724554122825 2.6
      vertex 190.57911021274614 -166.2419452771321 4.7496511943211095
      vertex 190.57875550078805 -166.2486005711776 4.750342914798385
    endloop
  endfacet
  facet normal 0 0 -1
    outer loop
      vertex 187.30445179738493 -166.5083870927149 0
      vertex 187.30445179738493 166.5083870927149 0
      vertex 187.65 -165.85 0
    endloop
  endfacet
  facet normal 0.7071067811865677 -1.4200414157526794e-19 -0.7071067811865274
    outer loop
      vertex 187.65 -165.85 0
      vertex 188.44999999999996 165.85 0.8
      vertex 188.44999999999996 -165.85 0.8
    endloop
  endfacet
  facet normal 1 0 0
    outer loop
      vertex 188.44999999999996 -165.85 0.8
      vertex 188.44999999999996 165.85 2.6
      vertex 188.44999999999996 -165.85 2.6
    endloop
  endfacet
  facet normal 0.7071067811865425 2.49530998544806e-17 -0.7071067811865526
    outer loop
      vertex 188.44999999999996 -165.85 2.6
      vertex 190.6 165.85 4.750000000000015
      vertex 190.6 -165.85 4.7500000000000036
    endloop
  endfacet
  facet normal 0 0 -1
    outer loop
      vertex -187.13368390963402 166.59801299414832 0
      vertex 186.9464293442043 166.64416709927846 0
      vertex 187.30445179738493 166.5083870927149 0
    endloop
  endfacet
  facet normal 0 0.7096892649071019 -0.7045148311253762
    outer loop
      vertex -187.0428586884085 167.43833419855687 0.8
      vertex 187.04285868840853 167.43833419855687 0.8
      vertex 186.9464293442043 166.64416709927846 0
    endloop
  endfacet
  facet normal 0 1 0
    outer loop
      vertex -187.03556068649385 167.43833419855687 2.6
      vertex 187.03556068649388 167.43833419855687 2.6
      vertex 187.04285868840853 167.43833419855687 0.8
    endloop
  endfacet
  facet normal 0 0 -1
    outer loop
      vertex -187.03556068649385 167.43833419855687 2.6
      vertex 186.85 167.44999999999996 2.6
      vertex 187.01724554122828 167.44123503258922 2.6
    endloop
  endfacet
  facet normal 0 0 -1
    outer loop
      vertex -187.03556068649385 167.43833419855687 2.6
      vertex 187.01724554122828 167.44123503258922 2.6
      vertex 187.03556068649388 167.43833419855687 2.6
    endloop
  endfacet
  facet normal 3.69828887492713e-17 0.7071067811865457 -0.7071067811865493
    outer loop
      vertex -186.85 169.59867104171295 4.7486710417129565
      vertex 186.75017304460837 169.59867104171295 4.748671041712976
      vertex 186.85 167.44999999999996 2.6
    endloop
  endfacet
  facet normal 0 0 -1
    outer loop
      vertex 187.65 -165.85 0
      vertex 187.30445179738493 166.5083870927149 0
      vertex 187.65 165.85 0
    endloop
  endfacet
  facet normal 0.7071067811865677 0 -0.7071067811865274
    outer loop
      vertex 187.65 -165.85 0
      vertex 187.65 165.85 0
      vertex 188.44999999999996 165.85 0.8
    endloop
  endfacet
  facet normal 1 0 0
    outer loop
      vertex 188.44999999999996 -165.85 0.8
      vertex 188.44999999999996 165.85 0.8
      vertex 188.44999999999996 165.85 2.6
    endloop
  endfacet
  facet normal 0.7071067811865444 0 -0.7071067811865507
    outer loop
      vertex 188.44999999999996 -165.85 2.6
      vertex 188.44999999999996 165.85 2.6
      vertex 190.6 165.85 4.750000000000015
    endloop
  endfacet
  facet normal 0 0 -1
    outer loop
      vertex 187.5583648205226 166.221778537635 0
      vertex 187.65 165.85 0
      vertex 187.30445179738493 166.5083870927149 0
    endloop
  endfacet
  facet normal 0.2471272767643535 0.6516210752546524 -0.7171597335064241
    outer loop
      vertex 186.9464293442043 166.64416709927846 0
      vertex 187.4173678192681 167.34602598829665 0.8
      vertex 187.30445179738493 166.5083870927149 0
    endloop
  endfacet
  facet normal 0.16983975786899075 0.6890669846766623 -0.7045148311253746
    outer loop
      vertex 186.9464293442043 166.64416709927846 0
      vertex 187.04285868840853 167.43833419855687 0.8
      vertex 187.4173678192681 167.34602598829665 0.8
    endloop
  endfacet
  facet normal 0.3298090463530105 0.6283986359533797 -0.704514831125399
    outer loop
      vertex 187.30445179738493 166.5083870927149 0
      vertex 187.4173678192681 167.34602598829665 0.8
      vertex 187.7589035947698 167.1667741854299 0.8
    endloop
  endfacet
  facet normal 0.6766579254963573 0.16678119947995054 -0.7171597335064172
    outer loop
      vertex 187.5583648205226 166.221778537635 0
      vertex 188.40350690788168 166.23290506286006 0.8
      vertex 187.65 165.85 0
    endloop
  endfacet
  facet normal 0.5216437493771205 0.46213603557048505 -0.717159733506403
    outer loop
      vertex 187.5583648205226 166.221778537635 0
      vertex 187.30445179738493 166.5083870927149 0
      vertex 188.04761719707372 166.91099625318523 0.8
    endloop
  endfacet
  facet normal 0.7045148311254138 0.08554358800468784 -0.7045148311253737
    outer loop
      vertex 187.65 165.85 0
      vertex 188.40350690788168 166.23290506286006 0.8
      vertex 188.44999999999996 165.85 0.8
    endloop
  endfacet
  facet normal 0.5840628148164162 0.40314945252735856 -0.7045148311253752
    outer loop
      vertex 187.5583648205226 166.221778537635 0
      vertex 188.04761719707372 166.91099625318523 0.8
      vertex 188.26672964104515 166.59355707527 0.8
    endloop
  endfacet
  facet normal 0.47061103187022385 0.5312100426445373 -0.7045148311253867
    outer loop
      vertex 187.30445179738493 166.5083870927149 0
      vertex 187.7589035947698 167.1667741854299 0.8
      vertex 188.04761719707372 166.91099625318523 0.8
    endloop
  endfacet
  facet normal 0.6635709899476243 0.251659281617645 -0.7045148311253785
    outer loop
      vertex 187.5583648205226 166.221778537635 0
      vertex 188.26672964104515 166.59355707527 0.8
      vertex 188.40350690788168 166.23290506286006 0.8
    endloop
  endfacet
  facet normal 0.23931566428755582 0.9709418174260525 -5.722493472612147e-15
    outer loop
      vertex 187.04285868840853 167.43833419855687 0.8
      vertex 187.05597987172976 167.43510011733142 2.6
      vertex 187.4173678192681 167.34602598829665 0.8
    endloop
  endfacet
  facet normal 0.46472317204374364 0.8854560256532229 2.1146220251474117e-14
    outer loop
      vertex 187.4173678192681 167.34602598829665 0.8
      vertex 187.43392977745967 167.33733360208763 2.6
      vertex 187.7589035947698 167.1667741854299 0.8
    endloop
  endfacet
  facet normal 0.23931566428681578 0.9709418174262349 0
    outer loop
      vertex 187.04285868840853 167.43833419855687 0.8
      vertex 187.04285868840853 167.43833419855687 2.6011432257765703
      vertex 187.05597987172976 167.43510011733142 2.6
    endloop
  endfacet
  facet normal 0 1 0
    outer loop
      vertex 187.04285868840853 167.43833419855687 0.8
      vertex 187.03556068649388 167.43833419855687 2.6
      vertex 187.04285868840853 167.43833419855687 2.6011432257765703
    endloop
  endfacet
  facet normal 0.23931566428763804 0.9709418174260322 1.1783454752907482e-14
    outer loop
      vertex 187.4173678192681 167.34602598829665 0.8
      vertex 187.05597987172976 167.43510011733142 2.6
      vertex 187.40037305134186 167.3502148223778 2.6
    endloop
  endfacet
  facet normal 0.4647231720455456 0.8854560256522773 0
    outer loop
      vertex 187.4173678192681 167.34602598829665 0.8
      vertex 187.4173678192681 167.34602598829665 2.6021827580206973
      vertex 187.43392977745967 167.33733360208763 2.6
    endloop
  endfacet
  facet normal 0.23931566428646148 0.9709418174263222 0
    outer loop
      vertex 187.4173678192681 167.34602598829665 0.8
      vertex 187.40037305134186 167.3502148223778 2.6
      vertex 187.4173678192681 167.34602598829665 2.6021827580206973
    endloop
  endfacet
  facet normal 0 0 -1
    outer loop
      vertex 187.1826587053084 167.41503616117407 2.6
      vertex 187.34442719099994 167.3716904260722 2.6
      vertex 187.05597987172976 167.43510011733142 2.6
    endloop
  endfacet
  facet normal 0 0 -1
    outer loop
      vertex 187.43392977745967 167.33733360208763 2.6
      vertex 187.65 167.2356406460551 2.6
      vertex 187.7440010991837 167.17459561847622 2.6
    endloop
  endfacet
  facet normal 0 0 -1
    outer loop
      vertex 187.05597987172976 167.43510011733142 2.6
      vertex 187.34442719099994 167.3716904260722 2.6
      vertex 187.40037305134186 167.3502148223778 2.6
    endloop
  endfacet
  facet normal 0 0 -1
    outer loop
      vertex 187.50077862892127 167.31167273222812 2.6
      vertex 187.65 167.2356406460551 2.6
      vertex 187.43392977745967 167.33733360208763 2.6
    endloop
  endfacet
  facet normal 0.9350162426854347 0.35460488704248305 9.333316884142355e-15
    outer loop
      vertex 188.26672964104515 166.59355707527 0.8
      vertex 188.27351226934226 166.57567275427598 2.6
      vertex 188.40350690788168 166.23290506286006 0.8
    endloop
  endfacet
  facet normal 0.8229838658935736 0.5680647467312755 -1.2335421188611706e-14
    outer loop
      vertex 188.26672964104515 166.59355707527 0.8
      vertex 188.04761719707372 166.91099625318523 0.8
      vertex 188.05224403651997 166.9042931190157 2.6
    endloop
  endfacet
  facet normal 0.9927088740980633 0.12053668025524565 3.1394100906799076e-16
    outer loop
      vertex 188.44999999999996 165.85 0.8
      vertex 188.40350690788168 166.23290506286006 0.8
      vertex 188.4051097265161 166.21970466379 2.6
    endloop
  endfacet
  facet normal 0.9350162426854197 0.3546048870425228 6.789825484676726e-16
    outer loop
      vertex 188.40350690788168 166.23290506286006 0.8
      vertex 188.27351226934226 166.57567275427598 2.6
      vertex 188.39691619062572 166.25028335602647 2.6
    endloop
  endfacet
  facet normal 0.9350162426857461 0.3546048870416618 0
    outer loop
      vertex 188.26672964104515 166.59355707527 0.8
      vertex 188.26672964104515 166.59355707527 2.602078794677544
      vertex 188.27351226934226 166.57567275427598 2.6
    endloop
  endfacet
  facet normal 0.8229838658942599 0.5680647467302816 0
    outer loop
      vertex 188.26672964104515 166.59355707527 0.8
      vertex 188.257830991708 166.60644899450082 2.6
      vertex 188.26672964104515 166.59355707527 2.602078794677544
    endloop
  endfacet
  facet normal 0.6631226582362542 0.7485107481751241 0
    outer loop
      vertex 188.04761719707372 166.91099625318523 0.8
      vertex 188.0447818512279 166.91350815041434 2.6
      vertex 188.04761719707372 166.91099625318523 2.6006235439722323
    endloop
  endfacet
  facet normal 0.8229838658920239 0.5680647467335208 0
    outer loop
      vertex 188.04761719707372 166.91099625318523 0.8
      vertex 188.04761719707372 166.91099625318523 2.6006235439722323
      vertex 188.05224403651997 166.9042931190157 2.6
    endloop
  endfacet
  facet normal 0.822983865893579 0.568064746731268 -1.0431604122463041e-14
    outer loop
      vertex 188.26672964104515 166.59355707527 0.8
      vertex 188.05224403651997 166.9042931190157 2.6
      vertex 188.257830991708 166.60644899450082 2.6
    endloop
  endfacet
  facet normal 0.9927088740980632 0.12053668025524718 0
    outer loop
      vertex 188.44999999999996 165.85 0.8
      vertex 188.4051097265161 166.21970466379 2.6
      vertex 188.44999999999996 165.85 2.6
    endloop
  endfacet
  facet normal 0.9927088740980685 0.12053668025520373 0
    outer loop
      vertex 188.40350690788168 166.23290506286006 0.8
      vertex 188.40350690788168 166.23290506286006 2.6018708747372603
      vertex 188.4051097265161 166.21970466379 2.6
    endloop
  endfacet
  facet normal 0.9350162426853963 0.3546048870425843 0
    outer loop
      vertex 188.40350690788168 166.23290506286006 0.8
      vertex 188.39691619062572 166.25028335602647 2.6
      vertex 188.40350690788168 166.23290506286006 2.6018708747372603
    endloop
  endfacet
  facet normal 0 0 -1
    outer loop
      vertex 188.27351226934226 166.57567275427598 2.6
      vertex 188.3716904260722 166.34442719099994 2.6
      vertex 188.39691619062572 166.25028335602647 2.6
    endloop
  endfacet
  facet normal 0 0 -1
    outer loop
      vertex 188.31167273222812 166.50077862892127 2.6
      vertex 188.3716904260722 166.34442719099994 2.6
      vertex 188.27351226934226 166.57567275427598 2.6
    endloop
  endfacet
  facet normal 0 0 -1
    outer loop
      vertex 188.257830991708 166.60644899450082 2.6
      vertex 188.05224403651997 166.9042931190157 2.6
      vertex 188.2356406460551 166.65 2.6
    endloop
  endfacet
  facet normal 0 0 -1
    outer loop
      vertex 188.05224403651997 166.9042931190157 2.6
      vertex 188.1444271909999 166.79045640366795 2.6
      vertex 188.2356406460551 166.65 2.6
    endloop
  endfacet
  facet normal 0 0 -1
    outer loop
      vertex 188.44999999999996 165.85 2.6
      vertex 188.41503616117407 166.1826587053084 2.6
      vertex 188.44123503258922 166.01724554122828 2.6
    endloop
  endfacet
  facet normal 0 0 -1
    outer loop
      vertex 188.44999999999996 165.85 2.6
      vertex 188.4051097265161 166.21970466379 2.6
      vertex 188.41503616117407 166.1826587053084 2.6
    endloop
  endfacet
  facet normal 0.6631226582409041 0.7485107481710046 2.870210727165948e-15
    outer loop
      vertex 188.04761719707372 166.91099625318523 0.8
      vertex 187.7589035947698 167.1667741854299 0.8
      vertex 187.7667523991013 167.15982075155463 2.6
    endloop
  endfacet
  facet normal 0.464723172043722 0.8854560256532343 1.6173940109442605e-14
    outer loop
      vertex 187.7589035947698 167.1667741854299 0.8
      vertex 187.43392977745967 167.33733360208763 2.6
      vertex 187.7440010991837 167.17459561847622 2.6
    endloop
  endfacet
  facet normal 0.6631226582409413 0.7485107481709717 1.3177500238866524e-14
    outer loop
      vertex 188.04761719707372 166.91099625318523 0.8
      vertex 187.7667523991013 167.15982075155463 2.6
      vertex 188.0447818512279 166.91350815041434 2.6
    endloop
  endfacet
  facet normal 0.4647231720421904 0.8854560256540381 0
    outer loop
      vertex 187.7589035947698 167.1667741854299 0.8
      vertex 187.7440010991837 167.17459561847622 2.6
      vertex 187.7589035947698 167.1667741854299 2.6015590116915375
    endloop
  endfacet
  facet normal 0.663122658241272 0.7485107481706788 0
    outer loop
      vertex 187.7589035947698 167.1667741854299 0.8
      vertex 187.7589035947698 167.1667741854299 2.6015590116915375
      vertex 187.7667523991013 167.15982075155463 2.6
    endloop
  endfacet
  facet normal 0 0 -1
    outer loop
      vertex 188.0390317207638 166.9206089701742 2.6
      vertex 188.0447818512279 166.91350815041434 2.6
      vertex 187.7667523991013 167.15982075155463 2.6
    endloop
  endfacet
  facet normal 0 0 -1
    outer loop
      vertex 188.0390317207638 166.9206089701742 2.6
      vertex 187.7667523991013 167.15982075155463 2.6
      vertex 187.9206089701742 167.0390317207638 2.6
    endloop
  endfacet
  facet normal 0 0 -1
    outer loop
      vertex 187.9206089701742 167.0390317207638 2.6
      vertex 187.7667523991013 167.15982075155463 2.6
      vertex 187.79045640366795 167.1444271909999 2.6
    endloop
  endfacet
  facet normal 0.11069169459597647 0.6988798544195632 -0.7066217501846097
    outer loop
      vertex 187.01724554122828 167.44123503258922 2.6
      vertex 187.54483271532663 169.53506546722193 4.753536071152414
      vertex 187.03556068649388 167.43833419855687 2.6
    endloop
  endfacet
  facet normal 0.11069169459585107 0.6988798544195886 -0.7066217501846046
    outer loop
      vertex 187.03556068649388 167.43833419855687 2.6
      vertex 187.54483271532663 169.53506546722193 4.753536071152414
      vertex 187.04285868840853 167.43833419855687 2.6011432257765703
    endloop
  endfacet
  facet normal 0.11069169459604163 0.6988798544195507 -0.7066217501846122
    outer loop
      vertex 187.05597987172976 167.43510011733142 2.6
      vertex 187.04285868840853 167.43833419855687 2.6011432257765703
      vertex 187.54483271532663 169.53506546722193 4.753536071152414
    endloop
  endfacet
  facet normal 0.03703247672017266 0.7066217501846265 -0.7066217501846269
    outer loop
      vertex 186.85 167.44999999999996 2.6
      vertex 187.14919789582407 169.58804502636534 4.753725323651631
      vertex 187.01724554122828 167.44123503258922 2.6
    endloop
  endfacet
  facet normal 0.11069169459646626 0.6988798544194678 -0.7066217501846277
    outer loop
      vertex 187.1826587053084 167.41503616117407 2.6
      vertex 187.05597987172976 167.43510011733142 2.6
      vertex 187.54483271532663 169.53506546722193 4.753536071152414
    endloop
  endfacet
  facet normal 0.18313815110270454 0.6834808847193219 -0.7066217501846203
    outer loop
      vertex 187.1826587053084 167.41503616117407 2.6
      vertex 187.9325948025236 169.4403326438575 4.753334993856348
      vertex 187.34442719099994 167.3716904260722 2.6
    endloop
  endfacet
  facet normal 0.6834808847193269 0.18313815110266796 -0.7066217501846251
    outer loop
      vertex 188.39691619062572 166.25028335602647 2.6
      vertex 188.3716904260722 166.34442719099994 2.6
      vertex 190.41550061149135 167.00850137560403 4.748989203481633
    endloop
  endfacet
  facet normal 0.6834808847192848 0.18313815110284726 -0.706621750184619
    outer loop
      vertex 188.4051097265161 166.21970466379 2.6
      vertex 188.40350690788168 166.23290506286006 2.6018708747372603
      vertex 190.51526271181697 166.64268483861107 4.750674014859188
    endloop
  endfacet
  facet normal 0.6834808847192997 0.18313815110278325 -0.7066217501846214
    outer loop
      vertex 188.39691619062572 166.25028335602647 2.6
      vertex 190.51526271181697 166.64268483861107 4.750674014859188
      vertex 188.40350690788168 166.23290506286006 2.6018708747372603
    endloop
  endfacet
  facet normal 0.6605935554185957 0.2535781077014456 -0.7066217501846183
    outer loop
      vertex 188.31167273222812 166.50077862892127 2.6
      vertex 190.41024103175644 167.0277876700823 4.7509932991394965
      vertex 188.3716904260722 166.34442719099994 2.6
    endloop
  endfacet
  facet normal 0.6304686248866342 0.3212398094875049 -0.7066217501846287
    outer loop
      vertex 188.31167273222812 166.50077862892127 2.6
      vertex 188.27351226934226 166.57567275427598 2.6
      vertex 190.26488039820592 167.3995456966314 4.751300766633228
    endloop
  endfacet
  facet normal 0.6304686248869424 0.32123980948683645 -0.7066217501846578
    outer loop
      vertex 188.27351226934226 166.57567275427598 2.6
      vertex 188.26672964104515 166.59355707527 2.602078794677544
      vertex 190.26488039820592 167.3995456966314 4.751300766633228
    endloop
  endfacet
  facet normal 0.630468624887145 0.3212398094863921 -0.7066217501846793
    outer loop
      vertex 188.257830991708 166.60644899450082 2.6
      vertex 190.26488039820592 167.3995456966314 4.751300766633228
      vertex 188.26672964104515 166.59355707527 2.602078794677544
    endloop
  endfacet
  facet normal 0.6304686248865858 0.3212398094876313 -0.7066217501846147
    outer loop
      vertex 188.257830991708 166.60644899450082 2.6
      vertex 188.2356406460551 166.65 2.6
      vertex 190.26488039820592 167.3995456966314 4.751300766633228
    endloop
  endfacet
  facet normal 0.7066217501846284 0.03703247672017276 -0.706621750184625
    outer loop
      vertex 188.44999999999996 165.85 2.6
      vertex 188.44123503258922 166.01724554122828 2.6
      vertex 190.57911021274614 166.2419452771321 4.749651194321109
    endloop
  endfacet
  facet normal 0.6988798544194827 0.11069169459635034 -0.7066217501846307
    outer loop
      vertex 188.44123503258922 166.01724554122828 2.6
      vertex 188.41503616117407 166.1826587053084 2.6
      vertex 190.51738275165312 166.6295262680193 4.7493142639227734
    endloop
  endfacet
  facet normal 0.6834808847193179 0.18313815110270634 -0.7066217501846237
    outer loop
      vertex 188.41503616117407 166.1826587053084 2.6
      vertex 188.4051097265161 166.21970466379 2.6
      vertex 190.51526271181697 166.64268483861107 4.750674014859188
    endloop
  endfacet
  facet normal 0.32123980948736647 0.6304686248867086 -0.7066217501846256
    outer loop
      vertex 187.50077862892127 167.31167273222812 2.6
      vertex 188.66706576374744 169.13036156699482 4.752897367444212
      vertex 187.65 167.2356406460551 2.6
    endloop
  endfacet
  facet normal 0.2535781077011586 0.6605935554186956 -0.7066217501846278
    outer loop
      vertex 187.50077862892127 167.31167273222812 2.6
      vertex 187.43392977745967 167.33733360208763 2.6
      vertex 188.30809065802495 169.30491991701402 4.753122092396664
    endloop
  endfacet
  facet normal 0.2535781077015845 0.6605935554185209 -0.7066217501846381
    outer loop
      vertex 187.34442719099994 167.3716904260722 2.6
      vertex 188.30809065802495 169.30491991701402 4.753122092396664
      vertex 187.40037305134186 167.3502148223778 2.6
    endloop
  endfacet
  facet normal 0.25357810770082195 0.660593555418844 -0.7066217501846098
    outer loop
      vertex 187.40037305134186 167.3502148223778 2.6
      vertex 188.30809065802495 169.30491991701402 4.753122092396664
      vertex 187.4173678192681 167.34602598829665 2.6021827580206973
    endloop
  endfacet
  facet normal 0.2535781077026228 0.6605935554180897 -0.7066217501846687
    outer loop
      vertex 187.43392977745967 167.33733360208763 2.6
      vertex 187.4173678192681 167.34602598829665 2.6021827580206973
      vertex 188.30809065802495 169.30491991701402 4.753122092396664
    endloop
  endfacet
  facet normal 0.4453017467180809 0.5499018608223262 -0.7066217501846155
    outer loop
      vertex 187.9206089701742 167.0390317207638 2.6
      vertex 187.79045640366795 167.1444271909999 2.6
      vertex 189.31941767149388 168.67214038696048 4.752412449930053
    endloop
  endfacet
  facet normal 0.38538194069743875 0.5934361481661462 -0.7066217501846398
    outer loop
      vertex 187.65 167.2356406460551 2.6
      vertex 189.00545278830398 168.91863540965565 4.752660819706987
      vertex 187.7440010991837 167.17459561847622 2.6
    endloop
  endfacet
  facet normal 0.3853819406962066 0.593436148166991 -0.7066217501846023
    outer loop
      vertex 187.7440010991837 167.17459561847622 2.6
      vertex 189.00545278830398 168.91863540965565 4.752660819706987
      vertex 187.7589035947698 167.1667741854299 2.6015590116915375
    endloop
  endfacet
  facet normal 0.38538194069673765 0.5934361481666283 -0.7066217501846174
    outer loop
      vertex 187.79045640366795 167.1444271909999 2.6
      vertex 187.7667523991013 167.15982075155463 2.6
      vertex 189.00545278830398 168.91863540965565 4.752660819706987
    endloop
  endfacet
  facet normal 0.38538194069721843 0.5934361481663029 -0.7066217501846283
    outer loop
      vertex 187.7667523991013 167.15982075155463 2.6
      vertex 187.7589035947698 167.1667741854299 2.6015590116915375
      vertex 189.00545278830398 168.91863540965565 4.752660819706987
    endloop
  endfacet
  facet normal 0.5499018608224185 0.44530174671795647 -0.7066217501846219
    outer loop
      vertex 188.05224403651997 166.9042931190157 2.6
      vertex 189.86016864224112 168.0863775945194 4.751880247424302
      vertex 188.1444271909999 166.79045640366795 2.6
    endloop
  endfacet
  facet normal 0.5499018608211373 0.4453017467197147 -0.7066217501845112
    outer loop
      vertex 188.05224403651997 166.9042931190157 2.6
      vertex 188.04761719707372 166.91099625318523 2.6006235439722323
      vertex 189.86016864224112 168.0863775945194 4.751880247424302
    endloop
  endfacet
  facet normal 0.5499018608230609 0.4453017467170559 -0.7066217501846896
    outer loop
      vertex 188.0390317207638 166.9206089701742 2.6
      vertex 189.86016864224112 168.0863775945194 4.751880247424302
      vertex 188.0447818512279 166.91350815041434 2.6
    endloop
  endfacet
  facet normal 0.5499018608194943 0.4453017467219779 -0.7066217501843635
    outer loop
      vertex 188.0447818512279 166.91350815041434 2.6
      vertex 189.86016864224112 168.0863775945194 4.751880247424302
      vertex 188.04761719707372 166.91099625318523 2.6006235439722323
    endloop
  endfacet
  facet normal 0.5003427336166808 0.5003427336166808 -0.7066217501846191
    outer loop
      vertex 188.0390317207638 166.9206089701742 2.6
      vertex 187.9206089701742 167.0390317207638 2.6
      vertex 189.6054030657365 168.39366938601106 4.752152258895933
    endloop
  endfacet
  facet normal 0.5934361481663275 0.38538194069718784 -0.7066217501846244
    outer loop
      vertex 188.2356406460551 166.65 2.6
      vertex 188.1444271909999 166.79045640366795 2.6
      vertex 190.08082780522673 167.75374675127065 4.751596416371914
    endloop
  endfacet
  facet normal -4.9356494111669715e-14 0.7071067811865445 -0.7071067811865506
    outer loop
      vertex 186.85 167.44999999999996 2.6
      vertex 186.75017304460837 169.59867104171295 4.748671041712976
      vertex 186.85 169.59601265400383 4.7460126540038505
    endloop
  endfacet
  facet normal 0.03703247671999215 0.7066217501846368 -0.706621750184626
    outer loop
      vertex 187.01724554122828 167.44123503258922 2.6
      vertex 187.14919789582407 169.58804502636534 4.753725323651631
      vertex 187.24158407143798 169.57567357012923 4.746195621715862
    endloop
  endfacet
  facet normal 0.0370324767202122 0.7066217501846226 -0.7066217501846286
    outer loop
      vertex 186.85 167.44999999999996 2.6
      vertex 186.85 169.59601265400383 4.7460126540038505
      vertex 187.14919789582407 169.58804502636534 4.753725323651631
    endloop
  endfacet
  facet normal 0.11069169459647483 0.6988798544194662 -0.7066217501846276
    outer loop
      vertex 187.1826587053084 167.41503616117407 2.6
      vertex 187.54483271532663 169.53506546722193 4.753536071152414
      vertex 187.62891836464073 169.51452279111467 4.746390410164646
    endloop
  endfacet
  facet normal 0.18313815110272472 0.6834808847193156 -0.7066217501846214
    outer loop
      vertex 187.1826587053084 167.41503616117407 2.6
      vertex 187.62891836464073 169.51452279111467 4.746390410164646
      vertex 187.9325948025236 169.4403326438575 4.753334993856348
    endloop
  endfacet
  facet normal 0.1106916945964245 0.6988798544194715 -0.7066217501846304
    outer loop
      vertex 187.01724554122828 167.44123503258922 2.6
      vertex 187.24158407143798 169.57567357012923 4.746195621715862
      vertex 187.54483271532663 169.53506546722193 4.753536071152414
    endloop
  endfacet
  facet normal 0.6988798544194895 0.1106916945963205 -0.7066217501846288
    outer loop
      vertex 188.44123503258922 166.01724554122828 2.6
      vertex 190.51738275165312 166.6295262680193 4.7493142639227734
      vertex 190.57875550078805 166.2486005711776 4.750342914798384
    endloop
  endfacet
  facet normal 0.6834808847189583 0.18313815110418646 -0.7066217501845881
    outer loop
      vertex 188.41503616117407 166.1826587053084 2.6
      vertex 190.51526271181697 166.64268483861107 4.750674014859188
      vertex 190.51738275165312 166.6295262680193 4.7493142639227734
    endloop
  endfacet
  facet normal 0.6834808847193231 0.18313815110267945 -0.7066217501846256
    outer loop
      vertex 188.39691619062572 166.25028335602647 2.6
      vertex 190.41550061149135 167.00850137560403 4.748989203481633
      vertex 190.51526271181697 166.64268483861107 4.750674014859188
    endloop
  endfacet
  facet normal 0.6605935554182809 0.2535781077023167 -0.7066217501845996
    outer loop
      vertex 188.3716904260722 166.34442719099994 2.6
      vertex 190.41024103175644 167.0277876700823 4.7509932991394965
      vertex 190.41550061149135 167.00850137560403 4.748989203481633
    endloop
  endfacet
  facet normal 0.706621750184622 0.03703247672022577 -0.7066217501846284
    outer loop
      vertex 188.44999999999996 165.85 2.6
      vertex 190.57911021274614 166.2419452771321 4.749651194321109
      vertex 190.6 165.85 4.750000000000015
    endloop
  endfacet
  facet normal 0.6988798544196644 0.11069169459500969 -0.7066217501846613
    outer loop
      vertex 188.44123503258922 166.01724554122828 2.6
      vertex 190.57875550078805 166.2486005711776 4.750342914798384
      vertex 190.57911021274614 166.2419452771321 4.749651194321109
    endloop
  endfacet
  facet normal 0.44530174671814726 0.5499018608222663 -0.70662175018462
    outer loop
      vertex 187.79045640366795 167.1444271909999 2.6
      vertex 189.05260052583665 168.88161954178193 4.747287835559244
      vertex 189.31941767149388 168.67214038696048 4.752412449930053
    endloop
  endfacet
  facet normal 0.5003427336172039 0.5003427336161421 -0.7066217501846304
    outer loop
      vertex 188.0390317207638 166.9206089701742 2.6
      vertex 189.6054030657365 168.39366938601106 4.752152258895933
      vertex 189.6351637961507 168.357772746086 4.747807561415197
    endloop
  endfacet
  facet normal 0.44530174671799333 0.5499018608223984 -0.7066217501846146
    outer loop
      vertex 187.9206089701742 167.0390317207638 2.6
      vertex 189.31941767149388 168.67214038696048 4.752412449930053
      vertex 189.35759490193496 168.63496628021088 4.747541777501911
    endloop
  endfacet
  facet normal 0.5003427336166657 0.5003427336166977 -0.7066217501846179
    outer loop
      vertex 187.9206089701742 167.0390317207638 2.6
      vertex 189.35759490193496 168.63496628021088 4.747541777501911
      vertex 189.6054030657365 168.39366938601106 4.752152258895933
    endloop
  endfacet
  facet normal 0.18313815110276396 0.6834808847193053 -0.7066217501846209
    outer loop
      vertex 187.34442719099994 167.3716904260722 2.6
      vertex 187.9325948025236 169.4403326438575 4.753334993856348
      vertex 188.00776215100288 169.4132255121061 4.746597022421691
    endloop
  endfacet
  facet normal 0.25357810770125994 0.6605935554186638 -0.706621750184621
    outer loop
      vertex 187.34442719099994 167.3716904260722 2.6
      vertex 188.00776215100288 169.4132255121061 4.746597022421691
      vertex 188.30809065802495 169.30491991701402 4.753122092396664
    endloop
  endfacet
  facet normal 0.32123980948752756 0.6304686248866241 -0.7066217501846277
    outer loop
      vertex 187.65 167.2356406460551 2.6
      vertex 188.66706576374744 169.13036156699482 4.752897367444212
      vertex 188.72352286579004 169.09503679269048 4.74704573158015
    endloop
  endfacet
  facet normal 0.3212398094874764 0.6304686248866456 -0.7066217501846317
    outer loop
      vertex 187.50077862892127 167.31167273222812 2.6
      vertex 188.3739671431347 169.27288624570227 4.746815461745072
      vertex 188.66706576374744 169.13036156699482 4.752897367444212
    endloop
  endfacet
  facet normal 0.2535781077013225 0.660593555418631 -0.7066217501846294
    outer loop
      vertex 187.50077862892127 167.31167273222812 2.6
      vertex 188.30809065802495 169.30491991701402 4.753122092396664
      vertex 188.3739671431347 169.27288624570227 4.746815461745072
    endloop
  endfacet
  facet normal 0.3853819406971866 0.5934361481663281 -0.7066217501846246
    outer loop
      vertex 187.79045640366795 167.1444271909999 2.6
      vertex 189.00545278830398 168.91863540965565 4.752660819706987
      vertex 189.05260052583665 168.88161954178193 4.747287835559244
    endloop
  endfacet
  facet normal 0.3853819406971854 0.5934361481663297 -0.7066217501846238
    outer loop
      vertex 187.65 167.2356406460551 2.6
      vertex 188.72352286579004 169.09503679269048 4.74704573158015
      vertex 189.00545278830398 168.91863540965565 4.752660819706987
    endloop
  endfacet
  facet normal 0.5934361481667012 0.3853819406965884 -0.7066217501846375
    outer loop
      vertex 188.2356406460551 166.65 2.6
      vertex 190.08082780522673 167.75374675127065 4.751596416371914
      vertex 190.09618768895743 167.72418733605954 4.748374672119226
    endloop
  endfacet
  facet normal 0.5934361481663321 0.3853819406971801 -0.706621750184625
    outer loop
      vertex 188.1444271909999 166.79045640366795 2.6
      vertex 189.88226461628332 168.0530691998957 4.748085191493541
      vertex 190.08082780522673 167.75374675127065 4.751596416371914
    endloop
  endfacet
  facet normal 0.630468624886406 0.3212398094879738 -0.7066217501846193
    outer loop
      vertex 188.31167273222812 166.50077862892127 2.6
      vertex 190.26488039820592 167.3995456966314 4.751300766633228
      vertex 190.2745859391566 167.37472389541685 4.7486760078625325
    endloop
  endfacet
  facet normal 0.6605935554186471 0.2535781077012823 -0.7066217501846286
    outer loop
      vertex 188.31167273222812 166.50077862892127 2.6
      vertex 190.2745859391566 167.37472389541685 4.7486760078625325
      vertex 190.41024103175644 167.0277876700823 4.7509932991394965
    endloop
  endfacet
  facet normal 0.6304686248866392 0.32123980948750913 -0.7066217501846226
    outer loop
      vertex 188.2356406460551 166.65 2.6
      vertex 190.09618768895743 167.72418733605954 4.748374672119226
      vertex 190.26488039820592 167.3995456966314 4.751300766633228
    endloop
  endfacet
  facet normal 0.549901860821985 0.4453017467185128 -0.7066217501846088
    outer loop
      vertex 188.1444271909999 166.79045640366795 2.6
      vertex 189.86016864224112 168.0863775945194 4.751880247424302
      vertex 189.88226461628332 168.0530691998957 4.748085191493541
    endloop
  endfacet
  facet normal 0.5499018608222594 0.4453017467181672 -0.7066217501846133
    outer loop
      vertex 188.0390317207638 166.9206089701742 2.6
      vertex 189.6351637961507 168.357772746086 4.747807561415197
      vertex 189.86016864224112 168.0863775945194 4.751880247424302
    endloop
  endfacet
  facet normal 0.34874468010898024 0.09922641656290147 0.9319502488608341
    outer loop
      vertex -187.74362307105423 -166.1961914220621 4.925398921966552
      vertex -187.4283572170878 -165.9581137009749 4.78207486718893
      vertex -187.79201994697937 -166.02609404681237 4.925398921966552
    endloop
  endfacet
  facet normal 0.3610394454030994 0.033455231448229907 0.9319502488608327
    outer loop
      vertex -187.79201994697937 -166.02609404681237 4.925398921966552
      vertex -187.4283572170878 -165.9581137009749 4.78207486718893
      vertex -187.8083374634385 -165.85 4.925398921966552
    endloop
  endfacet
  facet normal 0.35575141440617986 0.390240711869535 0.8492073468520871
    outer loop
      vertex -187.807507594778 -166.72288350698997 5.1342629626393315
      vertex -187.63081228489037 -166.88396256537504 5.1342629626393315
      vertex -187.5582199311877 -166.4956277742618 4.925398921966552
    endloop
  endfacet
  facet normal 0.42140061317422095 0.318226971309509 0.849207346852091
    outer loop
      vertex -187.5582199311877 -166.4956277742618 4.925398921966552
      vertex -187.66479493322706 -166.35449966364433 4.925398921966552
      vertex -187.95159613192925 -166.53207944768272 5.1342629626393315
    endloop
  endfacet
  facet normal 0.4726995194748575 0.23537639291285367 0.849207346852094
    outer loop
      vertex -187.66479493322706 -166.35449966364433 4.925398921966552
      vertex -187.74362307105423 -166.1961914220621 4.925398921966552
      vertex -187.95159613192925 -166.53207944768272 5.1342629626393315
    endloop
  endfacet
  facet normal 0.47269951947495925 0.23537639291276993 0.8492073468520606
    outer loop
      vertex -187.74362307105423 -166.1961914220621 4.925398921966552
      vertex -188.05817113402657 -166.31804799084875 5.1342629626393315
      vertex -187.95159613192925 -166.53207944768272 5.1342629626393315
    endloop
  endfacet
  facet normal 0.42140061317421584 0.3182269713095311 0.8492073468520853
    outer loop
      vertex -187.807507594778 -166.72288350698997 5.1342629626393315
      vertex -187.5582199311877 -166.4956277742618 4.925398921966552
      vertex -187.95159613192925 -166.53207944768272 5.1342629626393315
    endloop
  endfacet
  facet normal 0.6044744957701299 0.3009925344966965 0.7375731002013984
    outer loop
      vertex -187.95159613192925 -166.53207944768272 5.1342629626393315
      vertex -188.05817113402657 -166.31804799084875 5.1342629626393315
      vertex -188.33157637657976 -166.423965746091 5.40155436694622
    endloop
  endfacet
  facet normal 0.45492463601732935 0.4990285536959141 0.737573100201373
    outer loop
      vertex -187.807507594778 -166.72288350698997 5.1342629626393315
      vertex -187.8075075941281 -167.11794496903929 5.40155436694622
      vertex -187.63081228489037 -166.88396256537504 5.1342629626393315
    endloop
  endfacet
  facet normal 0.5388749357068631 0.40693946174615087 0.7375731002013817
    outer loop
      vertex -187.807507594778 -166.72288350698997 5.1342629626393315
      vertex -187.95159613192925 -166.53207944768272 5.1342629626393315
      vertex -188.20088379421762 -166.6864318333524 5.40155436694622
    endloop
  endfacet
  facet normal 0.5258069351200865 0.048723187827559356 0.8492073468520758
    outer loop
      vertex -187.79201994697937 -166.02609404681237 4.925398921966552
      vertex -188.1456644669175 -165.85 5.1342629626393315
      vertex -188.1236033171962 -166.08807772104817 5.1342629626393315
    endloop
  endfacet
  facet normal 0.5079012105804781 0.14451035375826146 0.8492073468520789
    outer loop
      vertex -187.74362307105423 -166.1961914220621 4.925398921966552
      vertex -187.79201994697937 -166.02609404681237 4.925398921966552
      vertex -188.1236033171962 -166.08807772104817 5.1342629626393315
    endloop
  endfacet
  facet normal 0.5079012105804876 0.1445103537583276 0.8492073468520619
    outer loop
      vertex -187.74362307105423 -166.1961914220621 4.925398921966552
      vertex -188.1236033171962 -166.08807772104817 5.1342629626393315
      vertex -188.05817113402657 -166.31804799084875 5.1342629626393315
    endloop
  endfacet
  facet normal 0.5258069351200805 0.04872318782754169 0.8492073468520805
    outer loop
      vertex -187.79201994697937 -166.02609404681237 4.925398921966552
      vertex -187.8083374634385 -165.85 4.925398921966552
      vertex -188.1456644669175 -165.85 5.1342629626393315
    endloop
  endfacet
  facet normal 0.6494894018671541 0.18479566748587864 0.7375731002013934
    outer loop
      vertex -188.05817113402657 -166.31804799084875 5.1342629626393315
      vertex -188.1236033171962 -166.08807772104817 5.1342629626393315
      vertex -188.33157637657976 -166.423965746091 5.40155436694622
    endloop
  endfacet
  facet normal 0.6723867253603344 0.0623058056566086 0.7375731002013884
    outer loop
      vertex -188.1236033171962 -166.08807772104817 5.1342629626393315
      vertex -188.1456644669175 -165.85 5.1342629626393315
      vertex -188.43886916935443 -165.85 5.40155436694622
    endloop
  endfacet
  facet normal 0.09703068659586267 0.5190683268233659 0.8492073468520669
    outer loop
      vertex -186.9384242255637 -166.80424936476962 4.925398921966552
      vertex -187.2045754121468 -167.0962033092291 5.1342629626393315
      vertex -186.96954883477736 -167.14013739072084 5.1342629626393315
    endloop
  endfacet
  facet normal 0.3554824234701541 0.5741238267683006 0.7375731002014025
    outer loop
      vertex -187.63081228489037 -166.88396256537504 5.1342629626393315
      vertex -187.55821993109208 -167.2722973551719 5.40155436694622
      vertex -187.4275273491219 -167.00983126869767 5.1342629626393315
    endloop
  endfacet
  facet normal 0.24393468334601134 0.6296680015056899 0.737573100201405
    outer loop
      vertex -187.4275273491219 -167.00983126869767 5.1342629626393315
      vertex -187.55821993109208 -167.2722973551719 5.40155436694622
      vertex -187.2045754121468 -167.0962033092291 5.1342629626393315
    endloop
  endfacet
  facet normal 0.1240800401477246 0.6637695876553935 0.7375731002014159
    outer loop
      vertex -187.2045754121468 -167.0962033092291 5.1342629626393315
      vertex -186.99660235165814 -167.43209133358772 5.40155436694622
      vertex -186.96954883477736 -167.14013739072084 5.1342629626393315
    endloop
  endfacet
  facet normal 0.033903617655515764 0.18136833518464698 0.9828306424314507
    outer loop
      vertex -187.01101657859093 -166.41591457333675 4.78207486718893
      vertex -186.904288435382 -166.43586552098566 4.78207486718893
      vertex -186.86830391812651 -166.04753073474703 4.709171524643898
    endloop
  endfacet
  facet normal 0.24427272593741847 0.26795441592056674 0.9319502488608342
    outer loop
      vertex -187.5582199311877 -166.4956277742618 4.925398921966552
      vertex -187.2045754114015 -166.3195337267178 4.78207486718893
      vertex -187.28481468710004 -166.24638596188328 4.78207486718893
    endloop
  endfacet
  facet normal 0.28935001330516796 0.21850698718468622 0.931950248860834
    outer loop
      vertex -187.5582199311877 -166.4956277742618 4.925398921966552
      vertex -187.28481468710004 -166.24638596188328 4.78207486718893
      vertex -187.3502468701321 -166.1597397485294 4.78207486718893
    endloop
  endfacet
  facet normal 0.28935001330518223 0.21850698718467645 0.9319502488608318
    outer loop
      vertex -187.5582199311877 -166.4956277742618 4.925398921966552
      vertex -187.3502468701321 -166.1597397485294 4.78207486718893
      vertex -187.66479493322706 -166.35449966364433 4.925398921966552
    endloop
  endfacet
  facet normal 0.24427272593739685 0.2679544159206054 0.9319502488608287
    outer loop
      vertex -187.5582199311877 -166.4956277742618 4.925398921966552
      vertex -187.42752734880787 -166.61476980537196 4.925398921966552
      vertex -187.2045754114015 -166.3195337267178 4.78207486718893
    endloop
  endfacet
  facet normal 0.19087702386073904 0.3082769783981722 0.9319502488608283
    outer loop
      vertex -187.27716776523212 -166.70786851800048 4.925398921966552
      vertex -187.2045754114015 -166.3195337267178 4.78207486718893
      vertex -187.42752734880787 -166.61476980537196 4.925398921966552
    endloop
  endfacet
  facet normal 0.06662503465780671 0.35641245545727956 0.9319502488608277
    outer loop
      vertex -187.11226149574267 -166.77175354714834 4.925398921966552
      vertex -186.9384242255637 -166.80424936476962 4.925398921966552
      vertex -187.01101657859093 -166.41591457333675 4.78207486718893
    endloop
  endfacet
  facet normal 0.13098123366816594 0.3381015381139331 0.9319502488608272
    outer loop
      vertex -187.27716776523212 -166.70786851800048 4.925398921966552
      vertex -187.11226149574267 -166.77175354714834 4.925398921966552
      vertex -187.01101657859093 -166.41591457333675 4.78207486718893
    endloop
  endfacet
  facet normal 0.19087702386065528 0.3082769783981918 0.931950248860839
    outer loop
      vertex -187.27716776523212 -166.70786851800048 4.925398921966552
      vertex -187.112261495334 -166.37669208363255 4.78207486718893
      vertex -187.2045754114015 -166.3195337267178 4.78207486718893
    endloop
  endfacet
  facet normal 0.06662503465770103 0.3564124554572647 0.931950248860841
    outer loop
      vertex -186.9384242255637 -166.80424936476962 4.925398921966552
      vertex -186.904288435382 -166.43586552098566 4.78207486718893
      vertex -187.01101657859093 -166.41591457333675 4.78207486718893
    endloop
  endfacet
  facet normal 0.13098123366824257 0.3381015381138693 0.9319502488608398
    outer loop
      vertex -187.27716776523212 -166.70786851800048 4.925398921966552
      vertex -187.01101657859093 -166.41591457333675 4.78207486718893
      vertex -187.112261495334 -166.37669208363255 4.78207486718893
    endloop
  endfacet
  facet normal 0.1651665502582592 0.08224316976847308 0.9828306424314517
    outer loop
      vertex -187.39864374598184 -166.06254571953124 4.78207486718893
      vertex -187.3502468701321 -166.1597397485294 4.78207486718893
      vertex -187.03498102102992 -165.92166202932663 4.709171524643898
    endloop
  endfacet
  facet normal 0.17746641866013127 0.05049354954574628 0.9828306424314507
    outer loop
      vertex -187.39864374598184 -166.06254571953124 4.78207486718893
      vertex -187.044999230959 -165.88645167367739 4.709171524643898
      vertex -187.4283572170878 -165.9581137009749 4.78207486718893
    endloop
  endfacet
  facet normal 0.18372288102202872 0.017024432053578863 0.9828306424314509
    outer loop
      vertex -187.4283572170878 -165.9581137009749 4.78207486718893
      vertex -187.044999230959 -165.88645167367739 4.709171524643898
      vertex -187.43837542682886 -165.85 4.78207486718893
    endloop
  endfacet
  facet normal 0.1472421330828119 0.11119209748450778 0.9828306424314512
    outer loop
      vertex -187.3502468701321 -166.1597397485294 4.78207486718893
      vertex -187.28481468710004 -166.24638596188328 4.78207486718893
      vertex -186.99660235420095 -165.9836457044997 4.709171524643898
    endloop
  endfacet
  facet normal 0.0971319815358523 0.15687353652129812 0.9828306424314516
    outer loop
      vertex -187.2045754114015 -166.3195337267178 4.78207486718893
      vertex -186.93842422708548 -166.02757978672366 4.709171524643898
      vertex -186.9695488367698 -166.0083082443067 4.709171524643898
    endloop
  endfacet
  facet normal 0.12430356166268992 0.1363545116809541 0.9828306424314509
    outer loop
      vertex -187.28481468710004 -166.24638596188328 4.78207486718893
      vertex -187.2045754114015 -166.3195337267178 4.78207486718893
      vertex -186.9695488367698 -166.0083082443067 4.709171524643898
    endloop
  endfacet
  facet normal 0 0 1
    outer loop
      vertex -186.93842422708548 -166.02757978672366 4.709171524643898
      vertex -186.86830391812651 -166.04753073474703 4.709171524643898
      vertex -186.9695488367698 -166.0083082443067 4.709171524643898
    endloop
  endfacet
  facet normal 0 0 1
    outer loop
      vertex -186.93842422708548 -166.02757978672366 4.709171524643898
      vertex -186.90428843640092 -166.0408040624872 4.709171524643898
      vertex -186.86830391812651 -166.04753073474703 4.709171524643898
    endloop
  endfacet
  facet normal 0.09713198153581 0.1568735365213362 0.9828306424314498
    outer loop
      vertex -187.2045754114015 -166.3195337267178 4.78207486718893
      vertex -187.112261495334 -166.37669208363255 4.78207486718893
      vertex -186.93842422708548 -166.02757978672366 4.709171524643898
    endloop
  endfacet
  facet normal 0.12430356166269838 0.13635451168094279 0.9828306424314514
    outer loop
      vertex -187.28481468710004 -166.24638596188328 4.78207486718893
      vertex -186.9695488367698 -166.0083082443067 4.709171524643898
      vertex -186.99660235420095 -165.9836457044997 4.709171524643898
    endloop
  endfacet
  facet normal 0.06665268827477623 0.17205042122450226 0.98283064243145
    outer loop
      vertex -187.01101657859093 -166.41591457333675 4.78207486718893
      vertex -186.93842422708548 -166.02757978672366 4.709171524643898
      vertex -187.112261495334 -166.37669208363255 4.78207486718893
    endloop
  endfacet
  facet normal 0.0666526882746816 0.17205042122452055 0.9828306424314533
    outer loop
      vertex -187.01101657859093 -166.41591457333675 4.78207486718893
      vertex -186.90428843640092 -166.0408040624872 4.709171524643898
      vertex -186.93842422708548 -166.02757978672366 4.709171524643898
    endloop
  endfacet
  facet normal 0.03390361765557584 0.18136833518462414 0.9828306424314529
    outer loop
      vertex -187.01101657859093 -166.41591457333675 4.78207486718893
      vertex -186.86830391812651 -166.04753073474703 4.709171524643898
      vertex -186.90428843640092 -166.0408040624872 4.709171524643898
    endloop
  endfacet
  facet normal 0.14724213308282122 0.11119209748448929 0.982830642431452
    outer loop
      vertex -187.3502468701321 -166.1597397485294 4.78207486718893
      vertex -186.99660235420095 -165.9836457044997 4.709171524643898
      vertex -187.01866350428995 -165.9544320205163 4.709171524643898
    endloop
  endfacet
  facet normal 0.17746641866010682 0.05049354954579614 0.9828306424314527
    outer loop
      vertex -187.39864374598184 -166.06254571953124 4.78207486718893
      vertex -187.03498102102992 -165.92166202932663 4.709171524643898
      vertex -187.044999230959 -165.88645167367739 4.709171524643898
    endloop
  endfacet
  facet normal 0 0 1
    outer loop
      vertex -187.01866350428995 -165.9544320205163 4.709171524643898
      vertex -186.99660235420095 -165.9836457044997 4.709171524643898
      vertex -186.9695488367698 -166.0083082443067 4.709171524643898
    endloop
  endfacet
  facet normal 0.16516655025826305 0.08224316976846799 0.9828306424314515
    outer loop
      vertex -187.3502468701321 -166.1597397485294 4.78207486718893
      vertex -187.01866350428995 -165.9544320205163 4.709171524643898
      vertex -187.03498102102992 -165.92166202932663 4.709171524643898
    endloop
  endfacet
  facet normal 0.18372288102202736 0.0170244320535632 0.9828306424314515
    outer loop
      vertex -187.43837542682886 -165.85 4.78207486718893
      vertex -187.044999230959 -165.88645167367739 4.709171524643898
      vertex -187.04837697595357 -165.85 4.709171524643898
    endloop
  endfacet
  facet normal 0 0 1
    outer loop
      vertex -187.01866350428995 -165.9544320205163 4.709171524643898
      vertex -187.04837697595357 -165.85 4.709171524643898
      vertex -187.044999230959 -165.88645167367739 4.709171524643898
    endloop
  endfacet
  facet normal 0 0 1
    outer loop
      vertex -187.01866350428995 -165.9544320205163 4.709171524643898
      vertex -187.044999230959 -165.88645167367739 4.709171524643898
      vertex -187.03498102102992 -165.92166202932663 4.709171524643898
    endloop
  endfacet
  facet normal 0 0 1
    outer loop
      vertex -187.01866350428995 -165.9544320205163 4.709171524643898
      vertex -186.9695488367698 -166.0083082443067 4.709171524643898
      vertex -187.04837697595357 -165.85 4.709171524643898
    endloop
  endfacet
  facet normal 0.34874468010897436 0.09922641656290988 0.9319502488608353
    outer loop
      vertex -187.74362307105423 -166.1961914220621 4.925398921966552
      vertex -187.39864374598184 -166.06254571953124 4.78207486718893
      vertex -187.4283572170878 -165.9581137009749 4.78207486718893
    endloop
  endfacet
  facet normal 0.32457383300687553 0.1616185650705244 0.9319502488608337
    outer loop
      vertex -187.74362307105423 -166.1961914220621 4.925398921966552
      vertex -187.3502468701321 -166.1597397485294 4.78207486718893
      vertex -187.39864374598184 -166.06254571953124 4.78207486718893
    endloop
  endfacet
  facet normal 0.3245738330068744 0.16161856507053315 0.9319502488608324
    outer loop
      vertex -187.66479493322706 -166.35449966364433 4.925398921966552
      vertex -187.3502468701321 -166.1597397485294 4.78207486718893
      vertex -187.74362307105423 -166.1961914220621 4.925398921966552
    endloop
  endfacet
  facet normal 0.36103944540309846 0.03345523144822586 0.9319502488608332
    outer loop
      vertex -187.8083374634385 -165.85 4.925398921966552
      vertex -187.4283572170878 -165.9581137009749 4.78207486718893
      vertex -187.43837542682886 -165.85 4.78207486718893
    endloop
  endfacet
  facet normal 0.3557514144061351 0.3902407118695499 0.8492073468520991
    outer loop
      vertex -187.63081228489037 -166.88396256537504 5.1342629626393315
      vertex -187.42752734880787 -166.61476980537196 4.925398921966552
      vertex -187.5582199311877 -166.4956277742618 4.925398921966552
    endloop
  endfacet
  facet normal 0.2779875278973822 0.4489652730289106 0.8492073468520971
    outer loop
      vertex -187.63081228489037 -166.88396256537504 5.1342629626393315
      vertex -187.27716776523212 -166.70786851800048 4.925398921966552
      vertex -187.42752734880787 -166.61476980537196 4.925398921966552
    endloop
  endfacet
  facet normal 0.1907571095353242 0.492400860289856 0.8492073468520736
    outer loop
      vertex -187.27716776523212 -166.70786851800048 4.925398921966552
      vertex -187.4275273491219 -167.00983126869767 5.1342629626393315
      vertex -187.2045754121468 -167.0962033092291 5.1342629626393315
    endloop
  endfacet
  facet normal 0.27798752789733827 0.44896527302897543 0.8492073468520773
    outer loop
      vertex -187.63081228489037 -166.88396256537504 5.1342629626393315
      vertex -187.4275273491219 -167.00983126869767 5.1342629626393315
      vertex -187.27716776523212 -166.70786851800048 4.925398921966552
    endloop
  endfacet
  facet normal 0.19075710953523498 0.4924008602898515 0.8492073468520963
    outer loop
      vertex -187.27716776523212 -166.70786851800048 4.925398921966552
      vertex -187.2045754121468 -167.0962033092291 5.1342629626393315
      vertex -187.11226149574267 -166.77175354714834 4.925398921966552
    endloop
  endfacet
  facet normal 0.09703068659596041 0.5190683268232983 0.8492073468520971
    outer loop
      vertex -187.11226149574267 -166.77175354714834 4.925398921966552
      vertex -187.2045754121468 -167.0962033092291 5.1342629626393315
      vertex -186.9384242255637 -166.80424936476962 4.925398921966552
    endloop
  endfacet
  facet normal 0.35548242347021763 0.5741238267682948 0.7375731002013767
    outer loop
      vertex -187.63081228489037 -166.88396256537504 5.1342629626393315
      vertex -187.8075075941281 -167.11794496903929 5.40155436694622
      vertex -187.55821993109208 -167.2722973551719 5.40155436694622
    endloop
  endfacet
  facet normal 0.5384537739131453 0.5906556531656518 0.6009937044114095
    outer loop
      vertex -188.0241884844499 -166.9204142377184 5.40155436694622
      vertex -188.20088379446014 -167.08149329621526 5.718170849978923
      vertex -187.8075075941281 -167.11794496903929 5.40155436694622
    endloop
  endfacet
  facet normal 0.420752883715078 0.6795392395611206 0.6009937044114023
    outer loop
      vertex -187.8075075941281 -167.11794496903929 5.40155436694622
      vertex -187.95159613137935 -167.30874902847893 5.718170849978923
      vertex -187.55821993109208 -167.2722973551719 5.40155436694622
    endloop
  endfacet
  facet normal 0.42075288371506536 0.6795392395611404 0.6009937044113889
    outer loop
      vertex -187.55821993109208 -167.2722973551719 5.40155436694622
      vertex -187.95159613137935 -167.30874902847893 5.718170849978923
      vertex -187.66479493326335 -167.48632881215437 5.718170849978923
    endloop
  endfacet
  facet normal 0.5384537739131402 0.5906556531656645 0.6009937044114018
    outer loop
      vertex -187.8075075941281 -167.11794496903929 5.40155436694622
      vertex -188.20088379446014 -167.08149329621526 5.718170849978923
      vertex -187.95159613137935 -167.30874902847893 5.718170849978923
    endloop
  endfacet
  facet normal 0.7149606480117439 0.539913219177569 0.4442127728374565
    outer loop
      vertex -188.40416873012714 -166.81230053676236 5.718170849978923
      vertex -188.33157638063562 -167.20063533078562 6.073330415785312
      vertex -188.20088379446014 -167.08149329621526 5.718170849978923
    endloop
  endfacet
  facet normal 0.6035782906414504 0.6620938449452682 0.44421277283744987
    outer loop
      vertex -188.20088379446014 -167.08149329621526 5.718170849978923
      vertex -188.33157638063562 -167.20063533078562 6.073330415785312
      vertex -187.95159613137935 -167.30874902847893 5.718170849978923
    endloop
  endfacet
  facet normal 0.4716417984957156 0.7617276589174129 0.44421277283743676
    outer loop
      vertex -187.66479493326335 -167.48632881215437 5.718170849978923
      vertex -187.95159613137935 -167.30874902847893 5.718170849978923
      vertex -187.7436230733799 -167.6446370583343 6.073330415785312
    endloop
  endfacet
  facet normal 0.7149606480117704 0.5399132191775529 0.4442127728374334
    outer loop
      vertex -188.40416873012714 -166.81230053676236 5.718170849978923
      vertex -188.5545283180697 -166.90539925209472 6.073330415785312
      vertex -188.33157638063562 -167.20063533078562 6.073330415785312
    endloop
  endfacet
  facet normal 0.7677982401663033 0.5798143166058897 0.27258250247654014
    outer loop
      vertex -188.33157638063562 -167.20063533078562 6.073330415785312
      vertex -188.5545283180697 -166.90539925209472 6.073330415785312
      vertex -188.64684223472443 -166.96255760937308 6.4549385368824
    endloop
  endfacet
  facet normal 0.3475623158143065 0.8971617557438624 0.27258250247656507
    outer loop
      vertex -187.7436230733799 -167.6446370583343 6.073330415785312
      vertex -187.7920199495375 -167.74183108795074 6.4549385368824
      vertex -187.39864374826462 -167.77828276088178 6.073330415785312
    endloop
  endfacet
  facet normal 0.6035782906414345 0.6620938449453007 0.4442127728374231
    outer loop
      vertex -187.95159613137935 -167.30874902847893 5.718170849978923
      vertex -188.33157638063562 -167.20063533078562 6.073330415785312
      vertex -188.05817113651395 -167.44987714319515 6.073330415785312
    endloop
  endfacet
  facet normal 0.4716417984957299 0.7617276589174103 0.44421277283742616
    outer loop
      vertex -187.95159613137935 -167.30874902847893 5.718170849978923
      vertex -188.05817113651395 -167.44987714319515 6.073330415785312
      vertex -187.7436230733799 -167.6446370583343 6.073330415785312
    endloop
  endfacet
  facet normal 0.6481844149685859 0.7110244324461962 0.27258250247658317
    outer loop
      vertex -188.33157638063562 -167.20063533078562 6.073330415785312
      vertex -188.12360331996229 -167.5365233571002 6.4549385368824
      vertex -188.05817113651395 -167.44987714319515 6.073330415785312
    endloop
  endfacet
  facet normal 0.5064974469307084 0.8180214640193024 0.27258250247657345
    outer loop
      vertex -188.05817113651395 -167.44987714319515 6.073330415785312
      vertex -188.12360331996229 -167.5365233571002 6.4549385368824
      vertex -187.7436230733799 -167.6446370583343 6.073330415785312
    endloop
  endfacet
  facet normal 0.7677982401662885 0.5798143166059252 0.27258250247650573
    outer loop
      vertex -188.33157638063562 -167.20063533078562 6.073330415785312
      vertex -188.64684223472443 -166.96255760937308 6.4549385368824
      vertex -188.41181565684457 -167.27378309608542 6.4549385368824
    endloop
  endfacet
  facet normal 0.5064974469307041 0.8180214640193071 0.27258250247656785
    outer loop
      vertex -187.7436230733799 -167.6446370583343 6.073330415785312
      vertex -188.12360331996229 -167.5365233571002 6.4549385368824
      vertex -187.7920199495375 -167.74183108795074 6.4549385368824
    endloop
  endfacet
  facet normal 0.6481844149686598 0.7110244324461574 0.2725825024765089
    outer loop
      vertex -188.33157638063562 -167.20063533078562 6.073330415785312
      vertex -188.41181565684457 -167.27378309608542 6.4549385368824
      vertex -188.12360331996229 -167.5365233571002 6.4549385368824
    endloop
  endfacet
  facet normal 0.715462623284405 0.3562580552645126 0.6009937044114065
    outer loop
      vertex -188.20088379421762 -166.6864318333524 5.40155436694622
      vertex -188.33157637657976 -166.423965746091 5.40155436694622
      vertex -188.55452831370957 -166.51033778668236 5.718170849978923
    endloop
  endfacet
  facet normal 0.7958442808658297 0.07374583290591445 0.6009937044114215
    outer loop
      vertex -188.4118156523925 -166.1419539437425 5.40155436694622
      vertex -188.43886916935443 -165.85 5.40155436694622
      vertex -188.64684222992503 -166.18588802526472 5.718170849978923
    endloop
  endfacet
  facet normal 0.768742758390954 0.21872617282646142 0.6009937044114159
    outer loop
      vertex -188.33157637657976 -166.423965746091 5.40155436694622
      vertex -188.4118156523925 -166.1419539437425 5.40155436694622
      vertex -188.64684222992503 -166.18588802526472 5.718170849978923
    endloop
  endfacet
  facet normal 0.5388749357068527 0.40693946174620516 0.7375731002013591
    outer loop
      vertex -187.807507594778 -166.72288350698997 5.1342629626393315
      vertex -188.20088379421762 -166.6864318333524 5.40155436694622
      vertex -188.0241884844499 -166.9204142377184 5.40155436694622
    endloop
  endfacet
  facet normal 0.6044744957701299 0.30099253449674546 0.7375731002013786
    outer loop
      vertex -187.95159613192925 -166.53207944768272 5.1342629626393315
      vertex -188.33157637657976 -166.423965746091 5.40155436694622
      vertex -188.20088379421762 -166.6864318333524 5.40155436694622
    endloop
  endfacet
  facet normal 0.45492463601735816 0.4990285536959059 0.7375731002013608
    outer loop
      vertex -187.807507594778 -166.72288350698997 5.1342629626393315
      vertex -188.0241884844499 -166.9204142377184 5.40155436694622
      vertex -187.8075075941281 -167.11794496903929 5.40155436694622
    endloop
  endfacet
  facet normal 0.6378182666446893 0.48165799691504707 0.6009937044114093
    outer loop
      vertex -188.20088379421762 -166.6864318333524 5.40155436694622
      vertex -188.20088379446014 -167.08149329621526 5.718170849978923
      vertex -188.0241884844499 -166.9204142377184 5.40155436694622
    endloop
  endfacet
  facet normal 0.6723867253603486 0.06230580565664561 0.7375731002013722
    outer loop
      vertex -188.1236033171962 -166.08807772104817 5.1342629626393315
      vertex -188.43886916935443 -165.85 5.40155436694622
      vertex -188.4118156523925 -166.1419539437425 5.40155436694622
    endloop
  endfacet
  facet normal 0.6494894018671933 0.18479566748583556 0.7375731002013698
    outer loop
      vertex -188.1236033171962 -166.08807772104817 5.1342629626393315
      vertex -188.4118156523925 -166.1419539437425 5.40155436694622
      vertex -188.33157637657976 -166.423965746091 5.40155436694622
    endloop
  endfacet
  facet normal 0.7154626232844047 0.3562580552645363 0.6009937044113929
    outer loop
      vertex -188.20088379421762 -166.6864318333524 5.40155436694622
      vertex -188.55452831370957 -166.51033778668236 5.718170849978923
      vertex -188.40416873012714 -166.81230053676236 5.718170849978923
    endloop
  endfacet
  facet normal 0.7687427583909567 0.21872617282647813 0.6009937044114061
    outer loop
      vertex -188.33157637657976 -166.423965746091 5.40155436694622
      vertex -188.64684222992503 -166.18588802526472 5.718170849978923
      vertex -188.55452831370957 -166.51033778668236 5.718170849978923
    endloop
  endfacet
  facet normal 0.8019958780147951 0.39934649628531216 0.44421277283743565
    outer loop
      vertex -188.40416873012714 -166.81230053676236 5.718170849978923
      vertex -188.55452831370957 -166.51033778668236 5.718170849978923
      vertex -188.71943458798836 -166.5742228176856 6.073330415785312
    endloop
  endfacet
  facet normal 0.8617201002800656 0.24518050742541467 0.44421277283744304
    outer loop
      vertex -188.64684222992503 -166.18588802526472 5.718170849978923
      vertex -188.71943458798836 -166.5742228176856 6.073330415785312
      vertex -188.55452831370957 -166.51033778668236 5.718170849978923
    endloop
  endfacet
  facet normal 0.7958442808658539 0.07374583290587425 0.6009937044113948
    outer loop
      vertex -188.43886916935443 -165.85 5.40155436694622
      vertex -188.67796683907508 -165.85 5.718170849978923
      vertex -188.64684222992503 -166.18588802526472 5.718170849978923
    endloop
  endfacet
  facet normal 0.8920994780496693 0.0826651904466695 0.4442127728374358
    outer loop
      vertex -188.64684222992503 -166.18588802526472 5.718170849978923
      vertex -188.67796683907508 -165.85 5.718170849978923
      vertex -188.85481529533862 -165.85 6.073330415785312
    endloop
  endfacet
  facet normal 0.6378182666447214 0.4816579969150304 0.6009937044113888
    outer loop
      vertex -188.20088379421762 -166.6864318333524 5.40155436694622
      vertex -188.40416873012714 -166.81230053676236 5.718170849978923
      vertex -188.20088379446014 -167.08149329621526 5.718170849978923
    endloop
  endfacet
  facet normal 0.8019958780147936 0.3993464962853303 0.44421277283742217
    outer loop
      vertex -188.40416873012714 -166.81230053676236 5.718170849978923
      vertex -188.71943458798836 -166.5742228176856 6.073330415785312
      vertex -188.5545283180697 -166.90539925209472 6.073330415785312
    endloop
  endfacet
  facet normal 0.8617201002801032 0.24518050742536582 0.44421277283739735
    outer loop
      vertex -188.64684222992503 -166.18588802526472 5.718170849978923
      vertex -188.8206795051527 -166.21838384382974 6.073330415785312
      vertex -188.71943458798836 -166.5742228176856 6.073330415785312
    endloop
  endfacet
  facet normal 0.9254036265504808 0.2633000328728197 0.27258250247657184
    outer loop
      vertex -188.71943458798836 -166.5742228176856 6.073330415785312
      vertex -188.8206795051527 -166.21838384382974 6.073330415785312
      vertex -188.92740764904053 -166.23833479160558 6.4549385368824
    endloop
  endfacet
  facet normal 0.8612656171675688 0.4288593196242672 0.27258250247654825
    outer loop
      vertex -188.5545283180697 -166.90539925209472 6.073330415785312
      vertex -188.71943458798836 -166.5742228176856 6.073330415785312
      vertex -188.8206795053755 -166.6134453076393 6.4549385368824
    endloop
  endfacet
  facet normal 0.8920994780496836 0.08266519044671815 0.4442127728373982
    outer loop
      vertex -188.64684222992503 -166.18588802526472 5.718170849978923
      vertex -188.85481529533862 -165.85 6.073330415785312
      vertex -188.8206795051527 -166.21838384382974 6.073330415785312
    endloop
  endfacet
  facet normal 0.958028125330513 0.08877437929556617 0.2725825024765711
    outer loop
      vertex -188.8206795051527 -166.21838384382974 6.073330415785312
      vertex -188.85481529533862 -165.85 6.073330415785312
      vertex -188.92740764904053 -166.23833479160558 6.4549385368824
    endloop
  endfacet
  facet normal 0.9254036265504803 0.26330003287284376 0.27258250247655047
    outer loop
      vertex -188.71943458798836 -166.5742228176856 6.073330415785312
      vertex -188.92740764904053 -166.23833479160558 6.4549385368824
      vertex -188.8206795053755 -166.6134453076393 6.4549385368824
    endloop
  endfacet
  facet normal 0.8612656171675679 0.42885931962427154 0.27258250247654436
    outer loop
      vertex -188.5545283180697 -166.90539925209472 6.073330415785312
      vertex -188.8206795053755 -166.6134453076393 6.4549385368824
      vertex -188.64684223472443 -166.96255760937308 6.4549385368824
    endloop
  endfacet
  facet normal 0.9580281253305248 0.08877437929553333 0.2725825024765399
    outer loop
      vertex -188.85481529533862 -165.85 6.073330415785312
      vertex -188.96339216679334 -165.85 6.4549385368824
      vertex -188.92740764904053 -166.23833479160558 6.4549385368824
    endloop
  endfacet
  facet normal 0.2439346833459512 0.6296680015057557 0.7375731002013687
    outer loop
      vertex -187.2045754121468 -167.0962033092291 5.1342629626393315
      vertex -187.55821993109208 -167.2722973551719 5.40155436694622
      vertex -187.28481468771886 -167.3782151107318 5.40155436694622
    endloop
  endfacet
  facet normal 0.12408004014783075 0.6637695876554236 0.737573100201371
    outer loop
      vertex -187.2045754121468 -167.0962033092291 5.1342629626393315
      vertex -187.28481468771886 -167.3782151107318 5.40155436694622
      vertex -186.99660235165814 -167.43209133358772 5.40155436694622
    endloop
  endfacet
  facet normal 0.28872375869951267 0.7452819321708384 0.6009937044113919
    outer loop
      vertex -187.55821993109208 -167.2722973551719 5.40155436694622
      vertex -187.66479493326335 -167.48632881215437 5.718170849978923
      vertex -187.28481468771886 -167.3782151107318 5.40155436694622
    endloop
  endfacet
  facet normal 0.14686249236751903 0.78564494244758 0.6009937044114015
    outer loop
      vertex -187.28481468771886 -167.3782151107318 5.40155436694622
      vertex -187.01866350139477 -167.67016905480108 5.718170849978923
      vertex -186.99660235165814 -167.43209133358772 5.40155436694622
    endloop
  endfacet
  facet normal 0.1646251106354885 0.8806665574417467 0.44421277283747257
    outer loop
      vertex -187.3502468709339 -167.60818538069196 5.718170849978923
      vertex -187.39864374826462 -167.77828276088178 6.073330415785312
      vertex -187.01866350139477 -167.67016905480108 5.718170849978923
    endloop
  endfacet
  facet normal 0.32364411057415343 0.8354217510567373 0.444212772837477
    outer loop
      vertex -187.66479493326335 -167.48632881215437 5.718170849978923
      vertex -187.39864374826462 -167.77828276088178 6.073330415785312
      vertex -187.3502468709339 -167.60818538069196 5.718170849978923
    endloop
  endfacet
  facet normal 0.2887237586995023 0.7452819321708495 0.6009937044113832
    outer loop
      vertex -187.66479493326335 -167.48632881215437 5.718170849978923
      vertex -187.3502468709339 -167.60818538069196 5.718170849978923
      vertex -187.28481468771886 -167.3782151107318 5.40155436694622
    endloop
  endfacet
  facet normal 0.1468624923675514 0.7856449424475886 0.6009937044113823
    outer loop
      vertex -187.28481468771886 -167.3782151107318 5.40155436694622
      vertex -187.3502468709339 -167.60818538069196 5.718170849978923
      vertex -187.01866350139477 -167.67016905480108 5.718170849978923
    endloop
  endfacet
  facet normal 0.3236441105742143 0.8354217510567378 0.44421277283743166
    outer loop
      vertex -187.66479493326335 -167.48632881215437 5.718170849978923
      vertex -187.7436230733799 -167.6446370583343 6.073330415785312
      vertex -187.39864374826462 -167.77828276088178 6.073330415785312
    endloop
  endfacet
  facet normal 0.16462511063540708 0.8806665574417979 0.4442127728374011
    outer loop
      vertex -187.01866350139477 -167.67016905480108 5.718170849978923
      vertex -187.39864374826462 -167.77828276088178 6.073330415785312
      vertex -187.0349810183278 -167.8462631067277 6.073330415785312
    endloop
  endfacet
  facet normal 0.1767913668878802 0.9457502799034903 0.2725825024765612
    outer loop
      vertex -187.39864374826462 -167.77828276088178 6.073330415785312
      vertex -187.0449992281326 -167.95437680839035 6.4549385368824
      vertex -187.0349810183278 -167.8462631067277 6.073330415785312
    endloop
  endfacet
  facet normal 0.3475623158142554 0.8971617557438992 0.2725825024765088
    outer loop
      vertex -187.7920199495375 -167.74183108795074 6.4549385368824
      vertex -187.4283572195596 -167.8827147801024 6.4549385368824
      vertex -187.39864374826462 -167.77828276088178 6.073330415785312
    endloop
  endfacet
  facet normal 0.1767913668879408 0.9457502799034948 0.27258250247650717
    outer loop
      vertex -187.39864374826462 -167.77828276088178 6.073330415785312
      vertex -187.4283572195596 -167.8827147801024 6.4549385368824
      vertex -187.0449992281326 -167.95437680839035 6.4549385368824
    endloop
  endfacet
  facet normal 0.794641824803181 0.6000856507498042 0.09187808246614045
    outer loop
      vertex -188.64684223472443 -166.96255760937308 6.4549385368824
      vertex -188.43886917202443 -167.2984456338401 6.85
      vertex -188.41181565684457 -167.27378309608542 6.4549385368824
    endloop
  endfacet
  facet normal 0.7946418248032012 0.6000856507497817 0.0918780824661107
    outer loop
      vertex -188.64684223472443 -166.96255760937308 6.4549385368824
      vertex -188.67796684181866 -166.98182915018631 6.85
      vertex -188.43886917202443 -167.2984456338401 6.85
    endloop
  endfacet
  facet normal 0.5242054936203188 0.8466209414021346 0.09187808246606699
    outer loop
      vertex -188.12360331996229 -167.5365233571002 6.4549385368824
      vertex -188.1456644682154 -167.56573703865251 6.85
      vertex -187.80833746491956 -167.77460107641338 6.85
    endloop
  endfacet
  facet normal 0.5242054936203129 0.8466209414021376 0.09187808246607354
    outer loop
      vertex -188.12360331996229 -167.5365233571002 6.4549385368824
      vertex -187.80833746491956 -167.77460107641338 6.85
      vertex -187.7920199495375 -167.74183108795074 6.4549385368824
    endloop
  endfacet
  facet normal 0.3597137091792295 0.9285281177168939 0.09187808246607305
    outer loop
      vertex -187.7920199495375 -167.74183108795074 6.4549385368824
      vertex -187.80833746491956 -167.77460107641338 6.85
      vertex -187.43837542865498 -167.91792513282155 6.85
    endloop
  endfacet
  facet normal 0.6708460886913789 0.7358831043377911 0.09187808246613725
    outer loop
      vertex -188.41181565684457 -167.27378309608542 6.4549385368824
      vertex -188.43886917202443 -167.2984456338401 6.85
      vertex -188.12360331996229 -167.5365233571002 6.4549385368824
    endloop
  endfacet
  facet normal 0.6708460886913258 0.7358831043378491 0.09187808246605998
    outer loop
      vertex -188.12360331996229 -167.5365233571002 6.4549385368824
      vertex -188.43886917202443 -167.2984456338401 6.85
      vertex -188.1456644682154 -167.56573703865251 6.85
    endloop
  endfacet
  facet normal 0.8913769866391693 0.4438530000489176 0.09187808246611155
    outer loop
      vertex -188.64684223472443 -166.96255760937308 6.4549385368824
      vertex -188.8206795053755 -166.6134453076393 6.4549385368824
      vertex -188.85481529321936 -166.62666958230238 6.85
    endloop
  endfacet
  facet normal 0.9577573742840315 0.2725054677743235 0.09187808246614042
    outer loop
      vertex -188.8206795053755 -166.6134453076393 6.4549385368824
      vertex -188.92740764904053 -166.23833479160558 6.4549385368824
      vertex -188.9633921643204 -166.24506146330563 6.85
    endloop
  endfacet
  facet normal 0.9577573742840246 0.2725054677743592 0.09187808246610463
    outer loop
      vertex -188.8206795053755 -166.6134453076393 6.4549385368824
      vertex -188.9633921643204 -166.24506146330563 6.85
      vertex -188.85481529321936 -166.62666958230238 6.85
    endloop
  endfacet
  facet normal 0.8913769866391683 0.4438530000489199 0.091878082466109
    outer loop
      vertex -188.64684223472443 -166.96255760937308 6.4549385368824
      vertex -188.85481529321936 -166.62666958230238 6.85
      vertex -188.67796684181866 -166.98182915018631 6.85
    endloop
  endfacet
  facet normal 0.9915224832510011 0.09187808862897993 0.09187808246613254
    outer loop
      vertex -188.92740764904053 -166.23833479160558 6.4549385368824
      vertex -188.96339216679334 -165.85 6.4549385368824
      vertex -188.9633921643204 -166.24506146330563 6.85
    endloop
  endfacet
  facet normal 0.9915224832510032 0.09187808862896871 0.09187808246612131
    outer loop
      vertex -188.96339216679334 -165.85 6.4549385368824
      vertex -189 -165.85 6.85
      vertex -188.9633921643204 -166.24506146330563 6.85
    endloop
  endfacet
  facet normal 0.35971370917917656 0.9285281177169091 0.09187808246612725
    outer loop
      vertex -187.7920199495375 -167.74183108795074 6.4549385368824
      vertex -187.43837542865498 -167.91792513282155 6.85
      vertex -187.4283572195596 -167.8827147801024 6.4549385368824
    endloop
  endfacet
  facet normal 0.18297230580113852 0.978815382629514 0.09187808246612848
    outer loop
      vertex -187.4283572195596 -167.8827147801024 6.4549385368824
      vertex -187.43837542865498 -167.91792513282155 6.85
      vertex -187.0449992281326 -167.95437680839035 6.4549385368824
    endloop
  endfacet
  facet normal 0.18297230580110607 0.9788153826295232 0.0918780824660953
    outer loop
      vertex -187.0449992281326 -167.95437680839035 6.4549385368824
      vertex -187.43837542865498 -167.91792513282155 6.85
      vertex -187.04837697284609 -167.99082847903432 6.85
    endloop
  endfacet
  facet normal 0.7980172272802558 0.6026346363792349 6.513717494081262e-20
    outer loop
      vertex -188.67796684181866 -166.98182915018631 6.85
      vertex -188.43886917202443 -167.2984456338401 80.49
      vertex -188.43886917202443 -167.2984456338401 6.85
    endloop
  endfacet
  facet normal 0.5264321628773618 0.8502171357296104 0
    outer loop
      vertex -188.1456644682154 -167.56573703865251 6.85
      vertex -188.1456644682154 -167.56573703865251 80.49
      vertex -187.80833746491956 -167.77460107641338 6.85
    endloop
  endfacet
  facet normal 0.36124166618714787 0.9324722294043578 0
    outer loop
      vertex -187.80833746491956 -167.77460107641338 6.85
      vertex -187.80833746491956 -167.77460107641338 80.53
      vertex -187.43837542865498 -167.91792513282155 6.85
    endloop
  endfacet
  facet normal 0.6736956436465402 0.7390089172206746 0
    outer loop
      vertex -188.43886917202443 -167.2984456338401 6.85
      vertex -188.43886917202443 -167.2984456338401 80.49
      vertex -188.1456644682154 -167.56573703865251 6.85
    endloop
  endfacet
  facet normal 0.8951632913550527 0.4457383557765577 0
    outer loop
      vertex -188.85481529321936 -166.62666958230238 6.85
      vertex -188.85481529321936 -166.62666958230238 80.49
      vertex -188.67796684181866 -166.98182915018631 6.85
    endloop
  endfacet
  facet normal 0.9618256431728109 0.2736629900721116 0
    outer loop
      vertex -188.9633921643204 -166.24506146330563 6.85
      vertex -188.9633921643204 -166.24506146330563 80.49
      vertex -188.85481529321936 -166.62666958230238 6.85
    endloop
  endfacet
  facet normal 0.9957341762950364 0.09226835946328092 -2.4404315718990217e-20
    outer loop
      vertex -188.9633921643204 -166.24506146330563 6.85
      vertex -189 -165.85 6.85
      vertex -189 -165.85 80.49
    endloop
  endfacet
  facet normal 0.18374951781657753 0.9829730996839005 0
    outer loop
      vertex -187.43837542865498 -167.91792513282155 6.85
      vertex -187.43837542865498 -167.91792513282155 80.53
      vertex -187.04837697284609 -167.99082847903432 6.85
    endloop
  endfacet
  facet normal 0.3612416623207493 0 0.9324722309022085
    outer loop
      vertex -187.8083374634385 -165.85 4.925398921966552
      vertex -187.43837542682886 -165.85 4.78207486718893
      vertex -187.8083374634385 165.85 4.925398921966552
    endloop
  endfacet
  facet normal 0.5264321679761104 0 0.850217132572599
    outer loop
      vertex -187.8083374634385 -165.85 4.925398921966552
      vertex -188.1456644669175 165.85 5.1342629626393315
      vertex -188.1456644669175 -165.85 5.1342629626393315
    endloop
  endfacet
  facet normal 0.6736956446724653 0 0.7390089162854203
    outer loop
      vertex -188.1456644669175 -165.85 5.1342629626393315
      vertex -188.1456644669175 165.85 5.1342629626393315
      vertex -188.43886916935443 -165.85 5.40155436694622
    endloop
  endfacet
  facet normal 0.18374951113035173 0 0.9829731009337725
    outer loop
      vertex -187.43837542682886 -165.85 4.78207486718893
      vertex -187.04837697595357 -165.85 4.709171524643898
      vertex -187.04837697595357 165.85 4.709171524643898
    endloop
  endfacet
  facet normal 0 0 1
    outer loop
      vertex -186.9695488367698 -166.0083082443067 4.709171524643898
      vertex -186.9695488367698 166.00830824430673 4.709171524643898
      vertex -187.04837697595357 -165.85 4.709171524643898
    endloop
  endfacet
  facet normal 0.798017226800951 0 0.602634637013937
    outer loop
      vertex -188.43886916935443 -165.85 5.40155436694622
      vertex -188.43886916935443 165.85 5.40155436694622
      vertex -188.67796683907508 -165.85 5.718170849978923
    endloop
  endfacet
  facet normal 0.8951632854242058 0 0.44573836768730385
    outer loop
      vertex -188.67796683907508 -165.85 5.718170849978923
      vertex -188.85481529533862 165.85 6.073330415785312
      vertex -188.85481529533862 -165.85 6.073330415785312
    endloop
  endfacet
  facet normal 0.9618256433346314 0 0.27366298950337115
    outer loop
      vertex -188.85481529533862 -165.85 6.073330415785312
      vertex -188.85481529533862 165.85 6.073330415785312
      vertex -188.96339216679334 -165.85 6.4549385368824
    endloop
  endfacet
  facet normal 0.9957341768636517 0 0.09226835332694555
    outer loop
      vertex -188.96339216679334 -165.85 6.4549385368824
      vertex -188.96339216679334 165.85 6.4549385368824
      vertex -189 -165.85 6.85
    endloop
  endfacet
  facet normal 1.420983950282965e-20 0.5280595440407018 0.8492073468520667
    outer loop
      vertex -186.9384242255637 -166.80424936476962 4.925398921966552
      vertex -186.96954883477736 -167.14013739072084 5.1342629626393315
      vertex 186.96954883477738 -167.14013739072084 5.1342629626393315
    endloop
  endfacet
  facet normal 0 0.18450996801740221 0.9828306424314502
    outer loop
      vertex -186.904288435382 -166.43586552098566 4.78207486718893
      vertex 186.90428843538203 -166.43586552098566 4.78207486718893
      vertex -186.86830391812651 -166.04753073474703 4.709171524643898
    endloop
  endfacet
  facet normal 1.2524054338842162e-20 0.3625861740996508 0.9319502488608379
    outer loop
      vertex -186.9384242255637 -166.80424936476962 4.925398921966552
      vertex 186.90428843538203 -166.43586552098566 4.78207486718893
      vertex -186.904288435382 -166.43586552098566 4.78207486718893
    endloop
  endfacet
  facet normal 0 0 1
    outer loop
      vertex -186.86830391812651 -166.04753073474703 4.709171524643898
      vertex 186.9695488367698 -166.0083082443067 4.709171524643898
      vertex -186.9695488367698 -166.0083082443067 4.709171524643898
    endloop
  endfacet
  facet normal 4.5708035522189884e-20 0.6752672966013366 0.7375731002014123
    outer loop
      vertex -186.96954883477736 -167.14013739072084 5.1342629626393315
      vertex -186.99660235165814 -167.43209133358772 5.40155436694622
      vertex 186.99660235165814 -167.43209133358772 5.40155436694622
    endloop
  endfacet
  facet normal 0 0.8959213204562692 0.4442127728374042
    outer loop
      vertex -187.01866350139477 -167.67016905480108 5.718170849978923
      vertex -187.0349810183278 -167.8462631067277 6.073330415785312
      vertex 186.68133649860525 -167.67016905480108 5.718170849978923
    endloop
  endfacet
  facet normal 1.7554308509230876e-20 0.7992537564865498 0.6009937044114012
    outer loop
      vertex -186.99660235165814 -167.43209133358772 5.40155436694622
      vertex -187.01866350139477 -167.67016905480108 5.718170849978923
      vertex 186.68133649860525 -167.67016905480108 5.718170849978923
    endloop
  endfacet
  facet normal 7.48988722217688e-21 0.9621324125834337 0.2725825024765552
    outer loop
      vertex -187.0349810183278 -167.8462631067277 6.073330415785312
      vertex -187.0449992281326 -167.95437680839035 6.4549385368824
      vertex 187.04499922813264 -167.95437680839035 6.4549385368824
    endloop
  endfacet
  facet normal 0 0.9957702636463657 0.09187808246609926
    outer loop
      vertex -187.0449992281326 -167.95437680839035 6.4549385368824
      vertex -187.04837697284609 -167.99082847903432 6.85
      vertex 187.04499922813264 -167.95437680839035 6.4549385368824
    endloop
  endfacet
  facet normal 0 0 1
    outer loop
      vertex -186.9695488367698 -166.0083082443067 4.709171524643898
      vertex 186.9695488367698 -166.0083082443067 4.709171524643898
      vertex -186.9695488367698 166.00830824430673 4.709171524643898
    endloop
  endfacet
  facet normal 0.7980172272803243 0.6026346363791439 1.199175390660171e-16
    outer loop
      vertex -188.67796684181866 -166.98182915018631 6.85
      vertex -188.43886917202443 -167.2984456338401 80.53
      vertex -188.43886917202443 -167.2984456338401 80.49
    endloop
  endfacet
  facet normal 0.7980172272802695 0.6026346363792167 -1.2225987307357299e-16
    outer loop
      vertex -188.67796684181866 -166.98182915018631 6.85
      vertex -188.67473351979802 -166.98611076049883 80.53
      vertex -188.43886917202443 -167.2984456338401 80.53
    endloop
  endfacet
  facet normal 0.7980172272792576 0.6026346363805566 0
    outer loop
      vertex -188.67796684181866 -166.98182915018631 6.85
      vertex -188.67796684181866 -166.98182915018631 80.49
      vertex -188.67473351979802 -166.98611076049883 80.53
    endloop
  endfacet
  facet normal 0.5264321628773528 0.8502171357296161 2.5659044449878886e-16
    outer loop
      vertex -187.80833746491956 -167.77460107641338 6.85
      vertex -188.1456644682154 -167.56573703865251 80.49
      vertex -188.1456644682154 -167.56573703865251 80.53
    endloop
  endfacet
  facet normal 0.5264321628773618 0.8502171357296104 0
    outer loop
      vertex -187.80833746491956 -167.77460107641338 6.85
      vertex -188.1456644682154 -167.56573703865251 80.53
      vertex -187.80833746491956 -167.77460107641338 80.53
    endloop
  endfacet
  facet normal 0.6736956436465402 0.7390089172206746 0
    outer loop
      vertex -188.1456644682154 -167.56573703865251 6.85
      vertex -188.43886917202443 -167.2984456338401 80.49
      vertex -188.1456644682154 -167.56573703865251 80.49
    endloop
  endfacet
  facet normal 0.8951632913550527 0.4457383557765577 0
    outer loop
      vertex -188.67796684181866 -166.98182915018631 6.85
      vertex -188.85481529321936 -166.62666958230238 80.49
      vertex -188.67796684181866 -166.98182915018631 80.49
    endloop
  endfacet
  facet normal 0.9618256431728109 0.27366299007211164 0
    outer loop
      vertex -188.9633921643204 -166.24506146330563 80.49
      vertex -188.9633921643204 -166.24506146330563 80.53
      vertex -188.85481529321936 -166.62666958230238 6.85
    endloop
  endfacet
  facet normal 0.9618256431728109 0.2736629900721116 0
    outer loop
      vertex -188.85481529321936 -166.62666958230238 6.85
      vertex -188.9633921643204 -166.24506146330563 80.53
      vertex -188.85481529321936 -166.62666958230238 80.49
    endloop
  endfacet
  facet normal 0.9957341762950364 0.09226835946328092 0
    outer loop
      vertex -188.9633921643204 -166.24506146330563 6.85
      vertex -189 -165.85 80.49
      vertex -188.9633921643204 -166.24506146330563 80.49
    endloop
  endfacet
  facet normal 0.36124166618714787 0.9324722294043578 0
    outer loop
      vertex -187.43837542865498 -167.91792513282155 6.85
      vertex -187.80833746491956 -167.77460107641338 80.53
      vertex -187.43837542865498 -167.91792513282155 80.53
    endloop
  endfacet
  facet normal 0.18374951781657753 0.9829730996839005 0
    outer loop
      vertex -187.04837697284609 -167.99082847903432 6.85
      vertex -187.43837542865498 -167.91792513282155 80.53
      vertex -187.04837697284609 -167.99082847903432 80.53
    endloop
  endfacet
  facet normal 1 0 0
    outer loop
      vertex -189 -165.85 6.85
      vertex -189 -0.09003800217155344 80.49
      vertex -189 -165.85 80.49
    endloop
  endfacet
  facet normal 0.8951632913550402 0.4457383557765824 0
    outer loop
      vertex -188.67796684181866 -166.98182915018631 80.53
      vertex -188.67796684181866 -166.98182915018631 80.49
      vertex -188.8527517465424 -166.63081374268546 80.53
    endloop
  endfacet
  facet normal 0.8951632913550526 0.4457383557765576 2.7101949164705813e-13
    outer loop
      vertex -188.85481529321936 -166.62666958230238 80.49
      vertex -188.8527517465424 -166.63081374268546 80.53
      vertex -188.67796684181866 -166.98182915018631 80.49
    endloop
  endfacet
  facet normal 0.9618256431728109 0.27366299007211164 7.727040745642204e-17
    outer loop
      vertex -188.9633921643204 -166.24506146330563 80.53
      vertex -188.85481529321936 -166.62666958230238 80.53
      vertex -188.85481529321936 -166.62666958230238 80.49
    endloop
  endfacet
  facet normal 1 0 0
    outer loop
      vertex -189 -165.85 6.85
      vertex -189 165.67665273059836 80.49149464332375
      vertex -189 -0.09003800217155344 80.49
    endloop
  endfacet
  facet normal 0 1 0
    outer loop
      vertex -187.04837697284609 -167.99082847903432 6.85
      vertex -187.04837697284609 -167.99082847903432 80.53
      vertex 187.0483769728461 -167.99082847903432 80.53
    endloop
  endfacet
  facet normal 0.5264321679761104 0 0.850217132572599
    outer loop
      vertex -187.8083374634385 -165.85 4.925398921966552
      vertex -187.8083374634385 165.85 4.925398921966552
      vertex -188.1456644669175 165.85 5.1342629626393315
    endloop
  endfacet
  facet normal 0.18374951113035173 0 0.9829731009337725
    outer loop
      vertex -187.43837542682886 -165.85 4.78207486718893
      vertex -187.04837697595357 165.85 4.709171524643898
      vertex -187.43837542682886 165.85 4.78207486718893
    endloop
  endfacet
  facet normal 0 0 1
    outer loop
      vertex -187.04837697595357 -165.85 4.709171524643898
      vertex -186.9695488367698 166.00830824430673 4.709171524643898
      vertex -187.04837697595357 165.85 4.709171524643898
    endloop
  endfacet
  facet normal 0.3612416623207493 0 0.9324722309022085
    outer loop
      vertex -187.43837542682886 -165.85 4.78207486718893
      vertex -187.43837542682886 165.85 4.78207486718893
      vertex -187.8083374634385 165.85 4.925398921966552
    endloop
  endfacet
  facet normal 0.6736956446724653 0 0.7390089162854203
    outer loop
      vertex -188.43886916935443 -165.85 5.40155436694622
      vertex -188.1456644669175 165.85 5.1342629626393315
      vertex -188.43886916935443 165.85 5.40155436694622
    endloop
  endfacet
  facet normal 0.798017226800951 0 0.602634637013937
    outer loop
      vertex -188.67796683907508 -165.85 5.718170849978923
      vertex -188.43886916935443 165.85 5.40155436694622
      vertex -188.67796683907508 165.85 5.718170849978923
    endloop
  endfacet
  facet normal 0.8951632854242058 0 0.44573836768730385
    outer loop
      vertex -188.67796683907508 -165.85 5.718170849978923
      vertex -188.67796683907508 165.85 5.718170849978923
      vertex -188.85481529533862 165.85 6.073330415785312
    endloop
  endfacet
  facet normal 0.9618256433346314 0 0.27366298950337115
    outer loop
      vertex -188.96339216679334 -165.85 6.4549385368824
      vertex -188.85481529533862 165.85 6.073330415785312
      vertex -188.96339216679334 165.85 6.4549385368824
    endloop
  endfacet
  facet normal 0.9957341768636517 0 0.09226835332694555
    outer loop
      vertex -189 -165.85 6.85
      vertex -188.96339216679334 165.85 6.4549385368824
      vertex -189 165.85 6.85
    endloop
  endfacet
  facet normal 1 0 0
    outer loop
      vertex -189 -165.85 6.85
      vertex -189 165.85 6.85
      vertex -189 165.67665273059836 80.49149464332375
    endloop
  endfacet
  facet normal 0.36103944540309835 -0.0334552314482352 0.9319502488608328
    outer loop
      vertex -187.8083374634385 165.85 4.925398921966552
      vertex -187.43837542682886 165.85 4.78207486718893
      vertex -187.79201994697937 166.02609404681235 4.925398921966552
    endloop
  endfacet
  facet normal 0.3487446801089842 -0.0992264165629026 0.9319502488608324
    outer loop
      vertex -187.79201994697937 166.02609404681235 4.925398921966552
      vertex -187.39864374598184 166.06254571953124 4.78207486718893
      vertex -187.74362307105423 166.19619142206207 4.925398921966552
    endloop
  endfacet
  facet normal 0.5258069351200876 -0.04872318782757108 0.8492073468520743
    outer loop
      vertex -187.79201994697937 166.02609404681235 4.925398921966552
      vertex -188.1236033171962 166.0880777210481 5.1342629626393315
      vertex -188.1456644669175 165.85 5.1342629626393315
    endloop
  endfacet
  facet normal 0.5258069351200803 -0.04872318782754953 0.8492073468520801
    outer loop
      vertex -187.8083374634385 165.85 4.925398921966552
      vertex -187.79201994697937 166.02609404681235 4.925398921966552
      vertex -188.1456644669175 165.85 5.1342629626393315
    endloop
  endfacet
  facet normal 0.5079012105804865 -0.14451035375826388 0.8492073468520734
    outer loop
      vertex -187.79201994697937 166.02609404681235 4.925398921966552
      vertex -187.74362307105423 166.19619142206207 4.925398921966552
      vertex -188.1236033171962 166.0880777210481 5.1342629626393315
    endloop
  endfacet
  facet normal 0.507901210580488 -0.14451035375827403 0.8492073468520708
    outer loop
      vertex -187.74362307105423 166.19619142206207 4.925398921966552
      vertex -188.05817113402657 166.31804799084878 5.1342629626393315
      vertex -188.1236033171962 166.0880777210481 5.1342629626393315
    endloop
  endfacet
  facet normal 0.6723867253603336 -0.0623058056566234 0.7375731002013877
    outer loop
      vertex -188.1456644669175 165.85 5.1342629626393315
      vertex -188.1236033171962 166.0880777210481 5.1342629626393315
      vertex -188.43886916935443 165.85 5.40155436694622
    endloop
  endfacet
  facet normal 0.6494894018671848 -0.18479566748581888 0.7375731002013816
    outer loop
      vertex -188.1236033171962 166.0880777210481 5.1342629626393315
      vertex -188.05817113402657 166.31804799084878 5.1342629626393315
      vertex -188.33157637657976 166.423965746091 5.40155436694622
    endloop
  endfacet
  facet normal 0.47269951947490857 -0.23537639291279458 0.849207346852082
    outer loop
      vertex -187.74362307105423 166.19619142206207 4.925398921966552
      vertex -187.66479493322706 166.35449966364436 4.925398921966552
      vertex -187.95159613192925 166.53207944768272 5.1342629626393315
    endloop
  endfacet
  facet normal 0.4214006131742083 -0.31822697130956357 0.8492073468520768
    outer loop
      vertex -187.66479493322706 166.35449966364436 4.925398921966552
      vertex -187.5582199311877 166.4956277742618 4.925398921966552
      vertex -187.95159613192925 166.53207944768272 5.1342629626393315
    endloop
  endfacet
  facet normal 0.4726995194749228 -0.23537639291278295 0.8492073468520773
    outer loop
      vertex -187.74362307105423 166.19619142206207 4.925398921966552
      vertex -187.95159613192925 166.53207944768272 5.1342629626393315
      vertex -188.05817113402657 166.31804799084878 5.1342629626393315
    endloop
  endfacet
  facet normal 0.42140061317421584 -0.31822697130953115 0.8492073468520853
    outer loop
      vertex -187.5582199311877 166.4956277742618 4.925398921966552
      vertex -187.807507594778 166.72288350698997 5.1342629626393315
      vertex -187.95159613192925 166.53207944768272 5.1342629626393315
    endloop
  endfacet
  facet normal 0.35575141440614766 -0.39024071186956855 0.8492073468520852
    outer loop
      vertex -187.5582199311877 166.4956277742618 4.925398921966552
      vertex -187.63081228489037 166.88396256537501 5.1342629626393315
      vertex -187.807507594778 166.72288350698997 5.1342629626393315
    endloop
  endfacet
  facet normal 0.6044744957701481 -0.3009925344967455 0.7375731002013636
    outer loop
      vertex -188.05817113402657 166.31804799084878 5.1342629626393315
      vertex -187.95159613192925 166.53207944768272 5.1342629626393315
      vertex -188.20088379421762 166.68643183335237 5.40155436694622
    endloop
  endfacet
  facet normal 0.5388749357068846 -0.40693946174616713 0.7375731002013569
    outer loop
      vertex -187.95159613192925 166.53207944768272 5.1342629626393315
      vertex -187.807507594778 166.72288350698997 5.1342629626393315
      vertex -188.0241884844499 166.9204142377184 5.40155436694622
    endloop
  endfacet
  facet normal 0.45492463601724786 -0.49902855369591276 0.7375731002014241
    outer loop
      vertex -187.807507594778 166.72288350698997 5.1342629626393315
      vertex -187.63081228489037 166.88396256537501 5.1342629626393315
      vertex -187.8075075941281 167.1179449690393 5.40155436694622
    endloop
  endfacet
  facet normal 0.3554824234702509 -0.5741238267681978 0.737573100201436
    outer loop
      vertex -187.63081228489037 166.88396256537501 5.1342629626393315
      vertex -187.4275273491219 167.0098312686977 5.1342629626393315
      vertex -187.8075075941281 167.1179449690393 5.40155436694622
    endloop
  endfacet
  facet normal 0.18372288102202872 -0.017024432053578863 0.9828306424314509
    outer loop
      vertex -187.43837542682886 165.85 4.78207486718893
      vertex -187.044999230959 165.88645167367739 4.709171524643898
      vertex -187.4283572170878 165.9581137009749 4.78207486718893
    endloop
  endfacet
  facet normal 0.17746641866013127 -0.05049354954574628 0.9828306424314507
    outer loop
      vertex -187.4283572170878 165.9581137009749 4.78207486718893
      vertex -187.044999230959 165.88645167367739 4.709171524643898
      vertex -187.39864374598184 166.06254571953124 4.78207486718893
    endloop
  endfacet
  facet normal 0.1651665502582644 -0.08224316976847564 0.9828306424314506
    outer loop
      vertex -187.03498102102992 165.92166202932665 4.709171524643898
      vertex -187.3502468701321 166.1597397485294 4.78207486718893
      vertex -187.39864374598184 166.06254571953124 4.78207486718893
    endloop
  endfacet
  facet normal 0.18372288102202736 -0.01702443205356321 0.9828306424314515
    outer loop
      vertex -187.43837542682886 165.85 4.78207486718893
      vertex -187.04837697595357 165.85 4.709171524643898
      vertex -187.044999230959 165.88645167367739 4.709171524643898
    endloop
  endfacet
  facet normal 0 0 1
    outer loop
      vertex -187.04837697595357 165.85 4.709171524643898
      vertex -186.9695488367698 166.00830824430673 4.709171524643898
      vertex -187.03498102102992 165.92166202932665 4.709171524643898
    endloop
  endfacet
  facet normal 0 0 1
    outer loop
      vertex -187.04837697595357 165.85 4.709171524643898
      vertex -187.03498102102992 165.92166202932665 4.709171524643898
      vertex -187.044999230959 165.88645167367739 4.709171524643898
    endloop
  endfacet
  facet normal 0.17746641866012433 -0.0504935495457604 0.9828306424314512
    outer loop
      vertex -187.044999230959 165.88645167367739 4.709171524643898
      vertex -187.03498102102992 165.92166202932665 4.709171524643898
      vertex -187.39864374598184 166.06254571953124 4.78207486718893
    endloop
  endfacet
  facet normal 0 0 1
    outer loop
      vertex -187.03498102102992 165.92166202932665 4.709171524643898
      vertex -186.9695488367698 166.00830824430673 4.709171524643898
      vertex -187.01866350428995 165.9544320205163 4.709171524643898
    endloop
  endfacet
  facet normal 0.16516655025822935 -0.08224316976852268 0.9828306424314526
    outer loop
      vertex -187.03498102102992 165.92166202932665 4.709171524643898
      vertex -187.01866350428995 165.9544320205163 4.709171524643898
      vertex -187.3502468701321 166.1597397485294 4.78207486718893
    endloop
  endfacet
  facet normal 0 0 1
    outer loop
      vertex -187.01866350428995 165.9544320205163 4.709171524643898
      vertex -186.9695488367698 166.00830824430673 4.709171524643898
      vertex -186.99660235420095 165.9836457044997 4.709171524643898
    endloop
  endfacet
  facet normal 0.14724213308279493 -0.1111920974845315 0.9828306424314511
    outer loop
      vertex -187.01866350428995 165.9544320205163 4.709171524643898
      vertex -187.28481468710004 166.24638596188325 4.78207486718893
      vertex -187.3502468701321 166.1597397485294 4.78207486718893
    endloop
  endfacet
  facet normal 0 0 1
    outer loop
      vertex -186.9695488367698 166.00830824430673 4.709171524643898
      vertex -186.86830391812651 166.04753073474703 4.709171524643898
      vertex -186.93842422708548 166.0275797867237 4.709171524643898
    endloop
  endfacet
  facet normal 0.12430356166270291 -0.1363545116809683 0.9828306424314471
    outer loop
      vertex -186.9695488367698 166.00830824430673 4.709171524643898
      vertex -187.2045754114015 166.31953372671776 4.78207486718893
      vertex -187.28481468710004 166.24638596188325 4.78207486718893
    endloop
  endfacet
  facet normal 0.09713198153586393 -0.15687353652131697 0.9828306424314474
    outer loop
      vertex -186.9695488367698 166.00830824430673 4.709171524643898
      vertex -186.93842422708548 166.0275797867237 4.709171524643898
      vertex -187.2045754114015 166.31953372671776 4.78207486718893
    endloop
  endfacet
  facet normal 0.12430356166277685 -0.13635451168087168 0.9828306424314512
    outer loop
      vertex -186.99660235420095 165.9836457044997 4.709171524643898
      vertex -186.9695488367698 166.00830824430673 4.709171524643898
      vertex -187.28481468710004 166.24638596188325 4.78207486718893
    endloop
  endfacet
  facet normal 0 0 1
    outer loop
      vertex -186.93842422708548 166.0275797867237 4.709171524643898
      vertex -186.86830391812651 166.04753073474703 4.709171524643898
      vertex -186.90428843640092 166.04080406248718 4.709171524643898
    endloop
  endfacet
  facet normal 0.06665268827482114 -0.17205042122449357 0.9828306424314485
    outer loop
      vertex -186.93842422708548 166.0275797867237 4.709171524643898
      vertex -187.01101657859093 166.41591457333678 4.78207486718893
      vertex -187.112261495334 166.37669208363255 4.78207486718893
    endloop
  endfacet
  facet normal 0.09713198153585267 -0.15687353652132713 0.9828306424314469
    outer loop
      vertex -187.2045754114015 166.31953372671776 4.78207486718893
      vertex -186.93842422708548 166.0275797867237 4.709171524643898
      vertex -187.112261495334 166.37669208363255 4.78207486718893
    endloop
  endfacet
  facet normal 0.06665268827441502 -0.1720504212245721 0.9828306424314623
    outer loop
      vertex -186.93842422708548 166.0275797867237 4.709171524643898
      vertex -186.90428843640092 166.04080406248718 4.709171524643898
      vertex -187.01101657859093 166.41591457333678 4.78207486718893
    endloop
  endfacet
  facet normal 0.033903617655707236 -0.1813683351845607 0.98283064243146
    outer loop
      vertex -186.90428843640092 166.04080406248718 4.709171524643898
      vertex -186.86830391812651 166.04753073474703 4.709171524643898
      vertex -187.01101657859093 166.41591457333678 4.78207486718893
    endloop
  endfacet
  facet normal 0.147242133082832 -0.11119209748449728 0.9828306424314495
    outer loop
      vertex -187.01866350428995 165.9544320205163 4.709171524643898
      vertex -186.99660235420095 165.9836457044997 4.709171524643898
      vertex -187.28481468710004 166.24638596188325 4.78207486718893
    endloop
  endfacet
  facet normal 0.36103944540310223 -0.03345523144822623 0.9319502488608317
    outer loop
      vertex -187.79201994697937 166.02609404681235 4.925398921966552
      vertex -187.43837542682886 165.85 4.78207486718893
      vertex -187.4283572170878 165.9581137009749 4.78207486718893
    endloop
  endfacet
  facet normal 0.3487446801089847 -0.09922641656291277 0.9319502488608312
    outer loop
      vertex -187.79201994697937 166.02609404681235 4.925398921966552
      vertex -187.4283572170878 165.9581137009749 4.78207486718893
      vertex -187.39864374598184 166.06254571953124 4.78207486718893
    endloop
  endfacet
  facet normal 0.32457383300686904 -0.16161856507052105 0.9319502488608363
    outer loop
      vertex -187.66479493322706 166.35449966364436 4.925398921966552
      vertex -187.39864374598184 166.06254571953124 4.78207486718893
      vertex -187.3502468701321 166.1597397485294 4.78207486718893
    endloop
  endfacet
  facet normal 0.3245738330069016 -0.16161856507048866 0.9319502488608308
    outer loop
      vertex -187.74362307105423 166.19619142206207 4.925398921966552
      vertex -187.39864374598184 166.06254571953124 4.78207486718893
      vertex -187.66479493322706 166.35449966364436 4.925398921966552
    endloop
  endfacet
  facet normal 0.03390361765551341 -0.18136833518463438 0.9828306424314532
    outer loop
      vertex -186.86830391812651 166.04753073474703 4.709171524643898
      vertex -186.904288435382 166.4358655209857 4.78207486718893
      vertex -187.01101657859093 166.41591457333678 4.78207486718893
    endloop
  endfacet
  facet normal 0.289350013305118 -0.2185069871847203 0.9319502488608417
    outer loop
      vertex -187.5582199311877 166.4956277742618 4.925398921966552
      vertex -187.3502468701321 166.1597397485294 4.78207486718893
      vertex -187.28481468710004 166.24638596188325 4.78207486718893
    endloop
  endfacet
  facet normal 0.24427272593740626 -0.26795441592055336 0.9319502488608412
    outer loop
      vertex -187.5582199311877 166.4956277742618 4.925398921966552
      vertex -187.28481468710004 166.24638596188325 4.78207486718893
      vertex -187.2045754114015 166.31953372671776 4.78207486718893
    endloop
  endfacet
  facet normal 0.28935001330515164 -0.21850698718469735 0.9319502488608364
    outer loop
      vertex -187.66479493322706 166.35449966364436 4.925398921966552
      vertex -187.3502468701321 166.1597397485294 4.78207486718893
      vertex -187.5582199311877 166.4956277742618 4.925398921966552
    endloop
  endfacet
  facet normal 0.24427272593736268 -0.2679544159206319 0.9319502488608301
    outer loop
      vertex -187.5582199311877 166.4956277742618 4.925398921966552
      vertex -187.2045754114015 166.31953372671776 4.78207486718893
      vertex -187.42752734880787 166.61476980537194 4.925398921966552
    endloop
  endfacet
  facet normal 0.19087702386077907 -0.3082769783981426 0.9319502488608297
    outer loop
      vertex -187.2045754114015 166.31953372671776 4.78207486718893
      vertex -187.27716776523212 166.70786851800048 4.925398921966552
      vertex -187.42752734880787 166.61476980537194 4.925398921966552
    endloop
  endfacet
  facet normal 0.19087702386072725 -0.30827697839815477 0.9319502488608364
    outer loop
      vertex -187.2045754114015 166.31953372671776 4.78207486718893
      vertex -187.112261495334 166.37669208363255 4.78207486718893
      vertex -187.27716776523212 166.70786851800048 4.925398921966552
    endloop
  endfacet
  facet normal 0.1309812336683226 -0.33810153811383065 0.9319502488608423
    outer loop
      vertex -187.112261495334 166.37669208363255 4.78207486718893
      vertex -187.01101657859093 166.41591457333678 4.78207486718893
      vertex -187.27716776523212 166.70786851800048 4.925398921966552
    endloop
  endfacet
  facet normal 0.06662503465770542 -0.35641245545728817 0.9319502488608317
    outer loop
      vertex -187.01101657859093 166.41591457333678 4.78207486718893
      vertex -186.904288435382 166.4358655209857 4.78207486718893
      vertex -186.9384242255637 166.80424936476962 4.925398921966552
    endloop
  endfacet
  facet normal 0.13098123366817413 -0.3381015381139543 0.9319502488608186
    outer loop
      vertex -187.01101657859093 166.41591457333678 4.78207486718893
      vertex -187.11226149574267 166.77175354714834 4.925398921966552
      vertex -187.27716776523212 166.70786851800048 4.925398921966552
    endloop
  endfacet
  facet normal 0.06662503465781107 -0.35641245545730305 0.9319502488608185
    outer loop
      vertex -187.01101657859093 166.41591457333678 4.78207486718893
      vertex -186.9384242255637 166.80424936476962 4.925398921966552
      vertex -187.11226149574267 166.77175354714834 4.925398921966552
    endloop
  endfacet
  facet normal -3.196435812118475e-17 -0.36258617409967514 0.9319502488608284
    outer loop
      vertex -186.904288435382 166.4358655209857 4.78207486718893
      vertex -186.7615757744363 166.80424936476962 4.925398921966552
      vertex -186.9384242255637 166.80424936476962 4.925398921966552
    endloop
  endfacet
  facet normal 0.35575141440608593 -0.39024071186958903 0.8492073468521016
    outer loop
      vertex -187.5582199311877 166.4956277742618 4.925398921966552
      vertex -187.42752734880787 166.61476980537194 4.925398921966552
      vertex -187.63081228489037 166.88396256537501 5.1342629626393315
    endloop
  endfacet
  facet normal 0.19075710953523925 -0.4924008602898626 0.8492073468520889
    outer loop
      vertex -187.27716776523212 166.70786851800048 4.925398921966552
      vertex -187.11226149574267 166.77175354714834 4.925398921966552
      vertex -187.4275273491219 167.0098312686977 5.1342629626393315
    endloop
  endfacet
  facet normal 0.277987527897441 -0.4489652730288684 0.8492073468521001
    outer loop
      vertex -187.63081228489037 166.88396256537501 5.1342629626393315
      vertex -187.42752734880787 166.61476980537194 4.925398921966552
      vertex -187.27716776523212 166.70786851800048 4.925398921966552
    endloop
  endfacet
  facet normal 0.2779875278974183 -0.44896527302890193 0.8492073468520899
    outer loop
      vertex -187.63081228489037 166.88396256537501 5.1342629626393315
      vertex -187.27716776523212 166.70786851800048 4.925398921966552
      vertex -187.4275273491219 167.0098312686977 5.1342629626393315
    endloop
  endfacet
  facet normal 0 -0.5280595440406695 0.8492073468520867
    outer loop
      vertex -186.9384242255637 166.80424936476962 4.925398921966552
      vertex -186.7615757744363 166.80424936476962 4.925398921966552
      vertex -186.96954883477736 167.14013739072087 5.1342629626393315
    endloop
  endfacet
  facet normal 0.09703068659596484 -0.519068326823322 0.8492073468520822
    outer loop
      vertex -187.11226149574267 166.77175354714834 4.925398921966552
      vertex -186.9384242255637 166.80424936476962 4.925398921966552
      vertex -186.96954883477736 167.14013739072087 5.1342629626393315
    endloop
  endfacet
  facet normal 0.1907571095352119 -0.4924008602898901 0.8492073468520791
    outer loop
      vertex -187.11226149574267 166.77175354714834 4.925398921966552
      vertex -187.2045754121468 167.09620330922908 5.1342629626393315
      vertex -187.4275273491219 167.0098312686977 5.1342629626393315
    endloop
  endfacet
  facet normal 0.09703068659598067 -0.5190683268233258 0.8492073468520781
    outer loop
      vertex -187.11226149574267 166.77175354714834 4.925398921966552
      vertex -186.96954883477736 167.14013739072087 5.1342629626393315
      vertex -187.2045754121468 167.09620330922908 5.1342629626393315
    endloop
  endfacet
  facet normal 0.2439346833458848 -0.6296680015057776 0.737573100201372
    outer loop
      vertex -187.4275273491219 167.0098312686977 5.1342629626393315
      vertex -187.2045754121468 167.09620330922908 5.1342629626393315
      vertex -187.28481468771886 167.37821511073176 5.40155436694622
    endloop
  endfacet
  facet normal 0.12408004014788818 -0.6637695876554098 0.7375731002013738
    outer loop
      vertex -187.2045754121468 167.09620330922908 5.1342629626393315
      vertex -186.96954883477736 167.14013739072087 5.1342629626393315
      vertex -187.28481468771886 167.37821511073176 5.40155436694622
    endloop
  endfacet
  facet normal 0.7958442808658266 -0.07374583290591416 0.6009937044114257
    outer loop
      vertex -188.43886916935443 165.85 5.40155436694622
      vertex -188.4118156523925 166.1419539437425 5.40155436694622
      vertex -188.64684222992503 166.18588802526475 5.718170849978923
    endloop
  endfacet
  facet normal 0.7687427583909449 -0.21872617282645884 0.6009937044114284
    outer loop
      vertex -188.4118156523925 166.1419539437425 5.40155436694622
      vertex -188.33157637657976 166.423965746091 5.40155436694622
      vertex -188.64684222992503 166.18588802526475 5.718170849978923
    endloop
  endfacet
  facet normal 0.6494894018671745 -0.18479566748583023 0.7375731002013879
    outer loop
      vertex -188.1236033171962 166.0880777210481 5.1342629626393315
      vertex -188.33157637657976 166.423965746091 5.40155436694622
      vertex -188.4118156523925 166.1419539437425 5.40155436694622
    endloop
  endfacet
  facet normal 0.6723867253603419 -0.062305805656645015 0.7375731002013782
    outer loop
      vertex -188.1236033171962 166.0880777210481 5.1342629626393315
      vertex -188.4118156523925 166.1419539437425 5.40155436694622
      vertex -188.43886916935443 165.85 5.40155436694622
    endloop
  endfacet
  facet normal 0.6044744957701149 -0.30099253449677066 0.7375731002013804
    outer loop
      vertex -188.05817113402657 166.31804799084878 5.1342629626393315
      vertex -188.20088379421762 166.68643183335237 5.40155436694622
      vertex -188.33157637657976 166.423965746091 5.40155436694622
    endloop
  endfacet
  facet normal 0.5388749357068745 -0.4069394617461721 0.7375731002013615
    outer loop
      vertex -187.95159613192925 166.53207944768272 5.1342629626393315
      vertex -188.0241884844499 166.9204142377184 5.40155436694622
      vertex -188.20088379421762 166.68643183335237 5.40155436694622
    endloop
  endfacet
  facet normal 0.45492463601739225 -0.49902855369587146 0.737573100201363
    outer loop
      vertex -187.807507594778 166.72288350698997 5.1342629626393315
      vertex -187.8075075941281 167.1179449690393 5.40155436694622
      vertex -188.0241884844499 166.9204142377184 5.40155436694622
    endloop
  endfacet
  facet normal 0.7154626232843847 -0.3562580552645411 0.6009937044114139
    outer loop
      vertex -188.33157637657976 166.423965746091 5.40155436694622
      vertex -188.20088379421762 166.68643183335237 5.40155436694622
      vertex -188.40416873012714 166.81230053676236 5.718170849978923
    endloop
  endfacet
  facet normal 0.637818266644713 -0.4816579969150064 0.6009937044114169
    outer loop
      vertex -188.20088379421762 166.68643183335237 5.40155436694622
      vertex -188.0241884844499 166.9204142377184 5.40155436694622
      vertex -188.40416873012714 166.81230053676236 5.718170849978923
    endloop
  endfacet
  facet normal 0.7958442808658542 -0.07374583290586803 0.600993704411395
    outer loop
      vertex -188.43886916935443 165.85 5.40155436694622
      vertex -188.64684222992503 166.18588802526475 5.718170849978923
      vertex -188.67796683907508 165.85 5.718170849978923
    endloop
  endfacet
  facet normal 0.8920994780496698 -0.08266519044666255 0.44421277283743604
    outer loop
      vertex -188.67796683907508 165.85 5.718170849978923
      vertex -188.64684222992503 166.18588802526475 5.718170849978923
      vertex -188.85481529533862 165.85 6.073330415785312
    endloop
  endfacet
  facet normal 0.7687427583909512 -0.21872617282649576 0.600993704411407
    outer loop
      vertex -188.33157637657976 166.423965746091 5.40155436694622
      vertex -188.55452831370957 166.51033778668236 5.718170849978923
      vertex -188.64684222992503 166.18588802526475 5.718170849978923
    endloop
  endfacet
  facet normal 0.7154626232843961 -0.35625805526453214 0.6009937044114054
    outer loop
      vertex -188.33157637657976 166.423965746091 5.40155436694622
      vertex -188.40416873012714 166.81230053676236 5.718170849978923
      vertex -188.55452831370957 166.51033778668236 5.718170849978923
    endloop
  endfacet
  facet normal 0.8617201002800521 -0.2451805074254323 0.4442127728374595
    outer loop
      vertex -188.64684222992503 166.18588802526475 5.718170849978923
      vertex -188.55452831370957 166.51033778668236 5.718170849978923
      vertex -188.71943458798836 166.57422281768564 6.073330415785312
    endloop
  endfacet
  facet normal 0.8019958780147837 -0.39934649628530644 0.44421277283746136
    outer loop
      vertex -188.55452831370957 166.51033778668236 5.718170849978923
      vertex -188.40416873012714 166.81230053676236 5.718170849978923
      vertex -188.71943458798836 166.57422281768564 6.073330415785312
    endloop
  endfacet
  facet normal 0.6378182666447099 -0.4816579969150217 0.600993704411408
    outer loop
      vertex -188.0241884844499 166.9204142377184 5.40155436694622
      vertex -188.20088379446014 167.08149329621526 5.718170849978923
      vertex -188.40416873012714 166.81230053676236 5.718170849978923
    endloop
  endfacet
  facet normal 0.8920994780496861 -0.08266519044671838 0.4442127728373928
    outer loop
      vertex -188.64684222992503 166.18588802526475 5.718170849978923
      vertex -188.8206795051527 166.21838384382974 6.073330415785312
      vertex -188.85481529533862 165.85 6.073330415785312
    endloop
  endfacet
  facet normal 0.958028125330513 -0.08877437929556617 0.27258250247657106
    outer loop
      vertex -188.85481529533862 165.85 6.073330415785312
      vertex -188.8206795051527 166.21838384382974 6.073330415785312
      vertex -188.92740764904053 166.23833479160558 6.4549385368824
    endloop
  endfacet
  facet normal 0.8617201002801154 -0.24518050742534972 0.4442127728373822
    outer loop
      vertex -188.64684222992503 166.18588802526475 5.718170849978923
      vertex -188.71943458798836 166.57422281768564 6.073330415785312
      vertex -188.8206795051527 166.21838384382974 6.073330415785312
    endloop
  endfacet
  facet normal 0.8019958780147793 -0.3993464962853575 0.44421277283742333
    outer loop
      vertex -188.40416873012714 166.81230053676236 5.718170849978923
      vertex -188.5545283180697 166.90539925209472 6.073330415785312
      vertex -188.71943458798836 166.57422281768564 6.073330415785312
    endloop
  endfacet
  facet normal 0.9254036265504861 -0.2633000328728002 0.2725825024765723
    outer loop
      vertex -188.8206795051527 166.21838384382974 6.073330415785312
      vertex -188.71943458798836 166.57422281768564 6.073330415785312
      vertex -188.92740764904053 166.23833479160558 6.4549385368824
    endloop
  endfacet
  facet normal 0.8612656171675549 -0.42885931962429713 0.27258250247654514
    outer loop
      vertex -188.71943458798836 166.57422281768564 6.073330415785312
      vertex -188.5545283180697 166.90539925209472 6.073330415785312
      vertex -188.64684223472443 166.96255760937308 6.4549385368824
    endloop
  endfacet
  facet normal 0.9580281253305248 -0.08877437929553335 0.2725825024765399
    outer loop
      vertex -188.85481529533862 165.85 6.073330415785312
      vertex -188.92740764904053 166.23833479160558 6.4549385368824
      vertex -188.96339216679334 165.85 6.4549385368824
    endloop
  endfacet
  facet normal 0.9254036265504852 -0.2633000328728451 0.27258250247653226
    outer loop
      vertex -188.71943458798836 166.57422281768564 6.073330415785312
      vertex -188.8206795053755 166.6134453076393 6.4549385368824
      vertex -188.92740764904053 166.23833479160558 6.4549385368824
    endloop
  endfacet
  facet normal 0.8612656171675744 -0.42885931962427476 0.27258250247651855
    outer loop
      vertex -188.71943458798836 166.57422281768564 6.073330415785312
      vertex -188.64684223472443 166.96255760937308 6.4549385368824
      vertex -188.8206795053755 166.6134453076393 6.4549385368824
    endloop
  endfacet
  facet normal 0.538453773913193 -0.5906556531656193 0.6009937044113987
    outer loop
      vertex -188.0241884844499 166.9204142377184 5.40155436694622
      vertex -187.8075075941281 167.1179449690393 5.40155436694622
      vertex -187.95159613137935 167.30874902847896 5.718170849978923
    endloop
  endfacet
  facet normal 0.42075288371502656 -0.6795392395611626 0.6009937044113908
    outer loop
      vertex -187.8075075941281 167.1179449690393 5.40155436694622
      vertex -187.55821993109208 167.2722973551719 5.40155436694622
      vertex -187.66479493326335 167.48632881215437 5.718170849978923
    endloop
  endfacet
  facet normal 0.5384537739131721 -0.5906556531656256 0.6009937044114112
    outer loop
      vertex -188.0241884844499 166.9204142377184 5.40155436694622
      vertex -187.95159613137935 167.30874902847896 5.718170849978923
      vertex -188.20088379446014 167.08149329621526 5.718170849978923
    endloop
  endfacet
  facet normal 0.4207528837150127 -0.6795392395611641 0.6009937044113988
    outer loop
      vertex -187.8075075941281 167.1179449690393 5.40155436694622
      vertex -187.66479493326335 167.48632881215437 5.718170849978923
      vertex -187.95159613137935 167.30874902847896 5.718170849978923
    endloop
  endfacet
  facet normal 0.7149606480117439 -0.539913219177569 0.4442127728374565
    outer loop
      vertex -188.40416873012714 166.81230053676236 5.718170849978923
      vertex -188.20088379446014 167.08149329621526 5.718170849978923
      vertex -188.33157638063562 167.20063533078562 6.073330415785312
    endloop
  endfacet
  facet normal 0.6035782906414909 -0.6620938449452299 0.44421277283745186
    outer loop
      vertex -188.20088379446014 167.08149329621526 5.718170849978923
      vertex -187.95159613137935 167.30874902847896 5.718170849978923
      vertex -188.33157638063562 167.20063533078562 6.073330415785312
    endloop
  endfacet
  facet normal 0.4716417984956477 -0.761727658917425 0.4442127728374881
    outer loop
      vertex -187.95159613137935 167.30874902847896 5.718170849978923
      vertex -187.66479493326335 167.48632881215437 5.718170849978923
      vertex -187.7436230733799 167.64463705833433 6.073330415785312
    endloop
  endfacet
  facet normal 0.7149606480117703 -0.5399132191775529 0.4442127728374334
    outer loop
      vertex -188.40416873012714 166.81230053676236 5.718170849978923
      vertex -188.33157638063562 167.20063533078562 6.073330415785312
      vertex -188.5545283180697 166.90539925209472 6.073330415785312
    endloop
  endfacet
  facet normal 0.7677982401663033 -0.5798143166058897 0.2725825024765401
    outer loop
      vertex -188.5545283180697 166.90539925209472 6.073330415785312
      vertex -188.33157638063562 167.20063533078562 6.073330415785312
      vertex -188.64684223472443 166.96255760937308 6.4549385368824
    endloop
  endfacet
  facet normal 0.6035782906414489 -0.6620938449453161 0.44421277283738053
    outer loop
      vertex -187.95159613137935 167.30874902847896 5.718170849978923
      vertex -188.05817113651395 167.44987714319515 6.073330415785312
      vertex -188.33157638063562 167.20063533078562 6.073330415785312
    endloop
  endfacet
  facet normal 0.47164179849579185 -0.7617276589173992 0.44421277283737937
    outer loop
      vertex -187.95159613137935 167.30874902847896 5.718170849978923
      vertex -187.7436230733799 167.64463705833433 6.073330415785312
      vertex -188.05817113651395 167.44987714319515 6.073330415785312
    endloop
  endfacet
  facet normal 0.6481844149685859 -0.7110244324461962 0.2725825024765832
    outer loop
      vertex -188.33157638063562 167.20063533078562 6.073330415785312
      vertex -188.05817113651395 167.44987714319515 6.073330415785312
      vertex -188.12360331996229 167.5365233571002 6.4549385368824
    endloop
  endfacet
  facet normal 0.5064974469307616 -0.818021464019269 0.272582502476575
    outer loop
      vertex -188.05817113651395 167.44987714319515 6.073330415785312
      vertex -187.7436230733799 167.64463705833433 6.073330415785312
      vertex -188.12360331996229 167.5365233571002 6.4549385368824
    endloop
  endfacet
  facet normal 0.3475623158143191 -0.897161755743895 0.27258250247644134
    outer loop
      vertex -187.7436230733799 167.64463705833433 6.073330415785312
      vertex -187.39864374826462 167.7782827608818 6.073330415785312
      vertex -187.7920199495375 167.74183108795071 6.4549385368824
    endloop
  endfacet
  facet normal 0.7677982401662719 -0.5798143166059656 0.27258250247646676
    outer loop
      vertex -188.33157638063562 167.20063533078562 6.073330415785312
      vertex -188.41181565684457 167.2737830960854 6.4549385368824
      vertex -188.64684223472443 166.96255760937308 6.4549385368824
    endloop
  endfacet
  facet normal 0.648184414968707 -0.7110244324461326 0.27258250247646115
    outer loop
      vertex -188.33157638063562 167.20063533078562 6.073330415785312
      vertex -188.12360331996229 167.5365233571002 6.4549385368824
      vertex -188.41181565684457 167.2737830960854 6.4549385368824
    endloop
  endfacet
  facet normal 0.50649744693067 -0.8180214640193654 0.2725825024764565
    outer loop
      vertex -187.7436230733799 167.64463705833433 6.073330415785312
      vertex -187.7920199495375 167.74183108795071 6.4549385368824
      vertex -188.12360331996229 167.5365233571002 6.4549385368824
    endloop
  endfacet
  facet normal 0.35548242347017145 -0.5741238267683259 0.7375731002013747
    outer loop
      vertex -187.4275273491219 167.0098312686977 5.1342629626393315
      vertex -187.55821993109208 167.2722973551719 5.40155436694622
      vertex -187.8075075941281 167.1179449690393 5.40155436694622
    endloop
  endfacet
  facet normal 0.2439346833458946 -0.6296680015057784 0.7375731002013678
    outer loop
      vertex -187.4275273491219 167.0098312686977 5.1342629626393315
      vertex -187.28481468771886 167.37821511073176 5.40155436694622
      vertex -187.55821993109208 167.2722973551719 5.40155436694622
    endloop
  endfacet
  facet normal 0.12408004014783555 -0.6637695876554494 0.7375731002013469
    outer loop
      vertex -186.96954883477736 167.14013739072087 5.1342629626393315
      vertex -186.99660235165814 167.4320913335877 5.40155436694622
      vertex -187.28481468771886 167.37821511073176 5.40155436694622
    endloop
  endfacet
  facet normal -3.7447437973939986e-17 -0.675267296601408 0.7375731002013468
    outer loop
      vertex -186.96954883477736 167.14013739072087 5.1342629626393315
      vertex -186.70339764834185 167.4320913335877 5.40155436694622
      vertex -186.99660235165814 167.4320913335877 5.40155436694622
    endloop
  endfacet
  facet normal 0.28872375869944616 -0.7452819321708668 0.6009937044113887
    outer loop
      vertex -187.55821993109208 167.2722973551719 5.40155436694622
      vertex -187.28481468771886 167.37821511073176 5.40155436694622
      vertex -187.66479493326335 167.48632881215437 5.718170849978923
    endloop
  endfacet
  facet normal 0.14686249236751903 -0.78564494244758 0.6009937044114015
    outer loop
      vertex -187.28481468771886 167.37821511073176 5.40155436694622
      vertex -186.99660235165814 167.4320913335877 5.40155436694622
      vertex -187.01866350139477 167.67016905480105 5.718170849978923
    endloop
  endfacet
  facet normal 0 -0.79925375648655 0.6009937044114013
    outer loop
      vertex -186.99660235165814 167.4320913335877 5.40155436694622
      vertex -186.70339764834185 167.4320913335877 5.40155436694622
      vertex -187.01866350139477 167.67016905480105 5.718170849978923
    endloop
  endfacet
  facet normal 0.2887237586994429 -0.74528193217087 0.6009937044113859
    outer loop
      vertex -187.66479493326335 167.48632881215437 5.718170849978923
      vertex -187.28481468771886 167.37821511073176 5.40155436694622
      vertex -187.3502468709339 167.60818538069194 5.718170849978923
    endloop
  endfacet
  facet normal 0.14686249236755142 -0.7856449424475886 0.6009937044113823
    outer loop
      vertex -187.28481468771886 167.37821511073176 5.40155436694622
      vertex -187.01866350139477 167.67016905480105 5.718170849978923
      vertex -187.3502468709339 167.60818538069194 5.718170849978923
    endloop
  endfacet
  facet normal 0.3236441105740681 -0.835421751056712 0.4442127728375869
    outer loop
      vertex -187.66479493326335 167.48632881215437 5.718170849978923
      vertex -187.3502468709339 167.60818538069194 5.718170849978923
      vertex -187.39864374826462 167.7782827608818 6.073330415785312
    endloop
  endfacet
  facet normal 0.1646251106354782 -0.8806665574416915 0.4442127728375857
    outer loop
      vertex -187.3502468709339 167.60818538069194 5.718170849978923
      vertex -187.01866350139477 167.67016905480105 5.718170849978923
      vertex -187.39864374826462 167.7782827608818 6.073330415785312
    endloop
  endfacet
  facet normal 0.3236441105742047 -0.835421751056713 0.44421277283748534
    outer loop
      vertex -187.66479493326335 167.48632881215437 5.718170849978923
      vertex -187.39864374826462 167.7782827608818 6.073330415785312
      vertex -187.7436230733799 167.64463705833433 6.073330415785312
    endloop
  endfacet
  facet normal 0.16462511063527366 -0.8806665574418204 0.44421277283740607
    outer loop
      vertex -187.01866350139477 167.67016905480105 5.718170849978923
      vertex -187.0349810183278 167.84626310672766 6.073330415785312
      vertex -187.39864374826462 167.7782827608818 6.073330415785312
    endloop
  endfacet
  facet normal 0.1767913668877372 -0.945750279903516 0.2725825024765648
    outer loop
      vertex -187.39864374826462 167.7782827608818 6.073330415785312
      vertex -187.0349810183278 167.84626310672766 6.073330415785312
      vertex -187.0449992281326 167.95437680839032 6.4549385368824
    endloop
  endfacet
  facet normal 0.34756231581426805 -0.8971617557439319 0.2725825024763851
    outer loop
      vertex -187.7920199495375 167.74183108795071 6.4549385368824
      vertex -187.39864374826462 167.7782827608818 6.073330415785312
      vertex -187.4283572195596 167.88271478010236 6.4549385368824
    endloop
  endfacet
  facet normal 0.17679136688794758 -0.9457502799035311 0.2725825024763768
    outer loop
      vertex -187.39864374826462 167.7782827608818 6.073330415785312
      vertex -187.0449992281326 167.95437680839032 6.4549385368824
      vertex -187.4283572195596 167.88271478010236 6.4549385368824
    endloop
  endfacet
  facet normal 0.9915224832510011 -0.09187808862897993 0.09187808246613255
    outer loop
      vertex -188.96339216679334 165.85 6.4549385368824
      vertex -188.92740764904053 166.23833479160558 6.4549385368824
      vertex -188.9633921643204 166.24506146330563 6.85
    endloop
  endfacet
  facet normal 0.9915224832510032 -0.09187808862896871 0.09187808246612131
    outer loop
      vertex -188.96339216679334 165.85 6.4549385368824
      vertex -188.9633921643204 166.24506146330563 6.85
      vertex -189 165.85 6.85
    endloop
  endfacet
  facet normal 0.9577573742840328 -0.2725054677743239 0.09187808246612376
    outer loop
      vertex -188.92740764904053 166.23833479160558 6.4549385368824
      vertex -188.8206795053755 166.6134453076393 6.4549385368824
      vertex -188.85481529321936 166.6266695823024 6.85
    endloop
  endfacet
  facet normal 0.9577573742840269 -0.27250546777433954 0.09187808246614027
    outer loop
      vertex -188.92740764904053 166.23833479160558 6.4549385368824
      vertex -188.85481529321936 166.6266695823024 6.85
      vertex -188.9633921643204 166.24506146330563 6.85
    endloop
  endfacet
  facet normal 0.8913769866391668 -0.4438530000489163 0.09187808246614322
    outer loop
      vertex -188.8206795053755 166.6134453076393 6.4549385368824
      vertex -188.64684223472443 166.96255760937308 6.4549385368824
      vertex -188.85481529321936 166.6266695823024 6.85
    endloop
  endfacet
  facet normal 0.8913769866391543 -0.4438530000489485 0.09187808246610929
    outer loop
      vertex -188.64684223472443 166.96255760937308 6.4549385368824
      vertex -188.67796684181866 166.98182915018631 6.85
      vertex -188.85481529321936 166.6266695823024 6.85
    endloop
  endfacet
  facet normal 0.7946418248031514 -0.6000856507498367 0.09187808246618367
    outer loop
      vertex -188.64684223472443 166.96255760937308 6.4549385368824
      vertex -188.41181565684457 167.2737830960854 6.4549385368824
      vertex -188.43886917202443 167.2984456338401 6.85
    endloop
  endfacet
  facet normal 0.7946418248032012 -0.6000856507497818 0.09187808246611073
    outer loop
      vertex -188.64684223472443 166.96255760937308 6.4549385368824
      vertex -188.43886917202443 167.2984456338401 6.85
      vertex -188.67796684181866 166.98182915018631 6.85
    endloop
  endfacet
  facet normal 0.6708460886914153 -0.7358831043377514 0.09187808246619021
    outer loop
      vertex -188.41181565684457 167.2737830960854 6.4549385368824
      vertex -188.12360331996229 167.5365233571002 6.4549385368824
      vertex -188.43886917202443 167.2984456338401 6.85
    endloop
  endfacet
  facet normal 0.6708460886913615 -0.7358831043378101 0.09187808246611204
    outer loop
      vertex -188.12360331996229 167.5365233571002 6.4549385368824
      vertex -188.1456644682154 167.56573703865254 6.85
      vertex -188.43886917202443 167.2984456338401 6.85
    endloop
  endfacet
  facet normal 0.5242054936202578 -0.8466209414021658 0.09187808246612682
    outer loop
      vertex -188.12360331996229 167.5365233571002 6.4549385368824
      vertex -187.7920199495375 167.74183108795071 6.4549385368824
      vertex -188.1456644682154 167.56573703865254 6.85
    endloop
  endfacet
  facet normal 0.5242054936202152 -0.8466209414021978 0.09187808246607446
    outer loop
      vertex -187.7920199495375 167.74183108795071 6.4549385368824
      vertex -187.80833746491956 167.77460107641335 6.85
      vertex -188.1456644682154 167.56573703865254 6.85
    endloop
  endfacet
  facet normal 0.3597137091793536 -0.9285281177168458 0.09187808246607419
    outer loop
      vertex -187.7920199495375 167.74183108795071 6.4549385368824
      vertex -187.43837542865498 167.91792513282158 6.85
      vertex -187.80833746491956 167.77460107641335 6.85
    endloop
  endfacet
  facet normal 0.35971370917917217 -0.9285281177168978 0.09187808246625967
    outer loop
      vertex -187.7920199495375 167.74183108795071 6.4549385368824
      vertex -187.4283572195596 167.88271478010236 6.4549385368824
      vertex -187.43837542865498 167.91792513282158 6.85
    endloop
  endfacet
  facet normal 0.18297230580113613 -0.9788153826295014 0.09187808246626814
    outer loop
      vertex -187.4283572195596 167.88271478010236 6.4549385368824
      vertex -187.0449992281326 167.95437680839032 6.4549385368824
      vertex -187.43837542865498 167.91792513282158 6.85
    endloop
  endfacet
  facet normal 0.1829723058010359 -0.9788153826295296 0.0918780824661657
    outer loop
      vertex -187.0449992281326 167.95437680839032 6.4549385368824
      vertex -187.04837697284609 167.99082847903432 6.85
      vertex -187.43837542865498 167.91792513282158 6.85
    endloop
  endfacet
  facet normal 0.9957341762950365 -0.09226835946328094 2.4391066904810527e-20
    outer loop
      vertex -189 165.85 6.85
      vertex -188.9633921643204 166.24506146330563 6.85
      vertex -188.9633921643204 166.24506146330563 80.53
    endloop
  endfacet
  facet normal 0.9618256431728163 -0.2736629900720927 0
    outer loop
      vertex -188.85481529321936 166.6266695823024 6.85
      vertex -188.85481529321936 166.6266695823024 80.53
      vertex -188.9633921643204 166.24506146330563 6.85
    endloop
  endfacet
  facet normal 0.8951632913550384 -0.4457383557765862 1.2566444872128506e-19
    outer loop
      vertex -188.85481529321936 166.6266695823024 6.85
      vertex -188.67796684181866 166.98182915018631 6.85
      vertex -188.67796684181866 166.98182915018631 80.53
    endloop
  endfacet
  facet normal 0.7980172272802557 -0.6026346363792348 -6.510181273943324e-20
    outer loop
      vertex -188.43886917202443 167.2984456338401 6.85
      vertex -188.67796684181866 166.98182915018631 80.53
      vertex -188.67796684181866 166.98182915018631 6.85
    endloop
  endfacet
  facet normal 0.6736956436465793 -0.739008917220639 1.4679572029452964e-19
    outer loop
      vertex -188.1456644682154 167.56573703865254 6.85
      vertex -188.43886917202443 167.2984456338401 80.53
      vertex -188.43886917202443 167.2984456338401 6.85
    endloop
  endfacet
  facet normal 0.5264321628772584 -0.8502171357296745 7.200060251777227e-21
    outer loop
      vertex -188.1456644682154 167.56573703865254 6.85
      vertex -187.80833746491956 167.77460107641335 6.85
      vertex -187.80833746491956 167.77460107641335 80.53
    endloop
  endfacet
  facet normal 0.36124166618727244 -0.9324722294043094 9.096724847335585e-20
    outer loop
      vertex -187.80833746491956 167.77460107641335 6.85
      vertex -187.43837542865498 167.91792513282158 6.85
      vertex -187.43837542865498 167.91792513282158 80.53
    endloop
  endfacet
  facet normal 0.1837495178165083 -0.9829730996839133 0
    outer loop
      vertex -187.04837697284609 167.99082847903432 6.85
      vertex -187.04837697284609 167.99082847903432 80.53
      vertex -187.43837542865498 167.91792513282158 6.85
    endloop
  endfacet
  facet normal 0 0 1
    outer loop
      vertex -186.9695488367698 166.00830824430673 4.709171524643898
      vertex 186.8316960818735 166.04753073474703 4.709171524643898
      vertex -186.86830391812651 166.04753073474703 4.709171524643898
    endloop
  endfacet
  facet normal 0 -0.18450996801738917 0.9828306424314527
    outer loop
      vertex -186.86830391812651 166.04753073474703 4.709171524643898
      vertex 186.8316960818735 166.04753073474703 4.709171524643898
      vertex -186.904288435382 166.4358655209857 4.78207486718893
    endloop
  endfacet
  facet normal -1.513386038207424e-20 -0.36258617409967514 0.9319502488608286
    outer loop
      vertex -186.904288435382 166.4358655209857 4.78207486718893
      vertex 186.7615757744363 166.80424936476962 4.925398921966552
      vertex -186.7615757744363 166.80424936476962 4.925398921966552
    endloop
  endfacet
  facet normal 0 -0.5280595440406696 0.8492073468520867
    outer loop
      vertex -186.7615757744363 166.80424936476962 4.925398921966552
      vertex 186.7615757744363 166.80424936476962 4.925398921966552
      vertex -186.96954883477736 167.14013739072087 5.1342629626393315
    endloop
  endfacet
  facet normal -2.940429868819215e-20 -0.675267296601408 0.7375731002013469
    outer loop
      vertex -186.96954883477736 167.14013739072087 5.1342629626393315
      vertex 186.70339764834185 167.4320913335877 5.40155436694622
      vertex -186.70339764834185 167.4320913335877 5.40155436694622
    endloop
  endfacet
  facet normal 0 -0.79925375648655 0.6009937044114012
    outer loop
      vertex -186.70339764834185 167.4320913335877 5.40155436694622
      vertex 186.70339764834185 167.4320913335877 5.40155436694622
      vertex -187.01866350139477 167.67016905480105 5.718170849978923
    endloop
  endfacet
  facet normal 4.487273652254177e-20 -0.895921320456269 0.4442127728374042
    outer loop
      vertex -187.01866350139477 167.67016905480105 5.718170849978923
      vertex 186.66501898167215 167.84626310672766 6.073330415785312
      vertex -187.0349810183278 167.84626310672766 6.073330415785312
    endloop
  endfacet
  facet normal 0 -0.9621324125834336 0.2725825024765552
    outer loop
      vertex -187.0349810183278 167.84626310672766 6.073330415785312
      vertex 186.66501898167215 167.84626310672766 6.073330415785312
      vertex -187.0449992281326 167.95437680839032 6.4549385368824
    endloop
  endfacet
  facet normal 0 -0.9957702636463592 0.0918780824661703
    outer loop
      vertex -187.0449992281326 167.95437680839032 6.4549385368824
      vertex 186.65500077186735 167.95437680839032 6.4549385368824
      vertex -187.04837697284609 167.99082847903432 6.85
    endloop
  endfacet
  facet normal 0 -1 0
    outer loop
      vertex 187.0483769728461 167.99082847903432 6.85
      vertex -187.04837697284609 167.99082847903432 80.53
      vertex -187.04837697284609 167.99082847903432 6.85
    endloop
  endfacet
  facet normal 1 0 0
    outer loop
      vertex -189 -0.09003800217155344 80.49
      vertex -189 161.2108391608385 80.53
      vertex -189 0 80.53
    endloop
  endfacet
  facet normal 1 0 0
    outer loop
      vertex -189 165.85 6.85
      vertex -189 165.85 80.49149464332375
      vertex -189 165.67665273059836 80.49149464332375
    endloop
  endfacet
  facet normal 0.9957341762950364 -0.09226835946328092 0
    outer loop
      vertex -189 165.85 6.85
      vertex -188.9633921643204 166.24506146330563 80.53
      vertex -189 165.85 80.49149464332375
    endloop
  endfacet
  facet normal 0.9618256431728163 -0.2736629900720927 0
    outer loop
      vertex -188.9633921643204 166.24506146330563 6.85
      vertex -188.85481529321936 166.6266695823024 80.53
      vertex -188.9633921643204 166.24506146330563 80.53
    endloop
  endfacet
  facet normal 0.8951632913550384 -0.4457383557765862 0
    outer loop
      vertex -188.85481529321936 166.6266695823024 6.85
      vertex -188.67796684181866 166.98182915018631 80.53
      vertex -188.85481529321936 166.6266695823024 80.53
    endloop
  endfacet
  facet normal 0.7980172272802557 -0.6026346363792348 0
    outer loop
      vertex -188.43886917202443 167.2984456338401 6.85
      vertex -188.43886917202443 167.2984456338401 80.53
      vertex -188.67796684181866 166.98182915018631 80.53
    endloop
  endfacet
  facet normal 0.6736956436465793 -0.739008917220639 0
    outer loop
      vertex -188.1456644682154 167.56573703865254 6.85
      vertex -188.1456644682154 167.56573703865254 80.53
      vertex -188.43886917202443 167.2984456338401 80.53
    endloop
  endfacet
  facet normal 0.5264321628772584 -0.8502171357296745 7.200060251777227e-21
    outer loop
      vertex -187.80833746491956 167.77460107641335 80.53
      vertex -188.1456644682154 167.56573703865254 80.53
      vertex -188.1456644682154 167.56573703865254 6.85
    endloop
  endfacet
  facet normal 0.36124166618727244 -0.9324722294043094 0
    outer loop
      vertex -187.80833746491956 167.77460107641335 6.85
      vertex -187.43837542865498 167.91792513282158 80.53
      vertex -187.80833746491956 167.77460107641335 80.53
    endloop
  endfacet
  facet normal 0.1837495178165083 -0.9829730996839133 0
    outer loop
      vertex -187.43837542865498 167.91792513282158 6.85
      vertex -187.04837697284609 167.99082847903432 80.53
      vertex -187.43837542865498 167.91792513282158 80.53
    endloop
  endfacet
  facet normal 1 0 0
    outer loop
      vertex -189 -0.09003800217155344 80.49
      vertex -189 165.67665273059836 80.49149464332375
      vertex -189 161.2108391608385 80.53
    endloop
  endfacet
  facet normal 0.9957341762950364 -0.09226835946328094 4.6672306522347744e-17
    outer loop
      vertex -188.9633921643204 166.24506146330563 80.53
      vertex -189 165.85 80.53
      vertex -189 165.85 80.49149464332375
    endloop
  endfacet
  facet normal 0 0.6752672966013366 0.7375731002014123
    outer loop
      vertex -186.96954883477736 -167.14013739072084 5.1342629626393315
      vertex 186.99660235165814 -167.43209133358772 5.40155436694622
      vertex 186.96954883477738 -167.14013739072084 5.1342629626393315
    endloop
  endfacet
  facet normal 0 0.3625861740996509 0.931950248860838
    outer loop
      vertex -186.9384242255637 -166.80424936476962 4.925398921966552
      vertex 186.9384242255637 -166.80424936476962 4.925398921966552
      vertex 186.90428843538203 -166.43586552098566 4.78207486718893
    endloop
  endfacet
  facet normal 0 0 1
    outer loop
      vertex -186.86830391812651 -166.04753073474703 4.709171524643898
      vertex 186.8683039181265 -166.04753073474703 4.709171524643898
      vertex 186.9695488367698 -166.0083082443067 4.709171524643898
    endloop
  endfacet
  facet normal 0 0.18450996801740221 0.9828306424314504
    outer loop
      vertex -186.86830391812651 -166.04753073474703 4.709171524643898
      vertex 186.90428843538203 -166.43586552098566 4.78207486718893
      vertex 186.8683039181265 -166.04753073474703 4.709171524643898
    endloop
  endfacet
  facet normal 0 0.5280595440407018 0.8492073468520667
    outer loop
      vertex -186.9384242255637 -166.80424936476962 4.925398921966552
      vertex 186.96954883477738 -167.14013739072084 5.1342629626393315
      vertex 186.9384242255637 -166.80424936476962 4.925398921966552
    endloop
  endfacet
  facet normal 0 0.79925375648655 0.6009937044114012
    outer loop
      vertex -186.99660235165814 -167.43209133358772 5.40155436694622
      vertex 187.01866350139474 -167.67016905480108 5.718170849978923
      vertex 186.99660235165814 -167.43209133358772 5.40155436694622
    endloop
  endfacet
  facet normal 1.9447138935370188e-17 0.7992537564865538 0.6009937044113961
    outer loop
      vertex -186.99660235165814 -167.43209133358772 5.40155436694622
      vertex 186.68133649860525 -167.67016905480108 5.718170849978923
      vertex 187.01866350139474 -167.67016905480108 5.718170849978923
    endloop
  endfacet
  facet normal 0 0.895921320456269 0.4442127728374043
    outer loop
      vertex -187.0349810183278 -167.8462631067277 6.073330415785312
      vertex 186.66501898167215 -167.8462631067277 6.073330415785312
      vertex 186.68133649860525 -167.67016905480108 5.718170849978923
    endloop
  endfacet
  facet normal 0 0.9621324125834336 0.2725825024765552
    outer loop
      vertex -187.0349810183278 -167.8462631067277 6.073330415785312
      vertex 187.04499922813264 -167.95437680839035 6.4549385368824
      vertex 186.66501898167215 -167.8462631067277 6.073330415785312
    endloop
  endfacet
  facet normal 0 0.9957702636463657 0.09187808246609927
    outer loop
      vertex -187.04837697284609 -167.99082847903432 6.85
      vertex 186.65162302715387 -167.99082847903432 6.85
      vertex 187.04499922813264 -167.95437680839035 6.4549385368824
    endloop
  endfacet
  facet normal 0 1 0
    outer loop
      vertex -187.04837697284609 -167.99082847903432 6.85
      vertex 187.0483769728461 -167.99082847903432 80.53
      vertex 186.65162302715387 -167.99082847903432 6.85
    endloop
  endfacet
  facet normal -0.09703068659587304 0.5190683268233587 0.8492073468520702
    outer loop
      vertex 186.9384242255637 -166.80424936476962 4.925398921966552
      vertex 186.96954883477738 -167.14013739072084 5.1342629626393315
      vertex 187.2045754121468 -167.0962033092291 5.1342629626393315
    endloop
  endfacet
  facet normal -0.12408004014774045 0.6637695876553981 0.7375731002014092
    outer loop
      vertex 186.96954883477738 -167.14013739072084 5.1342629626393315
      vertex 186.99660235165814 -167.43209133358772 5.40155436694622
      vertex 187.2045754121468 -167.0962033092291 5.1342629626393315
    endloop
  endfacet
  facet normal -0.243934683346016 0.6296680015057019 0.7375731002013931
    outer loop
      vertex 187.2045754121468 -167.0962033092291 5.1342629626393315
      vertex 187.55821993109205 -167.2722973551719 5.40155436694622
      vertex 187.4275273491219 -167.00983126869767 5.1342629626393315
    endloop
  endfacet
  facet normal -0.35548242347016407 0.5741238267683167 0.7375731002013853
    outer loop
      vertex 187.4275273491219 -167.00983126869767 5.1342629626393315
      vertex 187.55821993109205 -167.2722973551719 5.40155436694622
      vertex 187.63081228489037 -166.88396256537504 5.1342629626393315
    endloop
  endfacet
  facet normal -0.03390361765552376 0.18136833518464143 0.9828306424314515
    outer loop
      vertex 186.90428843538203 -166.43586552098566 4.78207486718893
      vertex 187.01101657859093 -166.41591457333675 4.78207486718893
      vertex 186.8683039181265 -166.04753073474703 4.709171524643898
    endloop
  endfacet
  facet normal -0.06662503465780671 0.35641245545727956 0.9319502488608277
    outer loop
      vertex 186.9384242255637 -166.80424936476962 4.925398921966552
      vertex 187.11226149574267 -166.77175354714834 4.925398921966552
      vertex 187.01101657859093 -166.41591457333675 4.78207486718893
    endloop
  endfacet
  facet normal -0.13098123366816594 0.3381015381139331 0.9319502488608272
    outer loop
      vertex 187.11226149574267 -166.77175354714834 4.925398921966552
      vertex 187.27716776523212 -166.70786851800048 4.925398921966552
      vertex 187.01101657859093 -166.41591457333675 4.78207486718893
    endloop
  endfacet
  facet normal -0.06662503465771923 0.3564124554572673 0.9319502488608387
    outer loop
      vertex 186.9384242255637 -166.80424936476962 4.925398921966552
      vertex 187.01101657859093 -166.41591457333675 4.78207486718893
      vertex 186.90428843538203 -166.43586552098566 4.78207486718893
    endloop
  endfacet
  facet normal -0.13098123366821482 0.3381015381138924 0.9319502488608351
    outer loop
      vertex 187.27716776523212 -166.70786851800048 4.925398921966552
      vertex 187.11226149533402 -166.37669208363255 4.78207486718893
      vertex 187.01101657859093 -166.41591457333675 4.78207486718893
    endloop
  endfacet
  facet normal -0.19087702386067312 0.30827697839822066 0.9319502488608258
    outer loop
      vertex 187.11226149533402 -166.37669208363255 4.78207486718893
      vertex 187.4275273488079 -166.61476980537196 4.925398921966552
      vertex 187.20457541140152 -166.3195337267178 4.78207486718893
    endloop
  endfacet
  facet normal -0.24427272593743024 0.2679544159205796 0.9319502488608273
    outer loop
      vertex 187.20457541140152 -166.3195337267178 4.78207486718893
      vertex 187.4275273488079 -166.61476980537196 4.925398921966552
      vertex 187.28481468710007 -166.24638596188328 4.78207486718893
    endloop
  endfacet
  facet normal -0.1908770238607074 0.30827697839817936 0.9319502488608324
    outer loop
      vertex 187.27716776523212 -166.70786851800048 4.925398921966552
      vertex 187.4275273488079 -166.61476980537196 4.925398921966552
      vertex 187.11226149533402 -166.37669208363255 4.78207486718893
    endloop
  endfacet
  facet normal -0.2442727259374654 0.2679544159205641 0.9319502488608227
    outer loop
      vertex 187.28481468710007 -166.24638596188328 4.78207486718893
      vertex 187.4275273488079 -166.61476980537196 4.925398921966552
      vertex 187.55821993118766 -166.4956277742618 4.925398921966552
    endloop
  endfacet
  facet normal -0.2893500133051788 0.21850698718473213 0.9319502488608199
    outer loop
      vertex 187.28481468710007 -166.24638596188328 4.78207486718893
      vertex 187.55821993118766 -166.4956277742618 4.925398921966552
      vertex 187.66479493322706 -166.35449966364433 4.925398921966552
    endloop
  endfacet
  facet normal 0 0 1
    outer loop
      vertex 186.8683039181265 -166.04753073474703 4.709171524643898
      vertex 186.9042884364009 -166.0408040624872 4.709171524643898
      vertex 186.9695488367698 -166.0083082443067 4.709171524643898
    endloop
  endfacet
  facet normal -0.09713198153578524 0.15687353652133312 0.9828306424314527
    outer loop
      vertex 187.11226149533402 -166.37669208363255 4.78207486718893
      vertex 186.9695488367698 -166.0083082443067 4.709171524643898
      vertex 186.93842422708545 -166.02757978672366 4.709171524643898
    endloop
  endfacet
  facet normal -0.09713198153580369 0.15687353652132602 0.9828306424314519
    outer loop
      vertex 187.11226149533402 -166.37669208363255 4.78207486718893
      vertex 187.20457541140152 -166.3195337267178 4.78207486718893
      vertex 186.9695488367698 -166.0083082443067 4.709171524643898
    endloop
  endfacet
  facet normal -0.12430356166261793 0.13635451168099783 0.9828306424314538
    outer loop
      vertex 187.20457541140152 -166.3195337267178 4.78207486718893
      vertex 186.99660235420097 -165.9836457044997 4.709171524643898
      vertex 186.9695488367698 -166.0083082443067 4.709171524643898
    endloop
  endfacet
  facet normal -0.03390361765557536 0.18136833518462178 0.9828306424314533
    outer loop
      vertex 187.01101657859093 -166.41591457333675 4.78207486718893
      vertex 186.9042884364009 -166.0408040624872 4.709171524643898
      vertex 186.8683039181265 -166.04753073474703 4.709171524643898
    endloop
  endfacet
  facet normal -0.06665268827475714 0.17205042122450126 0.9828306424314516
    outer loop
      vertex 187.01101657859093 -166.41591457333675 4.78207486718893
      vertex 187.11226149533402 -166.37669208363255 4.78207486718893
      vertex 186.93842422708545 -166.02757978672366 4.709171524643898
    endloop
  endfacet
  facet normal 0 0 1
    outer loop
      vertex 186.9042884364009 -166.0408040624872 4.709171524643898
      vertex 186.93842422708545 -166.02757978672366 4.709171524643898
      vertex 186.9695488367698 -166.0083082443067 4.709171524643898
    endloop
  endfacet
  facet normal -0.06665268827467985 0.17205042122451616 0.9828306424314541
    outer loop
      vertex 187.01101657859093 -166.41591457333675 4.78207486718893
      vertex 186.93842422708545 -166.02757978672366 4.709171524643898
      vertex 186.9042884364009 -166.0408040624872 4.709171524643898
    endloop
  endfacet
  facet normal -0.14724213308288203 0.11119209748439193 0.9828306424314539
    outer loop
      vertex 187.3502468701321 -166.1597397485294 4.78207486718893
      vertex 187.01866350428995 -165.9544320205163 4.709171524643898
      vertex 186.99660235420097 -165.9836457044997 4.709171524643898
    endloop
  endfacet
  facet normal -0.1472421330828379 0.11119209748447911 0.9828306424314507
    outer loop
      vertex 187.28481468710007 -166.24638596188328 4.78207486718893
      vertex 187.3502468701321 -166.1597397485294 4.78207486718893
      vertex 186.99660235420097 -165.9836457044997 4.709171524643898
    endloop
  endfacet
  facet normal -0.12430356166268906 0.13635451168095314 0.982830642431451
    outer loop
      vertex 187.20457541140152 -166.3195337267178 4.78207486718893
      vertex 187.28481468710007 -166.24638596188328 4.78207486718893
      vertex 186.99660235420097 -165.9836457044997 4.709171524643898
    endloop
  endfacet
  facet normal -0.1651665502581955 0.08224316976857762 0.9828306424314536
    outer loop
      vertex 187.3502468701321 -166.1597397485294 4.78207486718893
      vertex 187.03498102102995 -165.92166202932663 4.709171524643898
      vertex 187.01866350428995 -165.9544320205163 4.709171524643898
    endloop
  endfacet
  facet normal 0 0 1
    outer loop
      vertex 186.9695488367698 -166.0083082443067 4.709171524643898
      vertex 186.99660235420097 -165.9836457044997 4.709171524643898
      vertex 187.03498102102995 -165.92166202932663 4.709171524643898
    endloop
  endfacet
  facet normal 0 0 1
    outer loop
      vertex 187.03498102102995 -165.92166202932663 4.709171524643898
      vertex 187.044999230959 -165.88645167367739 4.709171524643898
      vertex 187.04837697595357 -165.85 4.709171524643898
    endloop
  endfacet
  facet normal 0 0 1
    outer loop
      vertex 186.99660235420097 -165.9836457044997 4.709171524643898
      vertex 187.01866350428995 -165.9544320205163 4.709171524643898
      vertex 187.03498102102995 -165.92166202932663 4.709171524643898
    endloop
  endfacet
  facet normal -0.18372288102204443 0.01702443205356479 0.9828306424314482
    outer loop
      vertex 187.044999230959 -165.88645167367739 4.709171524643898
      vertex 187.42835721708778 -165.9581137009749 4.78207486718893
      vertex 187.04837697595357 -165.85 4.709171524643898
    endloop
  endfacet
  facet normal -0.17746641866015891 0.050493549545667746 0.9828306424314498
    outer loop
      vertex 187.03498102102995 -165.92166202932663 4.709171524643898
      vertex 187.42835721708778 -165.9581137009749 4.78207486718893
      vertex 187.044999230959 -165.88645167367739 4.709171524643898
    endloop
  endfacet
  facet normal -0.16516655025826962 0.08224316976847827 0.9828306424314495
    outer loop
      vertex 187.3502468701321 -166.1597397485294 4.78207486718893
      vertex 187.39864374598184 -166.06254571953124 4.78207486718893
      vertex 187.03498102102995 -165.92166202932663 4.709171524643898
    endloop
  endfacet
  facet normal -0.17746641866015525 0.050493549545704806 0.9828306424314486
    outer loop
      vertex 187.39864374598184 -166.06254571953124 4.78207486718893
      vertex 187.42835721708778 -165.9581137009749 4.78207486718893
      vertex 187.03498102102995 -165.92166202932663 4.709171524643898
    endloop
  endfacet
  facet normal -0.18372288102202716 0.017024432053627005 0.9828306424314504
    outer loop
      vertex 187.04837697595357 -165.85 4.709171524643898
      vertex 187.42835721708778 -165.9581137009749 4.78207486718893
      vertex 187.43837542682886 -165.85 4.78207486718893
    endloop
  endfacet
  facet normal -0.3245738330068561 0.16161856507051467 0.9319502488608419
    outer loop
      vertex 187.3502468701321 -166.1597397485294 4.78207486718893
      vertex 187.74362307105426 -166.1961914220621 4.925398921966552
      vertex 187.39864374598184 -166.06254571953124 4.78207486718893
    endloop
  endfacet
  facet normal -0.2893500133052142 0.2185069871846263 0.9319502488608338
    outer loop
      vertex 187.28481468710007 -166.24638596188328 4.78207486718893
      vertex 187.66479493322706 -166.35449966364433 4.925398921966552
      vertex 187.3502468701321 -166.1597397485294 4.78207486718893
    endloop
  endfacet
  facet normal -0.34874468010897375 0.09922641656281471 0.9319502488608458
    outer loop
      vertex 187.39864374598184 -166.06254571953124 4.78207486718893
      vertex 187.79201994697937 -166.02609404681237 4.925398921966552
      vertex 187.42835721708778 -165.9581137009749 4.78207486718893
    endloop
  endfacet
  facet normal -0.32457383300684745 0.16161856507057798 0.9319502488608341
    outer loop
      vertex 187.3502468701321 -166.1597397485294 4.78207486718893
      vertex 187.66479493322706 -166.35449966364433 4.925398921966552
      vertex 187.74362307105426 -166.1961914220621 4.925398921966552
    endloop
  endfacet
  facet normal -0.3610394454030973 0.033455231448320744 0.9319502488608302
    outer loop
      vertex 187.42835721708778 -165.9581137009749 4.78207486718893
      vertex 187.8083374634385 -165.85 4.925398921966552
      vertex 187.43837542682886 -165.85 4.78207486718893
    endloop
  endfacet
  facet normal -0.09703068659596041 0.5190683268232983 0.849207346852097
    outer loop
      vertex 186.9384242255637 -166.80424936476962 4.925398921966552
      vertex 187.2045754121468 -167.0962033092291 5.1342629626393315
      vertex 187.11226149574267 -166.77175354714834 4.925398921966552
    endloop
  endfacet
  facet normal -0.19075710953523498 0.4924008602898515 0.8492073468520963
    outer loop
      vertex 187.11226149574267 -166.77175354714834 4.925398921966552
      vertex 187.2045754121468 -167.0962033092291 5.1342629626393315
      vertex 187.27716776523212 -166.70786851800048 4.925398921966552
    endloop
  endfacet
  facet normal -0.2779875278973548 0.44896527302895106 0.8492073468520848
    outer loop
      vertex 187.27716776523212 -166.70786851800048 4.925398921966552
      vertex 187.63081228489037 -166.88396256537504 5.1342629626393315
      vertex 187.4275273488079 -166.61476980537196 4.925398921966552
    endloop
  endfacet
  facet normal -0.19075710953532424 0.492400860289856 0.8492073468520736
    outer loop
      vertex 187.27716776523212 -166.70786851800048 4.925398921966552
      vertex 187.2045754121468 -167.0962033092291 5.1342629626393315
      vertex 187.4275273491219 -167.00983126869767 5.1342629626393315
    endloop
  endfacet
  facet normal -0.27798752789733827 0.4489652730289753 0.8492073468520773
    outer loop
      vertex 187.27716776523212 -166.70786851800048 4.925398921966552
      vertex 187.4275273491219 -167.00983126869767 5.1342629626393315
      vertex 187.63081228489037 -166.88396256537504 5.1342629626393315
    endloop
  endfacet
  facet normal -0.35575141440621466 0.39024071186946746 0.8492073468521036
    outer loop
      vertex 187.4275273488079 -166.61476980537196 4.925398921966552
      vertex 187.807507594778 -166.72288350698997 5.1342629626393315
      vertex 187.55821993118766 -166.4956277742618 4.925398921966552
    endloop
  endfacet
  facet normal -0.34874468010897497 0.09922641656284167 0.9319502488608423
    outer loop
      vertex 187.39864374598184 -166.06254571953124 4.78207486718893
      vertex 187.74362307105426 -166.1961914220621 4.925398921966552
      vertex 187.79201994697937 -166.02609404681237 4.925398921966552
    endloop
  endfacet
  facet normal -0.36103944540307525 0.033455231448227686 0.931950248860842
    outer loop
      vertex 187.42835721708778 -165.9581137009749 4.78207486718893
      vertex 187.79201994697937 -166.02609404681237 4.925398921966552
      vertex 187.8083374634385 -165.85 4.925398921966552
    endloop
  endfacet
  facet normal -0.3557514144061835 0.390240711869539 0.8492073468520838
    outer loop
      vertex 187.4275273488079 -166.61476980537196 4.925398921966552
      vertex 187.63081228489037 -166.88396256537504 5.1342629626393315
      vertex 187.807507594778 -166.72288350698997 5.1342629626393315
    endloop
  endfacet
  facet normal -0.4726995194747933 0.23537639291290655 0.8492073468521151
    outer loop
      vertex 187.66479493322706 -166.35449966364433 4.925398921966552
      vertex 187.95159613192928 -166.53207944768272 5.1342629626393315
      vertex 187.74362307105426 -166.1961914220621 4.925398921966552
    endloop
  endfacet
  facet normal -0.4214006131741644 0.31822697130955124 0.8492073468521032
    outer loop
      vertex 187.807507594778 -166.72288350698997 5.1342629626393315
      vertex 187.66479493322706 -166.35449966364433 4.925398921966552
      vertex 187.55821993118766 -166.4956277742618 4.925398921966552
    endloop
  endfacet
  facet normal -0.4214006131741615 0.31822697130955285 0.8492073468521041
    outer loop
      vertex 187.807507594778 -166.72288350698997 5.1342629626393315
      vertex 187.95159613192928 -166.53207944768272 5.1342629626393315
      vertex 187.66479493322706 -166.35449966364433 4.925398921966552
    endloop
  endfacet
  facet normal -0.47269951947495925 0.23537639291276988 0.8492073468520606
    outer loop
      vertex 187.74362307105426 -166.1961914220621 4.925398921966552
      vertex 187.95159613192928 -166.53207944768272 5.1342629626393315
      vertex 188.0581711340266 -166.31804799084875 5.1342629626393315
    endloop
  endfacet
  facet normal -0.45492463601732935 0.4990285536959141 0.737573100201373
    outer loop
      vertex 187.63081228489037 -166.88396256537504 5.1342629626393315
      vertex 187.8075075941281 -167.11794496903929 5.40155436694622
      vertex 187.807507594778 -166.72288350698997 5.1342629626393315
    endloop
  endfacet
  facet normal -0.5388749357068661 0.40693946174623347 0.7375731002013336
    outer loop
      vertex 187.807507594778 -166.72288350698997 5.1342629626393315
      vertex 188.02418848444987 -166.9204142377184 5.40155436694622
      vertex 187.95159613192928 -166.53207944768272 5.1342629626393315
    endloop
  endfacet
  facet normal -0.6044744957701585 0.30099253449671076 0.7375731002013691
    outer loop
      vertex 187.95159613192928 -166.53207944768272 5.1342629626393315
      vertex 188.33157637657976 -166.423965746091 5.40155436694622
      vertex 188.0581711340266 -166.31804799084875 5.1342629626393315
    endloop
  endfacet
  facet normal -0.5079012105804951 0.14451035375818144 0.8492073468520823
    outer loop
      vertex 187.74362307105426 -166.1961914220621 4.925398921966552
      vertex 188.1236033171962 -166.08807772104817 5.1342629626393315
      vertex 187.79201994697937 -166.02609404681237 4.925398921966552
    endloop
  endfacet
  facet normal -0.5079012105805079 0.14451035375827054 0.8492073468520593
    outer loop
      vertex 187.74362307105426 -166.1961914220621 4.925398921966552
      vertex 188.0581711340266 -166.31804799084875 5.1342629626393315
      vertex 188.1236033171962 -166.08807772104817 5.1342629626393315
    endloop
  endfacet
  facet normal -0.5258069351200805 0.04872318782754169 0.8492073468520805
    outer loop
      vertex 187.79201994697937 -166.02609404681237 4.925398921966552
      vertex 188.1456644669175 -165.85 5.1342629626393315
      vertex 187.8083374634385 -165.85 4.925398921966552
    endloop
  endfacet
  facet normal -0.5258069351200865 0.04872318782755935 0.8492073468520758
    outer loop
      vertex 187.79201994697937 -166.02609404681237 4.925398921966552
      vertex 188.1236033171962 -166.08807772104817 5.1342629626393315
      vertex 188.1456644669175 -165.85 5.1342629626393315
    endloop
  endfacet
  facet normal -0.649489401867199 0.18479566748581117 0.7375731002013709
    outer loop
      vertex 188.0581711340266 -166.31804799084875 5.1342629626393315
      vertex 188.4118156523925 -166.1419539437425 5.40155436694622
      vertex 188.1236033171962 -166.08807772104817 5.1342629626393315
    endloop
  endfacet
  facet normal -0.6723867253603343 0.06230580565660859 0.7375731002013884
    outer loop
      vertex 188.1236033171962 -166.08807772104817 5.1342629626393315
      vertex 188.43886916935443 -165.85 5.40155436694622
      vertex 188.1456644669175 -165.85 5.1342629626393315
    endloop
  endfacet
  facet normal -0.12408004014783078 0.6637695876554236 0.737573100201371
    outer loop
      vertex 187.2045754121468 -167.0962033092291 5.1342629626393315
      vertex 186.99660235165814 -167.43209133358772 5.40155436694622
      vertex 187.28481468771886 -167.3782151107318 5.40155436694622
    endloop
  endfacet
  facet normal -0.24393468334597368 0.6296680015057482 0.7375731002013676
    outer loop
      vertex 187.2045754121468 -167.0962033092291 5.1342629626393315
      vertex 187.28481468771886 -167.3782151107318 5.40155436694622
      vertex 187.55821993109205 -167.2722973551719 5.40155436694622
    endloop
  endfacet
  facet normal -0.1468624923675202 0.7856449424475862 0.600993704411393
    outer loop
      vertex 186.99660235165814 -167.43209133358772 5.40155436694622
      vertex 187.01866350139474 -167.67016905480108 5.718170849978923
      vertex 187.28481468771886 -167.3782151107318 5.40155436694622
    endloop
  endfacet
  facet normal -0.28872375869952943 0.7452819321708042 0.6009937044114262
    outer loop
      vertex 187.28481468771886 -167.3782151107318 5.40155436694622
      vertex 187.66479493326338 -167.48632881215437 5.718170849978923
      vertex 187.55821993109205 -167.2722973551719 5.40155436694622
    endloop
  endfacet
  facet normal 0 0.8959213204562692 0.44421277283740424
    outer loop
      vertex 186.68133649860525 -167.67016905480108 5.718170849978923
      vertex 187.03498101832784 -167.8462631067277 6.073330415785312
      vertex 187.01866350139474 -167.67016905480108 5.718170849978923
    endloop
  endfacet
  facet normal -0.16462511063547489 0.8806665574417495 0.44421277283747207
    outer loop
      vertex 187.01866350139474 -167.67016905480108 5.718170849978923
      vertex 187.39864374826462 -167.77828276088178 6.073330415785312
      vertex 187.3502468709339 -167.60818538069196 5.718170849978923
    endloop
  endfacet
  facet normal -0.32364411057412784 0.8354217510567468 0.444212772837478
    outer loop
      vertex 187.3502468709339 -167.60818538069196 5.718170849978923
      vertex 187.39864374826462 -167.77828276088178 6.073330415785312
      vertex 187.66479493326338 -167.48632881215437 5.718170849978923
    endloop
  endfacet
  facet normal -0.14686249236753934 0.7856449424475914 0.6009937044113818
    outer loop
      vertex 187.28481468771886 -167.3782151107318 5.40155436694622
      vertex 187.01866350139474 -167.67016905480108 5.718170849978923
      vertex 187.3502468709339 -167.60818538069196 5.718170849978923
    endloop
  endfacet
  facet normal -0.2887237586994793 0.7452819321708575 0.6009937044113843
    outer loop
      vertex 187.28481468771886 -167.3782151107318 5.40155436694622
      vertex 187.3502468709339 -167.60818538069196 5.718170849978923
      vertex 187.66479493326338 -167.48632881215437 5.718170849978923
    endloop
  endfacet
  facet normal -4.5326114511797773e-17 0.895921320456269 0.4442127728374042
    outer loop
      vertex 186.68133649860525 -167.67016905480108 5.718170849978923
      vertex 186.66501898167215 -167.8462631067277 6.073330415785312
      vertex 187.03498101832784 -167.8462631067277 6.073330415785312
    endloop
  endfacet
  facet normal -0.16462511063541763 0.8806665574417856 0.4442127728374218
    outer loop
      vertex 187.01866350139474 -167.67016905480108 5.718170849978923
      vertex 187.03498101832784 -167.8462631067277 6.073330415785312
      vertex 187.39864374826462 -167.77828276088178 6.073330415785312
    endloop
  endfacet
  facet normal -0.32364411057421805 0.8354217510567474 0.44421277283741095
    outer loop
      vertex 187.66479493326338 -167.48632881215437 5.718170849978923
      vertex 187.39864374826462 -167.77828276088178 6.073330415785312
      vertex 187.7436230733799 -167.6446370583343 6.073330415785312
    endloop
  endfacet
  facet normal 0 0.9621324125834337 0.27258250247655524
    outer loop
      vertex 186.66501898167215 -167.8462631067277 6.073330415785312
      vertex 187.04499922813264 -167.95437680839035 6.4549385368824
      vertex 187.03498101832784 -167.8462631067277 6.073330415785312
    endloop
  endfacet
  facet normal -0.17679136688789357 0.9457502799034879 0.2725825024765609
    outer loop
      vertex 187.03498101832784 -167.8462631067277 6.073330415785312
      vertex 187.04499922813264 -167.95437680839035 6.4549385368824
      vertex 187.39864374826462 -167.77828276088178 6.073330415785312
    endloop
  endfacet
  facet normal -0.1767913668879667 0.9457502799034931 0.2725825024764955
    outer loop
      vertex 187.39864374826462 -167.77828276088178 6.073330415785312
      vertex 187.04499922813264 -167.95437680839035 6.4549385368824
      vertex 187.42835721955956 -167.8827147801024 6.4549385368824
    endloop
  endfacet
  facet normal -0.34756231581423414 0.8971617557439144 0.27258250247648547
    outer loop
      vertex 187.39864374826462 -167.77828276088178 6.073330415785312
      vertex 187.42835721955956 -167.8827147801024 6.4549385368824
      vertex 187.7920199495375 -167.74183108795074 6.4549385368824
    endloop
  endfacet
  facet normal -0.35548242347018927 0.5741238267683143 0.7375731002013751
    outer loop
      vertex 187.63081228489037 -166.88396256537504 5.1342629626393315
      vertex 187.55821993109205 -167.2722973551719 5.40155436694622
      vertex 187.8075075941281 -167.11794496903929 5.40155436694622
    endloop
  endfacet
  facet normal -0.42075288371502934 0.6795392395611193 0.600993704411438
    outer loop
      vertex 187.55821993109205 -167.2722973551719 5.40155436694622
      vertex 187.66479493326338 -167.48632881215437 5.718170849978923
      vertex 187.8075075941281 -167.11794496903929 5.40155436694622
    endloop
  endfacet
  facet normal -0.5384537739131736 0.5906556531656055 0.6009937044114297
    outer loop
      vertex 187.8075075941281 -167.11794496903929 5.40155436694622
      vertex 187.95159613137938 -167.30874902847893 5.718170849978923
      vertex 188.02418848444987 -166.9204142377184 5.40155436694622
    endloop
  endfacet
  facet normal -0.4207528837150509 0.679539239561117 0.6009937044114254
    outer loop
      vertex 187.8075075941281 -167.11794496903929 5.40155436694622
      vertex 187.66479493326338 -167.48632881215437 5.718170849978923
      vertex 187.95159613137938 -167.30874902847893 5.718170849978923
    endloop
  endfacet
  facet normal -0.5384537739132015 0.590655653165597 0.600993704411413
    outer loop
      vertex 188.02418848444987 -166.9204142377184 5.40155436694622
      vertex 187.95159613137938 -167.30874902847893 5.718170849978923
      vertex 188.2008837944601 -167.08149329621526 5.718170849978923
    endloop
  endfacet
  facet normal -0.47164179849572646 0.7617276589174304 0.4442127728373953
    outer loop
      vertex 187.66479493326338 -167.48632881215437 5.718170849978923
      vertex 188.05817113651395 -167.44987714319515 6.073330415785312
      vertex 187.95159613137938 -167.30874902847893 5.718170849978923
    endloop
  endfacet
  facet normal -0.6035782906414984 0.6620938449451699 0.4442127728375311
    outer loop
      vertex 187.95159613137938 -167.30874902847893 5.718170849978923
      vertex 188.33157638063565 -167.20063533078562 6.073330415785312
      vertex 188.2008837944601 -167.08149329621526 5.718170849978923
    endloop
  endfacet
  facet normal -0.7149606480116332 0.5399132191776363 0.44421277283755284
    outer loop
      vertex 188.2008837944601 -167.08149329621526 5.718170849978923
      vertex 188.33157638063565 -167.20063533078562 6.073330415785312
      vertex 188.40416873012717 -166.81230053676236 5.718170849978923
    endloop
  endfacet
  facet normal -0.3475623158143065 0.8971617557438624 0.27258250247656507
    outer loop
      vertex 187.39864374826462 -167.77828276088178 6.073330415785312
      vertex 187.7920199495375 -167.74183108795074 6.4549385368824
      vertex 187.7436230733799 -167.6446370583343 6.073330415785312
    endloop
  endfacet
  facet normal -0.4716417984957351 0.7617276589174188 0.44421277283740607
    outer loop
      vertex 187.66479493326338 -167.48632881215437 5.718170849978923
      vertex 187.7436230733799 -167.6446370583343 6.073330415785312
      vertex 188.05817113651395 -167.44987714319515 6.073330415785312
    endloop
  endfacet
  facet normal -0.6035782906414128 0.6620938449453454 0.4442127728373861
    outer loop
      vertex 187.95159613137938 -167.30874902847893 5.718170849978923
      vertex 188.05817113651395 -167.44987714319515 6.073330415785312
      vertex 188.33157638063565 -167.20063533078562 6.073330415785312
    endloop
  endfacet
  facet normal -0.5064974469307032 0.8180214640192941 0.2725825024766084
    outer loop
      vertex 187.7436230733799 -167.6446370583343 6.073330415785312
      vertex 188.1236033199623 -167.5365233571002 6.4549385368824
      vertex 188.05817113651395 -167.44987714319515 6.073330415785312
    endloop
  endfacet
  facet normal -0.6481844149685404 0.71102443244622 0.2725825024766291
    outer loop
      vertex 188.05817113651395 -167.44987714319515 6.073330415785312
      vertex 188.1236033199623 -167.5365233571002 6.4549385368824
      vertex 188.33157638063565 -167.20063533078562 6.073330415785312
    endloop
  endfacet
  facet normal -0.7149606480118208 0.5399132191775221 0.4442127728373895
    outer loop
      vertex 188.40416873012717 -166.81230053676236 5.718170849978923
      vertex 188.33157638063565 -167.20063533078562 6.073330415785312
      vertex 188.5545283180697 -166.90539925209472 6.073330415785312
    endloop
  endfacet
  facet normal -0.7677982401663265 0.5798143166058333 0.2725825024765945
    outer loop
      vertex 188.33157638063565 -167.20063533078562 6.073330415785312
      vertex 188.64684223472446 -166.96255760937308 6.4549385368824
      vertex 188.5545283180697 -166.90539925209472 6.073330415785312
    endloop
  endfacet
  facet normal -0.5064974469306726 0.8180214640193263 0.2725825024765687
    outer loop
      vertex 187.7436230733799 -167.6446370583343 6.073330415785312
      vertex 187.7920199495375 -167.74183108795074 6.4549385368824
      vertex 188.1236033199623 -167.5365233571002 6.4549385368824
    endloop
  endfacet
  facet normal -0.6481844149687461 0.7110244324461121 0.2725825024764219
    outer loop
      vertex 188.33157638063565 -167.20063533078562 6.073330415785312
      vertex 188.1236033199623 -167.5365233571002 6.4549385368824
      vertex 188.41181565684454 -167.27378309608542 6.4549385368824
    endloop
  endfacet
  facet normal -0.7677982401662444 0.5798143166060321 0.2725825024764026
    outer loop
      vertex 188.33157638063565 -167.20063533078562 6.073330415785312
      vertex 188.41181565684454 -167.27378309608542 6.4549385368824
      vertex 188.64684223472446 -166.96255760937308 6.4549385368824
    endloop
  endfacet
  facet normal -0.4549246360174055 0.49902855369589233 0.7375731002013408
    outer loop
      vertex 187.807507594778 -166.72288350698997 5.1342629626393315
      vertex 187.8075075941281 -167.11794496903929 5.40155436694622
      vertex 188.02418848444987 -166.9204142377184 5.40155436694622
    endloop
  endfacet
  facet normal -0.5388749357068284 0.40693946174625223 0.7375731002013508
    outer loop
      vertex 187.95159613192928 -166.53207944768272 5.1342629626393315
      vertex 188.02418848444987 -166.9204142377184 5.40155436694622
      vertex 188.20088379421762 -166.6864318333524 5.40155436694622
    endloop
  endfacet
  facet normal -0.6044744957701585 0.30099253449675983 0.7375731002013491
    outer loop
      vertex 187.95159613192928 -166.53207944768272 5.1342629626393315
      vertex 188.20088379421762 -166.6864318333524 5.40155436694622
      vertex 188.33157637657976 -166.423965746091 5.40155436694622
    endloop
  endfacet
  facet normal -0.649489401867204 0.18479566748583867 0.7375731002013597
    outer loop
      vertex 188.0581711340266 -166.31804799084875 5.1342629626393315
      vertex 188.33157637657976 -166.423965746091 5.40155436694622
      vertex 188.4118156523925 -166.1419539437425 5.40155436694622
    endloop
  endfacet
  facet normal -0.6378182666446451 0.48165799691509104 0.600993704411421
    outer loop
      vertex 188.02418848444987 -166.9204142377184 5.40155436694622
      vertex 188.40416873012717 -166.81230053676236 5.718170849978923
      vertex 188.20088379421762 -166.6864318333524 5.40155436694622
    endloop
  endfacet
  facet normal -0.7154626232843873 0.35625805526450377 0.600993704411433
    outer loop
      vertex 188.20088379421762 -166.6864318333524 5.40155436694622
      vertex 188.40416873012717 -166.81230053676236 5.718170849978923
      vertex 188.33157637657976 -166.423965746091 5.40155436694622
    endloop
  endfacet
  facet normal -0.6723867253603486 0.062305805656645626 0.7375731002013722
    outer loop
      vertex 188.1236033171962 -166.08807772104817 5.1342629626393315
      vertex 188.4118156523925 -166.1419539437425 5.40155436694622
      vertex 188.43886916935443 -165.85 5.40155436694622
    endloop
  endfacet
  facet normal -0.7687427583909221 0.21872617282645235 0.60099370441146
    outer loop
      vertex 188.33157637657976 -166.423965746091 5.40155436694622
      vertex 188.64684222992506 -166.18588802526472 5.718170849978923
      vertex 188.4118156523925 -166.1419539437425 5.40155436694622
    endloop
  endfacet
  facet normal -0.7958442808657956 0.07374583290591129 0.6009937044114673
    outer loop
      vertex 188.4118156523925 -166.1419539437425 5.40155436694622
      vertex 188.64684222992506 -166.18588802526472 5.718170849978923
      vertex 188.43886916935443 -165.85 5.40155436694622
    endloop
  endfacet
  facet normal -0.6378182666446421 0.4816579969151053 0.6009937044114126
    outer loop
      vertex 188.02418848444987 -166.9204142377184 5.40155436694622
      vertex 188.2008837944601 -167.08149329621526 5.718170849978923
      vertex 188.40416873012717 -166.81230053676236 5.718170849978923
    endloop
  endfacet
  facet normal -0.768742758390949 0.21872617282661064 0.6009937044113679
    outer loop
      vertex 188.33157637657976 -166.423965746091 5.40155436694622
      vertex 188.55452831370954 -166.51033778668236 5.718170849978923
      vertex 188.64684222992506 -166.18588802526472 5.718170849978923
    endloop
  endfacet
  facet normal -0.7154626232844739 0.35625805526443616 0.6009937044113698
    outer loop
      vertex 188.40416873012717 -166.81230053676236 5.718170849978923
      vertex 188.55452831370954 -166.51033778668236 5.718170849978923
      vertex 188.33157637657976 -166.423965746091 5.40155436694622
    endloop
  endfacet
  facet normal -0.8019958780148531 0.3993464962851901 0.44421277283744065
    outer loop
      vertex 188.40416873012717 -166.81230053676236 5.718170849978923
      vertex 188.71943458798833 -166.5742228176856 6.073330415785312
      vertex 188.55452831370954 -166.51033778668236 5.718170849978923
    endloop
  endfacet
  facet normal -0.8617201002800234 0.24518050742555367 0.4442127728374485
    outer loop
      vertex 188.55452831370954 -166.51033778668236 5.718170849978923
      vertex 188.71943458798833 -166.5742228176856 6.073330415785312
      vertex 188.64684222992506 -166.18588802526472 5.718170849978923
    endloop
  endfacet
  facet normal -0.7958442808658578 0.0737458329058073 0.6009937044113977
    outer loop
      vertex 188.43886916935443 -165.85 5.40155436694622
      vertex 188.64684222992506 -166.18588802526472 5.718170849978923
      vertex 188.67796683907508 -165.85 5.718170849978923
    endloop
  endfacet
  facet normal -0.8920994780496748 0.08266519044659454 0.4442127728374386
    outer loop
      vertex 188.64684222992506 -166.18588802526472 5.718170849978923
      vertex 188.85481529533862 -165.85 6.073330415785312
      vertex 188.67796683907508 -165.85 5.718170849978923
    endloop
  endfacet
  facet normal -0.8019958780148448 0.399346496285287 0.4442127728373684
    outer loop
      vertex 188.40416873012717 -166.81230053676236 5.718170849978923
      vertex 188.5545283180697 -166.90539925209472 6.073330415785312
      vertex 188.71943458798833 -166.5742228176856 6.073330415785312
    endloop
  endfacet
  facet normal -0.8617201002801126 0.24518050742543734 0.44421277283733956
    outer loop
      vertex 188.64684222992506 -166.18588802526472 5.718170849978923
      vertex 188.71943458798833 -166.5742228176856 6.073330415785312
      vertex 188.8206795051527 -166.21838384382974 6.073330415785312
    endloop
  endfacet
  facet normal -0.8612656171675845 0.4288593196242012 0.27258250247660204
    outer loop
      vertex 188.5545283180697 -166.90539925209472 6.073330415785312
      vertex 188.64684223472446 -166.96255760937308 6.4549385368824
      vertex 188.71943458798833 -166.5742228176856 6.073330415785312
    endloop
  endfacet
  facet normal -0.9254036265504619 0.2633000328728882 0.2725825024765701
    outer loop
      vertex 188.71943458798833 -166.5742228176856 6.073330415785312
      vertex 188.92740764904053 -166.23833479160558 6.4549385368824
      vertex 188.8206795051527 -166.21838384382974 6.073330415785312
    endloop
  endfacet
  facet normal -0.8920994780497118 0.08266519044672078 0.4442127728373408
    outer loop
      vertex 188.64684222992506 -166.18588802526472 5.718170849978923
      vertex 188.8206795051527 -166.21838384382974 6.073330415785312
      vertex 188.85481529533862 -165.85 6.073330415785312
    endloop
  endfacet
  facet normal -0.958028125330522 0.08877437929556702 0.2725825024765391
    outer loop
      vertex 188.8206795051527 -166.21838384382974 6.073330415785312
      vertex 188.96339216679334 -165.85 6.4549385368824
      vertex 188.85481529533862 -165.85 6.073330415785312
    endloop
  endfacet
  facet normal -0.8612656171676222 0.4288593196241582 0.2725825024765512
    outer loop
      vertex 188.64684223472446 -166.96255760937308 6.4549385368824
      vertex 188.82067950537547 -166.6134453076393 6.4549385368824
      vertex 188.71943458798833 -166.5742228176856 6.073330415785312
    endloop
  endfacet
  facet normal -0.9254036265504614 0.2633000328729084 0.272582502476552
    outer loop
      vertex 188.71943458798833 -166.5742228176856 6.073330415785312
      vertex 188.82067950537547 -166.6134453076393 6.4549385368824
      vertex 188.92740764904053 -166.23833479160558 6.4549385368824
    endloop
  endfacet
  facet normal -0.9580281253305163 0.08877437929553252 0.27258250247657023
    outer loop
      vertex 188.8206795051527 -166.21838384382974 6.073330415785312
      vertex 188.92740764904053 -166.23833479160558 6.4549385368824
      vertex 188.96339216679334 -165.85 6.4549385368824
    endloop
  endfacet
  facet normal 2.911191665775864e-18 0.9957702636463657 0.09187808246609927
    outer loop
      vertex 187.04499922813264 -167.95437680839035 6.4549385368824
      vertex 186.65162302715387 -167.99082847903432 6.85
      vertex 187.0483769728461 -167.99082847903432 6.85
    endloop
  endfacet
  facet normal -0.1829723058011318 0.9788153826295185 0.09187808246609508
    outer loop
      vertex 187.04499922813264 -167.95437680839035 6.4549385368824
      vertex 187.0483769728461 -167.99082847903432 6.85
      vertex 187.43837542865495 -167.91792513282155 6.85
    endloop
  endfacet
  facet normal -0.1829723058011647 0.978815382629509 0.09187808246612869
    outer loop
      vertex 187.04499922813264 -167.95437680839035 6.4549385368824
      vertex 187.43837542865495 -167.91792513282155 6.85
      vertex 187.42835721955956 -167.8827147801024 6.4549385368824
    endloop
  endfacet
  facet normal -0.3597137091791522 0.9285281177169186 0.09187808246612744
    outer loop
      vertex 187.42835721955956 -167.8827147801024 6.4549385368824
      vertex 187.43837542865495 -167.91792513282155 6.85
      vertex 187.7920199495375 -167.74183108795074 6.4549385368824
    endloop
  endfacet
  facet normal -0.5242054936202803 0.8466209414021577 0.09187808246607383
    outer loop
      vertex 187.7920199495375 -167.74183108795074 6.4549385368824
      vertex 187.80833746491956 -167.77460107641338 6.85
      vertex 188.1236033199623 -167.5365233571002 6.4549385368824
    endloop
  endfacet
  facet normal -0.35971370917920553 0.9285281177169032 0.09187808246607285
    outer loop
      vertex 187.7920199495375 -167.74183108795074 6.4549385368824
      vertex 187.43837542865495 -167.91792513282155 6.85
      vertex 187.80833746491956 -167.77460107641338 6.85
    endloop
  endfacet
  facet normal -0.5242054936202869 0.8466209414021544 0.09187808246606669
    outer loop
      vertex 188.1236033199623 -167.5365233571002 6.4549385368824
      vertex 187.80833746491956 -167.77460107641338 6.85
      vertex 188.14566446821541 -167.56573703865251 6.85
    endloop
  endfacet
  facet normal -0.6708460886914481 0.7358831043377219 0.09187808246618595
    outer loop
      vertex 188.1236033199623 -167.5365233571002 6.4549385368824
      vertex 188.43886917202443 -167.2984456338401 6.85
      vertex 188.41181565684454 -167.27378309608542 6.4549385368824
    endloop
  endfacet
  facet normal -0.6708460886913613 0.7358831043378168 0.09187808246605957
    outer loop
      vertex 188.1236033199623 -167.5365233571002 6.4549385368824
      vertex 188.14566446821541 -167.56573703865251 6.85
      vertex 188.43886917202443 -167.2984456338401 6.85
    endloop
  endfacet
  facet normal -0.7946418248031069 0.6000856507498934 0.09187808246619816
    outer loop
      vertex 188.41181565684454 -167.27378309608542 6.4549385368824
      vertex 188.43886917202443 -167.2984456338401 6.85
      vertex 188.64684223472446 -166.96255760937308 6.4549385368824
    endloop
  endfacet
  facet normal -0.7946418248032436 0.6000856507497426 0.09187808246599781
    outer loop
      vertex 188.64684223472446 -166.96255760937308 6.4549385368824
      vertex 188.43886917202443 -167.2984456338401 6.85
      vertex 188.67796684181863 -166.98182915018631 6.85
    endloop
  endfacet
  facet normal -0.8913769866391789 0.4438530000489252 0.09187808246598184
    outer loop
      vertex 188.64684223472446 -166.96255760937308 6.4549385368824
      vertex 188.67796684181863 -166.98182915018631 6.85
      vertex 188.85481529321933 -166.62666958230238 6.85
    endloop
  endfacet
  facet normal -0.8913769866392273 0.4438530000488012 0.09187808246611266
    outer loop
      vertex 188.64684223472446 -166.96255760937308 6.4549385368824
      vertex 188.85481529321933 -166.62666958230238 6.85
      vertex 188.82067950537547 -166.6134453076393 6.4549385368824
    endloop
  endfacet
  facet normal -0.9577573742840155 0.2725054677743915 0.09187808246610493
    outer loop
      vertex 188.82067950537547 -166.6134453076393 6.4549385368824
      vertex 188.85481529321933 -166.62666958230238 6.85
      vertex 188.92740764904053 -166.23833479160558 6.4549385368824
    endloop
  endfacet
  facet normal -0.9577573742840275 0.27250546777436 0.09187808246607178
    outer loop
      vertex 188.92740764904053 -166.23833479160558 6.4549385368824
      vertex 188.85481529321933 -166.62666958230238 6.85
      vertex 188.96339216432037 -166.24506146330563 6.85
    endloop
  endfacet
  facet normal -0.9915224832509957 0.09187808862897943 0.09187808246619193
    outer loop
      vertex 188.92740764904053 -166.23833479160558 6.4549385368824
      vertex 189.00000000000003 -165.85 6.85
      vertex 188.96339216679334 -165.85 6.4549385368824
    endloop
  endfacet
  facet normal -0.9915224832509956 0.09187808862911066 0.09187808246606292
    outer loop
      vertex 188.92740764904053 -166.23833479160558 6.4549385368824
      vertex 188.96339216432037 -166.24506146330563 6.85
      vertex 189.00000000000003 -165.85 6.85
    endloop
  endfacet
  facet normal 0 1 0
    outer loop
      vertex 186.65162302715387 -167.99082847903432 6.85
      vertex 187.0483769728461 -167.99082847903432 80.49
      vertex 187.0483769728461 -167.99082847903432 6.85
    endloop
  endfacet
  facet normal -0.1837495178166034 0.9829730996838956 0
    outer loop
      vertex 187.0483769728461 -167.99082847903432 6.85
      vertex 187.0483769728461 -167.99082847903432 80.49
      vertex 187.43837542865495 -167.91792513282155 6.85
    endloop
  endfacet
  facet normal -0.3612416661871237 0.932472229404367 0
    outer loop
      vertex 187.43837542865495 -167.91792513282155 6.85
      vertex 187.43837542865495 -167.91792513282155 80.53
      vertex 187.80833746491956 -167.77460107641338 6.85
    endloop
  endfacet
  facet normal -0.5264321628773299 0.8502171357296303 0
    outer loop
      vertex 187.80833746491956 -167.77460107641338 6.85
      vertex 187.80833746491956 -167.77460107641338 80.49
      vertex 188.14566446821541 -167.56573703865251 6.85
    endloop
  endfacet
  facet normal -0.6736956436465759 0.7390089172206421 0
    outer loop
      vertex 188.14566446821541 -167.56573703865251 6.85
      vertex 188.14566446821541 -167.56573703865251 80.49
      vertex 188.43886917202443 -167.2984456338401 6.85
    endloop
  endfacet
  facet normal -0.7980172272802902 0.6026346363791891 0
    outer loop
      vertex 188.43886917202443 -167.2984456338401 6.85
      vertex 188.43886917202443 -167.2984456338401 80.49
      vertex 188.67796684181863 -166.98182915018631 6.85
    endloop
  endfacet
  facet normal -0.8951632913550527 0.4457383557765577 0
    outer loop
      vertex 188.67796684181863 -166.98182915018631 6.85
      vertex 188.67796684181863 -166.98182915018631 80.49
      vertex 188.85481529321933 -166.62666958230238 6.85
    endloop
  endfacet
  facet normal -0.9618256431728109 0.2736629900721116 0
    outer loop
      vertex 188.85481529321933 -166.62666958230238 6.85
      vertex 188.85481529321933 -166.62666958230238 80.49
      vertex 188.96339216432037 -166.24506146330563 6.85
    endloop
  endfacet
  facet normal -0.9957341762950234 0.09226835946342297 0
    outer loop
      vertex 188.96339216432037 -166.24506146330563 6.85
      vertex 188.96339216432037 -166.24506146330563 80.49
      vertex 189.00000000000003 -165.85 6.85
    endloop
  endfacet
  facet normal 0 0 1
    outer loop
      vertex 186.9695488367698 -166.0083082443067 4.709171524643898
      vertex 187.03498102102995 -165.92166202932663 4.709171524643898
      vertex 187.04837697595357 165.85 4.709171524643898
    endloop
  endfacet
  facet normal 0 0 1
    outer loop
      vertex 187.03498102102995 -165.92166202932663 4.709171524643898
      vertex 187.04837697595357 -165.85 4.709171524643898
      vertex 187.04837697595357 165.85 4.709171524643898
    endloop
  endfacet
  facet normal -0.18374951113035173 0 0.9829731009337725
    outer loop
      vertex 187.04837697595357 -165.85 4.709171524643898
      vertex 187.43837542682886 -165.85 4.78207486718893
      vertex 187.04837697595357 165.85 4.709171524643898
    endloop
  endfacet
  facet normal -0.3612416623207493 0 0.9324722309022085
    outer loop
      vertex 187.43837542682886 -165.85 4.78207486718893
      vertex 187.8083374634385 -165.85 4.925398921966552
      vertex 187.43837542682886 165.85 4.78207486718893
    endloop
  endfacet
  facet normal -0.5264321679761104 0 0.850217132572599
    outer loop
      vertex 187.8083374634385 -165.85 4.925398921966552
      vertex 188.1456644669175 -165.85 5.1342629626393315
      vertex 188.1456644669175 165.85 5.1342629626393315
    endloop
  endfacet
  facet normal -0.6736956446724653 0 0.7390089162854203
    outer loop
      vertex 188.1456644669175 -165.85 5.1342629626393315
      vertex 188.43886916935443 -165.85 5.40155436694622
      vertex 188.1456644669175 165.85 5.1342629626393315
    endloop
  endfacet
  facet normal -0.798017226800951 0 0.602634637013937
    outer loop
      vertex 188.43886916935443 -165.85 5.40155436694622
      vertex 188.67796683907508 -165.85 5.718170849978923
      vertex 188.43886916935443 165.85 5.40155436694622
    endloop
  endfacet
  facet normal -0.8951632854242058 0 0.44573836768730385
    outer loop
      vertex 188.67796683907508 -165.85 5.718170849978923
      vertex 188.85481529533862 -165.85 6.073330415785312
      vertex 188.85481529533862 165.85 6.073330415785312
    endloop
  endfacet
  facet normal -0.9618256433346314 0 0.27366298950337115
    outer loop
      vertex 188.85481529533862 -165.85 6.073330415785312
      vertex 188.96339216679334 -165.85 6.4549385368824
      vertex 188.85481529533862 165.85 6.073330415785312
    endloop
  endfacet
  facet normal -0.9957341768636451 3.218129987994207e-22 0.09226835332701656
    outer loop
      vertex 188.96339216679334 -165.85 6.4549385368824
      vertex 189.00000000000003 -165.85 6.85
      vertex 189.00000000000003 165.85 6.85
    endloop
  endfacet
  facet normal -1 0 0
    outer loop
      vertex 189.00000000000003 -165.85 6.85
      vertex 189.00000000000003 -165.66992399565686 80.49
      vertex 189.00000000000003 165.85 6.85
    endloop
  endfacet
  facet normal 0 1 0
    outer loop
      vertex 186.65162302715387 -167.99082847903432 6.85
      vertex 187.0483769728461 -167.99082847903432 80.53
      vertex 187.0483769728461 -167.99082847903432 80.49
    endloop
  endfacet
  facet normal -0.1837495178131539 0.9829730996845405 1.8907021912874647e-14
    outer loop
      vertex 187.0483769728461 -167.99082847903432 80.49
      vertex 187.0510126236455 -167.99033579051246 80.53
      vertex 187.43837542865495 -167.91792513282155 6.85
    endloop
  endfacet
  facet normal -0.18374951781662877 0.9829730996838909 0
    outer loop
      vertex 187.43837542865495 -167.91792513282155 6.85
      vertex 187.0510126236455 -167.99033579051246 80.53
      vertex 187.43837542865495 -167.91792513282155 80.53
    endloop
  endfacet
  facet normal -0.3612416661871237 0.932472229404367 0
    outer loop
      vertex 187.80833746491956 -167.77460107641338 6.85
      vertex 187.43837542865495 -167.91792513282155 80.53
      vertex 187.80833746491956 -167.77460107641338 80.49
    endloop
  endfacet
  facet normal -0.5264321628773299 0.8502171357296303 0
    outer loop
      vertex 188.14566446821541 -167.56573703865251 6.85
      vertex 187.80833746491956 -167.77460107641338 80.49
      vertex 188.14566446821541 -167.56573703865251 80.49
    endloop
  endfacet
  facet normal -0.6736956436465684 0.7390089172206489 3.6131472436612175e-16
    outer loop
      vertex 188.43886917202443 -167.2984456338401 6.85
      vertex 188.14566446821541 -167.56573703865251 80.49
      vertex 188.14566446821541 -167.56573703865251 80.53
    endloop
  endfacet
  facet normal -0.6736956436465759 0.7390089172206421 0
    outer loop
      vertex 188.43886917202443 -167.2984456338401 6.85
      vertex 188.14566446821541 -167.56573703865251 80.53
      vertex 188.43886917202443 -167.2984456338401 80.49
    endloop
  endfacet
  facet normal -0.7980172272802902 0.6026346363791891 0
    outer loop
      vertex 188.67796684181863 -166.98182915018631 6.85
      vertex 188.43886917202443 -167.2984456338401 80.49
      vertex 188.67796684181863 -166.98182915018631 80.49
    endloop
  endfacet
  facet normal -0.8951632913550526 0.4457383557765576 0
    outer loop
      vertex 188.67796684181863 -166.98182915018631 80.49
      vertex 188.67796684181863 -166.98182915018631 80.53
      vertex 188.85481529321933 -166.62666958230238 6.85
    endloop
  endfacet
  facet normal -0.8951632913550527 0.4457383557765577 0
    outer loop
      vertex 188.85481529321933 -166.62666958230238 6.85
      vertex 188.67796684181863 -166.98182915018631 80.53
      vertex 188.85481529321933 -166.62666958230238 80.49
    endloop
  endfacet
  facet normal -0.9618256431728109 0.2736629900721116 0
    outer loop
      vertex 188.96339216432037 -166.24506146330563 6.85
      vertex 188.85481529321933 -166.62666958230238 80.49
      vertex 188.96339216432037 -166.24506146330563 80.49
    endloop
  endfacet
  facet normal -0.9957341762950234 0.09226835946342297 0
    outer loop
      vertex 188.96339216432037 -166.24506146330563 80.49
      vertex 188.96339216432037 -166.24506146330563 80.53
      vertex 189.00000000000003 -165.85 6.85
    endloop
  endfacet
  facet normal -0.9957341762950233 0.09226835946342297 0
    outer loop
      vertex 189.00000000000003 -165.85 6.85
      vertex 188.96339216432037 -166.24506146330563 80.53
      vertex 189.00000000000003 -165.85 80.53
    endloop
  endfacet
  facet normal -1 0 0
    outer loop
      vertex 189.00000000000003 -165.85 6.85
      vertex 189.00000000000003 -165.85 80.53
      vertex 189.00000000000003 -165.66992399565686 80.49
    endloop
  endfacet
  facet normal -0.3612416661871237 0.9324722294043671 0
    outer loop
      vertex 187.80833746491956 -167.77460107641338 80.53
      vertex 187.80833746491956 -167.77460107641338 80.49
      vertex 187.43837542865495 -167.91792513282155 80.53
    endloop
  endfacet
  facet normal -0.6736956436465759 0.7390089172206421 3.6131472436613565e-16
    outer loop
      vertex 188.14566446821541 -167.56573703865251 80.53
      vertex 188.43886917202443 -167.2984456338401 80.53
      vertex 188.43886917202443 -167.2984456338401 80.49
    endloop
  endfacet
  facet normal -0.7980172272798063 0.6026346363798301 0
    outer loop
      vertex 188.43886917202443 -167.2984456338401 80.49
      vertex 188.43886917202443 -167.2984456338401 80.53
      vertex 188.44070775489214 -167.29601095665154 80.53
    endloop
  endfacet
  facet normal -0.8951632913550526 0.4457383557765576 3.937982295763202e-16
    outer loop
      vertex 188.67796684181863 -166.98182915018631 80.53
      vertex 188.85481529321933 -166.62666958230238 80.53
      vertex 188.85481529321933 -166.62666958230238 80.49
    endloop
  endfacet
  facet normal 0 0 1
    outer loop
      vertex -186.9695488367698 166.00830824430673 4.709171524643898
      vertex 186.9695488367698 -166.0083082443067 4.709171524643898
      vertex 186.9695488367698 166.00830824430673 4.709171524643898
    endloop
  endfacet
  facet normal 0 0 1
    outer loop
      vertex -186.9695488367698 166.00830824430673 4.709171524643898
      vertex 186.9695488367698 166.00830824430673 4.709171524643898
      vertex 186.8316960818735 166.04753073474703 4.709171524643898
    endloop
  endfacet
  facet normal -1.129908872943703e-16 -0.18450996801748093 0.9828306424314356
    outer loop
      vertex -186.904288435382 166.4358655209857 4.78207486718893
      vertex 186.8316960818735 166.04753073474703 4.709171524643898
      vertex 186.8683039181265 166.04753073474703 4.709171524643898
    endloop
  endfacet
  facet normal 0 -0.1845099680173892 0.9828306424314528
    outer loop
      vertex -186.904288435382 166.4358655209857 4.78207486718893
      vertex 186.8683039181265 166.04753073474703 4.709171524643898
      vertex 186.90428843538203 166.4358655209857 4.78207486718893
    endloop
  endfacet
  facet normal 0 -0.36258617409967514 0.9319502488608284
    outer loop
      vertex -186.904288435382 166.4358655209857 4.78207486718893
      vertex 186.90428843538203 166.4358655209857 4.78207486718893
      vertex 186.7615757744363 166.80424936476962 4.925398921966552
    endloop
  endfacet
  facet normal 0 -0.5280595440406695 0.8492073468520868
    outer loop
      vertex -186.96954883477736 167.14013739072087 5.1342629626393315
      vertex 186.7615757744363 166.80424936476962 4.925398921966552
      vertex 186.96954883477738 167.14013739072087 5.1342629626393315
    endloop
  endfacet
  facet normal 0 -0.675267296601408 0.7375731002013468
    outer loop
      vertex -186.96954883477736 167.14013739072087 5.1342629626393315
      vertex 186.96954883477738 167.14013739072087 5.1342629626393315
      vertex 186.99660235165814 167.4320913335877 5.40155436694622
    endloop
  endfacet
  facet normal -3.744743797393977e-17 -0.6752672966013628 0.7375731002013882
    outer loop
      vertex -186.96954883477736 167.14013739072087 5.1342629626393315
      vertex 186.99660235165814 167.4320913335877 5.40155436694622
      vertex 186.70339764834185 167.4320913335877 5.40155436694622
    endloop
  endfacet
  facet normal -2.2373601158855306e-17 -0.799253756486552 0.6009937044113987
    outer loop
      vertex -187.01866350139477 167.67016905480105 5.718170849978923
      vertex 186.70339764834185 167.4320913335877 5.40155436694622
      vertex 186.99660235165814 167.4320913335877 5.40155436694622
    endloop
  endfacet
  facet normal 0 -0.79925375648655 0.6009937044114013
    outer loop
      vertex -187.01866350139477 167.67016905480105 5.718170849978923
      vertex 186.99660235165814 167.4320913335877 5.40155436694622
      vertex 186.68133649860525 167.67016905480105 5.718170849978923
    endloop
  endfacet
  facet normal 0 -0.8959213204562692 0.4442127728374042
    outer loop
      vertex -187.01866350139477 167.67016905480105 5.718170849978923
      vertex 186.68133649860525 167.67016905480105 5.718170849978923
      vertex 186.66501898167215 167.84626310672766 6.073330415785312
    endloop
  endfacet
  facet normal 0 -0.9621324125834336 0.2725825024765552
    outer loop
      vertex -187.0449992281326 167.95437680839032 6.4549385368824
      vertex 186.66501898167215 167.84626310672766 6.073330415785312
      vertex 186.65500077186735 167.95437680839032 6.4549385368824
    endloop
  endfacet
  facet normal 4.740779898794112e-18 -0.9957702636463582 0.09187808246617996
    outer loop
      vertex -187.04837697284609 167.99082847903432 6.85
      vertex 186.65500077186735 167.95437680839032 6.4549385368824
      vertex 187.04499922813264 167.95437680839032 6.4549385368824
    endloop
  endfacet
  facet normal 0 -0.9957702636463592 0.09187808246617031
    outer loop
      vertex -187.04837697284609 167.99082847903432 6.85
      vertex 187.04499922813264 167.95437680839032 6.4549385368824
      vertex 187.0483769728461 167.99082847903432 6.85
    endloop
  endfacet
  facet normal 0 0 1
    outer loop
      vertex 186.9695488367698 -166.0083082443067 4.709171524643898
      vertex 187.044999230959 165.88645167367739 4.709171524643898
      vertex 186.9695488367698 166.00830824430673 4.709171524643898
    endloop
  endfacet
  facet normal 0 0 1
    outer loop
      vertex 186.9695488367698 -166.0083082443067 4.709171524643898
      vertex 187.04837697595357 165.85 4.709171524643898
      vertex 187.044999230959 165.88645167367739 4.709171524643898
    endloop
  endfacet
  facet normal -0.18374951113035173 0 0.9829731009337725
    outer loop
      vertex 187.43837542682886 -165.85 4.78207486718893
      vertex 187.43837542682886 165.85 4.78207486718893
      vertex 187.04837697595357 165.85 4.709171524643898
    endloop
  endfacet
  facet normal -0.3612416623207493 0 0.9324722309022085
    outer loop
      vertex 187.8083374634385 -165.85 4.925398921966552
      vertex 187.8083374634385 165.85 4.925398921966552
      vertex 187.43837542682886 165.85 4.78207486718893
    endloop
  endfacet
  facet normal -0.5264321679761104 0 0.850217132572599
    outer loop
      vertex 187.8083374634385 -165.85 4.925398921966552
      vertex 188.1456644669175 165.85 5.1342629626393315
      vertex 187.8083374634385 165.85 4.925398921966552
    endloop
  endfacet
  facet normal -0.6736956446724653 0 0.7390089162854203
    outer loop
      vertex 188.43886916935443 -165.85 5.40155436694622
      vertex 188.43886916935443 165.85 5.40155436694622
      vertex 188.1456644669175 165.85 5.1342629626393315
    endloop
  endfacet
  facet normal -0.798017226800951 0 0.602634637013937
    outer loop
      vertex 188.67796683907508 -165.85 5.718170849978923
      vertex 188.67796683907508 165.85 5.718170849978923
      vertex 188.43886916935443 165.85 5.40155436694622
    endloop
  endfacet
  facet normal -0.8951632854242058 0 0.44573836768730385
    outer loop
      vertex 188.67796683907508 -165.85 5.718170849978923
      vertex 188.85481529533862 165.85 6.073330415785312
      vertex 188.67796683907508 165.85 5.718170849978923
    endloop
  endfacet
  facet normal -0.9618256433346314 0 0.27366298950337115
    outer loop
      vertex 188.96339216679334 -165.85 6.4549385368824
      vertex 188.96339216679334 165.85 6.4549385368824
      vertex 188.85481529533862 165.85 6.073330415785312
    endloop
  endfacet
  facet normal -0.9957341768636451 0 0.09226835332701656
    outer loop
      vertex 188.96339216679334 -165.85 6.4549385368824
      vertex 189.00000000000003 165.85 6.85
      vertex 188.96339216679334 165.85 6.4549385368824
    endloop
  endfacet
  facet normal 0 0 1
    outer loop
      vertex 186.8316960818735 166.04753073474703 4.709171524643898
      vertex 186.9042884364009 166.04080406248718 4.709171524643898
      vertex 186.8683039181265 166.04753073474703 4.709171524643898
    endloop
  endfacet
  facet normal -3.196435812118475e-17 -0.36258617409967514 0.9319502488608284
    outer loop
      vertex 186.90428843538203 166.4358655209857 4.78207486718893
      vertex 186.9384242255637 166.80424936476962 4.925398921966552
      vertex 186.7615757744363 166.80424936476962 4.925398921966552
    endloop
  endfacet
  facet normal 0 0 1
    outer loop
      vertex 186.9695488367698 166.00830824430673 4.709171524643898
      vertex 187.044999230959 165.88645167367739 4.709171524643898
      vertex 187.01866350428995 165.9544320205163 4.709171524643898
    endloop
  endfacet
  facet normal 0 0 1
    outer loop
      vertex 187.044999230959 165.88645167367739 4.709171524643898
      vertex 187.03498102102995 165.92166202932665 4.709171524643898
      vertex 187.01866350428995 165.9544320205163 4.709171524643898
    endloop
  endfacet
  facet normal -0.18372288102202736 -0.01702443205356321 0.9828306424314515
    outer loop
      vertex 187.04837697595357 165.85 4.709171524643898
      vertex 187.43837542682886 165.85 4.78207486718893
      vertex 187.044999230959 165.88645167367739 4.709171524643898
    endloop
  endfacet
  facet normal 0 0 1
    outer loop
      vertex 186.9695488367698 166.00830824430673 4.709171524643898
      vertex 187.01866350428995 165.9544320205163 4.709171524643898
      vertex 186.99660235420097 165.9836457044997 4.709171524643898
    endloop
  endfacet
  facet normal -0.16516655025816193 -0.08224316976863234 0.9828306424314548
    outer loop
      vertex 187.03498102102995 165.92166202932665 4.709171524643898
      vertex 187.3502468701321 166.1597397485294 4.78207486718893
      vertex 187.01866350428995 165.9544320205163 4.709171524643898
    endloop
  endfacet
  facet normal -0.17746641866018598 -0.05049354954563469 0.9828306424314466
    outer loop
      vertex 187.044999230959 165.88645167367739 4.709171524643898
      vertex 187.39864374598184 166.06254571953124 4.78207486718893
      vertex 187.03498102102995 165.92166202932665 4.709171524643898
    endloop
  endfacet
  facet normal -0.09713198153579976 -0.15687353652135658 0.9828306424314475
    outer loop
      vertex 186.9695488367698 166.00830824430673 4.709171524643898
      vertex 187.20457541140152 166.31953372671776 4.78207486718893
      vertex 186.93842422708545 166.0275797867237 4.709171524643898
    endloop
  endfacet
  facet normal -0.09713198153584547 -0.15687353652131544 0.9828306424314495
    outer loop
      vertex 186.93842422708545 166.0275797867237 4.709171524643898
      vertex 187.20457541140152 166.31953372671776 4.78207486718893
      vertex 187.11226149533402 166.37669208363255 4.78207486718893
    endloop
  endfacet
  facet normal -0.12430356166269696 -0.1363545116809618 0.9828306424314489
    outer loop
      vertex 186.9695488367698 166.00830824430673 4.709171524643898
      vertex 187.28481468710007 166.24638596188325 4.78207486718893
      vertex 187.20457541140152 166.31953372671776 4.78207486718893
    endloop
  endfacet
  facet normal 0 0 1
    outer loop
      vertex 186.9695488367698 166.00830824430673 4.709171524643898
      vertex 186.9042884364009 166.04080406248718 4.709171524643898
      vertex 186.8316960818735 166.04753073474703 4.709171524643898
    endloop
  endfacet
  facet normal -0.12430356166271135 -0.13635451168094306 0.9828306424314497
    outer loop
      vertex 186.9695488367698 166.00830824430673 4.709171524643898
      vertex 186.99660235420097 165.9836457044997 4.709171524643898
      vertex 187.28481468710007 166.24638596188325 4.78207486718893
    endloop
  endfacet
  facet normal -0.06665268827441333 -0.1720504212245677 0.9828306424314632
    outer loop
      vertex 186.9042884364009 166.04080406248718 4.709171524643898
      vertex 186.93842422708545 166.0275797867237 4.709171524643898
      vertex 187.01101657859093 166.41591457333678 4.78207486718893
    endloop
  endfacet
  facet normal -0.06665268827480207 -0.1720504212244926 0.98283064243145
    outer loop
      vertex 186.93842422708545 166.0275797867237 4.709171524643898
      vertex 187.11226149533402 166.37669208363255 4.78207486718893
      vertex 187.01101657859093 166.41591457333678 4.78207486718893
    endloop
  endfacet
  facet normal 0 0 1
    outer loop
      vertex 186.9695488367698 166.00830824430673 4.709171524643898
      vertex 186.93842422708545 166.0275797867237 4.709171524643898
      vertex 186.9042884364009 166.04080406248718 4.709171524643898
    endloop
  endfacet
  facet normal -0.0339036176557068 -0.18136833518455833 0.9828306424314605
    outer loop
      vertex 186.8683039181265 166.04753073474703 4.709171524643898
      vertex 186.9042884364009 166.04080406248718 4.709171524643898
      vertex 187.01101657859093 166.41591457333678 4.78207486718893
    endloop
  endfacet
  facet normal -0.14724213308288203 -0.11119209748439184 0.982830642431454
    outer loop
      vertex 186.99660235420097 165.9836457044997 4.709171524643898
      vertex 187.01866350428995 165.9544320205163 4.709171524643898
      vertex 187.3502468701321 166.1597397485294 4.78207486718893
    endloop
  endfacet
  facet normal -0.14724213308282452 -0.11119209748450547 0.9828306424314497
    outer loop
      vertex 186.99660235420097 165.9836457044997 4.709171524643898
      vertex 187.3502468701321 166.1597397485294 4.78207486718893
      vertex 187.28481468710007 166.24638596188325 4.78207486718893
    endloop
  endfacet
  facet normal -0.18372288102203288 -0.01702443205362755 0.9828306424314492
    outer loop
      vertex 187.044999230959 165.88645167367739 4.709171524643898
      vertex 187.43837542682886 165.85 4.78207486718893
      vertex 187.42835721708778 165.9581137009749 4.78207486718893
    endloop
  endfacet
  facet normal -0.17746641866015203 -0.0504935495457039 0.9828306424314492
    outer loop
      vertex 187.044999230959 165.88645167367739 4.709171524643898
      vertex 187.42835721708778 165.9581137009749 4.78207486718893
      vertex 187.39864374598184 166.06254571953124 4.78207486718893
    endloop
  endfacet
  facet normal -0.1651665502582748 -0.08224316976848088 0.9828306424314485
    outer loop
      vertex 187.03498102102995 165.92166202932665 4.709171524643898
      vertex 187.39864374598184 166.06254571953124 4.78207486718893
      vertex 187.3502468701321 166.1597397485294 4.78207486718893
    endloop
  endfacet
  facet normal -0.3610394454030619 -0.033455231448317455 0.931950248860844
    outer loop
      vertex 187.43837542682886 165.85 4.78207486718893
      vertex 187.79201994697937 166.02609404681235 4.925398921966552
      vertex 187.42835721708778 165.9581137009749 4.78207486718893
    endloop
  endfacet
  facet normal -0.3245738330068658 -0.16161856507051953 0.9319502488608378
    outer loop
      vertex 187.3502468701321 166.1597397485294 4.78207486718893
      vertex 187.39864374598184 166.06254571953124 4.78207486718893
      vertex 187.74362307105426 166.19619142206207 4.925398921966552
    endloop
  endfacet
  facet normal -0.3487446801089904 -0.09922641656281944 0.931950248860839
    outer loop
      vertex 187.42835721708778 165.9581137009749 4.78207486718893
      vertex 187.74362307105426 166.19619142206207 4.925398921966552
      vertex 187.39864374598184 166.06254571953124 4.78207486718893
    endloop
  endfacet
  facet normal -0.3245738330068646 -0.16161856507052855 0.9319502488608367
    outer loop
      vertex 187.3502468701321 166.1597397485294 4.78207486718893
      vertex 187.74362307105426 166.19619142206207 4.925398921966552
      vertex 187.66479493322706 166.35449966364436 4.925398921966552
    endloop
  endfacet
  facet normal -0.03390361765552143 -0.1813683351846288 0.9828306424314538
    outer loop
      vertex 186.8683039181265 166.04753073474703 4.709171524643898
      vertex 187.01101657859093 166.41591457333678 4.78207486718893
      vertex 186.90428843538203 166.4358655209857 4.78207486718893
    endloop
  endfacet
  facet normal -0.06662503465773006 -0.35641245545732503 0.9319502488608159
    outer loop
      vertex 186.90428843538203 166.4358655209857 4.78207486718893
      vertex 187.01101657859093 166.41591457333678 4.78207486718893
      vertex 187.11226149574267 166.77175354714834 4.925398921966552
    endloop
  endfacet
  facet normal -0.13098123366829478 -0.3381015381138538 0.9319502488608379
    outer loop
      vertex 187.11226149533402 166.37669208363255 4.78207486718893
      vertex 187.27716776523212 166.70786851800048 4.925398921966552
      vertex 187.01101657859093 166.41591457333678 4.78207486718893
    endloop
  endfacet
  facet normal -0.1908770238607383 -0.30827697839817264 0.9319502488608282
    outer loop
      vertex 187.11226149533402 166.37669208363255 4.78207486718893
      vertex 187.20457541140152 166.31953372671776 4.78207486718893
      vertex 187.4275273488079 166.61476980537194 4.925398921966552
    endloop
  endfacet
  facet normal -0.13098123366817419 -0.3381015381139543 0.9319502488608186
    outer loop
      vertex 187.01101657859093 166.41591457333678 4.78207486718893
      vertex 187.27716776523212 166.70786851800048 4.925398921966552
      vertex 187.11226149574267 166.77175354714834 4.925398921966552
    endloop
  endfacet
  facet normal -0.06662503465780721 -0.35641245545728206 0.9319502488608268
    outer loop
      vertex 186.90428843538203 166.4358655209857 4.78207486718893
      vertex 187.11226149574267 166.77175354714834 4.925398921966552
      vertex 186.9384242255637 166.80424936476962 4.925398921966552
    endloop
  endfacet
  facet normal -0.2893500133051995 -0.2185069871846869 0.9319502488608241
    outer loop
      vertex 187.28481468710007 166.24638596188325 4.78207486718893
      vertex 187.3502468701321 166.1597397485294 4.78207486718893
      vertex 187.55821993118766 166.4956277742618 4.925398921966552
    endloop
  endfacet
  facet normal -0.24427272593742833 -0.26795441592057756 0.9319502488608283
    outer loop
      vertex 187.20457541140152 166.31953372671776 4.78207486718893
      vertex 187.28481468710007 166.24638596188325 4.78207486718893
      vertex 187.55821993118766 166.4956277742618 4.925398921966552
    endloop
  endfacet
  facet normal -0.24427272593742488 -0.2679544159205836 0.9319502488608277
    outer loop
      vertex 187.20457541140152 166.31953372671776 4.78207486718893
      vertex 187.55821993118766 166.4956277742618 4.925398921966552
      vertex 187.4275273488079 166.61476980537194 4.925398921966552
    endloop
  endfacet
  facet normal -0.1908770238607516 -0.3082769783981566 0.9319502488608309
    outer loop
      vertex 187.11226149533402 166.37669208363255 4.78207486718893
      vertex 187.4275273488079 166.61476980537194 4.925398921966552
      vertex 187.27716776523212 166.70786851800048 4.925398921966552
    endloop
  endfacet
  facet normal -0.28935001330512666 -0.2185069871847367 0.931950248860835
    outer loop
      vertex 187.3502468701321 166.1597397485294 4.78207486718893
      vertex 187.66479493322706 166.35449966364436 4.925398921966552
      vertex 187.55821993118766 166.4956277742618 4.925398921966552
    endloop
  endfacet
  facet normal -0.09703068659596374 -0.5190683268233162 0.8492073468520858
    outer loop
      vertex 186.9384242255637 166.80424936476962 4.925398921966552
      vertex 187.11226149574267 166.77175354714834 4.925398921966552
      vertex 186.96954883477738 167.14013739072087 5.1342629626393315
    endloop
  endfacet
  facet normal 0 -0.5280595440406695 0.8492073468520867
    outer loop
      vertex 186.7615757744363 166.80424936476962 4.925398921966552
      vertex 186.9384242255637 166.80424936476962 4.925398921966552
      vertex 186.96954883477738 167.14013739072087 5.1342629626393315
    endloop
  endfacet
  facet normal -0.19075710953524586 -0.49240086028987956 0.8492073468520777
    outer loop
      vertex 187.11226149574267 166.77175354714834 4.925398921966552
      vertex 187.27716776523212 166.70786851800048 4.925398921966552
      vertex 187.2045754121468 167.09620330922908 5.1342629626393315
    endloop
  endfacet
  facet normal -0.35575141440617114 -0.3902407118695128 0.849207346852101
    outer loop
      vertex 187.4275273488079 166.61476980537194 4.925398921966552
      vertex 187.55821993118766 166.4956277742618 4.925398921966552
      vertex 187.807507594778 166.72288350698997 5.1342629626393315
    endloop
  endfacet
  facet normal -0.27798752789741354 -0.44896527302890893 0.8492073468520877
    outer loop
      vertex 187.4275273488079 166.61476980537194 4.925398921966552
      vertex 187.63081228489037 166.88396256537501 5.1342629626393315
      vertex 187.27716776523212 166.70786851800048 4.925398921966552
    endloop
  endfacet
  facet normal -0.1907571095352071 -0.49240086028987756 0.8492073468520873
    outer loop
      vertex 187.27716776523212 166.70786851800048 4.925398921966552
      vertex 187.4275273491219 167.0098312686977 5.1342629626393315
      vertex 187.2045754121468 167.09620330922908 5.1342629626393315
    endloop
  endfacet
  facet normal -0.2779875278974183 -0.44896527302890193 0.8492073468520899
    outer loop
      vertex 187.27716776523212 166.70786851800048 4.925398921966552
      vertex 187.63081228489037 166.88396256537501 5.1342629626393315
      vertex 187.4275273491219 167.0098312686977 5.1342629626393315
    endloop
  endfacet
  facet normal -0.09703068659599194 -0.5190683268233229 0.8492073468520785
    outer loop
      vertex 187.11226149574267 166.77175354714834 4.925398921966552
      vertex 187.2045754121468 167.09620330922908 5.1342629626393315
      vertex 186.96954883477738 167.14013739072087 5.1342629626393315
    endloop
  endfacet
  facet normal -0.12408004014790255 -0.6637695876554066 0.7375731002013745
    outer loop
      vertex 186.96954883477738 167.14013739072087 5.1342629626393315
      vertex 187.2045754121468 167.09620330922908 5.1342629626393315
      vertex 187.28481468771886 167.37821511073176 5.40155436694622
    endloop
  endfacet
  facet normal -0.24393468334589116 -0.629668001505794 0.7375731002013556
    outer loop
      vertex 187.2045754121468 167.09620330922908 5.1342629626393315
      vertex 187.4275273491219 167.0098312686977 5.1342629626393315
      vertex 187.55821993109205 167.2722973551719 5.40155436694622
    endloop
  endfacet
  facet normal -0.3554824234702997 -0.5741238267682766 0.7375731002013513
    outer loop
      vertex 187.4275273491219 167.0098312686977 5.1342629626393315
      vertex 187.63081228489037 166.88396256537501 5.1342629626393315
      vertex 187.55821993109205 167.2722973551719 5.40155436694622
    endloop
  endfacet
  facet normal -0.36103944540309835 -0.0334552314482352 0.9319502488608328
    outer loop
      vertex 187.43837542682886 165.85 4.78207486718893
      vertex 187.8083374634385 165.85 4.925398921966552
      vertex 187.79201994697937 166.02609404681235 4.925398921966552
    endloop
  endfacet
  facet normal -0.3487446801089751 -0.09922641656284172 0.9319502488608423
    outer loop
      vertex 187.42835721708778 165.9581137009749 4.78207486718893
      vertex 187.79201994697937 166.02609404681235 4.925398921966552
      vertex 187.74362307105426 166.19619142206207 4.925398921966552
    endloop
  endfacet
  facet normal -0.5258069351200849 -0.04872318782754997 0.8492073468520772
    outer loop
      vertex 187.8083374634385 165.85 4.925398921966552
      vertex 188.1236033171962 166.08807772104817 5.1342629626393315
      vertex 187.79201994697937 166.02609404681235 4.925398921966552
    endloop
  endfacet
  facet normal -0.5079012105804867 -0.14451035375817903 0.8492073468520878
    outer loop
      vertex 187.79201994697937 166.02609404681235 4.925398921966552
      vertex 188.1236033171962 166.08807772104817 5.1342629626393315
      vertex 187.74362307105426 166.19619142206207 4.925398921966552
    endloop
  endfacet
  facet normal -0.5079012105804968 -0.14451035375824955 0.8492073468520696
    outer loop
      vertex 187.74362307105426 166.19619142206207 4.925398921966552
      vertex 188.1236033171962 166.08807772104817 5.1342629626393315
      vertex 188.0581711340266 166.31804799084878 5.1342629626393315
    endloop
  endfacet
  facet normal -0.5258069351200799 -0.04872318782755871 0.8492073468520798
    outer loop
      vertex 187.8083374634385 165.85 4.925398921966552
      vertex 188.1456644669175 165.85 5.1342629626393315
      vertex 188.1236033171962 166.08807772104817 5.1342629626393315
    endloop
  endfacet
  facet normal -0.6723867253603536 -0.06230580565661038 0.7375731002013707
    outer loop
      vertex 188.1456644669175 165.85 5.1342629626393315
      vertex 188.4118156523925 166.1419539437425 5.40155436694622
      vertex 188.1236033171962 166.08807772104817 5.1342629626393315
    endloop
  endfacet
  facet normal -0.6494894018672286 -0.1847956674857968 0.7375731002013486
    outer loop
      vertex 188.1236033171962 166.08807772104817 5.1342629626393315
      vertex 188.33157637657976 166.423965746091 5.40155436694622
      vertex 188.0581711340266 166.31804799084878 5.1342629626393315
    endloop
  endfacet
  facet normal -0.47269951947484434 -0.23537639291284745 0.8492073468521031
    outer loop
      vertex 187.74362307105426 166.19619142206207 4.925398921966552
      vertex 187.95159613192928 166.53207944768272 5.1342629626393315
      vertex 187.66479493322706 166.35449966364436 4.925398921966552
    endloop
  endfacet
  facet normal -0.4214006131741506 -0.31822697130960487 0.84920734685209
    outer loop
      vertex 187.66479493322706 166.35449966364436 4.925398921966552
      vertex 187.95159613192928 166.53207944768272 5.1342629626393315
      vertex 187.55821993118766 166.4956277742618 4.925398921966552
    endloop
  endfacet
  facet normal -0.4214006131741625 -0.3182269713095536 0.8492073468521033
    outer loop
      vertex 187.55821993118766 166.4956277742618 4.925398921966552
      vertex 187.95159613192928 166.53207944768272 5.1342629626393315
      vertex 187.807507594778 166.72288350698997 5.1342629626393315
    endloop
  endfacet
  facet normal -0.4726995194749228 -0.23537639291278298 0.8492073468520773
    outer loop
      vertex 187.74362307105426 166.19619142206207 4.925398921966552
      vertex 188.0581711340266 166.31804799084878 5.1342629626393315
      vertex 187.95159613192928 166.53207944768272 5.1342629626393315
    endloop
  endfacet
  facet normal -0.3557514144061471 -0.390240711869568 0.8492073468520858
    outer loop
      vertex 187.4275273488079 166.61476980537194 4.925398921966552
      vertex 187.807507594778 166.72288350698997 5.1342629626393315
      vertex 187.63081228489037 166.88396256537501 5.1342629626393315
    endloop
  endfacet
  facet normal -0.45492463601724786 -0.49902855369591276 0.7375731002014241
    outer loop
      vertex 187.63081228489037 166.88396256537501 5.1342629626393315
      vertex 187.807507594778 166.72288350698997 5.1342629626393315
      vertex 187.8075075941281 167.1179449690393 5.40155436694622
    endloop
  endfacet
  facet normal -0.5388749357068661 -0.40693946174623347 0.7375731002013336
    outer loop
      vertex 187.95159613192928 166.53207944768272 5.1342629626393315
      vertex 188.02418848444987 166.9204142377184 5.40155436694622
      vertex 187.807507594778 166.72288350698997 5.1342629626393315
    endloop
  endfacet
  facet normal -0.6044744957701585 -0.30099253449675073 0.737573100201353
    outer loop
      vertex 188.0581711340266 166.31804799084878 5.1342629626393315
      vertex 188.33157637657976 166.423965746091 5.40155436694622
      vertex 187.95159613192928 166.53207944768272 5.1342629626393315
    endloop
  endfacet
  facet normal -0.12408004014783681 -0.6637695876554559 0.7375731002013408
    outer loop
      vertex 186.96954883477738 167.14013739072087 5.1342629626393315
      vertex 187.28481468771886 167.37821511073176 5.40155436694622
      vertex 186.99660235165814 167.4320913335877 5.40155436694622
    endloop
  endfacet
  facet normal -0.24393468334591561 -0.6296680015057674 0.7375731002013703
    outer loop
      vertex 187.2045754121468 167.09620330922908 5.1342629626393315
      vertex 187.55821993109205 167.2722973551719 5.40155436694622
      vertex 187.28481468771886 167.37821511073176 5.40155436694622
    endloop
  endfacet
  facet normal -0.14686249236752189 -0.7856449424475952 0.6009937044113809
    outer loop
      vertex 186.99660235165814 167.4320913335877 5.40155436694622
      vertex 187.28481468771886 167.37821511073176 5.40155436694622
      vertex 187.3502468709339 167.60818538069194 5.718170849978923
    endloop
  endfacet
  facet normal -0.28872375869947337 -0.7452819321708595 0.6009937044113846
    outer loop
      vertex 187.28481468771886 167.37821511073176 5.40155436694622
      vertex 187.55821993109205 167.2722973551719 5.40155436694622
      vertex 187.3502468709339 167.60818538069194 5.718170849978923
    endloop
  endfacet
  facet normal -1.9447138935371066e-17 -0.79925375648655 0.6009937044114012
    outer loop
      vertex 186.99660235165814 167.4320913335877 5.40155436694622
      vertex 187.01866350139474 167.67016905480105 5.718170849978923
      vertex 186.68133649860525 167.67016905480105 5.718170849978923
    endloop
  endfacet
  facet normal -0.14686249236753784 -0.7856449424475835 0.6009937044113923
    outer loop
      vertex 186.99660235165814 167.4320913335877 5.40155436694622
      vertex 187.3502468709339 167.60818538069194 5.718170849978923
      vertex 187.01866350139474 167.67016905480105 5.718170849978923
    endloop
  endfacet
  facet normal -0.2887237586994109 -0.7452819321708547 0.6009937044114205
    outer loop
      vertex 187.3502468709339 167.60818538069194 5.718170849978923
      vertex 187.55821993109205 167.2722973551719 5.40155436694622
      vertex 187.66479493326338 167.48632881215437 5.718170849978923
    endloop
  endfacet
  facet normal 0 -0.8959213204562692 0.44421277283740424
    outer loop
      vertex 186.68133649860525 167.67016905480105 5.718170849978923
      vertex 187.01866350139474 167.67016905480105 5.718170849978923
      vertex 187.03498101832784 167.84626310672766 6.073330415785312
    endloop
  endfacet
  facet normal -0.3236441105740425 -0.8354217510567215 0.4442127728375879
    outer loop
      vertex 187.3502468709339 167.60818538069194 5.718170849978923
      vertex 187.66479493326338 167.48632881215437 5.718170849978923
      vertex 187.39864374826462 167.7782827608818 6.073330415785312
    endloop
  endfacet
  facet normal -0.1646251106354646 -0.8806665574416943 0.44421277283758515
    outer loop
      vertex 187.01866350139474 167.67016905480105 5.718170849978923
      vertex 187.3502468709339 167.60818538069194 5.718170849978923
      vertex 187.39864374826462 167.7782827608818 6.073330415785312
    endloop
  endfacet
  facet normal 4.5326114511797773e-17 -0.895921320456269 0.4442127728374042
    outer loop
      vertex 186.68133649860525 167.67016905480105 5.718170849978923
      vertex 187.03498101832784 167.84626310672766 6.073330415785312
      vertex 186.66501898167215 167.84626310672766 6.073330415785312
    endloop
  endfacet
  facet normal 0 -0.9621324125834337 0.27258250247655524
    outer loop
      vertex 186.66501898167215 167.84626310672766 6.073330415785312
      vertex 187.03498101832784 167.84626310672766 6.073330415785312
      vertex 186.65500077186735 167.95437680839032 6.4549385368824
    endloop
  endfacet
  facet normal -0.16462511063528412 -0.8806665574418079 0.4442127728374267
    outer loop
      vertex 187.01866350139474 167.67016905480105 5.718170849978923
      vertex 187.39864374826462 167.7782827608818 6.073330415785312
      vertex 187.03498101832784 167.84626310672766 6.073330415785312
    endloop
  endfacet
  facet normal -0.32364411057420844 -0.8354217510567226 0.4442127728374645
    outer loop
      vertex 187.66479493326338 167.48632881215437 5.718170849978923
      vertex 187.7436230733799 167.64463705833433 6.073330415785312
      vertex 187.39864374826462 167.7782827608818 6.073330415785312
    endloop
  endfacet
  facet normal -0.17679136688775057 -0.9457502799035137 0.27258250247656446
    outer loop
      vertex 187.03498101832784 167.84626310672766 6.073330415785312
      vertex 187.39864374826462 167.7782827608818 6.073330415785312
      vertex 187.04499922813264 167.95437680839032 6.4549385368824
    endloop
  endfacet
  facet normal -0.34756231581432756 -0.8971617557439168 0.2725825024763596
    outer loop
      vertex 187.39864374826462 167.7782827608818 6.073330415785312
      vertex 187.7436230733799 167.64463705833433 6.073330415785312
      vertex 187.42835721955956 167.88271478010236 6.4549385368824
    endloop
  endfacet
  facet normal -7.18436664137926e-18 -0.9621324125834337 0.2725825024765552
    outer loop
      vertex 187.03498101832784 167.84626310672766 6.073330415785312
      vertex 187.04499922813264 167.95437680839032 6.4549385368824
      vertex 186.65500077186735 167.95437680839032 6.4549385368824
    endloop
  endfacet
  facet normal -0.1767913668879735 -0.9457502799035296 0.2725825024763651
    outer loop
      vertex 187.39864374826462 167.7782827608818 6.073330415785312
      vertex 187.42835721955956 167.88271478010236 6.4549385368824
      vertex 187.04499922813264 167.95437680839032 6.4549385368824
    endloop
  endfacet
  facet normal -0.6723867253603328 -0.06230580565664413 0.7375731002013868
    outer loop
      vertex 188.1456644669175 165.85 5.1342629626393315
      vertex 188.43886916935443 165.85 5.40155436694622
      vertex 188.4118156523925 166.1419539437425 5.40155436694622
    endloop
  endfacet
  facet normal -0.6494894018671933 -0.18479566748583556 0.7375731002013698
    outer loop
      vertex 188.1236033171962 166.08807772104817 5.1342629626393315
      vertex 188.4118156523925 166.1419539437425 5.40155436694622
      vertex 188.33157637657976 166.423965746091 5.40155436694622
    endloop
  endfacet
  facet normal -0.45492463601743965 -0.4990285536958579 0.737573100201343
    outer loop
      vertex 187.807507594778 166.72288350698997 5.1342629626393315
      vertex 188.02418848444987 166.9204142377184 5.40155436694622
      vertex 187.8075075941281 167.1179449690393 5.40155436694622
    endloop
  endfacet
  facet normal -0.6044744957701584 -0.3009925344967923 0.7375731002013359
    outer loop
      vertex 187.95159613192928 166.53207944768272 5.1342629626393315
      vertex 188.33157637657976 166.423965746091 5.40155436694622
      vertex 188.20088379421762 166.68643183335237 5.40155436694622
    endloop
  endfacet
  facet normal -0.538874935706868 -0.4069394617462326 0.7375731002013329
    outer loop
      vertex 187.95159613192928 166.53207944768272 5.1342629626393315
      vertex 188.20088379421762 166.68643183335237 5.40155436694622
      vertex 188.02418848444987 166.9204142377184 5.40155436694622
    endloop
  endfacet
  facet normal -0.7154626232844183 -0.3562580552645578 0.6009937044113638
    outer loop
      vertex 188.33157637657976 166.423965746091 5.40155436694622
      vertex 188.55452831370954 166.51033778668236 5.718170849978923
      vertex 188.20088379421762 166.68643183335237 5.40155436694622
    endloop
  endfacet
  facet normal -0.6378182666446555 -0.4816579969150404 0.6009937044114508
    outer loop
      vertex 188.02418848444987 166.9204142377184 5.40155436694622
      vertex 188.20088379421762 166.68643183335237 5.40155436694622
      vertex 188.40416873012717 166.81230053676236 5.718170849978923
    endloop
  endfacet
  facet normal -0.768742758390913 -0.21872617282644977 0.6009937044114725
    outer loop
      vertex 188.4118156523925 166.1419539437425 5.40155436694622
      vertex 188.64684222992506 166.18588802526475 5.718170849978923
      vertex 188.33157637657976 166.423965746091 5.40155436694622
    endloop
  endfacet
  facet normal -0.7958442808657925 -0.073745832905911 0.6009937044114715
    outer loop
      vertex 188.43886916935443 165.85 5.40155436694622
      vertex 188.64684222992506 166.18588802526475 5.718170849978923
      vertex 188.4118156523925 166.1419539437425 5.40155436694622
    endloop
  endfacet
  facet normal -0.6378182666446423 -0.4816579969151054 0.6009937044114128
    outer loop
      vertex 188.02418848444987 166.9204142377184 5.40155436694622
      vertex 188.40416873012717 166.81230053676236 5.718170849978923
      vertex 188.2008837944601 167.08149329621526 5.718170849978923
    endloop
  endfacet
  facet normal -0.7958442808658582 -0.07374583290580106 0.600993704411398
    outer loop
      vertex 188.43886916935443 165.85 5.40155436694622
      vertex 188.67796683907508 165.85 5.718170849978923
      vertex 188.64684222992506 166.18588802526475 5.718170849978923
    endloop
  endfacet
  facet normal -0.8920994780496754 -0.08266519044658759 0.4442127728374388
    outer loop
      vertex 188.67796683907508 165.85 5.718170849978923
      vertex 188.85481529533862 165.85 6.073330415785312
      vertex 188.64684222992506 166.18588802526475 5.718170849978923
    endloop
  endfacet
  facet normal -0.7687427583909434 -0.2187261728266283 0.6009937044113687
    outer loop
      vertex 188.33157637657976 166.423965746091 5.40155436694622
      vertex 188.64684222992506 166.18588802526475 5.718170849978923
      vertex 188.55452831370954 166.51033778668236 5.718170849978923
    endloop
  endfacet
  facet normal -0.7154626232844207 -0.3562580552644097 0.600993704411449
    outer loop
      vertex 188.55452831370954 166.51033778668236 5.718170849978923
      vertex 188.40416873012717 166.81230053676236 5.718170849978923
      vertex 188.20088379421762 166.68643183335237 5.40155436694622
    endloop
  endfacet
  facet normal -0.8617201002800099 -0.2451805074255713 0.4442127728374649
    outer loop
      vertex 188.55452831370954 166.51033778668236 5.718170849978923
      vertex 188.64684222992506 166.18588802526475 5.718170849978923
      vertex 188.71943458798833 166.57422281768564 6.073330415785312
    endloop
  endfacet
  facet normal -0.8019958780148867 -0.3993464962852068 0.44421277283736504
    outer loop
      vertex 188.55452831370954 166.51033778668236 5.718170849978923
      vertex 188.5545283180697 166.90539925209472 6.073330415785312
      vertex 188.40416873012717 166.81230053676236 5.718170849978923
    endloop
  endfacet
  facet normal -0.8920994780497145 -0.08266519044672105 0.44421277283733557
    outer loop
      vertex 188.64684222992506 166.18588802526475 5.718170849978923
      vertex 188.85481529533862 165.85 6.073330415785312
      vertex 188.8206795051527 166.21838384382974 6.073330415785312
    endloop
  endfacet
  facet normal -0.958028125330513 -0.08877437929556617 0.27258250247657106
    outer loop
      vertex 188.85481529533862 165.85 6.073330415785312
      vertex 188.92740764904053 166.23833479160558 6.4549385368824
      vertex 188.8206795051527 166.21838384382974 6.073330415785312
    endloop
  endfacet
  facet normal -0.8617201002801249 -0.24518050742542125 0.4442127728373244
    outer loop
      vertex 188.64684222992506 166.18588802526475 5.718170849978923
      vertex 188.8206795051527 166.21838384382974 6.073330415785312
      vertex 188.71943458798833 166.57422281768564 6.073330415785312
    endloop
  endfacet
  facet normal -0.8019958780147896 -0.3993464962852938 0.44421277283746186
    outer loop
      vertex 188.55452831370954 166.51033778668236 5.718170849978923
      vertex 188.71943458798833 166.57422281768564 6.073330415785312
      vertex 188.5545283180697 166.90539925209472 6.073330415785312
    endloop
  endfacet
  facet normal -0.8612656171675699 -0.42885931962423074 0.2725825024766029
    outer loop
      vertex 188.71943458798833 166.57422281768564 6.073330415785312
      vertex 188.64684223472446 166.96255760937308 6.4549385368824
      vertex 188.5545283180697 166.90539925209472 6.073330415785312
    endloop
  endfacet
  facet normal -0.9254036265504673 -0.26330003287286874 0.2725825024765706
    outer loop
      vertex 188.8206795051527 166.21838384382974 6.073330415785312
      vertex 188.92740764904053 166.23833479160558 6.4549385368824
      vertex 188.71943458798833 166.57422281768564 6.073330415785312
    endloop
  endfacet
  facet normal -0.9580281253305248 -0.08877437929553333 0.2725825024765399
    outer loop
      vertex 188.85481529533862 165.85 6.073330415785312
      vertex 188.96339216679334 165.85 6.4549385368824
      vertex 188.92740764904053 166.23833479160558 6.4549385368824
    endloop
  endfacet
  facet normal -0.8612656171676296 -0.428859319624162 0.2725825024765216
    outer loop
      vertex 188.71943458798833 166.57422281768564 6.073330415785312
      vertex 188.82067950537547 166.6134453076393 6.4549385368824
      vertex 188.64684223472446 166.96255760937308 6.4549385368824
    endloop
  endfacet
  facet normal -0.9254036265504664 -0.2633000328729098 0.272582502476534
    outer loop
      vertex 188.71943458798833 166.57422281768564 6.073330415785312
      vertex 188.92740764904053 166.23833479160558 6.4549385368824
      vertex 188.82067950537547 166.6134453076393 6.4549385368824
    endloop
  endfacet
  facet normal -0.3554824234701114 -0.5741238267682943 0.7375731002014282
    outer loop
      vertex 187.63081228489037 166.88396256537501 5.1342629626393315
      vertex 187.8075075941281 167.1179449690393 5.40155436694622
      vertex 187.55821993109205 167.2722973551719 5.40155436694622
    endloop
  endfacet
  facet normal -0.5384537739132171 -0.5906556531655683 0.6009937044114272
    outer loop
      vertex 187.8075075941281 167.1179449690393 5.40155436694622
      vertex 188.02418848444987 166.9204142377184 5.40155436694622
      vertex 187.95159613137938 167.30874902847896 5.718170849978923
    endloop
  endfacet
  facet normal -0.4207528837149721 -0.679539239561152 0.6009937044114408
    outer loop
      vertex 187.55821993109205 167.2722973551719 5.40155436694622
      vertex 187.8075075941281 167.1179449690393 5.40155436694622
      vertex 187.66479493326338 167.48632881215437 5.718170849978923
    endloop
  endfacet
  facet normal -0.42075288371500325 -0.6795392395611487 0.6009937044114229
    outer loop
      vertex 187.8075075941281 167.1179449690393 5.40155436694622
      vertex 187.95159613137938 167.30874902847896 5.718170849978923
      vertex 187.66479493326338 167.48632881215437 5.718170849978923
    endloop
  endfacet
  facet normal -0.5384537739132371 -0.5906556531655621 0.6009937044114152
    outer loop
      vertex 188.02418848444987 166.9204142377184 5.40155436694622
      vertex 188.2008837944601 167.08149329621526 5.718170849978923
      vertex 187.95159613137938 167.30874902847896 5.718170849978923
    endloop
  endfacet
  facet normal -0.47164179849565563 -0.7617276589174379 0.4442127728374578
    outer loop
      vertex 187.95159613137938 167.30874902847896 5.718170849978923
      vertex 187.7436230733799 167.64463705833433 6.073330415785312
      vertex 187.66479493326338 167.48632881215437 5.718170849978923
    endloop
  endfacet
  facet normal -0.6035782906415389 -0.6620938449451316 0.4442127728375332
    outer loop
      vertex 187.95159613137938 167.30874902847896 5.718170849978923
      vertex 188.2008837944601 167.08149329621526 5.718170849978923
      vertex 188.33157638063565 167.20063533078562 6.073330415785312
    endloop
  endfacet
  facet normal -0.7149606480116332 -0.5399132191776363 0.44421277283755284
    outer loop
      vertex 188.2008837944601 167.08149329621526 5.718170849978923
      vertex 188.40416873012717 166.81230053676236 5.718170849978923
      vertex 188.33157638063565 167.20063533078562 6.073330415785312
    endloop
  endfacet
  facet normal -0.4716417984957997 -0.761727658917412 0.444212772837349
    outer loop
      vertex 187.95159613137938 167.30874902847896 5.718170849978923
      vertex 188.05817113651395 167.44987714319515 6.073330415785312
      vertex 187.7436230733799 167.64463705833433 6.073330415785312
    endloop
  endfacet
  facet normal -0.6035782906414269 -0.662093844945361 0.44421277283734356
    outer loop
      vertex 187.95159613137938 167.30874902847896 5.718170849978923
      vertex 188.33157638063565 167.20063533078562 6.073330415785312
      vertex 188.05817113651395 167.44987714319515 6.073330415785312
    endloop
  endfacet
  facet normal -0.5064974469307565 -0.8180214640192607 0.2725825024766099
    outer loop
      vertex 187.7436230733799 167.64463705833433 6.073330415785312
      vertex 188.05817113651395 167.44987714319515 6.073330415785312
      vertex 188.1236033199623 167.5365233571002 6.4549385368824
    endloop
  endfacet
  facet normal -0.6481844149685404 -0.71102443244622 0.2725825024766291
    outer loop
      vertex 188.05817113651395 167.44987714319515 6.073330415785312
      vertex 188.33157638063565 167.20063533078562 6.073330415785312
      vertex 188.1236033199623 167.5365233571002 6.4549385368824
    endloop
  endfacet
  facet normal -0.7149606480118209 -0.5399132191775221 0.4442127728373895
    outer loop
      vertex 188.40416873012717 166.81230053676236 5.718170849978923
      vertex 188.5545283180697 166.90539925209472 6.073330415785312
      vertex 188.33157638063565 167.20063533078562 6.073330415785312
    endloop
  endfacet
  facet normal -0.7677982401663265 -0.5798143166058333 0.2725825024765945
    outer loop
      vertex 188.5545283180697 166.90539925209472 6.073330415785312
      vertex 188.64684223472446 166.96255760937308 6.4549385368824
      vertex 188.33157638063565 167.20063533078562 6.073330415785312
    endloop
  endfacet
  facet normal -0.6481844149687935 -0.7110244324460872 0.27258250247637406
    outer loop
      vertex 188.33157638063565 167.20063533078562 6.073330415785312
      vertex 188.41181565684454 167.2737830960854 6.4549385368824
      vertex 188.1236033199623 167.5365233571002 6.4549385368824
    endloop
  endfacet
  facet normal -0.5064974469306385 -0.8180214640193846 0.2725825024764574
    outer loop
      vertex 187.7436230733799 167.64463705833433 6.073330415785312
      vertex 188.1236033199623 167.5365233571002 6.4549385368824
      vertex 187.7920199495375 167.74183108795071 6.4549385368824
    endloop
  endfacet
  facet normal -0.34756231581423885 -0.8971617557439268 0.27258250247643917
    outer loop
      vertex 187.42835721955956 167.88271478010236 6.4549385368824
      vertex 187.7436230733799 167.64463705833433 6.073330415785312
      vertex 187.7920199495375 167.74183108795071 6.4549385368824
    endloop
  endfacet
  facet normal -0.7677982401662278 -0.5798143166060725 0.2725825024763636
    outer loop
      vertex 188.33157638063565 167.20063533078562 6.073330415785312
      vertex 188.64684223472446 166.96255760937308 6.4549385368824
      vertex 188.41181565684454 167.2737830960854 6.4549385368824
    endloop
  endfacet
  facet normal -0.1829723058011641 -0.9788153826295058 0.0918780824661646
    outer loop
      vertex 187.04499922813264 167.95437680839032 6.4549385368824
      vertex 187.42835721955956 167.88271478010236 6.4549385368824
      vertex 187.0483769728461 167.99082847903432 6.85
    endloop
  endfacet
  facet normal -0.3597137091791478 -0.9285281177169072 0.09187808246625993
    outer loop
      vertex 187.42835721955956 167.88271478010236 6.4549385368824
      vertex 187.7920199495375 167.74183108795071 6.4549385368824
      vertex 187.43837542865495 167.91792513282158 6.85
    endloop
  endfacet
  facet normal -0.18297230580105994 -0.9788153826295157 0.09187808246626747
    outer loop
      vertex 187.42835721955956 167.88271478010236 6.4549385368824
      vertex 187.43837542865495 167.91792513282158 6.85
      vertex 187.0483769728461 167.99082847903432 6.85
    endloop
  endfacet
  facet normal -0.9915224832510076 -0.09187808862898053 0.0918780824660618
    outer loop
      vertex 188.96339216679334 165.85 6.4549385368824
      vertex 188.96339216432037 166.24506146330563 6.85
      vertex 188.92740764904053 166.23833479160558 6.4549385368824
    endloop
  endfacet
  facet normal -0.9915224832509836 -0.09187808862910955 0.09187808246619082
    outer loop
      vertex 188.96339216679334 165.85 6.4549385368824
      vertex 189.00000000000003 165.85 6.85
      vertex 188.96339216432037 166.24506146330563 6.85
    endloop
  endfacet
  facet normal -0.8913769866391649 -0.44385300004895367 0.09187808246598211
    outer loop
      vertex 188.64684223472446 166.96255760937308 6.4549385368824
      vertex 188.85481529321933 166.6266695823024 6.85
      vertex 188.67796684181863 166.98182915018631 6.85
    endloop
  endfacet
  facet normal -0.9577573742840138 -0.272505467774391 0.09187808246612438
    outer loop
      vertex 188.92740764904053 166.23833479160558 6.4549385368824
      vertex 188.85481529321933 166.6266695823024 6.85
      vertex 188.82067950537547 166.6134453076393 6.4549385368824
    endloop
  endfacet
  facet normal -0.957757374284033 -0.27250546777434126 0.09187808246607194
    outer loop
      vertex 188.92740764904053 166.23833479160558 6.4549385368824
      vertex 188.96339216432037 166.24506146330563 6.85
      vertex 188.85481529321933 166.6266695823024 6.85
    endloop
  endfacet
  facet normal -0.8913769866392247 -0.4438530000487999 0.09187808246614433
    outer loop
      vertex 188.82067950537547 166.6134453076393 6.4549385368824
      vertex 188.85481529321933 166.6266695823024 6.85
      vertex 188.64684223472446 166.96255760937308 6.4549385368824
    endloop
  endfacet
  facet normal -0.6708460886914844 -0.7358831043376822 0.09187808246623891
    outer loop
      vertex 188.1236033199623 167.5365233571002 6.4549385368824
      vertex 188.41181565684454 167.2737830960854 6.4549385368824
      vertex 188.43886917202443 167.2984456338401 6.85
    endloop
  endfacet
  facet normal -0.6708460886913971 -0.7358831043377777 0.09187808246611161
    outer loop
      vertex 188.1236033199623 167.5365233571002 6.4549385368824
      vertex 188.43886917202443 167.2984456338401 6.85
      vertex 188.14566446821541 167.56573703865254 6.85
    endloop
  endfacet
  facet normal -0.3597137091793296 -0.9285281177168552 0.09187808246607397
    outer loop
      vertex 187.7920199495375 167.74183108795071 6.4549385368824
      vertex 187.80833746491956 167.77460107641335 6.85
      vertex 187.43837542865495 167.91792513282158 6.85
    endloop
  endfacet
  facet normal -0.5242054936201832 -0.8466209414022177 0.09187808246607479
    outer loop
      vertex 187.7920199495375 167.74183108795071 6.4549385368824
      vertex 188.14566446821541 167.56573703865254 6.85
      vertex 187.80833746491956 167.77460107641335 6.85
    endloop
  endfacet
  facet normal -0.5242054936202253 -0.8466209414021859 0.09187808246612648
    outer loop
      vertex 187.7920199495375 167.74183108795071 6.4549385368824
      vertex 188.1236033199623 167.5365233571002 6.4549385368824
      vertex 188.14566446821541 167.56573703865254 6.85
    endloop
  endfacet
  facet normal -0.7946418248030772 -0.6000856507499258 0.09187808246624131
    outer loop
      vertex 188.41181565684454 167.2737830960854 6.4549385368824
      vertex 188.64684223472446 166.96255760937308 6.4549385368824
      vertex 188.43886917202443 167.2984456338401 6.85
    endloop
  endfacet
  facet normal -0.7946418248032439 -0.6000856507497425 0.09187808246599782
    outer loop
      vertex 188.64684223472446 166.96255760937308 6.4549385368824
      vertex 188.67796684181863 166.98182915018631 6.85
      vertex 188.43886917202443 167.2984456338401 6.85
    endloop
  endfacet
  facet normal -0.18374951781653417 -0.9829730996839086 0
    outer loop
      vertex 187.43837542865495 167.91792513282158 6.85
      vertex 187.43837542865495 167.91792513282158 80.53
      vertex 187.0483769728461 167.99082847903432 6.85
    endloop
  endfacet
  facet normal -0.36124166618724834 -0.9324722294043188 0
    outer loop
      vertex 187.43837542865495 167.91792513282158 6.85
      vertex 187.80833746491956 167.77460107641335 6.85
      vertex 187.43837542865495 167.91792513282158 80.53
    endloop
  endfacet
  facet normal -0.9957341762950234 -0.09226835946342297 0
    outer loop
      vertex 189.00000000000003 165.85 6.85
      vertex 189.00000000000003 165.85 80.49
      vertex 188.96339216432037 166.24506146330563 6.85
    endloop
  endfacet
  facet normal -0.9618256431728162 -0.27366299007209277 0
    outer loop
      vertex 188.96339216432037 166.24506146330563 6.85
      vertex 188.96339216432037 166.24506146330563 80.49
      vertex 188.85481529321933 166.6266695823024 6.85
    endloop
  endfacet
  facet normal -0.8951632913550385 -0.4457383557765863 0
    outer loop
      vertex 188.85481529321933 166.6266695823024 6.85
      vertex 188.85481529321933 166.6266695823024 80.49
      vertex 188.67796684181863 166.98182915018631 6.85
    endloop
  endfacet
  facet normal -0.6736956436466149 -0.7390089172206065 0
    outer loop
      vertex 188.14566446821541 167.56573703865254 6.85
      vertex 188.43886917202443 167.2984456338401 6.85
      vertex 188.14566446821541 167.56573703865254 80.53
    endloop
  endfacet
  facet normal -0.5264321628772263 -0.8502171357296944 1.0979819007153713e-19
    outer loop
      vertex 187.80833746491956 167.77460107641335 6.85
      vertex 188.14566446821541 167.56573703865254 6.85
      vertex 188.14566446821541 167.56573703865254 80.53
    endloop
  endfacet
  facet normal -0.7980172272802901 -0.6026346363791891 0
    outer loop
      vertex 188.43886917202443 167.2984456338401 6.85
      vertex 188.67796684181863 166.98182915018631 6.85
      vertex 188.43886917202443 167.2984456338401 80.53
    endloop
  endfacet
  facet normal 0 -1 0
    outer loop
      vertex 187.0483769728461 167.99082847903432 6.85
      vertex 187.0483769728461 167.99082847903432 80.53
      vertex -187.04837697284609 167.99082847903432 80.53
    endloop
  endfacet
  facet normal -1 0 0
    outer loop
      vertex 189.00000000000003 165.85 6.85
      vertex 189.00000000000003 -165.66992399565686 80.49
      vertex 189.00000000000003 165.85 80.49
    endloop
  endfacet
  facet normal -0.18374951781653417 -0.9829730996839086 0
    outer loop
      vertex 187.0483769728461 167.99082847903432 6.85
      vertex 187.43837542865495 167.91792513282158 80.53
      vertex 187.0483769728461 167.99082847903432 80.53
    endloop
  endfacet
  facet normal -0.9957341762950234 -0.09226835946342297 0
    outer loop
      vertex 189.00000000000003 165.85 80.49
      vertex 189.00000000000003 165.85 80.53
      vertex 188.96339216432037 166.24506146330563 6.85
    endloop
  endfacet
  facet normal -0.9957341762950234 -0.09226835946342297 0
    outer loop
      vertex 188.96339216432037 166.24506146330563 6.85
      vertex 189.00000000000003 165.85 80.53
      vertex 188.96339216432037 166.24506146330563 80.49
    endloop
  endfacet
  facet normal -0.8951632913550384 -0.4457383557765862 0
    outer loop
      vertex 188.67796684181863 166.98182915018631 6.85
      vertex 188.85481529321933 166.6266695823024 80.53
      vertex 188.67796684181863 166.98182915018631 80.53
    endloop
  endfacet
  facet normal -0.9618256431728162 -0.27366299007209277 0
    outer loop
      vertex 188.85481529321933 166.6266695823024 6.85
      vertex 188.96339216432037 166.24506146330563 80.49
      vertex 188.85481529321933 166.6266695823024 80.49
    endloop
  endfacet
  facet normal -0.8951632913550386 -0.44573835577658627 0
    outer loop
      vertex 188.85481529321933 166.6266695823024 80.49
      vertex 188.85481529321933 166.6266695823024 80.53
      vertex 188.67796684181863 166.98182915018631 6.85
    endloop
  endfacet
  facet normal -0.6736956436466149 -0.7390089172206065 0
    outer loop
      vertex 188.43886917202443 167.2984456338401 6.85
      vertex 188.43886917202443 167.2984456338401 80.53
      vertex 188.14566446821541 167.56573703865254 80.53
    endloop
  endfacet
  facet normal -0.36124166618724834 -0.9324722294043188 0
    outer loop
      vertex 187.80833746491956 167.77460107641335 6.85
      vertex 187.80833746491956 167.77460107641335 80.53
      vertex 187.43837542865495 167.91792513282158 80.53
    endloop
  endfacet
  facet normal -0.5264321628772263 -0.8502171357296944 0
    outer loop
      vertex 187.80833746491956 167.77460107641335 6.85
      vertex 188.14566446821541 167.56573703865254 80.53
      vertex 187.80833746491956 167.77460107641335 80.53
    endloop
  endfacet
  facet normal -0.7980172272802901 -0.6026346363791891 0
    outer loop
      vertex 188.67796684181863 166.98182915018631 6.85
      vertex 188.67796684181863 166.98182915018631 80.53
      vertex 188.43886917202443 167.2984456338401 80.53
    endloop
  endfacet
  facet normal -0.9957341762950234 -0.09226835946342297 0
    outer loop
      vertex 188.96339216432037 166.24506146330563 80.53
      vertex 188.96339216432037 166.24506146330563 80.49
      vertex 189.00000000000003 165.85 80.53
    endloop
  endfacet
endsolid OpenSCAD_Model
