solid OpenSCAD_Model
  facet normal -0.9106347728549082 -0.4132121857683893 3.3380661814823164e-13
    outer loop
      vertex -127.77757028146213 -168.17909688043497 80.48
      vertex -127.94251066544626 -167.81560215719807 80.49
      vertex -127.94248888681793 -167.81565015282104 80.48
    endloop
  endfacet
  facet normal -0.7347741509027915 -0.6783118362265852 0
    outer loop
      vertex -127.06615395507987 -169.13667404941552 80.48
      vertex -127.06611820425618 -169.13671277611866 80.48
      vertex -127.06611820425618 -169.13671277611866 80.49
    endloop
  endfacet
  facet normal -0.5747874101828498 -0.8183027759303351 0
    outer loop
      vertex -126.43907840544902 -169.62900410458624 80.48
      vertex -126.43907840544902 -169.62900410458624 80.49
      vertex -126.43912153447636 -169.6289738101492 80.48
    endloop
  endfacet
  facet normal -0.9774033897465244 -0.21138262395950042 0
    outer loop
      vertex -128.06787950805443 -167.4366346158532 80.48
      vertex -128.06787950805443 -167.4366346158532 80.49
      vertex -128.06788544879666 -167.43660714670042 80.48
    endloop
  endfacet
  facet normal -0.3888241754047545 -0.9213119778993503 0
    outer loop
      vertex -125.72219430597359 -169.97760550691868 80.48
      vertex -125.7221457479426 -169.97762600001636 80.48
      vertex -125.7221457479426 -169.97762600001636 80.49
    endloop
  endfacet
  facet normal 0.7289686274214159 0.684547105928684 -2.288345244429348e-15
    outer loop
      vertex -125.4591063146483 -167.62182723435478 80.94753659326895
      vertex -125.43800718411046 -167.64429552630247 80.53
      vertex -125.70397634128116 -167.36106714105333 80.53
    endloop
  endfacet
  facet normal 0.5358267949789982 0.844327925502014 -2.3732885043069254e-14
    outer loop
      vertex -125.13969887361131 -167.833607736763 80.9547914036219
      vertex -125.10995790192585 -167.85248193132233 80.53
      vertex -125.43800718411046 -167.64429552630247 80.53
    endloop
  endfacet
  facet normal 0.7289686274214372 0.6845471059286614 0
    outer loop
      vertex -125.4591063146483 -167.62182723435478 80.94753659326895
      vertex -125.43800718411046 -167.64429552630247 80.9533848411676
      vertex -125.43800718411046 -167.64429552630247 80.53
    endloop
  endfacet
  facet normal 0.5358267949789521 0.8443279255020432 0
    outer loop
      vertex -125.26180175810542 -167.75611888997724 80.94011577155817
      vertex -125.43800718411046 -167.64429552630247 80.53
      vertex -125.43800718411046 -167.64429552630247 80.9533848411676
    endloop
  endfacet
  facet normal 0.5358267949790088 0.8443279255020073 -3.41107112924635e-14
    outer loop
      vertex -125.26180175810542 -167.75611888997724 80.94011577155817
      vertex -125.13969887361131 -167.833607736763 80.9547914036219
      vertex -125.43800718411046 -167.64429552630247 80.53
    endloop
  endfacet
  facet normal -0.18528872410855826 -0.9826841245884775 0
    outer loop
      vertex -124.94772072731395 -170.16682311626502 80.48
      vertex -124.94772072731395 -170.16682311626502 80.49
      vertex -124.94775783245845 -170.16681611995287 80.48
    endloop
  endfacet
  facet normal 0 -1 0
    outer loop
      vertex -124.51696510791378 -170.19867104171294 80.48
      vertex -124.54982695539164 -170.19867104171294 80.49
      vertex -124.54981377540697 -170.19867104171294 80.48
    endloop
  endfacet
  facet normal 0.3090169943749429 0.951056516295155 0
    outer loop
      vertex -124.74044103760787 -167.97254523862946 80.95696495796285
      vertex -124.74044103760787 -167.97254523862946 80.53
      vertex -125.10995790192585 -167.85248193132233 80.53
    endloop
  endfacet
  facet normal 0.3090169943748902 0.9510565162951721 0
    outer loop
      vertex -124.91081107345191 -167.91718865833582 80.9380573994584
      vertex -125.10995790192585 -167.85248193132233 80.53
      vertex -125.10995790192585 -167.85248193132233 80.95993461192894
    endloop
  endfacet
  facet normal 0.53582679497924 0.8443279255018606 0
    outer loop
      vertex -125.13969887361131 -167.833607736763 80.9547914036219
      vertex -125.10995790192585 -167.85248193132233 80.95993461192894
      vertex -125.10995790192585 -167.85248193132233 80.53
    endloop
  endfacet
  facet normal 0.30901699437501096 0.9510565162951329 -6.51343405919354e-14
    outer loop
      vertex -124.91081107345191 -167.91718865833582 80.9380573994584
      vertex -124.74044103760787 -167.97254523862946 80.95696495796285
      vertex -125.10995790192585 -167.85248193132233 80.53
    endloop
  endfacet
  facet normal 0.06279051952944587 0.9980267284282631 0
    outer loop
      vertex -124.67886669511012 -167.97641916789908 80.94786432974743
      vertex -124.74044103760787 -167.97254523862946 80.53
      vertex -124.74044103760787 -167.97254523862946 80.95696495796285
    endloop
  endfacet
  facet normal 0.06279051952929193 0.9980267284282729 0
    outer loop
      vertex -124.35267469472956 -167.9969414290638 80.9549904341215
      vertex -124.35267469472956 -167.9969414290638 80.53
      vertex -124.74044103760787 -167.97254523862946 80.53
    endloop
  endfacet
  facet normal 0.0627905195292832 0.9980267284282733 2.4063100572323097e-14
    outer loop
      vertex -124.53221351439754 -167.9856458039653 80.94361438922076
      vertex -124.74044103760787 -167.97254523862946 80.53
      vertex -124.67886669511012 -167.97641916789908 80.94786432974743
    endloop
  endfacet
  facet normal 0.06279051952924408 0.998026728428276 4.3853841889881404e-14
    outer loop
      vertex -124.53221351439754 -167.9856458039653 80.94361438922076
      vertex -124.35267469472956 -167.9969414290638 80.9549904341215
      vertex -124.74044103760787 -167.97254523862946 80.53
    endloop
  endfacet
  facet normal 0.5233278430559851 0.47120650638126127 0.7099946457730063
    outer loop
      vertex -125.68789162176388 -167.82481792713318 81.25
      vertex -125.55830655693045 -167.51618970579028 80.94965534290891
      vertex -125.94668143959365 -167.53740271674107 81.25
    endloop
  endfacet
  facet normal 0.5196596019354681 0.47373232155267586 0.7110074441470938
    outer loop
      vertex -125.4591063146483 -167.62182723435478 80.94753659326895
      vertex -125.55830655693045 -167.51618970579028 80.94965534290891
      vertex -125.68789162176388 -167.82481792713318 81.25
    endloop
  endfacet
  facet normal 0.41822096436066153 0.5756317741079847 0.7026658420661505
    outer loop
      vertex -125.4591063146483 -167.62182723435478 80.94753659326895
      vertex -125.68789162176388 -167.82481792713318 81.25
      vertex -125.43800718411046 -167.64429552630247 80.9533848411676
    endloop
  endfacet
  facet normal 0.3123668013462948 0.627317102913498 0.7133724369562507
    outer loop
      vertex -125.26180175810542 -167.75611888997724 80.94011577155817
      vertex -125.37499999999999 -168.0521469970012 81.25
      vertex -125.13969887361131 -167.833607736763 80.9547914036219
    endloop
  endfacet
  facet normal 0.2875368110768133 0.6458182515293203 0.7072774337326114
    outer loop
      vertex -125.37499999999999 -168.0521469970012 81.25
      vertex -125.10995790192585 -167.85248193132233 80.95993461192894
      vertex -125.13969887361131 -167.833607736763 80.9547914036219
    endloop
  endfacet
  facet normal 0.41822096436054246 0.5756317741080512 0.7026658420661668
    outer loop
      vertex -125.26180175810542 -167.75611888997724 80.94011577155817
      vertex -125.43800718411046 -167.64429552630247 80.9533848411676
      vertex -125.37499999999999 -168.0521469970012 81.25
    endloop
  endfacet
  facet normal 0.4182209643606065 0.57563177410804 0.7026658420661378
    outer loop
      vertex -125.43800718411046 -167.64429552630247 80.9533848411676
      vertex -125.68789162176388 -167.82481792713318 81.25
      vertex -125.37499999999999 -168.0521469970012 81.25
    endloop
  endfacet
  facet normal 0.2875368110766656 0.6458182515294182 0.7072774337325822
    outer loop
      vertex -124.91081107345191 -167.91718865833582 80.9380573994584
      vertex -125.10995790192585 -167.85248193132233 80.95993461192894
      vertex -125.02168143959364 -168.209454555146 81.25
    endloop
  endfacet
  facet normal 0.14772727587709214 0.6950021900823878 0.7036679669720783
    outer loop
      vertex -124.91081107345191 -167.91718865833582 80.9380573994584
      vertex -125.02168143959364 -168.209454555146 81.25
      vertex -124.74044103760787 -167.97254523862946 80.95696495796285
    endloop
  endfacet
  facet normal 0.2875368110766964 0.6458182515294166 0.707277433732571
    outer loop
      vertex -125.37499999999999 -168.0521469970012 81.25
      vertex -125.02168143959364 -168.209454555146 81.25
      vertex -125.10995790192585 -167.85248193132233 80.95993461192894
    endloop
  endfacet
  facet normal 0.14772727587705864 0.6950021900824097 0.7036679669720639
    outer loop
      vertex -125.02168143959364 -168.209454555146 81.25
      vertex -124.64337765704515 -168.28986550643128 81.25
      vertex -124.74044103760787 -167.97254523862946 80.95696495796285
    endloop
  endfacet
  facet normal 0.06452433433321947 0.6963284626708185 0.7148169572368506
    outer loop
      vertex -124.53221351439754 -167.9856458039653 80.94361438922076
      vertex -124.67886669511012 -167.97641916789908 80.94786432974743
      vertex -124.64337765704515 -168.28986550643128 81.25
    endloop
  endfacet
  facet normal -3.421831103239051e-14 0.7096105303892999 0.7045941350597638
    outer loop
      vertex -124.53221351439754 -167.9856458039653 80.94361438922076
      vertex -124.64337765704515 -168.28986550643128 81.25
      vertex -124.35267469472956 -167.9969414290638 80.9549904341215
    endloop
  endfacet
  facet normal 0.14772727587718693 0.6950021900824171 0.7036679669720295
    outer loop
      vertex -124.67886669511012 -167.97641916789908 80.94786432974743
      vertex -124.74044103760787 -167.97254523862946 80.95696495796285
      vertex -124.64337765704515 -168.28986550643128 81.25
    endloop
  endfacet
  facet normal 0.8763066800438725 0.48175367410169917 -5.161418410100454e-15
    outer loop
      vertex -125.71822017590277 -167.33515770206122 80.94737897542089
      vertex -125.70397634128116 -167.36106714105333 80.53
      vertex -125.89115355312678 -167.02059305666123 80.53
    endloop
  endfacet
  facet normal 0.9685831611286306 0.24868988716485724 -6.376970179209502e-15
    outer loop
      vertex -125.8974347965394 -166.99612922875986 80.95498795599877
      vertex -125.89115355312678 -167.02059305666123 80.53
      vertex -125.98777778703743 -166.64426651202467 80.53
    endloop
  endfacet
  facet normal 0.8763066800439074 0.4817536741016353 0
    outer loop
      vertex -125.71822017590277 -167.33515770206122 80.94737897542089
      vertex -125.70397634128116 -167.36106714105333 80.95407550617462
      vertex -125.70397634128116 -167.36106714105333 80.53
    endloop
  endfacet
  facet normal 0.8763066800438618 0.4817536741017187 1.4094989018156864e-14
    outer loop
      vertex -125.71822017590277 -167.33515770206122 80.94737897542089
      vertex -125.89115355312678 -167.02059305666123 80.53
      vertex -125.8333966512189 -167.12565247121555 80.94231106742556
    endloop
  endfacet
  facet normal 0.876306680043885 0.4817536741016762 0
    outer loop
      vertex -125.8333966512189 -167.12565247121555 80.94231106742556
      vertex -125.89115355312678 -167.02059305666123 80.53
      vertex -125.89115355312678 -167.02059305666123 80.95791110535531
    endloop
  endfacet
  facet normal 0.9685831611286572 0.2486898871647533 0
    outer loop
      vertex -125.8974347965394 -166.99612922875986 80.95498795599877
      vertex -125.89115355312678 -167.02059305666123 80.95791110535531
      vertex -125.89115355312678 -167.02059305666123 80.53
    endloop
  endfacet
  facet normal 0.968583161128629 0.2486898871648633 -1.0540554679735897e-15
    outer loop
      vertex -125.95799201253216 -166.76027444445762 80.93967209009185
      vertex -125.8974347965394 -166.99612922875986 80.95498795599877
      vertex -125.98777778703743 -166.64426651202467 80.53
    endloop
  endfacet
  facet normal 0.968583161128628 0.24868988716486676 0
    outer loop
      vertex -125.95799201253216 -166.76027444445762 80.93967209009185
      vertex -125.98777778703743 -166.64426651202467 80.53
      vertex -125.98777778703743 -166.64426651202467 80.95731788246204
    endloop
  endfacet
  facet normal 1 0 0
    outer loop
      vertex -125.98777778703743 -166.52365303513264 80.94460274582963
      vertex -125.98777778703743 -166.64426651202467 80.95731788246204
      vertex -125.98777778703743 -166.64426651202467 80.53
    endloop
  endfacet
  facet normal 0.7289686274213953 0.6845471059287059 2.3445015578307024e-14
    outer loop
      vertex -125.4591063146483 -167.62182723435478 80.94753659326895
      vertex -125.70397634128116 -167.36106714105333 80.53
      vertex -125.55830655693045 -167.51618970579028 80.94965534290891
    endloop
  endfacet
  facet normal 0.728968627421427 0.6845471059286721 0
    outer loop
      vertex -125.70397634128116 -167.36106714105333 80.95407550617462
      vertex -125.55830655693045 -167.51618970579028 80.94965534290891
      vertex -125.70397634128116 -167.36106714105333 80.53
    endloop
  endfacet
  facet normal 0.6529471461163228 0.2529530720135579 0.7139150984097851
    outer loop
      vertex -125.8333966512189 -167.12565247121555 80.94231106742556
      vertex -125.89115355312678 -167.02059305666123 80.95791110535531
      vertex -126.1400590966388 -167.20246278969023 81.25
    endloop
  endfacet
  facet normal 0.6529471461162705 0.2529530720136524 0.7139150984097994
    outer loop
      vertex -125.8974347965394 -166.99612922875986 80.95498795599877
      vertex -126.1400590966388 -167.20246278969023 81.25
      vertex -125.89115355312678 -167.02059305666123 80.95791110535531
    endloop
  endfacet
  facet normal 0.6160716782426909 0.3556891492735271 0.7028093029807649
    outer loop
      vertex -125.71822017590277 -167.33515770206122 80.94737897542089
      vertex -125.8333966512189 -167.12565247121555 80.94231106742556
      vertex -125.94668143959365 -167.53740271674107 81.25
    endloop
  endfacet
  facet normal 0.5233278430558015 0.4712065063814731 0.7099946457730011
    outer loop
      vertex -125.71822017590277 -167.33515770206122 80.94737897542089
      vertex -125.94668143959365 -167.53740271674107 81.25
      vertex -125.70397634128116 -167.36106714105333 80.95407550617462
    endloop
  endfacet
  facet normal 0.5233278430559951 0.4712065063812336 0.7099946457730171
    outer loop
      vertex -125.70397634128116 -167.36106714105333 80.95407550617462
      vertex -125.94668143959365 -167.53740271674107 81.25
      vertex -125.55830655693045 -167.51618970579028 80.94965534290891
    endloop
  endfacet
  facet normal 0.6160716782427081 0.3556891492735156 0.702809302980756
    outer loop
      vertex -125.8333966512189 -167.12565247121555 80.94231106742556
      vertex -126.1400590966388 -167.20246278969023 81.25
      vertex -125.94668143959365 -167.53740271674107 81.25
    endloop
  endfacet
  facet normal 0.6730709774031715 0.21869401752102885 0.7065043425755084
    outer loop
      vertex -126.25957306135753 -166.83463662801284 81.25
      vertex -126.1400590966388 -167.20246278969023 81.25
      vertex -125.8974347965394 -166.99612922875986 80.95498795599877
    endloop
  endfacet
  facet normal 0.6730709774031708 0.2186940175210233 0.7065043425755108
    outer loop
      vertex -126.25957306135753 -166.83463662801284 81.25
      vertex -125.8974347965394 -166.99612922875986 80.95498795599877
      vertex -125.95799201253216 -166.76027444445762 80.93967209009185
    endloop
  endfacet
  facet normal 0.7062148164987909 0.07422616822135018 0.7040959514929445
    outer loop
      vertex -126.25957306135753 -166.83463662801284 81.25
      vertex -125.95799201253216 -166.76027444445762 80.93967209009185
      vertex -125.98777778703743 -166.64426651202467 80.95731788246204
    endloop
  endfacet
  facet normal 0.7062148164987875 0.07422616822142071 0.7040959514929407
    outer loop
      vertex -126.29999999999998 -166.45 81.25
      vertex -125.98777778703743 -166.64426651202467 80.95731788246204
      vertex -125.98777778703743 -166.52365303513264 80.94460274582963
    endloop
  endfacet
  facet normal 0.7062148164987775 0.07422616822138443 0.7040959514929542
    outer loop
      vertex -126.25957306135753 -166.83463662801284 81.25
      vertex -125.98777778703743 -166.64426651202467 80.95731788246204
      vertex -126.29999999999998 -166.45 81.25
    endloop
  endfacet
  facet normal -0.7347741508630377 -0.6783118362696483 0
    outer loop
      vertex -127.33687743786214 -168.84341568866807 80.49
      vertex -127.06611820425618 -169.13671277611866 80.49
      vertex -127.33687743786214 -168.84341568866807 84.24000000000001
    endloop
  endfacet
  facet normal -0.8615540813937985 -0.5076658003388531 0
    outer loop
      vertex -127.77757028146213 -168.17909688043497 80.49
      vertex -127.57492719655941 -168.52300024510447 80.49
      vertex -127.77757028146213 -168.17909688043497 84.24000000000001
    endloop
  endfacet
  facet normal -0.9493976084683793 -0.31407671202195486 0
    outer loop
      vertex -127.94251066544626 -167.81560215719807 80.49
      vertex -128.06787950805443 -167.4366346158532 84.24000000000001
      vertex -128.06787950805443 -167.4366346158532 80.49
    endloop
  endfacet
  facet normal -0.9106347728549116 -0.4132121857683816 0
    outer loop
      vertex -127.77757028146213 -168.17909688043497 80.48
      vertex -127.94251066544626 -167.81560215719807 84.24000000000001
      vertex -127.94251066544626 -167.81560215719807 80.49
    endloop
  endfacet
  facet normal -0.9106347728549116 -0.41321218576838165 0
    outer loop
      vertex -127.77757028146213 -168.17909688043497 80.48
      vertex -127.77757028146213 -168.17909688043497 80.49
      vertex -127.94251066544626 -167.81560215719807 84.24000000000001
    endloop
  endfacet
  facet normal -0.8027116379309799 -0.5963673585384797 0
    outer loop
      vertex -127.57492719655941 -168.52300024510447 80.49
      vertex -127.33687743786214 -168.84341568866807 80.49
      vertex -127.57492719655941 -168.52300024510447 84.24000000000001
    endloop
  endfacet
  facet normal -0.6585113790650445 -0.7525707698561334 0
    outer loop
      vertex -127.06611820425618 -169.13671277611866 80.49
      vertex -126.7657173060482 -169.3995683342599 80.49
      vertex -127.06611820425618 -169.13671277611866 84.24000000000001
    endloop
  endfacet
  facet normal -0.4845508703326568 -0.8747630845319575 0
    outer loop
      vertex -126.43907840544902 -169.62900410458624 80.49
      vertex -126.08990245172069 -169.82242048814206 80.49
      vertex -126.43907840544902 -169.62900410458624 84.24000000000001
    endloop
  endfacet
  facet normal -0.5747874102143992 -0.8183027759081745 0
    outer loop
      vertex -126.7657173060482 -169.3995683342599 80.49
      vertex -126.43907840544902 -169.62900410458624 80.49
      vertex -126.7657173060482 -169.3995683342599 84.24000000000001
    endloop
  endfacet
  facet normal -0.9774033898178678 -0.2113826236296191 0
    outer loop
      vertex -128.06787950805443 -167.4366346158532 80.49
      vertex -128.15225633020503 -167.04648811007152 84.24000000000001
      vertex -128.15225633020503 -167.04648811007152 80.49
    endloop
  endfacet
  facet normal -0.994334800210141 -0.1062934856473289 0
    outer loop
      vertex -128.15225633020503 -167.04648811007152 80.49
      vertex -128.19468510878784 -166.64958315565815 84.24000000000001
      vertex -128.19468510878784 -166.64958315565815 80.49
    endloop
  endfacet
  facet normal -1 0 0
    outer loop
      vertex -128.19468510878784 -166.64958315565815 80.49
      vertex -128.19468510878784 -166.64958315565815 84.24000000000001
      vertex -128.19468510878784 -166.20636617918075 80.49
    endloop
  endfacet
  facet normal 0.9945218953682748 0.10452846326764009 0
    outer loop
      vertex -126.25957306135753 -166.83463662801284 81.25
      vertex -126.29999999999998 -166.45 81.25
      vertex -126.25957306135753 -166.83463662801284 83.05000000000001
    endloop
  endfacet
  facet normal 0.9510565162951515 0.3090169943749539 0
    outer loop
      vertex -126.25957306135753 -166.83463662801284 81.25
      vertex -126.25957306135753 -166.83463662801284 83.05000000000001
      vertex -126.1400590966388 -167.20246278969023 83.05000000000001
    endloop
  endfacet
  facet normal 0.9945218953682748 0.10452846326764009 0
    outer loop
      vertex -126.29999999999998 -166.45 81.25
      vertex -126.29999999999998 -166.45 83.05000000000001
      vertex -126.25957306135753 -166.83463662801284 83.05000000000001
    endloop
  endfacet
  facet normal -0.3888241754733231 -0.9213119778704119 0
    outer loop
      vertex -126.08990245172069 -169.82242048814206 80.49
      vertex -125.7221457479426 -169.97762600001636 80.49
      vertex -126.08990245172069 -169.82242048814206 84.24000000000001
    endloop
  endfacet
  facet normal -0.2886919473396552 -0.9574220383619951 0
    outer loop
      vertex -125.7221457479426 -169.97762600001636 80.49
      vertex -125.33997512451667 -170.09286209974266 80.49
      vertex -125.7221457479426 -169.97762600001636 84.24000000000001
    endloop
  endfacet
  facet normal -0.1852887240871073 -0.9826841245925223 0
    outer loop
      vertex -125.33997512451667 -170.09286209974266 80.49
      vertex -124.94772072731395 -170.16682311626502 80.49
      vertex -125.33997512451667 -170.09286209974266 84.24000000000001
    endloop
  endfacet
  facet normal 0.7431448254774035 0.669130606358848 0
    outer loop
      vertex -125.68789162176388 -167.82481792713318 81.25
      vertex -125.94668143959365 -167.53740271674107 81.25
      vertex -125.68789162176388 -167.82481792713318 83.05000000000001
    endloop
  endfacet
  facet normal 0.5877852522924183 0.8090169943749873 0
    outer loop
      vertex -125.68789162176388 -167.82481792713318 81.25
      vertex -125.37499999999999 -168.0521469970012 83.05000000000001
      vertex -125.37499999999999 -168.0521469970012 81.25
    endloop
  endfacet
  facet normal -0.07978610555308027 -0.9968120070307503 0
    outer loop
      vertex -124.94772072731395 -170.16682311626502 80.49
      vertex -124.54982695539164 -170.19867104171294 80.49
      vertex -124.94772072731395 -170.16682311626502 84.24000000000001
    endloop
  endfacet
  facet normal 0.20791169081776809 0.9781476007338038 0
    outer loop
      vertex -125.02168143959364 -168.209454555146 81.25
      vertex -124.64337765704515 -168.28986550643128 83.05000000000001
      vertex -124.64337765704515 -168.28986550643128 81.25
    endloop
  endfacet
  facet normal 0.40673664307579627 0.9135454576426025 0
    outer loop
      vertex -125.37499999999999 -168.0521469970012 81.25
      vertex -125.02168143959364 -168.209454555146 83.05000000000001
      vertex -125.02168143959364 -168.209454555146 81.25
    endloop
  endfacet
  facet normal 0.7431448254774035 0.669130606358848 0
    outer loop
      vertex -125.94668143959365 -167.53740271674107 81.25
      vertex -125.94668143959365 -167.53740271674107 83.05000000000001
      vertex -125.68789162176388 -167.82481792713318 83.05000000000001
    endloop
  endfacet
  facet normal 0.5877852522924183 0.8090169943749873 0
    outer loop
      vertex -125.68789162176388 -167.82481792713318 81.25
      vertex -125.68789162176388 -167.82481792713318 83.05000000000001
      vertex -125.37499999999999 -168.0521469970012 83.05000000000001
    endloop
  endfacet
  facet normal 0.40673664307579627 0.9135454576426025 0
    outer loop
      vertex -125.37499999999999 -168.0521469970012 81.25
      vertex -125.37499999999999 -168.0521469970012 83.05000000000001
      vertex -125.02168143959364 -168.209454555146 83.05000000000001
    endloop
  endfacet
  facet normal 0.20791169081776809 0.9781476007338038 0
    outer loop
      vertex -125.02168143959364 -168.209454555146 81.25
      vertex -125.02168143959364 -168.209454555146 83.05000000000001
      vertex -124.64337765704515 -168.28986550643128 83.05000000000001
    endloop
  endfacet
  facet normal 0.8660254037844487 0.4999999999999825 0
    outer loop
      vertex -125.94668143959365 -167.53740271674107 81.25
      vertex -126.1400590966388 -167.20246278969023 81.25
      vertex -125.94668143959365 -167.53740271674107 83.05000000000001
    endloop
  endfacet
  facet normal 0.9510565162951515 0.3090169943749539 0
    outer loop
      vertex -126.25957306135753 -166.83463662801284 81.25
      vertex -126.1400590966388 -167.20246278969023 83.05000000000001
      vertex -126.1400590966388 -167.20246278969023 81.25
    endloop
  endfacet
  facet normal 0.8660254037844487 0.4999999999999825 0
    outer loop
      vertex -126.1400590966388 -167.20246278969023 81.25
      vertex -126.1400590966388 -167.20246278969023 83.05000000000001
      vertex -125.94668143959365 -167.53740271674107 83.05000000000001
    endloop
  endfacet
  facet normal -0.9493976084683793 -0.31407671202195486 0
    outer loop
      vertex -127.94251066544626 -167.81560215719807 80.49
      vertex -127.94251066544626 -167.81560215719807 84.24000000000001
      vertex -128.06787950805443 -167.4366346158532 84.24000000000001
    endloop
  endfacet
  facet normal -0.9106347728549116 -0.41321218576838165 0
    outer loop
      vertex -127.77757028146213 -168.17909688043497 80.49
      vertex -127.77757028146213 -168.17909688043497 84.24000000000001
      vertex -127.94251066544626 -167.81560215719807 84.24000000000001
    endloop
  endfacet
  facet normal -0.8615540813937985 -0.5076658003388531 0
    outer loop
      vertex -127.57492719655941 -168.52300024510447 80.49
      vertex -127.57492719655941 -168.52300024510447 84.24000000000001
      vertex -127.77757028146213 -168.17909688043497 84.24000000000001
    endloop
  endfacet
  facet normal -0.8027116379309799 -0.5963673585384797 0
    outer loop
      vertex -127.33687743786214 -168.84341568866807 80.49
      vertex -127.33687743786214 -168.84341568866807 84.24000000000001
      vertex -127.57492719655941 -168.52300024510447 84.24000000000001
    endloop
  endfacet
  facet normal -0.7347741508630377 -0.6783118362696483 0
    outer loop
      vertex -127.06611820425618 -169.13671277611866 80.49
      vertex -127.06611820425618 -169.13671277611866 84.24000000000001
      vertex -127.33687743786214 -168.84341568866807 84.24000000000001
    endloop
  endfacet
  facet normal -0.6585113790650445 -0.7525707698561334 0
    outer loop
      vertex -126.7657173060482 -169.3995683342599 80.49
      vertex -126.7657173060482 -169.3995683342599 84.24000000000001
      vertex -127.06611820425618 -169.13671277611866 84.24000000000001
    endloop
  endfacet
  facet normal -0.5747874102143992 -0.8183027759081745 0
    outer loop
      vertex -126.43907840544902 -169.62900410458624 80.49
      vertex -126.43907840544902 -169.62900410458624 84.24000000000001
      vertex -126.7657173060482 -169.3995683342599 84.24000000000001
    endloop
  endfacet
  facet normal -0.4845508703326568 -0.8747630845319575 0
    outer loop
      vertex -126.08990245172069 -169.82242048814206 80.49
      vertex -126.08990245172069 -169.82242048814206 84.24000000000001
      vertex -126.43907840544902 -169.62900410458624 84.24000000000001
    endloop
  endfacet
  facet normal 0.5934361481663719 0.38538194069712406 0.7066217501846219
    outer loop
      vertex -127.08271722750467 -167.97 84.24000000000001
      vertex -125.94668143959365 -167.53740271674107 83.05000000000001
      vertex -126.0521469970012 -167.375 83.05000000000001
    endloop
  endfacet
  facet normal 0.5499018608222584 0.4453017467181527 0.7066217501846229
    outer loop
      vertex -126.90941166289983 -168.23686716696912 84.24000000000001
      vertex -125.82481792713317 -167.68789162176387 83.05000000000001
      vertex -125.94668143959365 -167.53740271674107 83.05000000000001
    endloop
  endfacet
  facet normal 0 0 1
    outer loop
      vertex -127.94251066544626 -167.81560215719807 84.24000000000001
      vertex -127.33687743786214 -168.84341568866807 84.24000000000001
      vertex -128.19468510878784 -166.64958315565815 84.24000000000001
    endloop
  endfacet
  facet normal 0 0 1
    outer loop
      vertex -127.77757028146213 -168.17909688043497 84.24000000000001
      vertex -127.33687743786214 -168.84341568866807 84.24000000000001
      vertex -127.94251066544626 -167.81560215719807 84.24000000000001
    endloop
  endfacet
  facet normal 0 0 1
    outer loop
      vertex -127.77757028146213 -168.17909688043497 84.24000000000001
      vertex -127.57492719655941 -168.52300024510447 84.24000000000001
      vertex -127.33687743786214 -168.84341568866807 84.24000000000001
    endloop
  endfacet
  facet normal 0 0 1
    outer loop
      vertex -127.33687743786214 -168.84341568866807 84.24000000000001
      vertex -127.08271722750467 -167.97 84.24000000000001
      vertex -127.22717819123349 -167.68647939495042 84.24000000000001
    endloop
  endfacet
  facet normal 0 0 1
    outer loop
      vertex -127.33687743786214 -168.84341568866807 84.24000000000001
      vertex -127.22717819123349 -167.68647939495042 84.24000000000001
      vertex -127.34121180953726 -167.38941166289982 84.24000000000001
    endloop
  endfacet
  facet normal 0 0 1
    outer loop
      vertex -127.33687743786214 -168.84341568866807 84.24000000000001
      vertex -127.34121180953726 -167.38941166289982 84.24000000000001
      vertex -127.42356870623075 -167.08205154008598 84.24000000000001
    endloop
  endfacet
  facet normal 0 0 1
    outer loop
      vertex -127.33687743786214 -168.84341568866807 84.24000000000001
      vertex -127.06611820425618 -169.13671277611866 84.24000000000001
      vertex -126.7657173060482 -169.3995683342599 84.24000000000001
    endloop
  endfacet
  facet normal 0 0 1
    outer loop
      vertex -127.33687743786214 -168.84341568866807 84.24000000000001
      vertex -126.7657173060482 -169.3995683342599 84.24000000000001
      vertex -126.08990245172069 -169.82242048814206 84.24000000000001
    endloop
  endfacet
  facet normal 0 0 1
    outer loop
      vertex -126.7657173060482 -169.3995683342599 84.24000000000001
      vertex -126.43907840544902 -169.62900410458624 84.24000000000001
      vertex -126.08990245172069 -169.82242048814206 84.24000000000001
    endloop
  endfacet
  facet normal 0 0 1
    outer loop
      vertex -127.33687743786214 -168.84341568866807 84.24000000000001
      vertex -125.96999999999998 -169.08271722750467 84.24000000000001
      vertex -126.23686716696912 -168.90941166289983 84.24000000000001
    endloop
  endfacet
  facet normal 0.6304686248866426 0.3212398094875041 0.7066217501846218
    outer loop
      vertex -127.22717819123349 -167.68647939495042 84.24000000000001
      vertex -127.08271722750467 -167.97 84.24000000000001
      vertex -126.0521469970012 -167.375 83.05000000000001
    endloop
  endfacet
  facet normal 0.5003427336166939 0.5003427336166624 0.7066217501846229
    outer loop
      vertex -126.70916026945126 -168.48415704333092 84.24000000000001
      vertex -126.48415704333092 -168.70916026945127 84.24000000000001
      vertex -125.68789162176388 -167.82481792713318 83.05000000000001
    endloop
  endfacet
  facet normal 0.5934361481663795 0.38538194069710907 0.7066217501846237
    outer loop
      vertex -126.90941166289983 -168.23686716696912 84.24000000000001
      vertex -125.94668143959365 -167.53740271674107 83.05000000000001
      vertex -127.08271722750467 -167.97 84.24000000000001
    endloop
  endfacet
  facet normal 0.5499018608222757 0.4453017467181257 0.7066217501846266
    outer loop
      vertex -126.90941166289983 -168.23686716696912 84.24000000000001
      vertex -126.70916026945126 -168.48415704333092 84.24000000000001
      vertex -125.82481792713317 -167.68789162176387 83.05000000000001
    endloop
  endfacet
  facet normal 0 0 1
    outer loop
      vertex -127.33687743786214 -168.84341568866807 84.24000000000001
      vertex -126.90941166289983 -168.23686716696912 84.24000000000001
      vertex -127.08271722750467 -167.97 84.24000000000001
    endloop
  endfacet
  facet normal 0 0 1
    outer loop
      vertex -127.33687743786214 -168.84341568866807 84.24000000000001
      vertex -126.70916026945126 -168.48415704333092 84.24000000000001
      vertex -126.90941166289983 -168.23686716696912 84.24000000000001
    endloop
  endfacet
  facet normal 0 0 1
    outer loop
      vertex -127.33687743786214 -168.84341568866807 84.24000000000001
      vertex -126.48415704333092 -168.70916026945127 84.24000000000001
      vertex -126.70916026945126 -168.48415704333092 84.24000000000001
    endloop
  endfacet
  facet normal 0 0 1
    outer loop
      vertex -127.33687743786214 -168.84341568866807 84.24000000000001
      vertex -126.23686716696912 -168.90941166289983 84.24000000000001
      vertex -126.48415704333092 -168.70916026945127 84.24000000000001
    endloop
  endfacet
  facet normal -0.9774033898178678 -0.2113826236296191 0
    outer loop
      vertex -128.06787950805443 -167.4366346158532 80.49
      vertex -128.06787950805443 -167.4366346158532 84.24000000000001
      vertex -128.15225633020503 -167.04648811007152 84.24000000000001
    endloop
  endfacet
  facet normal -0.994334800210141 -0.1062934856473289 0
    outer loop
      vertex -128.15225633020503 -167.04648811007152 80.49
      vertex -128.15225633020503 -167.04648811007152 84.24000000000001
      vertex -128.19468510878784 -166.64958315565815 84.24000000000001
    endloop
  endfacet
  facet normal 0 0 1
    outer loop
      vertex -126.20945455514602 -167.02168143959364 83.05000000000001
      vertex -126.1400590966388 -167.20246278969023 83.05000000000001
      vertex -126.25957306135753 -166.83463662801284 83.05000000000001
    endloop
  endfacet
  facet normal 0 0 1
    outer loop
      vertex -126.2898655064313 -166.64337765704514 83.05000000000001
      vertex -126.25957306135753 -166.83463662801284 83.05000000000001
      vertex -126.29999999999998 -166.45 83.05000000000001
    endloop
  endfacet
  facet normal 0.7066217501846248 0.037032476720241535 0.7066217501846249
    outer loop
      vertex -126.2898655064313 -166.64337765704514 83.05000000000001
      vertex -126.29999999999998 -166.45 83.05000000000001
      vertex -127.48999999999998 -166.45 84.24000000000001
    endloop
  endfacet
  facet normal 0.6304686248866535 0.32123980948747527 0.7066217501846251
    outer loop
      vertex -127.22717819123349 -167.68647939495042 84.24000000000001
      vertex -126.0521469970012 -167.375 83.05000000000001
      vertex -126.1400590966388 -167.20246278969023 83.05000000000001
    endloop
  endfacet
  facet normal 0.6605935554186126 0.2535781077013854 0.7066217501846239
    outer loop
      vertex -126.20945455514602 -167.02168143959364 83.05000000000001
      vertex -127.34121180953726 -167.38941166289982 84.24000000000001
      vertex -126.1400590966388 -167.20246278969023 83.05000000000001
    endloop
  endfacet
  facet normal 0.6834808847193315 0.18313815110265372 0.7066217501846241
    outer loop
      vertex -126.20945455514602 -167.02168143959364 83.05000000000001
      vertex -126.25957306135753 -166.83463662801284 83.05000000000001
      vertex -127.42356870623075 -167.08205154008598 84.24000000000001
    endloop
  endfacet
  facet normal 0.6988798544194922 0.11069169459633121 0.7066217501846245
    outer loop
      vertex -126.2898655064313 -166.64337765704514 83.05000000000001
      vertex -127.47334656191954 -166.76776652833365 84.24000000000001
      vertex -126.25957306135753 -166.83463662801284 83.05000000000001
    endloop
  endfacet
  facet normal 0 0 1
    outer loop
      vertex -127.94251066544626 -167.81560215719807 84.24000000000001
      vertex -128.15225633020503 -167.04648811007152 84.24000000000001
      vertex -128.06787950805443 -167.4366346158532 84.24000000000001
    endloop
  endfacet
  facet normal 0 0 1
    outer loop
      vertex -127.94251066544626 -167.81560215719807 84.24000000000001
      vertex -128.19468510878784 -166.64958315565815 84.24000000000001
      vertex -128.15225633020503 -167.04648811007152 84.24000000000001
    endloop
  endfacet
  facet normal 0 0 1
    outer loop
      vertex -128.19468510878784 -166.64958315565815 84.24000000000001
      vertex -127.47334656191954 -166.76776652833365 84.24000000000001
      vertex -127.48999999999998 -166.45 84.24000000000001
    endloop
  endfacet
  facet normal 0 0 1
    outer loop
      vertex -128.19468510878784 -166.64958315565815 84.24000000000001
      vertex -127.42356870623075 -167.08205154008598 84.24000000000001
      vertex -127.47334656191954 -166.76776652833365 84.24000000000001
    endloop
  endfacet
  facet normal 0 0 1
    outer loop
      vertex -127.33687743786214 -168.84341568866807 84.24000000000001
      vertex -127.42356870623075 -167.08205154008598 84.24000000000001
      vertex -128.19468510878784 -166.64958315565815 84.24000000000001
    endloop
  endfacet
  facet normal 0.6834808847193315 0.183138151102654 0.706621750184624
    outer loop
      vertex -126.20945455514602 -167.02168143959364 83.05000000000001
      vertex -127.42356870623075 -167.08205154008598 84.24000000000001
      vertex -127.34121180953726 -167.38941166289982 84.24000000000001
    endloop
  endfacet
  facet normal 0.698879854419492 0.1106916945963348 0.7066217501846241
    outer loop
      vertex -126.25957306135753 -166.83463662801284 83.05000000000001
      vertex -127.47334656191954 -166.76776652833365 84.24000000000001
      vertex -127.42356870623075 -167.08205154008598 84.24000000000001
    endloop
  endfacet
  facet normal 0.6605935554186144 0.2535781077013786 0.7066217501846246
    outer loop
      vertex -127.22717819123349 -167.68647939495042 84.24000000000001
      vertex -126.1400590966388 -167.20246278969023 83.05000000000001
      vertex -127.34121180953726 -167.38941166289982 84.24000000000001
    endloop
  endfacet
  facet normal 0.7066217501846254 0.03703247672025091 0.7066217501846239
    outer loop
      vertex -126.2898655064313 -166.64337765704514 83.05000000000001
      vertex -127.48999999999998 -166.45 84.24000000000001
      vertex -127.47334656191954 -166.76776652833365 84.24000000000001
    endloop
  endfacet
  facet normal -0.3888241754733231 -0.9213119778704119 0
    outer loop
      vertex -125.7221457479426 -169.97762600001636 80.49
      vertex -125.7221457479426 -169.97762600001636 84.24000000000001
      vertex -126.08990245172069 -169.82242048814206 84.24000000000001
    endloop
  endfacet
  facet normal -0.2886919473396552 -0.9574220383619951 0
    outer loop
      vertex -125.33997512451667 -170.09286209974266 80.49
      vertex -125.33997512451667 -170.09286209974266 84.24000000000001
      vertex -125.7221457479426 -169.97762600001636 84.24000000000001
    endloop
  endfacet
  facet normal 0 0 1
    outer loop
      vertex -125.82481792713317 -167.68789162176387 83.05000000000001
      vertex -125.68789162176388 -167.82481792713318 83.05000000000001
      vertex -125.94668143959365 -167.53740271674107 83.05000000000001
    endloop
  endfacet
  facet normal 0 0 1
    outer loop
      vertex -125.53740271674107 -167.94668143959365 83.05000000000001
      vertex -125.37499999999999 -168.0521469970012 83.05000000000001
      vertex -125.68789162176388 -167.82481792713318 83.05000000000001
    endloop
  endfacet
  facet normal 0 0 1
    outer loop
      vertex -125.20246278969022 -168.1400590966388 83.05000000000001
      vertex -125.02168143959364 -168.209454555146 83.05000000000001
      vertex -125.37499999999999 -168.0521469970012 83.05000000000001
    endloop
  endfacet
  facet normal 0.3853819406970636 0.5934361481664108 0.7066217501846223
    outer loop
      vertex -126.23686716696912 -168.90941166289983 84.24000000000001
      vertex -125.37499999999999 -168.0521469970012 83.05000000000001
      vertex -125.53740271674107 -167.94668143959365 83.05000000000001
    endloop
  endfacet
  facet normal 0.5003427336167262 0.5003427336166225 0.7066217501846284
    outer loop
      vertex -126.70916026945126 -168.48415704333092 84.24000000000001
      vertex -125.68789162176388 -167.82481792713318 83.05000000000001
      vertex -125.82481792713317 -167.68789162176387 83.05000000000001
    endloop
  endfacet
  facet normal 0.44530174671809547 0.5499018608223049 0.7066217501846229
    outer loop
      vertex -126.48415704333092 -168.70916026945127 84.24000000000001
      vertex -125.53740271674107 -167.94668143959365 83.05000000000001
      vertex -125.68789162176388 -167.82481792713318 83.05000000000001
    endloop
  endfacet
  facet normal 0.32123980948751624 0.6304686248866316 0.706621750184626
    outer loop
      vertex -125.20246278969022 -168.1400590966388 83.05000000000001
      vertex -125.37499999999999 -168.0521469970012 83.05000000000001
      vertex -125.96999999999998 -169.08271722750467 84.24000000000001
    endloop
  endfacet
  facet normal 0.2535781077013569 0.6605935554186217 0.7066217501846255
    outer loop
      vertex -125.20246278969022 -168.1400590966388 83.05000000000001
      vertex -125.68647939495042 -169.2271781912335 84.24000000000001
      vertex -125.02168143959364 -168.209454555146 83.05000000000001
    endloop
  endfacet
  facet normal -0.1852887240871073 -0.9826841245925223 0
    outer loop
      vertex -124.94772072731395 -170.16682311626502 80.49
      vertex -124.94772072731395 -170.16682311626502 84.24000000000001
      vertex -125.33997512451667 -170.09286209974266 84.24000000000001
    endloop
  endfacet
  facet normal -0.07978610555308027 -0.9968120070307503 0
    outer loop
      vertex -124.54982695539164 -170.19867104171294 80.49
      vertex -124.54982695539164 -170.19867104171294 84.24000000000001
      vertex -124.94772072731395 -170.16682311626502 84.24000000000001
    endloop
  endfacet
  facet normal 0 0 1
    outer loop
      vertex -125.02168143959364 -168.209454555146 83.05000000000001
      vertex -124.83463662801284 -168.25957306135754 83.05000000000001
      vertex -124.64337765704515 -168.28986550643128 83.05000000000001
    endloop
  endfacet
  facet normal 0.18313815110274964 0.6834808847193019 0.7066217501846278
    outer loop
      vertex -125.02168143959364 -168.209454555146 83.05000000000001
      vertex -125.38941166289983 -169.34121180953724 84.24000000000001
      vertex -124.83463662801284 -168.25957306135754 83.05000000000001
    endloop
  endfacet
  facet normal 0.11069169459623912 0.6988798544195146 0.7066217501846167
    outer loop
      vertex -124.83463662801284 -168.25957306135754 83.05000000000001
      vertex -125.08205154008597 -169.42356870623075 84.24000000000001
      vertex -124.64337765704515 -168.28986550643128 83.05000000000001
    endloop
  endfacet
  facet normal 0.03703247672029062 0.7066217501846225 0.7066217501846247
    outer loop
      vertex -124.64337765704515 -168.28986550643128 83.05000000000001
      vertex -124.76776652833365 -169.47334656191953 84.24000000000001
      vertex -124.44999999999999 -168.29999999999998 83.05000000000001
    endloop
  endfacet
  facet normal 0.2535781077013611 0.6605935554186196 0.706621750184626
    outer loop
      vertex -125.02168143959364 -168.209454555146 83.05000000000001
      vertex -125.68647939495042 -169.2271781912335 84.24000000000001
      vertex -125.38941166289983 -169.34121180953724 84.24000000000001
    endloop
  endfacet
  facet normal 0 0 1
    outer loop
      vertex -127.33687743786214 -168.84341568866807 84.24000000000001
      vertex -126.08990245172069 -169.82242048814206 84.24000000000001
      vertex -124.54982695539164 -170.19867104171294 84.24000000000001
    endloop
  endfacet
  facet normal 0 0 1
    outer loop
      vertex -126.08990245172069 -169.82242048814206 84.24000000000001
      vertex -125.7221457479426 -169.97762600001636 84.24000000000001
      vertex -125.33997512451667 -170.09286209974266 84.24000000000001
    endloop
  endfacet
  facet normal 0 0 1
    outer loop
      vertex -127.33687743786214 -168.84341568866807 84.24000000000001
      vertex -124.54982695539164 -170.19867104171294 84.24000000000001
      vertex -125.96999999999998 -169.08271722750467 84.24000000000001
    endloop
  endfacet
  facet normal 0 0 1
    outer loop
      vertex -126.08990245172069 -169.82242048814206 84.24000000000001
      vertex -125.33997512451667 -170.09286209974266 84.24000000000001
      vertex -124.54982695539164 -170.19867104171294 84.24000000000001
    endloop
  endfacet
  facet normal 0 0 1
    outer loop
      vertex -125.68647939495042 -169.2271781912335 84.24000000000001
      vertex -124.54982695539164 -170.19867104171294 84.24000000000001
      vertex -125.38941166289983 -169.34121180953724 84.24000000000001
    endloop
  endfacet
  facet normal 0 0 1
    outer loop
      vertex -125.96999999999998 -169.08271722750467 84.24000000000001
      vertex -124.54982695539164 -170.19867104171294 84.24000000000001
      vertex -125.68647939495042 -169.2271781912335 84.24000000000001
    endloop
  endfacet
  facet normal 0.44530174671810785 0.5499018608222925 0.7066217501846246
    outer loop
      vertex -126.23686716696912 -168.90941166289983 84.24000000000001
      vertex -125.53740271674107 -167.94668143959365 83.05000000000001
      vertex -126.48415704333092 -168.70916026945127 84.24000000000001
    endloop
  endfacet
  facet normal 0.38538194069709325 0.5934361481663867 0.7066217501846265
    outer loop
      vertex -126.23686716696912 -168.90941166289983 84.24000000000001
      vertex -125.96999999999998 -169.08271722750467 84.24000000000001
      vertex -125.37499999999999 -168.0521469970012 83.05000000000001
    endloop
  endfacet
  facet normal 0.3212398094875149 0.6304686248866326 0.7066217501846259
    outer loop
      vertex -125.20246278969022 -168.1400590966388 83.05000000000001
      vertex -125.96999999999998 -169.08271722750467 84.24000000000001
      vertex -125.68647939495042 -169.2271781912335 84.24000000000001
    endloop
  endfacet
  facet normal 0.18313815110266904 0.6834808847193332 0.7066217501846186
    outer loop
      vertex -124.83463662801284 -168.25957306135754 83.05000000000001
      vertex -125.38941166289983 -169.34121180953724 84.24000000000001
      vertex -125.08205154008597 -169.42356870623075 84.24000000000001
    endloop
  endfacet
  facet normal 0.11069169459630888 0.6988798544194958 0.7066217501846245
    outer loop
      vertex -124.64337765704515 -168.28986550643128 83.05000000000001
      vertex -125.08205154008597 -169.42356870623075 84.24000000000001
      vertex -124.76776652833365 -169.47334656191953 84.24000000000001
    endloop
  endfacet
  facet normal 0.037032476720282356 0.7066217501846238 0.7066217501846238
    outer loop
      vertex -124.44999999999999 -168.29999999999998 83.05000000000001
      vertex -124.76776652833365 -169.47334656191953 84.24000000000001
      vertex -124.44999999999999 -169.48999999999998 84.24000000000001
    endloop
  endfacet
  facet normal 0 0 1
    outer loop
      vertex -125.33997512451667 -170.09286209974266 84.24000000000001
      vertex -124.94772072731395 -170.16682311626502 84.24000000000001
      vertex -124.54982695539164 -170.19867104171294 84.24000000000001
    endloop
  endfacet
  facet normal 0 0 1
    outer loop
      vertex -125.38941166289983 -169.34121180953724 84.24000000000001
      vertex -124.54982695539164 -170.19867104171294 84.24000000000001
      vertex -125.08205154008597 -169.42356870623075 84.24000000000001
    endloop
  endfacet
  facet normal 0 0 1
    outer loop
      vertex -125.08205154008597 -169.42356870623075 84.24000000000001
      vertex -124.54982695539164 -170.19867104171294 84.24000000000001
      vertex -124.76776652833365 -169.47334656191953 84.24000000000001
    endloop
  endfacet
  facet normal 0 0 1
    outer loop
      vertex -124.76776652833365 -169.47334656191953 84.24000000000001
      vertex -124.54982695539164 -170.19867104171294 84.24000000000001
      vertex -124.44999999999999 -169.48999999999998 84.24000000000001
    endloop
  endfacet
  facet normal 0 0 1
    outer loop
      vertex -126.0521469970012 -167.375 83.05000000000001
      vertex -125.94668143959365 -167.53740271674107 83.05000000000001
      vertex -126.1400590966388 -167.20246278969023 83.05000000000001
    endloop
  endfacet
  facet normal 0.6992502572714077 0 0.7148769668312654
    outer loop
      vertex -126.29999999999998 -166.45 81.25
      vertex -125.98777778703743 -166.52365303513264 80.94460274582963
      vertex -126.29999999999998 166.45 81.25
    endloop
  endfacet
  facet normal 1 0 0
    outer loop
      vertex -125.98777778703743 -166.52365303513264 80.94460274582963
      vertex -125.98777778703743 -166.64426651202467 80.53
      vertex -125.98777778703743 166.64426651202467 80.53
    endloop
  endfacet
  facet normal -1 0 0
    outer loop
      vertex -128.19468510878784 -166.64955680720036 80.48000029724108
      vertex -128.19468510878784 -166.20636617918075 80.49
      vertex -128.19468510878784 166.64958315565815 84.24000000000001
    endloop
  endfacet
  facet normal 1 0 0
    outer loop
      vertex -126.29999999999998 -166.45 81.25
      vertex -126.29999999999998 166.45 81.25
      vertex -126.29999999999998 -166.45 83.05000000000001
    endloop
  endfacet
  facet normal -1 0 0
    outer loop
      vertex -128.19468510878784 -166.20636617918075 80.49
      vertex -128.19468510878784 -166.64958315565815 84.24000000000001
      vertex -128.19468510878784 166.64958315565815 84.24000000000001
    endloop
  endfacet
  facet normal 0 0 1
    outer loop
      vertex -128.19468510878784 -166.64958315565815 84.24000000000001
      vertex -127.48999999999998 -166.45 84.24000000000001
      vertex -127.48999999999998 166.45 84.24000000000001
    endloop
  endfacet
  facet normal 0.7071067811865475 0 0.7071067811865475
    outer loop
      vertex -126.29999999999998 -166.45 83.05000000000001
      vertex -127.48999999999998 166.45 84.24000000000001
      vertex -127.48999999999998 -166.45 84.24000000000001
    endloop
  endfacet
  facet normal 0 1 0
    outer loop
      vertex -124.35267469472956 -167.9969414290638 80.9549904341215
      vertex 124.54732530527042 -167.9969414290638 80.9549904341215
      vertex -124.35267469472956 -167.9969414290638 80.53
    endloop
  endfacet
  facet normal 0 0.709610530389283 0.7045941350597805
    outer loop
      vertex -124.64337765704515 -168.28986550643128 81.25
      vertex 124.54732530527042 -167.9969414290638 80.9549904341215
      vertex -124.35267469472956 -167.9969414290638 80.9549904341215
    endloop
  endfacet
  facet normal 0 -1 0
    outer loop
      vertex -124.54982695539164 -170.19867104171294 80.49
      vertex 124.35017304460834 -170.19867104171294 80.49
      vertex -124.54982695539164 -170.19867104171294 84.24000000000001
    endloop
  endfacet
  facet normal 0 1 0
    outer loop
      vertex -124.64337765704515 -168.28986550643128 81.25
      vertex -124.64337765704515 -168.28986550643128 83.05000000000001
      vertex 124.64337765704516 -168.28986550643128 83.05000000000001
    endloop
  endfacet
  facet normal 0 0 1
    outer loop
      vertex -124.64337765704515 -168.28986550643128 83.05000000000001
      vertex -124.44999999999999 -168.29999999999998 83.05000000000001
      vertex 124.44999999999999 -168.29999999999998 83.05000000000001
    endloop
  endfacet
  facet normal 0 0.7071067811865475 0.7071067811865475
    outer loop
      vertex -124.44999999999999 -168.29999999999998 83.05000000000001
      vertex -124.44999999999999 -169.48999999999998 84.24000000000001
      vertex 124.44999999999999 -168.29999999999998 83.05000000000001
    endloop
  endfacet
  facet normal 0 0 1
    outer loop
      vertex -124.54982695539164 -170.19867104171294 84.24000000000001
      vertex 124.35017304460834 -170.19867104171294 84.24000000000001
      vertex -124.44999999999999 -169.48999999999998 84.24000000000001
    endloop
  endfacet
  facet normal 1 0 0
    outer loop
      vertex -125.98777778703743 -166.52365303513264 80.94460274582963
      vertex -125.98777778703743 166.64426651202467 80.53
      vertex -125.98777778703743 166.52365303513267 80.94460274582963
    endloop
  endfacet
  facet normal 0.6992502572714078 0 0.7148769668312656
    outer loop
      vertex -125.98777778703743 -166.52365303513264 80.94460274582963
      vertex -125.98777778703743 166.52365303513267 80.94460274582963
      vertex -126.29999999999998 166.45 81.25
    endloop
  endfacet
  facet normal -1 0 0
    outer loop
      vertex -128.19468510878784 -166.64955680720036 80.48000029724108
      vertex -128.19468510878784 166.64958315565815 84.24000000000001
      vertex -128.19468510878784 166.60560820056742 80.48000029724108
    endloop
  endfacet
  facet normal 1 0 0
    outer loop
      vertex -126.29999999999998 -166.45 83.05000000000001
      vertex -126.29999999999998 166.45 81.25
      vertex -126.29999999999998 166.45 83.05000000000001
    endloop
  endfacet
  facet normal 0.7071067811865475 0 0.7071067811865475
    outer loop
      vertex -126.29999999999998 -166.45 83.05000000000001
      vertex -126.29999999999998 166.45 83.05000000000001
      vertex -127.48999999999998 166.45 84.24000000000001
    endloop
  endfacet
  facet normal 0 0 1
    outer loop
      vertex -128.19468510878784 -166.64958315565815 84.24000000000001
      vertex -127.48999999999998 166.45 84.24000000000001
      vertex -128.19468510878784 166.64958315565815 84.24000000000001
    endloop
  endfacet
  facet normal -1 0 0
    outer loop
      vertex -128.19468510878784 166.64958315565815 80.48047298658403
      vertex -128.19468510878784 166.64955805182603 80.48047265455095
      vertex -128.19468510878784 166.64958315565815 80.49
    endloop
  endfacet
  facet normal -0.9943348002292268 0.10629348546878957 -1.7607586093799043e-12
    outer loop
      vertex -128.19468240130522 166.64960848311978 80.48
      vertex -128.19468510878784 166.64958315565815 80.49
      vertex -128.19467950650974 166.64963556282146 80.48
    endloop
  endfacet
  facet normal -0.9774033899013905 0.21138262324342175 -2.1510374778746787e-12
    outer loop
      vertex -128.1522511314004 167.04651214860968 80.48
      vertex -128.15225633020503 167.0464881100715 80.49
      vertex -128.1522451891284 167.046539624836 80.48
    endloop
  endfacet
  facet normal -0.9774033898156109 0.21138262364005386 0
    outer loop
      vertex -128.06810391449633 167.43559699216758 80.49
      vertex -128.06787950805443 167.43663461585317 80.49
      vertex -128.06787950805443 167.43663461585317 80.48
    endloop
  endfacet
  facet normal -0.9106347728265686 0.41321218583084424 0
    outer loop
      vertex -127.77758261966741 168.17906968956515 80.48
      vertex -127.77757028146213 168.179096880435 80.49
      vertex -127.77757028146213 168.179096880435 80.48
    endloop
  endfacet
  facet normal -0.8027116382426032 0.596367358119034 0
    outer loop
      vertex -127.33689629165563 168.8433903114249 80.48
      vertex -127.33687743786214 168.84341568866807 80.49
      vertex -127.33687743786214 168.84341568866807 80.48
    endloop
  endfacet
  facet normal 0.968583161128626 -0.24868988716487486 0
    outer loop
      vertex -125.98777778703743 166.64426651202467 80.95731788246204
      vertex -125.98777778703743 166.64426651202467 80.53
      vertex -125.89115355312678 167.0205930566612 80.53
    endloop
  endfacet
  facet normal 1 0 0
    outer loop
      vertex -125.98777778703743 166.52365303513267 80.94460274582963
      vertex -125.98777778703743 166.64426651202467 80.53
      vertex -125.98777778703743 166.64426651202467 80.95731788246204
    endloop
  endfacet
  facet normal 0.9685831611286453 -0.24868988716479945 7.074040674707464e-14
    outer loop
      vertex -125.95799201253216 166.76027444445765 80.93967209009185
      vertex -125.98777778703743 166.64426651202467 80.95731788246204
      vertex -125.89115355312678 167.0205930566612 80.53
    endloop
  endfacet
  facet normal 0.8763066800438725 -0.4817536741016991 0
    outer loop
      vertex -125.89115355312678 167.0205930566612 80.9579111053553
      vertex -125.89115355312678 167.0205930566612 80.53
      vertex -125.70397634128116 167.3610671410533 80.53
    endloop
  endfacet
  facet normal 0.9685831611286215 -0.24868988716489196 8.116368201154115e-15
    outer loop
      vertex -125.95799201253216 166.76027444445765 80.93967209009185
      vertex -125.89115355312678 167.0205930566612 80.53
      vertex -125.8974347965394 166.99612922875986 80.95498795599877
    endloop
  endfacet
  facet normal 0.8763066800438299 -0.4817536741017763 -8.006301459295408e-14
    outer loop
      vertex -125.83339665121889 167.12565247121552 80.94231106742555
      vertex -125.89115355312678 167.0205930566612 80.9579111053553
      vertex -125.70397634128116 167.3610671410533 80.53
    endloop
  endfacet
  facet normal 0.9685831611285876 -0.24868988716502433 0
    outer loop
      vertex -125.8974347965394 166.99612922875986 80.95498795599877
      vertex -125.89115355312678 167.0205930566612 80.53
      vertex -125.89115355312678 167.0205930566612 80.9579111053553
    endloop
  endfacet
  facet normal 0.8763066800438598 -0.4817536741017223 -3.982013190888702e-14
    outer loop
      vertex -125.83339665121889 167.12565247121552 80.94231106742555
      vertex -125.70397634128116 167.3610671410533 80.53
      vertex -125.71822017590277 167.33515770206117 80.94737897542089
    endloop
  endfacet
  facet normal 0.8763066800441306 -0.4817536741012294 0
    outer loop
      vertex -125.71822017590277 167.33515770206117 80.94737897542089
      vertex -125.70397634128116 167.3610671410533 80.53
      vertex -125.70397634128116 167.3610671410533 80.9540755061746
    endloop
  endfacet
  facet normal 0.7289686274214502 -0.6845471059286474 0
    outer loop
      vertex -125.70397634128116 167.3610671410533 80.9540755061746
      vertex -125.70397634128116 167.3610671410533 80.53
      vertex -125.43800718411046 167.64429552630247 80.53
    endloop
  endfacet
  facet normal 0.7289686274214564 -0.684547105928641 8.230284431246379e-15
    outer loop
      vertex -125.70397634128116 167.3610671410533 80.9540755061746
      vertex -125.43800718411046 167.64429552630247 80.53
      vertex -125.55830655693043 167.51618970579028 80.94965534290888
    endloop
  endfacet
  facet normal 0.7062148164987919 -0.07422616822143753 0.7040959514929342
    outer loop
      vertex -126.29999999999998 166.45 81.25
      vertex -125.98777778703743 166.52365303513267 80.94460274582963
      vertex -125.98777778703743 166.64426651202467 80.95731788246204
    endloop
  endfacet
  facet normal 0.706214816498797 -0.0742261682213343 0.7040959514929399
    outer loop
      vertex -126.25957306135753 166.83463662801284 81.25
      vertex -125.98777778703743 166.64426651202467 80.95731788246204
      vertex -125.95799201253216 166.76027444445765 80.93967209009185
    endloop
  endfacet
  facet normal 0.7062148164987775 -0.07422616822138443 0.7040959514929542
    outer loop
      vertex -126.29999999999998 166.45 81.25
      vertex -125.98777778703743 166.64426651202467 80.95731788246204
      vertex -126.25957306135753 166.83463662801284 81.25
    endloop
  endfacet
  facet normal 0.673070977403161 -0.21869401752104722 0.7065043425755128
    outer loop
      vertex -125.95799201253216 166.76027444445765 80.93967209009185
      vertex -125.8974347965394 166.99612922875986 80.95498795599877
      vertex -126.1400590966388 167.20246278969023 81.25
    endloop
  endfacet
  facet normal 0.6529471461162901 -0.25295307201362743 0.7139150984097904
    outer loop
      vertex -125.83339665121889 167.12565247121552 80.94231106742555
      vertex -126.1400590966388 167.20246278969023 81.25
      vertex -125.89115355312678 167.0205930566612 80.9579111053553
    endloop
  endfacet
  facet normal 0.6529471461163354 -0.2529530720135457 0.7139150984097781
    outer loop
      vertex -125.8974347965394 166.99612922875986 80.95498795599877
      vertex -125.89115355312678 167.0205930566612 80.9579111053553
      vertex -126.1400590966388 167.20246278969023 81.25
    endloop
  endfacet
  facet normal 0.6160716782426481 -0.3556891492735582 0.7028093029807869
    outer loop
      vertex -125.83339665121889 167.12565247121552 80.94231106742555
      vertex -125.71822017590277 167.33515770206117 80.94737897542089
      vertex -125.94668143959365 167.53740271674104 81.25
    endloop
  endfacet
  facet normal 0.5233278430563204 -0.47120650638085865 0.7099946457730264
    outer loop
      vertex -125.71822017590277 167.33515770206117 80.94737897542089
      vertex -125.70397634128116 167.3610671410533 80.9540755061746
      vertex -125.94668143959365 167.53740271674104 81.25
    endloop
  endfacet
  facet normal 0.5233278430560548 -0.47120650638118666 0.7099946457730042
    outer loop
      vertex -125.70397634128116 167.3610671410533 80.9540755061746
      vertex -125.55830655693043 167.51618970579028 80.94965534290888
      vertex -125.94668143959365 167.53740271674104 81.25
    endloop
  endfacet
  facet normal 0.673070977403179 -0.2186940175210313 0.7065043425755007
    outer loop
      vertex -126.25957306135753 166.83463662801284 81.25
      vertex -125.95799201253216 166.76027444445765 80.93967209009185
      vertex -126.1400590966388 167.20246278969023 81.25
    endloop
  endfacet
  facet normal 0.6160716782426858 -0.35568914927353285 0.7028093029807667
    outer loop
      vertex -125.83339665121889 167.12565247121552 80.94231106742555
      vertex -125.94668143959365 167.53740271674104 81.25
      vertex -126.1400590966388 167.20246278969023 81.25
    endloop
  endfacet
  facet normal 0.5358267949789461 -0.844327925502047 0
    outer loop
      vertex -125.43800718411046 167.64429552630247 80.95338484116759
      vertex -125.43800718411046 167.64429552630247 80.53
      vertex -125.10995790192585 167.8524819313223 80.53
    endloop
  endfacet
  facet normal 0.7289686274214441 -0.684547105928654 7.462230292769158e-16
    outer loop
      vertex -125.55830655693043 167.51618970579028 80.94965534290888
      vertex -125.43800718411046 167.64429552630247 80.53
      vertex -125.4591063146483 167.62182723435478 80.94753659326894
    endloop
  endfacet
  facet normal 0.7289686274214372 -0.6845471059286614 0
    outer loop
      vertex -125.4591063146483 167.62182723435478 80.94753659326894
      vertex -125.43800718411046 167.64429552630247 80.53
      vertex -125.43800718411046 167.64429552630247 80.95338484116759
    endloop
  endfacet
  facet normal 0.5358267949789198 -0.8443279255020637 -2.8522161177278197e-14
    outer loop
      vertex -125.2618017581054 167.75611888997724 80.94011577155814
      vertex -125.43800718411046 167.64429552630247 80.95338484116759
      vertex -125.10995790192585 167.8524819313223 80.53
    endloop
  endfacet
  facet normal -0.38882417581193535 0.9213119777275064 0
    outer loop
      vertex -125.72217891799546 169.9776120011552 80.48
      vertex -125.7221457479426 169.97762600001636 80.49
      vertex -125.7221457479426 169.97762600001636 80.48
    endloop
  endfacet
  facet normal -0.2886919478599997 0.9574220382050954 0
    outer loop
      vertex -125.3400104351804 170.0928514525005 80.48
      vertex -125.33997512451667 170.09286209974266 80.49
      vertex -125.33997512451667 170.09286209974266 80.48
    endloop
  endfacet
  facet normal 0 -1 0
    outer loop
      vertex -124.35267469472956 167.99694142906384 80.49
      vertex -124.21864130754591 167.99694142906384 80.49
      vertex -124.35267469472956 167.99694142906384 80.4902488409893
    endloop
  endfacet
  facet normal 0.3090169943750753 -0.9510565162951121 0
    outer loop
      vertex -125.10995790192585 167.8524819313223 80.9599346119289
      vertex -125.10995790192585 167.8524819313223 80.53
      vertex -124.74044103760787 167.9725452386295 80.53
    endloop
  endfacet
  facet normal 0.5358267949788705 -0.8443279255020951 -5.424130396925549e-14
    outer loop
      vertex -125.2618017581054 167.75611888997724 80.94011577155814
      vertex -125.10995790192585 167.8524819313223 80.53
      vertex -125.1396988736113 167.83360773676299 80.95479140362187
    endloop
  endfacet
  facet normal 0.5358267949794224 -0.8443279255017448 0
    outer loop
      vertex -125.1396988736113 167.83360773676299 80.95479140362187
      vertex -125.10995790192585 167.8524819313223 80.53
      vertex -125.10995790192585 167.8524819313223 80.9599346119289
    endloop
  endfacet
  facet normal 0.30901699437500657 -0.9510565162951344 -6.528116519034028e-14
    outer loop
      vertex -124.91081107345191 167.91718865833582 80.93805739945839
      vertex -125.10995790192585 167.8524819313223 80.9599346119289
      vertex -124.74044103760787 167.9725452386295 80.53
    endloop
  endfacet
  facet normal 0.30901699437514807 -0.9510565162950884 0
    outer loop
      vertex -124.91081107345191 167.91718865833582 80.93805739945839
      vertex -124.74044103760787 167.9725452386295 80.53
      vertex -124.74044103760787 167.9725452386295 80.95696495796285
    endloop
  endfacet
  facet normal 0.06279051952944587 -0.9980267284282631 0
    outer loop
      vertex -124.67886669511012 167.9764191678991 80.94786432974746
      vertex -124.74044103760787 167.9725452386295 80.95696495796285
      vertex -124.74044103760787 167.9725452386295 80.53
    endloop
  endfacet
  facet normal 0.06279051952929192 -0.9980267284282729 2.2774683722491197e-14
    outer loop
      vertex -124.67886669511012 167.9764191678991 80.94786432974746
      vertex -124.74044103760787 167.9725452386295 80.53
      vertex -124.35267469472956 167.99694142906384 80.53
    endloop
  endfacet
  facet normal 0.06279051952928917 -0.9980267284282731 2.0609742924100388e-14
    outer loop
      vertex -124.53221351439755 167.98564580396533 80.9436143892208
      vertex -124.67886669511012 167.9764191678991 80.94786432974746
      vertex -124.35267469472956 167.99694142906384 80.53
    endloop
  endfacet
  facet normal 0.06279051952924188 -0.998026728428276 0
    outer loop
      vertex -124.53221351439755 167.98564580396533 80.9436143892208
      vertex -124.35267469472956 167.99694142906384 80.53
      vertex -124.35267469472956 167.99694142906384 80.95499043412154
    endloop
  endfacet
  facet normal -0.18528872410855826 0.9826841245884775 0
    outer loop
      vertex -124.94775783245845 170.16681611995284 80.48
      vertex -124.94772072731395 170.166823116265 80.49
      vertex -124.94772072731395 170.166823116265 80.48
    endloop
  endfacet
  facet normal -0.07978610530756304 0.996812007050402 0
    outer loop
      vertex -124.54986546926604 170.19866795901328 80.48
      vertex -124.54982695539164 170.19867104171294 80.49
      vertex -124.54982695539164 170.19867104171294 80.48
    endloop
  endfacet
  facet normal 0.5233278430560429 -0.4712065063812201 0.709994645772991
    outer loop
      vertex -125.94668143959365 167.53740271674104 81.25
      vertex -125.55830655693043 167.51618970579028 80.94965534290888
      vertex -125.68789162176388 167.8248179271332 81.25
    endloop
  endfacet
  facet normal 0.5196596019354516 -0.47373232155268596 0.7110074441470993
    outer loop
      vertex -125.55830655693043 167.51618970579028 80.94965534290888
      vertex -125.4591063146483 167.62182723435478 80.94753659326894
      vertex -125.68789162176388 167.8248179271332 81.25
    endloop
  endfacet
  facet normal 0.4182209643606524 -0.5756317741079789 0.7026658420661606
    outer loop
      vertex -125.4591063146483 167.62182723435478 80.94753659326894
      vertex -125.43800718411046 167.64429552630247 80.95338484116759
      vertex -125.68789162176388 167.8248179271332 81.25
    endloop
  endfacet
  facet normal 0.4182209643605576 -0.5756317741080389 0.702665842066168
    outer loop
      vertex -125.2618017581054 167.75611888997724 80.94011577155814
      vertex -125.37499999999999 168.05214699700122 81.25
      vertex -125.43800718411046 167.64429552630247 80.95338484116759
    endloop
  endfacet
  facet normal 0.312366801346178 -0.6273171029135456 0.7133724369562601
    outer loop
      vertex -125.2618017581054 167.75611888997724 80.94011577155814
      vertex -125.1396988736113 167.83360773676299 80.95479140362187
      vertex -125.37499999999999 168.05214699700122 81.25
    endloop
  endfacet
  facet normal 0.2875368110771061 -0.6458182515290645 0.707277433732726
    outer loop
      vertex -125.37499999999999 168.05214699700122 81.25
      vertex -125.1396988736113 167.83360773676299 80.95479140362187
      vertex -125.10995790192585 167.8524819313223 80.9599346119289
    endloop
  endfacet
  facet normal 0.41822096436060024 -0.5756317741080313 0.7026658420661487
    outer loop
      vertex -125.43800718411046 167.64429552630247 80.95338484116759
      vertex -125.37499999999999 168.05214699700122 81.25
      vertex -125.68789162176388 167.8248179271332 81.25
    endloop
  endfacet
  facet normal 0.2875368110766613 -0.6458182515294373 0.7072774337325664
    outer loop
      vertex -124.91081107345191 167.91718865833582 80.93805739945839
      vertex -125.02168143959364 168.209454555146 81.25
      vertex -125.10995790192585 167.8524819313223 80.9599346119289
    endloop
  endfacet
  facet normal 0.14772727587715048 -0.6950021900823873 0.7036679669720666
    outer loop
      vertex -124.91081107345191 167.91718865833582 80.93805739945839
      vertex -124.74044103760787 167.9725452386295 80.95696495796285
      vertex -125.02168143959364 168.209454555146 81.25
    endloop
  endfacet
  facet normal 0.2875368110766538 -0.6458182515294376 0.707277433732569
    outer loop
      vertex -125.37499999999999 168.05214699700122 81.25
      vertex -125.10995790192585 167.8524819313223 80.9599346119289
      vertex -125.02168143959364 168.209454555146 81.25
    endloop
  endfacet
  facet normal 0.14772727587706563 -0.6950021900824426 0.7036679669720297
    outer loop
      vertex -124.74044103760787 167.9725452386295 80.95696495796285
      vertex -124.64337765704515 168.28986550643128 81.25
      vertex -125.02168143959364 168.209454555146 81.25
    endloop
  endfacet
  facet normal 0.06452433433315655 -0.6963284626708166 0.7148169572368578
    outer loop
      vertex -124.53221351439755 167.98564580396533 80.9436143892208
      vertex -124.64337765704515 168.28986550643128 81.25
      vertex -124.67886669511012 167.9764191678991 80.94786432974746
    endloop
  endfacet
  facet normal -3.6208955944616666e-14 -0.7096105303892842 0.7045941350597795
    outer loop
      vertex -124.53221351439755 167.98564580396533 80.9436143892208
      vertex -124.35267469472956 167.99694142906384 80.95499043412154
      vertex -124.64337765704515 168.28986550643128 81.25
    endloop
  endfacet
  facet normal 0.14772727587687076 -0.6950021900824312 0.703667966972082
    outer loop
      vertex -124.67886669511012 167.9764191678991 80.94786432974746
      vertex -124.64337765704515 168.28986550643128 81.25
      vertex -124.74044103760787 167.9725452386295 80.95696495796285
    endloop
  endfacet
  facet normal -1 0 0
    outer loop
      vertex -128.19468510878784 166.60560820056742 80.48000029724108
      vertex -128.19468510878784 166.64958315565815 84.24000000000001
      vertex -128.19468510878784 166.64955805182603 80.48047265455095
    endloop
  endfacet
  facet normal -1 0 0
    outer loop
      vertex -128.19468510878784 166.64955805182603 80.48047265455095
      vertex -128.19468510878784 166.64958315565815 84.24000000000001
      vertex -128.19468510878784 166.64958315565815 80.49
    endloop
  endfacet
  facet normal -0.9774033898178738 0.2113826236295913 0
    outer loop
      vertex -128.15225633020503 167.0464881100715 80.49
      vertex -128.15225633020503 167.0464881100715 84.24000000000001
      vertex -128.06810391449633 167.43559699216758 80.49
    endloop
  endfacet
  facet normal -0.9943348002101403 0.10629348564733644 0
    outer loop
      vertex -128.19468510878784 166.64958315565815 80.49
      vertex -128.15225633020503 167.0464881100715 84.24000000000001
      vertex -128.15225633020503 167.0464881100715 80.49
    endloop
  endfacet
  facet normal -0.9774033898156111 0.21138262364005386 0
    outer loop
      vertex -128.06810391449633 167.43559699216758 80.49
      vertex -128.06787950805443 167.43663461585317 84.24000000000001
      vertex -128.06787950805443 167.43663461585317 80.49
    endloop
  endfacet
  facet normal 0.9945218953682748 -0.10452846326764009 0
    outer loop
      vertex -126.29999999999998 166.45 81.25
      vertex -126.25957306135753 166.83463662801284 81.25
      vertex -126.29999999999998 166.45 83.05000000000001
    endloop
  endfacet
  facet normal 0.9510565162951515 -0.3090169943749539 0
    outer loop
      vertex -126.25957306135753 166.83463662801284 81.25
      vertex -126.1400590966388 167.20246278969023 81.25
      vertex -126.25957306135753 166.83463662801284 83.05000000000001
    endloop
  endfacet
  facet normal 0.9945218953682748 -0.10452846326764009 0
    outer loop
      vertex -126.25957306135753 166.83463662801284 81.25
      vertex -126.25957306135753 166.83463662801284 83.05000000000001
      vertex -126.29999999999998 166.45 83.05000000000001
    endloop
  endfacet
  facet normal -0.9493976084683793 0.31407671202195486 0
    outer loop
      vertex -128.06787950805443 167.43663461585317 80.49
      vertex -127.94251066544626 167.81560215719804 84.24000000000001
      vertex -127.94251066544626 167.81560215719804 80.49
    endloop
  endfacet
  facet normal -0.9106347728549359 0.4132121857683281 0
    outer loop
      vertex -127.94251066544626 167.81560215719804 80.49
      vertex -127.77757028146213 168.179096880435 84.24000000000001
      vertex -127.77757028146213 168.179096880435 80.49
    endloop
  endfacet
  facet normal -0.8615540813937801 0.5076658003388842 0
    outer loop
      vertex -127.77757028146213 168.179096880435 80.49
      vertex -127.57492719655941 168.52300024510447 84.24000000000001
      vertex -127.57492719655941 168.52300024510447 80.49
    endloop
  endfacet
  facet normal -0.8027116379309799 0.5963673585384797 0
    outer loop
      vertex -127.57492719655941 168.52300024510447 80.49
      vertex -127.33687743786214 168.84341568866807 84.24000000000001
      vertex -127.33687743786214 168.84341568866807 80.49
    endloop
  endfacet
  facet normal -0.7347741508630377 0.6783118362696483 0
    outer loop
      vertex -127.33687743786214 168.84341568866807 80.49
      vertex -127.06611820425618 169.13671277611866 84.24000000000001
      vertex -127.06611820425618 169.13671277611866 80.49
    endloop
  endfacet
  facet normal -0.6585113790650042 0.7525707698561687 0
    outer loop
      vertex -127.06611820425618 169.13671277611866 80.49
      vertex -126.7657173060482 169.39956833425987 84.24000000000001
      vertex -126.7657173060482 169.39956833425987 80.49
    endloop
  endfacet
  facet normal -0.5747874102144945 0.8183027759081074 0
    outer loop
      vertex -126.7657173060482 169.39956833425987 80.49
      vertex -126.43907840544902 169.62900410458627 84.24000000000001
      vertex -126.43907840544902 169.62900410458627 80.49
    endloop
  endfacet
  facet normal -0.4845508703326568 0.8747630845319575 0
    outer loop
      vertex -126.43907840544902 169.62900410458627 80.49
      vertex -126.08990245172069 169.8224204881421 84.24000000000001
      vertex -126.08990245172069 169.8224204881421 80.49
    endloop
  endfacet
  facet normal 0.8660254037844303 -0.5000000000000143 0
    outer loop
      vertex -126.1400590966388 167.20246278969023 81.25
      vertex -125.94668143959365 167.53740271674104 81.25
      vertex -126.1400590966388 167.20246278969023 83.05000000000001
    endloop
  endfacet
  facet normal 0.9510565162951515 -0.3090169943749539 0
    outer loop
      vertex -126.1400590966388 167.20246278969023 81.25
      vertex -126.1400590966388 167.20246278969023 83.05000000000001
      vertex -126.25957306135753 166.83463662801284 83.05000000000001
    endloop
  endfacet
  facet normal 0.8660254037844303 -0.5000000000000143 0
    outer loop
      vertex -125.94668143959365 167.53740271674104 81.25
      vertex -125.94668143959365 167.53740271674104 83.05000000000001
      vertex -126.1400590966388 167.20246278969023 83.05000000000001
    endloop
  endfacet
  facet normal 0.7431448254774693 -0.669130606358775 0
    outer loop
      vertex -125.94668143959365 167.53740271674104 81.25
      vertex -125.68789162176388 167.8248179271332 81.25
      vertex -125.94668143959365 167.53740271674104 83.05000000000001
    endloop
  endfacet
  facet normal 0.5877852522924183 -0.8090169943749873 0
    outer loop
      vertex -125.68789162176388 167.8248179271332 81.25
      vertex -125.37499999999999 168.05214699700122 81.25
      vertex -125.68789162176388 167.8248179271332 83.05000000000001
    endloop
  endfacet
  facet normal 0.406736643075735 -0.91354545764263 0
    outer loop
      vertex -125.37499999999999 168.05214699700122 81.25
      vertex -125.02168143959364 168.209454555146 81.25
      vertex -125.37499999999999 168.05214699700122 83.05000000000001
    endloop
  endfacet
  facet normal -0.3888241754732627 0.9213119778704374 0
    outer loop
      vertex -126.08990245172069 169.8224204881421 80.49
      vertex -125.7221457479426 169.97762600001636 84.24000000000001
      vertex -125.7221457479426 169.97762600001636 80.49
    endloop
  endfacet
  facet normal -0.2886919473396552 0.9574220383619951 0
    outer loop
      vertex -125.7221457479426 169.97762600001636 80.49
      vertex -125.33997512451667 170.09286209974266 84.24000000000001
      vertex -125.33997512451667 170.09286209974266 80.49
    endloop
  endfacet
  facet normal 0.20791169081776809 -0.9781476007338038 0
    outer loop
      vertex -125.02168143959364 168.209454555146 81.25
      vertex -124.64337765704515 168.28986550643128 81.25
      vertex -125.02168143959364 168.209454555146 83.05000000000001
    endloop
  endfacet
  facet normal -0.18528872408703856 0.9826841245925353 0
    outer loop
      vertex -125.33997512451667 170.09286209974266 80.49
      vertex -124.94772072731395 170.166823116265 84.24000000000001
      vertex -124.94772072731395 170.166823116265 80.49
    endloop
  endfacet
  facet normal -0.07978610555315103 0.9968120070307447 0
    outer loop
      vertex -124.94772072731395 170.166823116265 80.49
      vertex -124.54982695539164 170.19867104171294 84.24000000000001
      vertex -124.54982695539164 170.19867104171294 80.49
    endloop
  endfacet
  facet normal 0.7431448254774693 -0.669130606358775 0
    outer loop
      vertex -125.68789162176388 167.8248179271332 81.25
      vertex -125.68789162176388 167.8248179271332 83.05000000000001
      vertex -125.94668143959365 167.53740271674104 83.05000000000001
    endloop
  endfacet
  facet normal 0.5877852522924183 -0.8090169943749873 0
    outer loop
      vertex -125.37499999999999 168.05214699700122 81.25
      vertex -125.37499999999999 168.05214699700122 83.05000000000001
      vertex -125.68789162176388 167.8248179271332 83.05000000000001
    endloop
  endfacet
  facet normal 0.406736643075735 -0.91354545764263 0
    outer loop
      vertex -125.02168143959364 168.209454555146 81.25
      vertex -125.02168143959364 168.209454555146 83.05000000000001
      vertex -125.37499999999999 168.05214699700122 83.05000000000001
    endloop
  endfacet
  facet normal 0.20791169081776809 -0.9781476007338038 0
    outer loop
      vertex -124.64337765704515 168.28986550643128 81.25
      vertex -124.64337765704515 168.28986550643128 83.05000000000001
      vertex -125.02168143959364 168.209454555146 83.05000000000001
    endloop
  endfacet
  facet normal -0.9943348002101403 0.10629348564733644 0
    outer loop
      vertex -128.19468510878784 166.64958315565815 80.49
      vertex -128.19468510878784 166.64958315565815 84.24000000000001
      vertex -128.15225633020503 167.0464881100715 84.24000000000001
    endloop
  endfacet
  facet normal -0.9774033898178678 0.2113826236296191 3.0223418689741568e-15
    outer loop
      vertex -128.06810391449633 167.43559699216758 80.49
      vertex -128.15225633020503 167.0464881100715 84.24000000000001
      vertex -128.06787950805443 167.43663461585317 84.24000000000001
    endloop
  endfacet
  facet normal 0 0 1
    outer loop
      vertex -126.29999999999998 166.45 83.05000000000001
      vertex -126.25957306135753 166.83463662801284 83.05000000000001
      vertex -126.2898655064313 166.64337765704516 83.05000000000001
    endloop
  endfacet
  facet normal 0 0 1
    outer loop
      vertex -126.25957306135753 166.83463662801284 83.05000000000001
      vertex -126.1400590966388 167.20246278969023 83.05000000000001
      vertex -126.20945455514602 167.02168143959364 83.05000000000001
    endloop
  endfacet
  facet normal 0.7066217501846261 -0.03703247672023616 0.7066217501846239
    outer loop
      vertex -126.29999999999998 166.45 83.05000000000001
      vertex -126.2898655064313 166.64337765704516 83.05000000000001
      vertex -127.47334656191954 166.7677665283337 84.24000000000001
    endloop
  endfacet
  facet normal 0.6988798544194911 -0.11069169459634748 0.7066217501846231
    outer loop
      vertex -126.2898655064313 166.64337765704516 83.05000000000001
      vertex -126.25957306135753 166.83463662801284 83.05000000000001
      vertex -127.42356870623075 167.08205154008596 84.24000000000001
    endloop
  endfacet
  facet normal 0.6834808847193315 -0.18313815110265372 0.7066217501846241
    outer loop
      vertex -126.25957306135753 166.83463662801284 83.05000000000001
      vertex -126.20945455514602 167.02168143959364 83.05000000000001
      vertex -127.34121180953726 167.38941166289982 84.24000000000001
    endloop
  endfacet
  facet normal 0.6605935554186118 -0.25357810770138506 0.7066217501846248
    outer loop
      vertex -126.20945455514602 167.02168143959364 83.05000000000001
      vertex -126.1400590966388 167.20246278969023 83.05000000000001
      vertex -127.22717819123349 167.68647939495042 84.24000000000001
    endloop
  endfacet
  facet normal 0.6304686248866604 -0.3212398094874788 0.7066217501846171
    outer loop
      vertex -127.08271722750467 167.96999999999997 84.24000000000001
      vertex -126.1400590966388 167.20246278969023 83.05000000000001
      vertex -126.0521469970012 167.375 83.05000000000001
    endloop
  endfacet
  facet normal 0 0 1
    outer loop
      vertex -128.19468510878784 166.64958315565815 84.24000000000001
      vertex -127.48999999999998 166.45 84.24000000000001
      vertex -127.47334656191954 166.7677665283337 84.24000000000001
    endloop
  endfacet
  facet normal 0 0 1
    outer loop
      vertex -128.19468510878784 166.64958315565815 84.24000000000001
      vertex -127.47334656191954 166.7677665283337 84.24000000000001
      vertex -127.42356870623075 167.08205154008596 84.24000000000001
    endloop
  endfacet
  facet normal 0 0 1
    outer loop
      vertex -128.19468510878784 166.64958315565815 84.24000000000001
      vertex -127.94251066544626 167.81560215719804 84.24000000000001
      vertex -128.15225633020503 167.0464881100715 84.24000000000001
    endloop
  endfacet
  facet normal 0 0 1
    outer loop
      vertex -128.15225633020503 167.0464881100715 84.24000000000001
      vertex -127.94251066544626 167.81560215719804 84.24000000000001
      vertex -128.06787950805443 167.43663461585317 84.24000000000001
    endloop
  endfacet
  facet normal 0 0 1
    outer loop
      vertex -128.19468510878784 166.64958315565815 84.24000000000001
      vertex -127.42356870623075 167.08205154008596 84.24000000000001
      vertex -127.33687743786214 168.84341568866807 84.24000000000001
    endloop
  endfacet
  facet normal 0.7066217501846247 -0.03703247672024425 0.7066217501846247
    outer loop
      vertex -126.29999999999998 166.45 83.05000000000001
      vertex -127.47334656191954 166.7677665283337 84.24000000000001
      vertex -127.48999999999998 166.45 84.24000000000001
    endloop
  endfacet
  facet normal 0.6988798544194865 -0.11069169459636398 0.706621750184625
    outer loop
      vertex -126.2898655064313 166.64337765704516 83.05000000000001
      vertex -127.42356870623075 167.08205154008596 84.24000000000001
      vertex -127.47334656191954 166.7677665283337 84.24000000000001
    endloop
  endfacet
  facet normal 0.6834808847193374 -0.18313815110263865 0.7066217501846224
    outer loop
      vertex -126.25957306135753 166.83463662801284 83.05000000000001
      vertex -127.34121180953726 167.38941166289982 84.24000000000001
      vertex -127.42356870623075 167.08205154008596 84.24000000000001
    endloop
  endfacet
  facet normal 0.6605935554186149 -0.2535781077013787 0.706621750184624
    outer loop
      vertex -126.20945455514602 167.02168143959364 83.05000000000001
      vertex -127.22717819123349 167.68647939495042 84.24000000000001
      vertex -127.34121180953726 167.38941166289982 84.24000000000001
    endloop
  endfacet
  facet normal -0.9493976084683793 0.31407671202195486 0
    outer loop
      vertex -128.06787950805443 167.43663461585317 80.49
      vertex -128.06787950805443 167.43663461585317 84.24000000000001
      vertex -127.94251066544626 167.81560215719804 84.24000000000001
    endloop
  endfacet
  facet normal -0.9106347728549359 0.4132121857683281 0
    outer loop
      vertex -127.94251066544626 167.81560215719804 80.49
      vertex -127.94251066544626 167.81560215719804 84.24000000000001
      vertex -127.77757028146213 168.179096880435 84.24000000000001
    endloop
  endfacet
  facet normal -0.8615540813937801 0.5076658003388842 0
    outer loop
      vertex -127.77757028146213 168.179096880435 80.49
      vertex -127.77757028146213 168.179096880435 84.24000000000001
      vertex -127.57492719655941 168.52300024510447 84.24000000000001
    endloop
  endfacet
  facet normal -0.8027116379309799 0.5963673585384797 0
    outer loop
      vertex -127.57492719655941 168.52300024510447 80.49
      vertex -127.57492719655941 168.52300024510447 84.24000000000001
      vertex -127.33687743786214 168.84341568866807 84.24000000000001
    endloop
  endfacet
  facet normal -0.7347741508630377 0.6783118362696483 0
    outer loop
      vertex -127.33687743786214 168.84341568866807 80.49
      vertex -127.33687743786214 168.84341568866807 84.24000000000001
      vertex -127.06611820425618 169.13671277611866 84.24000000000001
    endloop
  endfacet
  facet normal 0.5934361481663376 -0.3853819406971693 0.7066217501846258
    outer loop
      vertex -126.90941166289983 168.2368671669691 84.24000000000001
      vertex -126.0521469970012 167.375 83.05000000000001
      vertex -125.94668143959365 167.53740271674104 83.05000000000001
    endloop
  endfacet
  facet normal -0.6585113790650042 0.7525707698561687 0
    outer loop
      vertex -127.06611820425618 169.13671277611866 80.49
      vertex -127.06611820425618 169.13671277611866 84.24000000000001
      vertex -126.7657173060482 169.39956833425987 84.24000000000001
    endloop
  endfacet
  facet normal -0.5747874102144945 0.8183027759081074 0
    outer loop
      vertex -126.7657173060482 169.39956833425987 80.49
      vertex -126.7657173060482 169.39956833425987 84.24000000000001
      vertex -126.43907840544902 169.62900410458627 84.24000000000001
    endloop
  endfacet
  facet normal -0.4845508703326568 0.8747630845319575 0
    outer loop
      vertex -126.43907840544902 169.62900410458627 80.49
      vertex -126.43907840544902 169.62900410458627 84.24000000000001
      vertex -126.08990245172069 169.8224204881421 84.24000000000001
    endloop
  endfacet
  facet normal 0 0 1
    outer loop
      vertex -128.19468510878784 166.64958315565815 84.24000000000001
      vertex -127.33687743786214 168.84341568866807 84.24000000000001
      vertex -127.94251066544626 167.81560215719804 84.24000000000001
    endloop
  endfacet
  facet normal 0 0 1
    outer loop
      vertex -127.42356870623075 167.08205154008596 84.24000000000001
      vertex -127.34121180953726 167.38941166289982 84.24000000000001
      vertex -127.33687743786214 168.84341568866807 84.24000000000001
    endloop
  endfacet
  facet normal 0 0 1
    outer loop
      vertex -127.34121180953726 167.38941166289982 84.24000000000001
      vertex -127.22717819123349 167.68647939495042 84.24000000000001
      vertex -127.33687743786214 168.84341568866807 84.24000000000001
    endloop
  endfacet
  facet normal 0 0 1
    outer loop
      vertex -127.22717819123349 167.68647939495042 84.24000000000001
      vertex -127.08271722750467 167.96999999999997 84.24000000000001
      vertex -127.33687743786214 168.84341568866807 84.24000000000001
    endloop
  endfacet
  facet normal 0 0 1
    outer loop
      vertex -127.94251066544626 167.81560215719804 84.24000000000001
      vertex -127.33687743786214 168.84341568866807 84.24000000000001
      vertex -127.77757028146213 168.179096880435 84.24000000000001
    endloop
  endfacet
  facet normal 0 0 1
    outer loop
      vertex -127.77757028146213 168.179096880435 84.24000000000001
      vertex -127.33687743786214 168.84341568866807 84.24000000000001
      vertex -127.57492719655941 168.52300024510447 84.24000000000001
    endloop
  endfacet
  facet normal 0.630468624886628 -0.3212398094875289 0.7066217501846237
    outer loop
      vertex -127.22717819123349 167.68647939495042 84.24000000000001
      vertex -126.1400590966388 167.20246278969023 83.05000000000001
      vertex -127.08271722750467 167.96999999999997 84.24000000000001
    endloop
  endfacet
  facet normal 0.5934361481663845 -0.3853819406971123 0.7066217501846177
    outer loop
      vertex -127.08271722750467 167.96999999999997 84.24000000000001
      vertex -126.0521469970012 167.375 83.05000000000001
      vertex -126.90941166289983 168.2368671669691 84.24000000000001
    endloop
  endfacet
  facet normal 0.5499018608223019 -0.4453017467180958 0.7066217501846251
    outer loop
      vertex -126.70916026945126 168.48415704333092 84.24000000000001
      vertex -126.90941166289983 168.2368671669691 84.24000000000001
      vertex -125.94668143959365 167.53740271674104 83.05000000000001
    endloop
  endfacet
  facet normal 0.5003427336166909 -0.5003427336166594 0.7066217501846271
    outer loop
      vertex -126.70916026945126 168.48415704333092 84.24000000000001
      vertex -125.82481792713317 167.68789162176387 83.05000000000001
      vertex -126.48415704333092 168.70916026945127 84.24000000000001
    endloop
  endfacet
  facet normal 0 0 1
    outer loop
      vertex -127.33687743786214 168.84341568866807 84.24000000000001
      vertex -126.90941166289983 168.2368671669691 84.24000000000001
      vertex -126.70916026945126 168.48415704333092 84.24000000000001
    endloop
  endfacet
  facet normal 0 0 1
    outer loop
      vertex -127.33687743786214 168.84341568866807 84.24000000000001
      vertex -127.08271722750467 167.96999999999997 84.24000000000001
      vertex -126.90941166289983 168.2368671669691 84.24000000000001
    endloop
  endfacet
  facet normal 0 0 1
    outer loop
      vertex -127.33687743786214 168.84341568866807 84.24000000000001
      vertex -126.70916026945126 168.48415704333092 84.24000000000001
      vertex -126.48415704333092 168.70916026945127 84.24000000000001
    endloop
  endfacet
  facet normal 0 0 1
    outer loop
      vertex -127.33687743786214 168.84341568866807 84.24000000000001
      vertex -126.48415704333092 168.70916026945127 84.24000000000001
      vertex -126.2368671669691 168.90941166289986 84.24000000000001
    endloop
  endfacet
  facet normal 0 0 1
    outer loop
      vertex -127.33687743786214 168.84341568866807 84.24000000000001
      vertex -126.7657173060482 169.39956833425987 84.24000000000001
      vertex -127.06611820425618 169.13671277611866 84.24000000000001
    endloop
  endfacet
  facet normal 0 0 1
    outer loop
      vertex -127.33687743786214 168.84341568866807 84.24000000000001
      vertex -126.08990245172069 169.8224204881421 84.24000000000001
      vertex -126.7657173060482 169.39956833425987 84.24000000000001
    endloop
  endfacet
  facet normal 0 0 1
    outer loop
      vertex -127.33687743786214 168.84341568866807 84.24000000000001
      vertex -126.2368671669691 168.90941166289986 84.24000000000001
      vertex -125.96999999999998 169.0827172275047 84.24000000000001
    endloop
  endfacet
  facet normal 0 0 1
    outer loop
      vertex -126.7657173060482 169.39956833425987 84.24000000000001
      vertex -126.08990245172069 169.8224204881421 84.24000000000001
      vertex -126.43907840544902 169.62900410458627 84.24000000000001
    endloop
  endfacet
  facet normal 0 0 1
    outer loop
      vertex -126.1400590966388 167.20246278969023 83.05000000000001
      vertex -125.94668143959365 167.53740271674104 83.05000000000001
      vertex -126.0521469970012 167.375 83.05000000000001
    endloop
  endfacet
  facet normal 0 0 1
    outer loop
      vertex -125.94668143959365 167.53740271674104 83.05000000000001
      vertex -125.68789162176388 167.8248179271332 83.05000000000001
      vertex -125.82481792713317 167.68789162176387 83.05000000000001
    endloop
  endfacet
  facet normal 0 0 1
    outer loop
      vertex -125.68789162176388 167.8248179271332 83.05000000000001
      vertex -125.37499999999999 168.05214699700122 83.05000000000001
      vertex -125.53740271674107 167.94668143959365 83.05000000000001
    endloop
  endfacet
  facet normal 0 0 1
    outer loop
      vertex -125.20246278969022 168.14005909663882 83.05000000000001
      vertex -125.37499999999999 168.05214699700122 83.05000000000001
      vertex -125.02168143959364 168.209454555146 83.05000000000001
    endloop
  endfacet
  facet normal 0.5499018608222975 -0.4453017467180997 0.7066217501846258
    outer loop
      vertex -126.70916026945126 168.48415704333092 84.24000000000001
      vertex -125.94668143959365 167.53740271674104 83.05000000000001
      vertex -125.82481792713317 167.68789162176387 83.05000000000001
    endloop
  endfacet
  facet normal 0.5003427336167886 -0.5003427336165807 0.7066217501846138
    outer loop
      vertex -126.48415704333092 168.70916026945127 84.24000000000001
      vertex -125.82481792713317 167.68789162176387 83.05000000000001
      vertex -125.68789162176388 167.8248179271332 83.05000000000001
    endloop
  endfacet
  facet normal 0.44530174671802736 -0.5499018608223492 0.7066217501846314
    outer loop
      vertex -126.2368671669691 168.90941166289986 84.24000000000001
      vertex -125.68789162176388 167.8248179271332 83.05000000000001
      vertex -125.53740271674107 167.94668143959365 83.05000000000001
    endloop
  endfacet
  facet normal 0.38538194069713544 -0.5934361481663608 0.7066217501846251
    outer loop
      vertex -125.53740271674107 167.94668143959365 83.05000000000001
      vertex -125.37499999999999 168.05214699700122 83.05000000000001
      vertex -125.96999999999998 169.0827172275047 84.24000000000001
    endloop
  endfacet
  facet normal 0.3212398094875163 -0.6304686248866317 0.7066217501846258
    outer loop
      vertex -125.20246278969022 168.14005909663882 83.05000000000001
      vertex -125.68647939495042 169.22717819123352 84.24000000000001
      vertex -125.37499999999999 168.05214699700122 83.05000000000001
    endloop
  endfacet
  facet normal 0.2535781077012653 -0.6605935554186536 0.7066217501846287
    outer loop
      vertex -125.20246278969022 168.14005909663882 83.05000000000001
      vertex -125.02168143959364 168.209454555146 83.05000000000001
      vertex -125.38941166289983 169.34121180953724 84.24000000000001
    endloop
  endfacet
  facet normal -0.3888241754732627 0.9213119778704374 0
    outer loop
      vertex -126.08990245172069 169.8224204881421 80.49
      vertex -126.08990245172069 169.8224204881421 84.24000000000001
      vertex -125.7221457479426 169.97762600001636 84.24000000000001
    endloop
  endfacet
  facet normal -0.2886919473396552 0.9574220383619951 0
    outer loop
      vertex -125.7221457479426 169.97762600001636 80.49
      vertex -125.7221457479426 169.97762600001636 84.24000000000001
      vertex -125.33997512451667 170.09286209974266 84.24000000000001
    endloop
  endfacet
  facet normal -0.18528872408703856 0.9826841245925353 0
    outer loop
      vertex -125.33997512451667 170.09286209974266 80.49
      vertex -125.33997512451667 170.09286209974266 84.24000000000001
      vertex -124.94772072731395 170.166823116265 84.24000000000001
    endloop
  endfacet
  facet normal 0 0 1
    outer loop
      vertex -125.02168143959364 168.209454555146 83.05000000000001
      vertex -124.64337765704515 168.28986550643128 83.05000000000001
      vertex -124.83463662801284 168.25957306135757 83.05000000000001
    endloop
  endfacet
  facet normal 0.18313815110285234 -0.6834808847192977 0.7066217501846055
    outer loop
      vertex -125.02168143959364 168.209454555146 83.05000000000001
      vertex -124.83463662801284 168.25957306135757 83.05000000000001
      vertex -125.08205154008597 169.42356870623075 84.24000000000001
    endloop
  endfacet
  facet normal 0.11069169459613329 -0.6988798544195021 0.7066217501846458
    outer loop
      vertex -124.83463662801284 168.25957306135757 83.05000000000001
      vertex -124.64337765704515 168.28986550643128 83.05000000000001
      vertex -124.76776652833365 169.47334656191958 84.24000000000001
    endloop
  endfacet
  facet normal 0.0370324767203944 -0.7066217501846209 0.7066217501846208
    outer loop
      vertex -124.64337765704515 168.28986550643128 83.05000000000001
      vertex -124.44999999999999 168.3 83.05000000000001
      vertex -124.44999999999999 169.49 84.24000000000001
    endloop
  endfacet
  facet normal -0.07978610555315103 0.9968120070307447 0
    outer loop
      vertex -124.94772072731395 170.166823116265 80.49
      vertex -124.94772072731395 170.166823116265 84.24000000000001
      vertex -124.54982695539164 170.19867104171294 84.24000000000001
    endloop
  endfacet
  facet normal 0.4453017467181351 -0.5499018608222798 0.7066217501846174
    outer loop
      vertex -126.48415704333092 168.70916026945127 84.24000000000001
      vertex -125.68789162176388 167.8248179271332 83.05000000000001
      vertex -126.2368671669691 168.90941166289986 84.24000000000001
    endloop
  endfacet
  facet normal 0.38538194069710646 -0.5934361481663755 0.7066217501846285
    outer loop
      vertex -126.2368671669691 168.90941166289986 84.24000000000001
      vertex -125.53740271674107 167.94668143959365 83.05000000000001
      vertex -125.96999999999998 169.0827172275047 84.24000000000001
    endloop
  endfacet
  facet normal 0.3212398094875149 -0.6304686248866325 0.706621750184626
    outer loop
      vertex -125.37499999999999 168.05214699700122 83.05000000000001
      vertex -125.68647939495042 169.22717819123352 84.24000000000001
      vertex -125.96999999999998 169.0827172275047 84.24000000000001
    endloop
  endfacet
  facet normal 0.25357810770130684 -0.6605935554186426 0.7066217501846241
    outer loop
      vertex -125.20246278969022 168.14005909663882 83.05000000000001
      vertex -125.38941166289983 169.34121180953724 84.24000000000001
      vertex -125.68647939495042 169.22717819123352 84.24000000000001
    endloop
  endfacet
  facet normal 0 0 1
    outer loop
      vertex -127.33687743786214 168.84341568866807 84.24000000000001
      vertex -125.96999999999998 169.0827172275047 84.24000000000001
      vertex -124.54982695539164 170.19867104171294 84.24000000000001
    endloop
  endfacet
  facet normal 0 0 1
    outer loop
      vertex -127.33687743786214 168.84341568866807 84.24000000000001
      vertex -124.54982695539164 170.19867104171294 84.24000000000001
      vertex -126.08990245172069 169.8224204881421 84.24000000000001
    endloop
  endfacet
  facet normal 0 0 1
    outer loop
      vertex -126.08990245172069 169.8224204881421 84.24000000000001
      vertex -125.33997512451667 170.09286209974266 84.24000000000001
      vertex -125.7221457479426 169.97762600001636 84.24000000000001
    endloop
  endfacet
  facet normal 0 0 1
    outer loop
      vertex -125.96999999999998 169.0827172275047 84.24000000000001
      vertex -125.68647939495042 169.22717819123352 84.24000000000001
      vertex -124.54982695539164 170.19867104171294 84.24000000000001
    endloop
  endfacet
  facet normal 0 0 1
    outer loop
      vertex -125.68647939495042 169.22717819123352 84.24000000000001
      vertex -125.38941166289983 169.34121180953724 84.24000000000001
      vertex -124.54982695539164 170.19867104171294 84.24000000000001
    endloop
  endfacet
  facet normal 0 0 1
    outer loop
      vertex -126.08990245172069 169.8224204881421 84.24000000000001
      vertex -124.54982695539164 170.19867104171294 84.24000000000001
      vertex -125.33997512451667 170.09286209974266 84.24000000000001
    endloop
  endfacet
  facet normal 0.1831381511026672 -0.6834808847193264 0.7066217501846255
    outer loop
      vertex -125.02168143959364 168.209454555146 83.05000000000001
      vertex -125.08205154008597 169.42356870623075 84.24000000000001
      vertex -125.38941166289983 169.34121180953724 84.24000000000001
    endloop
  endfacet
  facet normal 0.11069169459643403 -0.698879854419487 0.7066217501846134
    outer loop
      vertex -124.83463662801284 168.25957306135757 83.05000000000001
      vertex -124.76776652833365 169.47334656191958 84.24000000000001
      vertex -125.08205154008597 169.42356870623075 84.24000000000001
    endloop
  endfacet
  facet normal 0.03703247672021821 -0.7066217501846112 0.7066217501846396
    outer loop
      vertex -124.64337765704515 168.28986550643128 83.05000000000001
      vertex -124.44999999999999 169.49 84.24000000000001
      vertex -124.76776652833365 169.47334656191958 84.24000000000001
    endloop
  endfacet
  facet normal 0 0 1
    outer loop
      vertex -125.38941166289983 169.34121180953724 84.24000000000001
      vertex -125.08205154008597 169.42356870623075 84.24000000000001
      vertex -124.54982695539164 170.19867104171294 84.24000000000001
    endloop
  endfacet
  facet normal 0 0 1
    outer loop
      vertex -125.33997512451667 170.09286209974266 84.24000000000001
      vertex -124.54982695539164 170.19867104171294 84.24000000000001
      vertex -124.94772072731395 170.166823116265 84.24000000000001
    endloop
  endfacet
  facet normal 0 0 1
    outer loop
      vertex -125.08205154008597 169.42356870623075 84.24000000000001
      vertex -124.76776652833365 169.47334656191958 84.24000000000001
      vertex -124.54982695539164 170.19867104171294 84.24000000000001
    endloop
  endfacet
  facet normal 0 0 1
    outer loop
      vertex -124.76776652833365 169.47334656191958 84.24000000000001
      vertex -124.44999999999999 169.49 84.24000000000001
      vertex -124.54982695539164 170.19867104171294 84.24000000000001
    endloop
  endfacet
  facet normal 0 -1 0
    outer loop
      vertex -124.35267469472956 167.99694142906384 80.95499043412154
      vertex -124.35267469472956 167.99694142906384 80.53
      vertex 124.54732530527042 167.99694142906384 80.53
    endloop
  endfacet
  facet normal 0 -0.7096105303892664 0.7045941350597975
    outer loop
      vertex -124.35267469472956 167.99694142906384 80.95499043412154
      vertex 124.64337765704516 168.28986550643128 81.25
      vertex -124.64337765704515 168.28986550643128 81.25
    endloop
  endfacet
  facet normal 0 -1 0
    outer loop
      vertex -124.64337765704515 168.28986550643128 81.25
      vertex 124.64337765704516 168.28986550643128 81.25
      vertex -124.64337765704515 168.28986550643128 83.05000000000001
    endloop
  endfacet
  facet normal 0 0 1
    outer loop
      vertex -124.64337765704515 168.28986550643128 83.05000000000001
      vertex 124.44999999999999 168.3 83.05000000000001
      vertex -124.44999999999999 168.3 83.05000000000001
    endloop
  endfacet
  facet normal 0 1 0
    outer loop
      vertex -124.54982695539164 170.19867104171294 80.49
      vertex -124.54982695539164 170.19867104171294 84.24000000000001
      vertex 124.35017304460834 170.19867104171294 84.24000000000001
    endloop
  endfacet
  facet normal 0 -0.7071067811865475 0.7071067811865475
    outer loop
      vertex -124.44999999999999 168.3 83.05000000000001
      vertex 124.44999999999999 169.49 84.24000000000001
      vertex -124.44999999999999 169.49 84.24000000000001
    endloop
  endfacet
  facet normal 0 0 1
    outer loop
      vertex -124.44999999999999 169.49 84.24000000000001
      vertex 124.44999999999999 169.49 84.24000000000001
      vertex -124.54982695539164 170.19867104171294 84.24000000000001
    endloop
  endfacet
  facet normal 0 1 0
    outer loop
      vertex 124.54732530527042 -167.9969414290638 80.9549904341215
      vertex 124.54732530527042 -167.9969414290638 80.53
      vertex -124.35267469472956 -167.9969414290638 80.53
    endloop
  endfacet
  facet normal 0 0.709610530389283 0.7045941350597805
    outer loop
      vertex -124.64337765704515 -168.28986550643128 81.25
      vertex 124.25662234295481 -168.28986550643128 81.25
      vertex 124.54732530527042 -167.9969414290638 80.9549904341215
    endloop
  endfacet
  facet normal 0 1 0
    outer loop
      vertex -124.64337765704515 -168.28986550643128 81.25
      vertex 124.64337765704516 -168.28986550643128 83.05000000000001
      vertex 124.25662234295481 -168.28986550643128 81.25
    endloop
  endfacet
  facet normal 0 -1 0
    outer loop
      vertex -124.54982695539164 -170.19867104171294 84.24000000000001
      vertex 124.35017304460834 -170.19867104171294 80.49
      vertex 124.35017304460834 -170.19867104171294 84.24000000000001
    endloop
  endfacet
  facet normal 0 0 1
    outer loop
      vertex -124.64337765704515 -168.28986550643128 83.05000000000001
      vertex 124.44999999999999 -168.29999999999998 83.05000000000001
      vertex 124.64337765704516 -168.28986550643128 83.05000000000001
    endloop
  endfacet
  facet normal 0 0.7071067811865475 0.7071067811865475
    outer loop
      vertex -124.44999999999999 -169.48999999999998 84.24000000000001
      vertex 124.44999999999999 -169.48999999999998 84.24000000000001
      vertex 124.44999999999999 -168.29999999999998 83.05000000000001
    endloop
  endfacet
  facet normal 0 0 1
    outer loop
      vertex -124.44999999999999 -169.48999999999998 84.24000000000001
      vertex 124.35017304460834 -170.19867104171294 84.24000000000001
      vertex 124.44999999999999 -169.48999999999998 84.24000000000001
    endloop
  endfacet
  facet normal -0.18738131458574778 0.9822872507286842 -3.377181186172732e-14
    outer loop
      vertex 124.60642413366978 -167.98566772460745 80.94363646592811
      vertex 124.92897634128116 -167.92413760025747 80.53
      vertex 124.54732530527042 -167.9969414290638 80.53
    endloop
  endfacet
  facet normal -0.18738131458597584 0.9822872507286406 0
    outer loop
      vertex 124.60642413366978 -167.98566772460745 80.94363646592811
      vertex 124.54732530527042 -167.9969414290638 80.53
      vertex 124.54732530527042 -167.9969414290638 80.9549904341215
    endloop
  endfacet
  facet normal -0.4257792915650318 0.9048270524660388 -9.932205094594882e-15
    outer loop
      vertex 124.98241351867472 -167.89899197328725 80.9469371148982
      vertex 125.28053153221742 -167.75870828452813 80.53
      vertex 124.92897634128116 -167.92413760025747 80.53
    endloop
  endfacet
  facet normal -0.18738131458563764 0.9822872507287053 5.521783147287036e-14
    outer loop
      vertex 124.60642413366978 -167.98566772460745 80.94363646592811
      vertex 124.84285758593515 -167.9405656314421 80.94869590412759
      vertex 124.92897634128116 -167.92413760025747 80.53
    endloop
  endfacet
  facet normal -0.18738131458589674 0.9822872507286557 0
    outer loop
      vertex 124.84285758593515 -167.9405656314421 80.94869590412759
      vertex 124.92897634128116 -167.92413760025747 80.95630449938335
      vertex 124.92897634128116 -167.92413760025747 80.53
    endloop
  endfacet
  facet normal -0.42577929156509525 0.904827052466009 0
    outer loop
      vertex 124.98241351867472 -167.89899197328725 80.9469371148982
      vertex 124.92897634128116 -167.92413760025747 80.53
      vertex 124.92897634128116 -167.92413760025747 80.95630449938335
    endloop
  endfacet
  facet normal -0.42577929156499206 0.9048270524660574 2.4714758873810942e-14
    outer loop
      vertex 124.98241351867472 -167.89899197328725 80.9469371148982
      vertex 125.19898841064315 -167.79707956491953 80.9418663914215
      vertex 125.28053153221742 -167.75870828452813 80.53
    endloop
  endfacet
  facet normal -0.6374239897486826 0.7705132427757951 -6.144203007413422e-15
    outer loop
      vertex 125.51047967419791 -167.56847863763917 80.94274811320243
      vertex 125.57990137250317 -167.51104801418947 80.53
      vertex 125.28053153221742 -167.75870828452813 80.53
    endloop
  endfacet
  facet normal -0.42577929156509425 0.9048270524660091 0
    outer loop
      vertex 125.19898841064315 -167.79707956491953 80.9418663914215
      vertex 125.28053153221742 -167.75870828452813 80.9586617936478
      vertex 125.28053153221742 -167.75870828452813 80.53
    endloop
  endfacet
  facet normal -0.637423989748624 0.7705132427758435 -6.107933350194079e-14
    outer loop
      vertex 125.3983385929626 -167.66124980813615 80.94911345835152
      vertex 125.51047967419791 -167.56847863763917 80.94274811320243
      vertex 125.28053153221742 -167.75870828452813 80.53
    endloop
  endfacet
  facet normal -0.637423989748753 0.7705132427757369 0
    outer loop
      vertex 125.3983385929626 -167.66124980813615 80.94911345835152
      vertex 125.28053153221742 -167.75870828452813 80.53
      vertex 125.28053153221742 -167.75870828452813 80.9586617936478
    endloop
  endfacet
  facet normal -1.5630348123927946e-13 0.7096105303892577 0.7045941350598063
    outer loop
      vertex 124.60642413366978 -167.98566772460745 80.94363646592811
      vertex 124.54732530527042 -167.9969414290638 80.9549904341215
      vertex 124.64337765704516 -168.28986550643128 81.25
    endloop
  endfacet
  facet normal 0 0.7096105303892831 0.7045941350597806
    outer loop
      vertex 124.25662234295481 -168.28986550643128 81.25
      vertex 124.64337765704516 -168.28986550643128 81.25
      vertex 124.54732530527042 -167.9969414290638 80.9549904341215
    endloop
  endfacet
  facet normal -0.14728717682074133 0.6929316868112643 0.7057989550552419
    outer loop
      vertex 124.60642413366978 -167.98566772460745 80.94363646592811
      vertex 124.64337765704516 -168.28986550643128 81.25
      vertex 124.84285758593515 -167.9405656314421 80.94869590412759
    endloop
  endfacet
  facet normal -0.19151004790015053 0.673088001220006 0.7143363662637787
    outer loop
      vertex 124.84285758593515 -167.9405656314421 80.94869590412759
      vertex 125.02168143959364 -168.209454555146 81.25
      vertex 124.92897634128116 -167.92413760025747 80.95630449938335
    endloop
  endfacet
  facet normal -0.28925719856370796 0.6496823050907806 0.7030243065008531
    outer loop
      vertex 124.98241351867472 -167.89899197328725 80.9469371148982
      vertex 125.375 -168.0521469970012 81.25
      vertex 125.19898841064315 -167.79707956491953 80.9418663914215
    endloop
  endfacet
  facet normal -0.19151004790017429 0.6730880012199985 0.7143363662637792
    outer loop
      vertex 124.98241351867472 -167.89899197328725 80.9469371148982
      vertex 124.92897634128116 -167.92413760025747 80.95630449938335
      vertex 125.02168143959364 -168.209454555146 81.25
    endloop
  endfacet
  facet normal -0.14728717682082684 0.6929316868112825 0.7057989550552064
    outer loop
      vertex 124.84285758593515 -167.9405656314421 80.94869590412759
      vertex 124.64337765704516 -168.28986550643128 81.25
      vertex 125.02168143959364 -168.209454555146 81.25
    endloop
  endfacet
  facet normal -0.2892571985637501 0.6496823050907302 0.7030243065008823
    outer loop
      vertex 124.98241351867472 -167.89899197328725 80.9469371148982
      vertex 125.02168143959364 -168.209454555146 81.25
      vertex 125.375 -168.0521469970012 81.25
    endloop
  endfacet
  facet normal -0.41449726906045586 0.5705065472193128 0.7090234788223321
    outer loop
      vertex 125.19898841064315 -167.79707956491953 80.9418663914215
      vertex 125.375 -168.0521469970012 81.25
      vertex 125.28053153221742 -167.75870828452813 80.9586617936478
    endloop
  endfacet
  facet normal -0.4232067586473357 0.5604163181380178 0.7119196512246615
    outer loop
      vertex 125.3983385929626 -167.66124980813615 80.94911345835152
      vertex 125.68789162176387 -167.82481792713318 81.25
      vertex 125.51047967419791 -167.56847863763917 80.94274811320243
    endloop
  endfacet
  facet normal -0.5288150733671809 0.476147230745541 0.7025940740093213
    outer loop
      vertex 125.51047967419791 -167.56847863763917 80.94274811320243
      vertex 125.68789162176387 -167.82481792713318 81.25
      vertex 125.57990137250317 -167.51104801418947 80.95607843936581
    endloop
  endfacet
  facet normal -0.4144972690603749 0.5705065472193143 0.7090234788223783
    outer loop
      vertex 125.3983385929626 -167.66124980813615 80.94911345835152
      vertex 125.28053153221742 -167.75870828452813 80.9586617936478
      vertex 125.68789162176387 -167.82481792713318 81.25
    endloop
  endfacet
  facet normal -0.4144972690603474 0.5705065472193672 0.7090234788223518
    outer loop
      vertex 125.28053153221742 -167.75870828452813 80.9586617936478
      vertex 125.375 -168.0521469970012 81.25
      vertex 125.68789162176387 -167.82481792713318 81.25
    endloop
  endfacet
  facet normal -0.5288150733672194 0.47614723074551624 0.7025940740093092
    outer loop
      vertex 125.68789162176387 -167.82481792713318 81.25
      vertex 125.94668143959365 -167.53740271674107 81.25
      vertex 125.57990137250317 -167.51104801418947 80.95607843936581
    endloop
  endfacet
  facet normal -0.8090169943749552 0.5877852522924623 5.550068567127305e-15
    outer loop
      vertex 125.66764860943462 -167.39027430370572 80.94027414116748
      vertex 125.80827535406797 -167.19671819485765 80.53
      vertex 125.57990137250317 -167.51104801418947 80.53
    endloop
  endfacet
  facet normal -0.6374239897486609 0.7705132427758131 0
    outer loop
      vertex 125.51047967419791 -167.56847863763917 80.94274811320243
      vertex 125.57990137250317 -167.51104801418947 80.95607843936581
      vertex 125.57990137250317 -167.51104801418947 80.53
    endloop
  endfacet
  facet normal -0.8090169943749463 0.5877852522924747 0
    outer loop
      vertex 125.66764860943462 -167.39027430370572 80.94027414116748
      vertex 125.57990137250317 -167.51104801418947 80.53
      vertex 125.57990137250317 -167.51104801418947 80.95607843936581
    endloop
  endfacet
  facet normal -0.9297764858882636 0.36812455268464717 0
    outer loop
      vertex 125.95130389974935 -166.83546932510552 80.95392222140448
      vertex 125.95130389974935 -166.83546932510552 80.53
      vertex 125.80827535406797 -167.19671819485765 80.53
    endloop
  endfacet
  facet normal -0.8090169943749371 0.5877852522924871 2.3483712173043104e-14
    outer loop
      vertex 125.66764860943462 -167.39027430370572 80.94027414116748
      vertex 125.75313385228566 -167.27261396097848 80.95084548289292
      vertex 125.80827535406797 -167.19671819485765 80.53
    endloop
  endfacet
  facet normal -0.8090169943749993 0.587785252292402 0
    outer loop
      vertex 125.75313385228566 -167.27261396097848 80.95084548289292
      vertex 125.80827535406797 -167.19671819485765 80.96062352999816
      vertex 125.80827535406797 -167.19671819485765 80.53
    endloop
  endfacet
  facet normal -0.9297764858882595 0.36812455268465766 -1.0362158014816735e-14
    outer loop
      vertex 125.86347698585772 -167.0572947881697 80.9387804161032
      vertex 125.95130389974935 -166.83546932510552 80.95392222140448
      vertex 125.80827535406797 -167.19671819485765 80.53
    endloop
  endfacet
  facet normal -0.9297764858882699 0.36812455268463146 0
    outer loop
      vertex 125.86347698585772 -167.0572947881697 80.9387804161032
      vertex 125.80827535406797 -167.19671819485765 80.53
      vertex 125.80827535406797 -167.19671819485765 80.96062352999816
    endloop
  endfacet
  facet normal -0.9921147013144686 0.12533323356437812 0
    outer loop
      vertex 126 -166.45 80.95000000000002
      vertex 126 -166.45 80.53
      vertex 125.95130389974935 -166.83546932510552 80.53
    endloop
  endfacet
  facet normal -0.9921147013144687 0.1253332335643773 -2.2958168590145555e-14
    outer loop
      vertex 125.96993747055149 -166.68796942420096 80.94494906489876
      vertex 125.95130389974935 -166.83546932510552 80.53
      vertex 125.95165887981153 -166.83265936857316 80.95338578932541
    endloop
  endfacet
  facet normal -0.9921147013148987 0.12533323356097295 0
    outer loop
      vertex 125.95165887981153 -166.83265936857316 80.95338578932541
      vertex 125.95130389974935 -166.83546932510552 80.53
      vertex 125.95130389974935 -166.83546932510552 80.95392222140448
    endloop
  endfacet
  facet normal -0.9921147013144634 0.12533323356441878 -3.7924379736013956e-14
    outer loop
      vertex 125.96993747055149 -166.68796942420096 80.94494906489876
      vertex 126 -166.45 80.95000000000002
      vertex 125.95130389974935 -166.83546932510552 80.53
    endloop
  endfacet
  facet normal -0.5963943650978599 0.36927175700456405 0.7127076053742397
    outer loop
      vertex 125.66764860943462 -167.39027430370572 80.94027414116748
      vertex 125.94668143959365 -167.53740271674107 81.25
      vertex 125.75313385228566 -167.27261396097848 80.95084548289292
    endloop
  endfacet
  facet normal -0.528815073367212 0.47614723074553544 0.7025940740093017
    outer loop
      vertex 125.66764860943462 -167.39027430370572 80.94027414116748
      vertex 125.57990137250317 -167.51104801418947 80.95607843936581
      vertex 125.94668143959365 -167.53740271674107 81.25
    endloop
  endfacet
  facet normal -0.6114959328277959 0.3530473414264527 0.7081174329493503
    outer loop
      vertex 125.75313385228566 -167.27261396097848 80.95084548289292
      vertex 125.94668143959365 -167.53740271674107 81.25
      vertex 125.80827535406797 -167.19671819485765 80.96062352999816
    endloop
  endfacet
  facet normal -0.6114959328277716 0.353047341426502 0.7081174329493466
    outer loop
      vertex 125.86347698585772 -167.0572947881697 80.9387804161032
      vertex 125.80827535406797 -167.19671819485765 80.96062352999816
      vertex 126.1400590966388 -167.20246278969023 81.25
    endloop
  endfacet
  facet normal -0.6760895893248718 0.2196748239896269 0.7033106276117633
    outer loop
      vertex 125.86347698585772 -167.0572947881697 80.9387804161032
      vertex 126.1400590966388 -167.20246278969023 81.25
      vertex 125.95130389974935 -166.83546932510552 80.95392222140448
    endloop
  endfacet
  facet normal -0.6114959328277813 0.35304734142646443 0.708117432949357
    outer loop
      vertex 125.80827535406797 -167.19671819485765 80.96062352999816
      vertex 125.94668143959365 -167.53740271674107 81.25
      vertex 126.1400590966388 -167.20246278969023 81.25
    endloop
  endfacet
  facet normal -0.6760895893248573 0.21967482398964197 0.7033106276117729
    outer loop
      vertex 126.1400590966388 -167.20246278969023 81.25
      vertex 126.25957306135751 -166.83463662801284 81.25
      vertex 125.95130389974935 -166.83546932510552 80.95392222140448
    endloop
  endfacet
  facet normal -0.6875854203444134 0.12853199084150368 0.7146368427810843
    outer loop
      vertex 125.96993747055149 -166.68796942420096 80.94494906489876
      vertex 125.95165887981153 -166.83265936857316 80.95338578932541
      vertex 126.25957306135751 -166.83463662801284 81.25
    endloop
  endfacet
  facet normal -0.6760895893248626 0.2196748239896075 0.7033106276117784
    outer loop
      vertex 125.95165887981153 -166.83265936857316 80.95338578932541
      vertex 125.95130389974935 -166.83546932510552 80.95392222140448
      vertex 126.25957306135751 -166.83463662801284 81.25
    endloop
  endfacet
  facet normal -0.7051619993942788 0.07411551268476878 0.7051619993942789
    outer loop
      vertex 125.96993747055149 -166.68796942420096 80.94494906489876
      vertex 126.29999999999998 -166.45 81.25
      vertex 126 -166.45 80.95000000000002
    endloop
  endfacet
  facet normal -0.7051619993942785 0.07411551268476746 0.7051619993942795
    outer loop
      vertex 125.96993747055149 -166.68796942420096 80.94494906489876
      vertex 126.25957306135751 -166.83463662801284 81.25
      vertex 126.29999999999998 -166.45 81.25
    endloop
  endfacet
  facet normal 0.5304209078893549 -0.8477344280338228 0
    outer loop
      vertex 126.26711044276948 -169.73033361167458 80.48
      vertex 126.26706576374744 -169.73036156699484 80.49
      vertex 126.26706576374744 -169.73036156699484 80.48
    endloop
  endfacet
  facet normal 0.769833983625935 -0.6382441834083752 0
    outer loop
      vertex 127.46013500442541 -168.6864181676015 80.48
      vertex 127.46016864224111 -168.68637759451937 80.48
      vertex 127.46016864224111 -168.68637759451937 80.49
    endloop
  endfacet
  facet normal 0.8333139190824843 -0.5528000653612397 9.63171174164743e-13
    outer loop
      vertex 127.46016864224111 -168.68637759451937 80.48
      vertex 127.68079867073499 -168.35379066982108 80.48
      vertex 127.68082780522678 -168.35374675127065 80.49
    endloop
  endfacet
  facet normal 0.887352074885084 -0.4610925017793461 0
    outer loop
      vertex 127.68082780522678 -168.35374675127065 80.48
      vertex 127.68085210622417 -168.3536999850787 80.48
      vertex 127.68082780522678 -168.35374675127065 80.49
    endloop
  endfacet
  facet normal 0.9313361773347177 -0.36416057555363546 0
    outer loop
      vertex 128.01022183937056 -167.62783675437214 80.48
      vertex 128.01024103175638 -167.62778767008228 80.48
      vertex 128.01024103175638 -167.62778767008228 80.49
    endloop
  endfacet
  facet normal 0.9872683546892831 -0.15906349621807067 0
    outer loop
      vertex 128.17874711772038 -166.84865260283516 80.48
      vertex 128.178755500788 -166.8486005711776 80.48
      vertex 128.178755500788 -166.8486005711776 80.49
    endloop
  endfacet
  facet normal 0.9985826956808677 -0.053222174765144376 0
    outer loop
      vertex 128.17875830571262 -166.84854794369264 80.48
      vertex 128.178755500788 -166.8486005711776 80.49
      vertex 128.178755500788 -166.8486005711776 80.48
    endloop
  endfacet
  facet normal 0.026620521437788418 -0.9996456111234522 0
    outer loop
      vertex 124.35017304460834 -170.19867104171294 80.49
      vertex 124.74919789582407 -170.1880450263653 80.49
      vertex 124.35017304460834 -170.19867104171294 84.24000000000001
    endloop
  endfacet
  facet normal 0.13272552728370465 -0.9911528310040094 0
    outer loop
      vertex 124.74919789582407 -170.1880450263653 80.49
      vertex 125.14483271532669 -170.13506546722195 80.49
      vertex 124.74919789582407 -170.1880450263653 84.24000000000001
    endloop
  endfacet
  facet normal 0 1 0
    outer loop
      vertex 124.25662234295481 -168.28986550643128 81.25
      vertex 124.64337765704516 -168.28986550643128 83.05000000000001
      vertex 124.64337765704516 -168.28986550643128 81.25
    endloop
  endfacet
  facet normal -0.20791169081777558 0.9781476007338022 0
    outer loop
      vertex 124.64337765704516 -168.28986550643128 81.25
      vertex 125.02168143959364 -168.209454555146 83.05000000000001
      vertex 125.02168143959364 -168.209454555146 81.25
    endloop
  endfacet
  facet normal 0.2373266998711417 -0.9714298932647034 0
    outer loop
      vertex 125.14483271532669 -170.13506546722195 80.49
      vertex 125.53259480252356 -170.0403326438575 80.49
      vertex 125.14483271532669 -170.13506546722195 84.24000000000001
    endloop
  endfacet
  facet normal 0.33923886611801657 -0.9407002666710382 0
    outer loop
      vertex 125.53259480252356 -170.0403326438575 80.49
      vertex 125.90809065802495 -169.90491991701404 80.49
      vertex 125.53259480252356 -170.0403326438575 84.24000000000001
    endloop
  endfacet
  facet normal 0.43730732045885434 -0.8993121301712197 0
    outer loop
      vertex 125.90809065802495 -169.90491991701404 80.49
      vertex 126.26706576374744 -169.73036156699484 80.49
      vertex 125.90809065802495 -169.90491991701404 84.24000000000001
    endloop
  endfacet
  facet normal -0.4067366430757826 0.9135454576426086 0
    outer loop
      vertex 125.02168143959364 -168.209454555146 81.25
      vertex 125.375 -168.0521469970012 83.05000000000001
      vertex 125.375 -168.0521469970012 81.25
    endloop
  endfacet
  facet normal -0.5877852522924533 0.809016994374962 0
    outer loop
      vertex 125.375 -168.0521469970012 81.25
      vertex 125.68789162176387 -167.82481792713318 83.05000000000001
      vertex 125.68789162176387 -167.82481792713318 81.25
    endloop
  endfacet
  facet normal -0.7431448254773853 0.6691306063588682 0
    outer loop
      vertex 125.68789162176387 -167.82481792713318 81.25
      vertex 125.94668143959365 -167.53740271674107 83.05000000000001
      vertex 125.94668143959365 -167.53740271674107 81.25
    endloop
  endfacet
  facet normal -0.20791169081777558 0.9781476007338022 0
    outer loop
      vertex 124.64337765704516 -168.28986550643128 81.25
      vertex 124.64337765704516 -168.28986550643128 83.05000000000001
      vertex 125.02168143959364 -168.209454555146 83.05000000000001
    endloop
  endfacet
  facet normal -0.4067366430757826 0.9135454576426086 0
    outer loop
      vertex 125.02168143959364 -168.209454555146 81.25
      vertex 125.02168143959364 -168.209454555146 83.05000000000001
      vertex 125.375 -168.0521469970012 83.05000000000001
    endloop
  endfacet
  facet normal -0.5877852522924533 0.809016994374962 0
    outer loop
      vertex 125.375 -168.0521469970012 81.25
      vertex 125.375 -168.0521469970012 83.05000000000001
      vertex 125.68789162176387 -167.82481792713318 83.05000000000001
    endloop
  endfacet
  facet normal -0.7431448254773853 0.6691306063588682 0
    outer loop
      vertex 125.68789162176387 -167.82481792713318 81.25
      vertex 125.68789162176387 -167.82481792713318 83.05000000000001
      vertex 125.94668143959365 -167.53740271674107 83.05000000000001
    endloop
  endfacet
  facet normal -0.8660254037844487 0.4999999999999825 0
    outer loop
      vertex 125.94668143959365 -167.53740271674107 81.25
      vertex 126.1400590966388 -167.20246278969023 83.05000000000001
      vertex 126.1400590966388 -167.20246278969023 81.25
    endloop
  endfacet
  facet normal -0.8660254037844487 0.4999999999999825 0
    outer loop
      vertex 125.94668143959365 -167.53740271674107 81.25
      vertex 125.94668143959365 -167.53740271674107 83.05000000000001
      vertex 126.1400590966388 -167.20246278969023 83.05000000000001
    endloop
  endfacet
  facet normal -0.9510565162951623 0.30901699437492064 0
    outer loop
      vertex 126.1400590966388 -167.20246278969023 81.25
      vertex 126.1400590966388 -167.20246278969023 83.05000000000001
      vertex 126.25957306135751 -166.83463662801284 83.05000000000001
    endloop
  endfacet
  facet normal 0.5304209081197468 -0.8477344278896681 0
    outer loop
      vertex 126.26706576374744 -169.73036156699484 80.49
      vertex 126.60545278830404 -169.51863540965562 80.49
      vertex 126.26706576374744 -169.73036156699484 84.24000000000001
    endloop
  endfacet
  facet normal 0.6175246149462276 -0.7865515558026145 0
    outer loop
      vertex 126.60545278830404 -169.51863540965562 80.49
      vertex 126.91941767149387 -169.2721403869605 80.49
      vertex 126.60545278830404 -169.51863540965562 84.24000000000001
    endloop
  endfacet
  facet normal 0.6976315211349473 -0.7164567402983517 0
    outer loop
      vertex 126.91941767149387 -169.2721403869605 80.49
      vertex 127.2054030657365 -168.99366938601105 80.49
      vertex 126.91941767149387 -169.2721403869605 84.24000000000001
    endloop
  endfacet
  facet normal 0.7698339834299065 -0.6382441836448199 0
    outer loop
      vertex 127.2054030657365 -168.99366938601105 80.49
      vertex 127.46016864224111 -168.68637759451937 80.49
      vertex 127.2054030657365 -168.99366938601105 84.24000000000001
    endloop
  endfacet
  facet normal 0.8333139190824975 -0.5528000653612196 0
    outer loop
      vertex 127.46016864224111 -168.68637759451937 80.49
      vertex 127.46016864224111 -168.68637759451937 80.48
      vertex 127.68082780522678 -168.35374675127065 84.24000000000001
    endloop
  endfacet
  facet normal 0.8333139190824976 -0.5528000653612197 0
    outer loop
      vertex 127.46016864224111 -168.68637759451937 80.48
      vertex 127.68082780522678 -168.35374675127065 80.49
      vertex 127.68082780522678 -168.35374675127065 84.24000000000001
    endloop
  endfacet
  facet normal 0.8873520750566037 -0.4610925014492639 0
    outer loop
      vertex 127.68082780522678 -168.35374675127065 80.49
      vertex 127.86488039820591 -167.9995456966314 80.49
      vertex 127.68082780522678 -168.35374675127065 84.24000000000001
    endloop
  endfacet
  facet normal 0.931336177452373 -0.36416057525273404 0
    outer loop
      vertex 127.86488039820591 -167.9995456966314 80.49
      vertex 128.01024103175638 -167.62778767008228 80.49
      vertex 127.86488039820591 -167.9995456966314 84.24000000000001
    endloop
  endfacet
  facet normal -0.9510565162951623 0.30901699437492064 0
    outer loop
      vertex 126.1400590966388 -167.20246278969023 81.25
      vertex 126.25957306135751 -166.83463662801284 83.05000000000001
      vertex 126.25957306135751 -166.83463662801284 81.25
    endloop
  endfacet
  facet normal -0.994521895368271 0.10452846326767644 0
    outer loop
      vertex 126.25957306135751 -166.83463662801284 81.25
      vertex 126.29999999999998 -166.45 83.05000000000001
      vertex 126.29999999999998 -166.45 81.25
    endloop
  endfacet
  facet normal 0.9647678688144681 -0.26310256422769684 0
    outer loop
      vertex 128.01024103175638 -167.62778767008228 80.49
      vertex 128.11526271181702 -167.24268483861107 80.49
      vertex 128.01024103175638 -167.62778767008228 84.24000000000001
    endloop
  endfacet
  facet normal 0.9872683547213653 -0.15906349601894348 0
    outer loop
      vertex 128.11526271181702 -167.24268483861107 80.49
      vertex 128.178755500788 -166.8486005711776 80.49
      vertex 128.11526271181702 -167.24268483861107 84.24000000000001
    endloop
  endfacet
  facet normal 0.9985826956767596 -0.053222174842222233 0
    outer loop
      vertex 128.178755500788 -166.8486005711776 80.49
      vertex 128.2 -166.45 80.49
      vertex 128.178755500788 -166.8486005711776 84.24000000000001
    endloop
  endfacet
  facet normal -0.994521895368271 0.10452846326767644 0
    outer loop
      vertex 126.25957306135751 -166.83463662801284 81.25
      vertex 126.25957306135751 -166.83463662801284 83.05000000000001
      vertex 126.29999999999998 -166.45 83.05000000000001
    endloop
  endfacet
  facet normal 0.026620521437788418 -0.9996456111234522 0
    outer loop
      vertex 124.74919789582407 -170.1880450263653 80.49
      vertex 124.74919789582407 -170.1880450263653 84.24000000000001
      vertex 124.35017304460834 -170.19867104171294 84.24000000000001
    endloop
  endfacet
  facet normal 0.13272552728370465 -0.9911528310040094 0
    outer loop
      vertex 125.14483271532669 -170.13506546722195 80.49
      vertex 125.14483271532669 -170.13506546722195 84.24000000000001
      vertex 124.74919789582407 -170.1880450263653 84.24000000000001
    endloop
  endfacet
  facet normal 0 0 1
    outer loop
      vertex 124.64337765704516 -168.28986550643128 83.05000000000001
      vertex 124.83463662801284 -168.25957306135754 83.05000000000001
      vertex 125.02168143959364 -168.209454555146 83.05000000000001
    endloop
  endfacet
  facet normal -0.03703247672028796 0.7066217501846237 0.7066217501846237
    outer loop
      vertex 124.44999999999999 -168.29999999999998 83.05000000000001
      vertex 124.44999999999999 -169.48999999999998 84.24000000000001
      vertex 124.64337765704516 -168.28986550643128 83.05000000000001
    endloop
  endfacet
  facet normal -0.11069169459624578 0.6988798544195047 0.7066217501846255
    outer loop
      vertex 124.64337765704516 -168.28986550643128 83.05000000000001
      vertex 124.76776652833365 -169.47334656191953 84.24000000000001
      vertex 124.83463662801284 -168.25957306135754 83.05000000000001
    endloop
  endfacet
  facet normal -0.18313815110275292 0.6834808847193142 0.7066217501846153
    outer loop
      vertex 124.83463662801284 -168.25957306135754 83.05000000000001
      vertex 125.08205154008596 -169.42356870623075 84.24000000000001
      vertex 125.02168143959364 -168.209454555146 83.05000000000001
    endloop
  endfacet
  facet normal 0.2373266998711417 -0.9714298932647034 0
    outer loop
      vertex 125.53259480252356 -170.0403326438575 80.49
      vertex 125.53259480252356 -170.0403326438575 84.24000000000001
      vertex 125.14483271532669 -170.13506546722195 84.24000000000001
    endloop
  endfacet
  facet normal 0.33923886611801657 -0.9407002666710382 0
    outer loop
      vertex 125.90809065802495 -169.90491991701404 80.49
      vertex 125.90809065802495 -169.90491991701404 84.24000000000001
      vertex 125.53259480252356 -170.0403326438575 84.24000000000001
    endloop
  endfacet
  facet normal 0.43730732045885434 -0.8993121301712197 0
    outer loop
      vertex 126.26706576374744 -169.73036156699484 80.49
      vertex 126.26706576374744 -169.73036156699484 84.24000000000001
      vertex 125.90809065802495 -169.90491991701404 84.24000000000001
    endloop
  endfacet
  facet normal 0 0 1
    outer loop
      vertex 125.02168143959364 -168.209454555146 83.05000000000001
      vertex 125.20246278969023 -168.1400590966388 83.05000000000001
      vertex 125.375 -168.0521469970012 83.05000000000001
    endloop
  endfacet
  facet normal 0 0 1
    outer loop
      vertex 125.375 -168.0521469970012 83.05000000000001
      vertex 125.53740271674107 -167.94668143959365 83.05000000000001
      vertex 125.68789162176387 -167.82481792713318 83.05000000000001
    endloop
  endfacet
  facet normal 0 0 1
    outer loop
      vertex 125.68789162176387 -167.82481792713318 83.05000000000001
      vertex 125.82481792713315 -167.68789162176387 83.05000000000001
      vertex 125.94668143959365 -167.53740271674107 83.05000000000001
    endloop
  endfacet
  facet normal -0.2535781077013397 0.6605935554186289 0.7066217501846251
    outer loop
      vertex 125.02168143959364 -168.209454555146 83.05000000000001
      vertex 125.38941166289982 -169.34121180953724 84.24000000000001
      vertex 125.20246278969023 -168.1400590966388 83.05000000000001
    endloop
  endfacet
  facet normal -0.32123980948751724 0.6304686248866336 0.706621750184624
    outer loop
      vertex 125.20246278969023 -168.1400590966388 83.05000000000001
      vertex 125.68647939495042 -169.2271781912335 84.24000000000001
      vertex 125.375 -168.0521469970012 83.05000000000001
    endloop
  endfacet
  facet normal -0.3853819406970853 0.5934361481663915 0.7066217501846266
    outer loop
      vertex 125.375 -168.0521469970012 83.05000000000001
      vertex 125.97 -169.08271722750467 84.24000000000001
      vertex 125.53740271674107 -167.94668143959365 83.05000000000001
    endloop
  endfacet
  facet normal -0.44530174671812023 0.5499018608222831 0.7066217501846243
    outer loop
      vertex 125.53740271674107 -167.94668143959365 83.05000000000001
      vertex 126.23686716696912 -168.90941166289983 84.24000000000001
      vertex 125.68789162176387 -167.82481792713318 83.05000000000001
    endloop
  endfacet
  facet normal -0.5003427336167289 0.5003427336166251 0.7066217501846246
    outer loop
      vertex 125.68789162176387 -167.82481792713318 83.05000000000001
      vertex 126.48415704333092 -168.70916026945127 84.24000000000001
      vertex 125.82481792713315 -167.68789162176387 83.05000000000001
    endloop
  endfacet
  facet normal -0.549901860822229 0.44530174671818035 0.7066217501846285
    outer loop
      vertex 125.82481792713315 -167.68789162176387 83.05000000000001
      vertex 126.70916026945125 -168.48415704333092 84.24000000000001
      vertex 125.94668143959365 -167.53740271674107 83.05000000000001
    endloop
  endfacet
  facet normal -0.037032476720282335 0.7066217501846234 0.7066217501846243
    outer loop
      vertex 124.64337765704516 -168.28986550643128 83.05000000000001
      vertex 124.44999999999999 -169.48999999999998 84.24000000000001
      vertex 124.76776652833365 -169.47334656191953 84.24000000000001
    endloop
  endfacet
  facet normal -0.11069169459631432 0.6988798544195013 0.706621750184618
    outer loop
      vertex 124.83463662801284 -168.25957306135754 83.05000000000001
      vertex 124.76776652833365 -169.47334656191953 84.24000000000001
      vertex 125.08205154008596 -169.42356870623075 84.24000000000001
    endloop
  endfacet
  facet normal -0.1831381511026675 0.6834808847193276 0.7066217501846245
    outer loop
      vertex 125.02168143959364 -168.209454555146 83.05000000000001
      vertex 125.08205154008596 -169.42356870623075 84.24000000000001
      vertex 125.38941166289982 -169.34121180953724 84.24000000000001
    endloop
  endfacet
  facet normal 0 0 1
    outer loop
      vertex 124.35017304460834 -170.19867104171294 84.24000000000001
      vertex 124.76776652833365 -169.47334656191953 84.24000000000001
      vertex 124.44999999999999 -169.48999999999998 84.24000000000001
    endloop
  endfacet
  facet normal 0 0 1
    outer loop
      vertex 124.35017304460834 -170.19867104171294 84.24000000000001
      vertex 124.74919789582407 -170.1880450263653 84.24000000000001
      vertex 125.14483271532669 -170.13506546722195 84.24000000000001
    endloop
  endfacet
  facet normal 0 0 1
    outer loop
      vertex 124.35017304460834 -170.19867104171294 84.24000000000001
      vertex 125.08205154008596 -169.42356870623075 84.24000000000001
      vertex 124.76776652833365 -169.47334656191953 84.24000000000001
    endloop
  endfacet
  facet normal 0 0 1
    outer loop
      vertex 124.35017304460834 -170.19867104171294 84.24000000000001
      vertex 125.38941166289982 -169.34121180953724 84.24000000000001
      vertex 125.08205154008596 -169.42356870623075 84.24000000000001
    endloop
  endfacet
  facet normal 0 0 1
    outer loop
      vertex 124.35017304460834 -170.19867104171294 84.24000000000001
      vertex 125.14483271532669 -170.13506546722195 84.24000000000001
      vertex 125.90809065802495 -169.90491991701404 84.24000000000001
    endloop
  endfacet
  facet normal 0 0 1
    outer loop
      vertex 124.35017304460834 -170.19867104171294 84.24000000000001
      vertex 125.68647939495042 -169.2271781912335 84.24000000000001
      vertex 125.38941166289982 -169.34121180953724 84.24000000000001
    endloop
  endfacet
  facet normal -0.2535781077013513 0.6605935554186259 0.7066217501846237
    outer loop
      vertex 125.20246278969023 -168.1400590966388 83.05000000000001
      vertex 125.38941166289982 -169.34121180953724 84.24000000000001
      vertex 125.68647939495042 -169.2271781912335 84.24000000000001
    endloop
  endfacet
  facet normal 0 0 1
    outer loop
      vertex 125.14483271532669 -170.13506546722195 84.24000000000001
      vertex 125.53259480252356 -170.0403326438575 84.24000000000001
      vertex 125.90809065802495 -169.90491991701404 84.24000000000001
    endloop
  endfacet
  facet normal 0 0 1
    outer loop
      vertex 124.35017304460834 -170.19867104171294 84.24000000000001
      vertex 125.97 -169.08271722750467 84.24000000000001
      vertex 125.68647939495042 -169.2271781912335 84.24000000000001
    endloop
  endfacet
  facet normal 0 0 1
    outer loop
      vertex 124.35017304460834 -170.19867104171294 84.24000000000001
      vertex 125.90809065802495 -169.90491991701404 84.24000000000001
      vertex 127.46016864224111 -168.68637759451937 84.24000000000001
    endloop
  endfacet
  facet normal 0 0 1
    outer loop
      vertex 124.35017304460834 -170.19867104171294 84.24000000000001
      vertex 127.46016864224111 -168.68637759451937 84.24000000000001
      vertex 125.97 -169.08271722750467 84.24000000000001
    endloop
  endfacet
  facet normal -0.32123980948750225 0.6304686248866392 0.7066217501846256
    outer loop
      vertex 125.375 -168.0521469970012 83.05000000000001
      vertex 125.68647939495042 -169.2271781912335 84.24000000000001
      vertex 125.97 -169.08271722750467 84.24000000000001
    endloop
  endfacet
  facet normal -0.38538194069710896 0.5934361481663794 0.7066217501846238
    outer loop
      vertex 125.53740271674107 -167.94668143959365 83.05000000000001
      vertex 125.97 -169.08271722750467 84.24000000000001
      vertex 126.23686716696912 -168.90941166289983 84.24000000000001
    endloop
  endfacet
  facet normal -0.445301746718107 0.5499018608222918 0.7066217501846259
    outer loop
      vertex 125.68789162176387 -167.82481792713318 83.05000000000001
      vertex 126.23686716696912 -168.90941166289983 84.24000000000001
      vertex 126.48415704333092 -168.70916026945127 84.24000000000001
    endloop
  endfacet
  facet normal 0 0 1
    outer loop
      vertex 126.05214699700122 -167.375 83.05000000000001
      vertex 126.1400590966388 -167.20246278969023 83.05000000000001
      vertex 125.94668143959365 -167.53740271674107 83.05000000000001
    endloop
  endfacet
  facet normal 0.5304209081197468 -0.8477344278896681 0
    outer loop
      vertex 126.60545278830404 -169.51863540965562 80.49
      vertex 126.60545278830404 -169.51863540965562 84.24000000000001
      vertex 126.26706576374744 -169.73036156699484 84.24000000000001
    endloop
  endfacet
  facet normal 0.6175246149462276 -0.7865515558026145 0
    outer loop
      vertex 126.91941767149387 -169.2721403869605 80.49
      vertex 126.91941767149387 -169.2721403869605 84.24000000000001
      vertex 126.60545278830404 -169.51863540965562 84.24000000000001
    endloop
  endfacet
  facet normal 0.6976315211349473 -0.7164567402983517 0
    outer loop
      vertex 127.2054030657365 -168.99366938601105 80.49
      vertex 127.2054030657365 -168.99366938601105 84.24000000000001
      vertex 126.91941767149387 -169.2721403869605 84.24000000000001
    endloop
  endfacet
  facet normal -0.5934361481663392 0.38538194069715515 0.7066217501846325
    outer loop
      vertex 126.05214699700122 -167.375 83.05000000000001
      vertex 125.94668143959365 -167.53740271674107 83.05000000000001
      vertex 126.90941166289986 -168.23686716696912 84.24000000000001
    endloop
  endfacet
  facet normal 0.7698339834299065 -0.6382441836448199 0
    outer loop
      vertex 127.46016864224111 -168.68637759451937 80.49
      vertex 127.46016864224111 -168.68637759451937 84.24000000000001
      vertex 127.2054030657365 -168.99366938601105 84.24000000000001
    endloop
  endfacet
  facet normal 0.8333139190824976 -0.5528000653612197 0
    outer loop
      vertex 127.46016864224111 -168.68637759451937 80.49
      vertex 127.68082780522678 -168.35374675127065 84.24000000000001
      vertex 127.46016864224111 -168.68637759451937 84.24000000000001
    endloop
  endfacet
  facet normal 0.8873520750566037 -0.4610925014492639 0
    outer loop
      vertex 127.86488039820591 -167.9995456966314 80.49
      vertex 127.86488039820591 -167.9995456966314 84.24000000000001
      vertex 127.68082780522678 -168.35374675127065 84.24000000000001
    endloop
  endfacet
  facet normal 0.931336177452373 -0.36416057525273404 0
    outer loop
      vertex 128.01024103175638 -167.62778767008228 80.49
      vertex 128.01024103175638 -167.62778767008228 84.24000000000001
      vertex 127.86488039820591 -167.9995456966314 84.24000000000001
    endloop
  endfacet
  facet normal 0 0 1
    outer loop
      vertex 125.90809065802495 -169.90491991701404 84.24000000000001
      vertex 126.26706576374744 -169.73036156699484 84.24000000000001
      vertex 126.60545278830404 -169.51863540965562 84.24000000000001
    endloop
  endfacet
  facet normal 0 0 1
    outer loop
      vertex 125.90809065802495 -169.90491991701404 84.24000000000001
      vertex 126.60545278830404 -169.51863540965562 84.24000000000001
      vertex 127.46016864224111 -168.68637759451937 84.24000000000001
    endloop
  endfacet
  facet normal 0 0 1
    outer loop
      vertex 125.97 -169.08271722750467 84.24000000000001
      vertex 127.46016864224111 -168.68637759451937 84.24000000000001
      vertex 126.23686716696912 -168.90941166289983 84.24000000000001
    endloop
  endfacet
  facet normal 0 0 1
    outer loop
      vertex 126.60545278830404 -169.51863540965562 84.24000000000001
      vertex 126.91941767149387 -169.2721403869605 84.24000000000001
      vertex 127.46016864224111 -168.68637759451937 84.24000000000001
    endloop
  endfacet
  facet normal 0 0 1
    outer loop
      vertex 126.91941767149387 -169.2721403869605 84.24000000000001
      vertex 127.2054030657365 -168.99366938601105 84.24000000000001
      vertex 127.46016864224111 -168.68637759451937 84.24000000000001
    endloop
  endfacet
  facet normal -0.5003427336167063 0.500342733616643 0.7066217501846278
    outer loop
      vertex 125.82481792713315 -167.68789162176387 83.05000000000001
      vertex 126.48415704333092 -168.70916026945127 84.24000000000001
      vertex 126.70916026945125 -168.48415704333092 84.24000000000001
    endloop
  endfacet
  facet normal -0.5499018608222277 0.4453017467181819 0.7066217501846286
    outer loop
      vertex 125.94668143959365 -167.53740271674107 83.05000000000001
      vertex 126.70916026945125 -168.48415704333092 84.24000000000001
      vertex 126.90941166289986 -168.23686716696912 84.24000000000001
    endloop
  endfacet
  facet normal -0.5934361481664114 0.3853819406970666 0.7066217501846201
    outer loop
      vertex 126.05214699700122 -167.375 83.05000000000001
      vertex 126.90941166289986 -168.23686716696912 84.24000000000001
      vertex 127.08271722750467 -167.97 84.24000000000001
    endloop
  endfacet
  facet normal -0.6304686248866403 0.32123980948750286 0.7066217501846244
    outer loop
      vertex 126.1400590966388 -167.20246278969023 83.05000000000001
      vertex 127.08271722750467 -167.97 84.24000000000001
      vertex 127.22717819123349 -167.68647939495042 84.24000000000001
    endloop
  endfacet
  facet normal 0 0 1
    outer loop
      vertex 126.23686716696912 -168.90941166289983 84.24000000000001
      vertex 127.46016864224111 -168.68637759451937 84.24000000000001
      vertex 126.48415704333092 -168.70916026945127 84.24000000000001
    endloop
  endfacet
  facet normal 0 0 1
    outer loop
      vertex 126.48415704333092 -168.70916026945127 84.24000000000001
      vertex 127.46016864224111 -168.68637759451937 84.24000000000001
      vertex 126.70916026945125 -168.48415704333092 84.24000000000001
    endloop
  endfacet
  facet normal 0 0 1
    outer loop
      vertex 126.70916026945125 -168.48415704333092 84.24000000000001
      vertex 127.46016864224111 -168.68637759451937 84.24000000000001
      vertex 126.90941166289986 -168.23686716696912 84.24000000000001
    endloop
  endfacet
  facet normal 0 0 1
    outer loop
      vertex 126.90941166289986 -168.23686716696912 84.24000000000001
      vertex 127.46016864224111 -168.68637759451937 84.24000000000001
      vertex 127.08271722750467 -167.97 84.24000000000001
    endloop
  endfacet
  facet normal 0 0 1
    outer loop
      vertex 127.08271722750467 -167.97 84.24000000000001
      vertex 127.46016864224111 -168.68637759451937 84.24000000000001
      vertex 127.22717819123349 -167.68647939495042 84.24000000000001
    endloop
  endfacet
  facet normal 0 0 1
    outer loop
      vertex 127.46016864224111 -168.68637759451937 84.24000000000001
      vertex 127.34121180953724 -167.38941166289982 84.24000000000001
      vertex 127.22717819123349 -167.68647939495042 84.24000000000001
    endloop
  endfacet
  facet normal 0 0 1
    outer loop
      vertex 127.46016864224111 -168.68637759451937 84.24000000000001
      vertex 127.42356870623072 -167.08205154008598 84.24000000000001
      vertex 127.34121180953724 -167.38941166289982 84.24000000000001
    endloop
  endfacet
  facet normal 0 0 1
    outer loop
      vertex 127.46016864224111 -168.68637759451937 84.24000000000001
      vertex 127.68082780522678 -168.35374675127065 84.24000000000001
      vertex 128.01024103175638 -167.62778767008228 84.24000000000001
    endloop
  endfacet
  facet normal 0 0 1
    outer loop
      vertex 127.68082780522678 -168.35374675127065 84.24000000000001
      vertex 127.86488039820591 -167.9995456966314 84.24000000000001
      vertex 128.01024103175638 -167.62778767008228 84.24000000000001
    endloop
  endfacet
  facet normal 0 0 1
    outer loop
      vertex 127.46016864224111 -168.68637759451937 84.24000000000001
      vertex 128.01024103175638 -167.62778767008228 84.24000000000001
      vertex 128.2 -166.45 84.24000000000001
    endloop
  endfacet
  facet normal 0 0 1
    outer loop
      vertex 126.1400590966388 -167.20246278969023 83.05000000000001
      vertex 126.20945455514601 -167.02168143959364 83.05000000000001
      vertex 126.25957306135751 -166.83463662801284 83.05000000000001
    endloop
  endfacet
  facet normal 0 0 1
    outer loop
      vertex 126.28986550643128 -166.64337765704514 83.05000000000001
      vertex 126.29999999999998 -166.45 83.05000000000001
      vertex 126.25957306135751 -166.83463662801284 83.05000000000001
    endloop
  endfacet
  facet normal -0.6304686248866824 0.3212398094874383 0.706621750184616
    outer loop
      vertex 126.05214699700122 -167.375 83.05000000000001
      vertex 127.08271722750467 -167.97 84.24000000000001
      vertex 126.1400590966388 -167.20246278969023 83.05000000000001
    endloop
  endfacet
  facet normal -0.6605935554186303 0.25357810770134026 0.7066217501846235
    outer loop
      vertex 126.1400590966388 -167.20246278969023 83.05000000000001
      vertex 127.22717819123349 -167.68647939495042 84.24000000000001
      vertex 126.20945455514601 -167.02168143959364 83.05000000000001
    endloop
  endfacet
  facet normal -0.6834808847193315 0.18313815110265372 0.7066217501846241
    outer loop
      vertex 126.20945455514601 -167.02168143959364 83.05000000000001
      vertex 127.34121180953724 -167.38941166289982 84.24000000000001
      vertex 126.25957306135751 -166.83463662801284 83.05000000000001
    endloop
  endfacet
  facet normal -0.6988798544194967 0.11069169459633195 0.7066217501846199
    outer loop
      vertex 126.28986550643128 -166.64337765704514 83.05000000000001
      vertex 126.25957306135751 -166.83463662801284 83.05000000000001
      vertex 127.42356870623072 -167.08205154008598 84.24000000000001
    endloop
  endfacet
  facet normal -0.7066217501846136 0.03703247672029288 0.7066217501846335
    outer loop
      vertex 126.28986550643128 -166.64337765704514 83.05000000000001
      vertex 127.47334656191956 -166.76776652833365 84.24000000000001
      vertex 126.29999999999998 -166.45 83.05000000000001
    endloop
  endfacet
  facet normal 0.9647678688144681 -0.26310256422769684 0
    outer loop
      vertex 128.11526271181702 -167.24268483861107 80.49
      vertex 128.11526271181702 -167.24268483861107 84.24000000000001
      vertex 128.01024103175638 -167.62778767008228 84.24000000000001
    endloop
  endfacet
  facet normal 0.9872683547213653 -0.15906349601894348 0
    outer loop
      vertex 128.178755500788 -166.8486005711776 80.49
      vertex 128.178755500788 -166.8486005711776 84.24000000000001
      vertex 128.11526271181702 -167.24268483861107 84.24000000000001
    endloop
  endfacet
  facet normal 0.9985826956767596 -0.053222174842222233 0
    outer loop
      vertex 128.2 -166.45 80.49
      vertex 128.2 -166.45 84.24000000000001
      vertex 128.178755500788 -166.8486005711776 84.24000000000001
    endloop
  endfacet
  facet normal -0.6605935554186247 0.2535781077013509 0.7066217501846247
    outer loop
      vertex 127.22717819123349 -167.68647939495042 84.24000000000001
      vertex 127.34121180953724 -167.38941166289982 84.24000000000001
      vertex 126.20945455514601 -167.02168143959364 83.05000000000001
    endloop
  endfacet
  facet normal -0.6834808847193427 0.18313815110262543 0.7066217501846208
    outer loop
      vertex 126.25957306135751 -166.83463662801284 83.05000000000001
      vertex 127.34121180953724 -167.38941166289982 84.24000000000001
      vertex 127.42356870623072 -167.08205154008598 84.24000000000001
    endloop
  endfacet
  facet normal -0.6988798544194712 0.11069169459642611 0.7066217501846302
    outer loop
      vertex 126.28986550643128 -166.64337765704514 83.05000000000001
      vertex 127.42356870623072 -167.08205154008598 84.24000000000001
      vertex 127.47334656191956 -166.76776652833365 84.24000000000001
    endloop
  endfacet
  facet normal -0.7066217501846256 0.03703247672021896 0.7066217501846256
    outer loop
      vertex 126.29999999999998 -166.45 83.05000000000001
      vertex 127.47334656191956 -166.76776652833365 84.24000000000001
      vertex 127.48999999999998 -166.45 84.24000000000001
    endloop
  endfacet
  facet normal 0 0 1
    outer loop
      vertex 127.46016864224111 -168.68637759451937 84.24000000000001
      vertex 128.2 -166.45 84.24000000000001
      vertex 127.42356870623072 -167.08205154008598 84.24000000000001
    endloop
  endfacet
  facet normal 0 0 1
    outer loop
      vertex 127.42356870623072 -167.08205154008598 84.24000000000001
      vertex 128.2 -166.45 84.24000000000001
      vertex 127.47334656191956 -166.76776652833365 84.24000000000001
    endloop
  endfacet
  facet normal 0 0 1
    outer loop
      vertex 128.01024103175638 -167.62778767008228 84.24000000000001
      vertex 128.11526271181702 -167.24268483861107 84.24000000000001
      vertex 128.2 -166.45 84.24000000000001
    endloop
  endfacet
  facet normal 0 0 1
    outer loop
      vertex 127.47334656191956 -166.76776652833365 84.24000000000001
      vertex 128.2 -166.45 84.24000000000001
      vertex 127.48999999999998 -166.45 84.24000000000001
    endloop
  endfacet
  facet normal 0 0 1
    outer loop
      vertex 128.11526271181702 -167.24268483861107 84.24000000000001
      vertex 128.178755500788 -166.8486005711776 84.24000000000001
      vertex 128.2 -166.45 84.24000000000001
    endloop
  endfacet
  facet normal -1 0 0
    outer loop
      vertex 126 166.45 80.95000000000002
      vertex 126 -166.27073236402796 80.49
      vertex 126 -166.45 80.53
    endloop
  endfacet
  facet normal -1 0 0
    outer loop
      vertex 126 -166.45 80.95000000000002
      vertex 126 166.45 80.95000000000002
      vertex 126 -166.45 80.53
    endloop
  endfacet
  facet normal -0.7071067811865476 0 0.7071067811865476
    outer loop
      vertex 126 -166.45 80.95000000000002
      vertex 126.29999999999998 -166.45 81.25
      vertex 126 166.45 80.95000000000002
    endloop
  endfacet
  facet normal 1 0 0
    outer loop
      vertex 128.2 -166.45 80.49
      vertex 128.2 166.45 80.49
      vertex 128.2 -166.45 84.24000000000001
    endloop
  endfacet
  facet normal -1 0 0
    outer loop
      vertex 126.29999999999998 -166.45 81.25
      vertex 126.29999999999998 -166.45 83.05000000000001
      vertex 126.29999999999998 166.45 83.05000000000001
    endloop
  endfacet
  facet normal -0.7071067811865475 0 0.7071067811865475
    outer loop
      vertex 126.29999999999998 -166.45 83.05000000000001
      vertex 127.48999999999998 -166.45 84.24000000000001
      vertex 126.29999999999998 166.45 83.05000000000001
    endloop
  endfacet
  facet normal 0 0 1
    outer loop
      vertex 127.48999999999998 -166.45 84.24000000000001
      vertex 128.2 -166.45 84.24000000000001
      vertex 128.2 166.45 84.24000000000001
    endloop
  endfacet
  facet normal 0 -1 0
    outer loop
      vertex -124.35267469472956 167.99694142906384 80.95499043412154
      vertex 124.54732530527042 167.99694142906384 80.53
      vertex 124.54732530527042 167.99694142906384 80.95499043412153
    endloop
  endfacet
  facet normal 4.022854514470855e-17 -0.7096105303892833 0.7045941350597804
    outer loop
      vertex -124.35267469472956 167.99694142906384 80.95499043412154
      vertex 124.54732530527042 167.99694142906384 80.95499043412153
      vertex 124.64337765704516 168.28986550643128 81.25
    endloop
  endfacet
  facet normal 0 1 0
    outer loop
      vertex -124.54982695539164 170.19867104171294 80.49
      vertex 124.35017304460834 170.19867104171294 84.24000000000001
      vertex 124.35017304460834 170.19867104171294 80.49
    endloop
  endfacet
  facet normal 0 -1 0
    outer loop
      vertex -124.64337765704515 168.28986550643128 83.05000000000001
      vertex 124.64337765704516 168.28986550643128 81.25
      vertex 124.64337765704516 168.28986550643128 83.05000000000001
    endloop
  endfacet
  facet normal 0 0 1
    outer loop
      vertex -124.64337765704515 168.28986550643128 83.05000000000001
      vertex 124.64337765704516 168.28986550643128 83.05000000000001
      vertex 124.44999999999999 168.3 83.05000000000001
    endloop
  endfacet
  facet normal 0 -0.7071067811865475 0.7071067811865475
    outer loop
      vertex -124.44999999999999 168.3 83.05000000000001
      vertex 124.44999999999999 168.3 83.05000000000001
      vertex 124.44999999999999 169.49 84.24000000000001
    endloop
  endfacet
  facet normal 0 0 1
    outer loop
      vertex -124.54982695539164 170.19867104171294 84.24000000000001
      vertex 124.44999999999999 169.49 84.24000000000001
      vertex 124.35017304460834 170.19867104171294 84.24000000000001
    endloop
  endfacet
  facet normal -1 0 0
    outer loop
      vertex 126 166.45 80.49
      vertex 126 -166.27073236402796 80.49
      vertex 126 166.45 80.53
    endloop
  endfacet
  facet normal -1 0 0
    outer loop
      vertex 126 -166.27073236402796 80.49
      vertex 126 166.45 80.95000000000002
      vertex 126 166.45 80.53
    endloop
  endfacet
  facet normal -0.7071067811865476 0 0.7071067811865476
    outer loop
      vertex 126.29999999999998 -166.45 81.25
      vertex 126.29999999999998 166.45 81.25
      vertex 126 166.45 80.95000000000002
    endloop
  endfacet
  facet normal -1 0 0
    outer loop
      vertex 126.29999999999998 -166.45 81.25
      vertex 126.29999999999998 166.45 83.05000000000001
      vertex 126.29999999999998 166.45 81.25
    endloop
  endfacet
  facet normal 1 0 0
    outer loop
      vertex 128.2 -166.45 84.24000000000001
      vertex 128.2 166.45 80.49
      vertex 128.2 166.45 84.24000000000001
    endloop
  endfacet
  facet normal -0.7071067811865475 0 0.7071067811865475
    outer loop
      vertex 127.48999999999998 -166.45 84.24000000000001
      vertex 127.48999999999998 166.45 84.24000000000001
      vertex 126.29999999999998 166.45 83.05000000000001
    endloop
  endfacet
  facet normal 0 0 1
    outer loop
      vertex 127.48999999999998 -166.45 84.24000000000001
      vertex 128.2 166.45 84.24000000000001
      vertex 127.48999999999998 166.45 84.24000000000001
    endloop
  endfacet
  facet normal -0.8090169943750058 -0.5877852522923926 0
    outer loop
      vertex 125.57990137250317 167.5110480141895 80.95607843936583
      vertex 125.57990137250317 167.5110480141895 80.53
      vertex 125.80827535406797 167.19671819485762 80.53
    endloop
  endfacet
  facet normal -0.8090169943750128 -0.5877852522923831 -1.0746476595799994e-14
    outer loop
      vertex 125.66764860943462 167.39027430370572 80.94027414116749
      vertex 125.57990137250317 167.5110480141895 80.95607843936583
      vertex 125.80827535406797 167.19671819485762 80.53
    endloop
  endfacet
  facet normal -0.6374239897486609 -0.7705132427758131 0
    outer loop
      vertex 125.57990137250317 167.5110480141895 80.95607843936583
      vertex 125.51047967419791 167.5684786376392 80.94274811320243
      vertex 125.57990137250317 167.5110480141895 80.53
    endloop
  endfacet
  facet normal -0.9921147013144684 -0.1253332335643781 -2.2960294609330402e-14
    outer loop
      vertex 125.95165887981153 166.83265936857316 80.95338578932541
      vertex 125.95130389974935 166.83546932510552 80.53
      vertex 126 166.45 80.53
    endloop
  endfacet
  facet normal -0.9921147013144634 -0.12533323356441797 0
    outer loop
      vertex 125.96993747055149 166.68796942420096 80.94494906489876
      vertex 126 166.45 80.53
      vertex 126 166.45 80.95000000000002
    endloop
  endfacet
  facet normal -0.9921147013144687 -0.12533323356437726 -2.3725753717596162e-14
    outer loop
      vertex 125.96993747055149 166.68796942420096 80.94494906489876
      vertex 125.95165887981153 166.83265936857316 80.95338578932541
      vertex 126 166.45 80.53
    endloop
  endfacet
  facet normal -0.9921147013148987 -0.12533323356097295 0
    outer loop
      vertex 125.95165887981153 166.83265936857316 80.95338578932541
      vertex 125.95130389974935 166.83546932510552 80.95392222140448
      vertex 125.95130389974935 166.83546932510552 80.53
    endloop
  endfacet
  facet normal -0.9297764858882537 -0.3681245526846722 0
    outer loop
      vertex 125.80827535406797 167.19671819485762 80.96062352999814
      vertex 125.80827535406797 167.19671819485762 80.53
      vertex 125.95130389974935 166.83546932510552 80.53
    endloop
  endfacet
  facet normal -0.9297764858882596 -0.368124552684657 0
    outer loop
      vertex 125.86347698585772 167.0572947881697 80.9387804161032
      vertex 125.95130389974935 166.83546932510552 80.53
      vertex 125.95130389974935 166.83546932510552 80.95392222140448
    endloop
  endfacet
  facet normal -0.9297764858882428 -0.36812455268469996 2.6908454221042858e-14
    outer loop
      vertex 125.86347698585772 167.0572947881697 80.9387804161032
      vertex 125.80827535406797 167.19671819485762 80.96062352999814
      vertex 125.95130389974935 166.83546932510552 80.53
    endloop
  endfacet
  facet normal -0.8090169943750036 -0.5877852522923956 -1.6734236702879739e-15
    outer loop
      vertex 125.66764860943462 167.39027430370572 80.94027414116749
      vertex 125.80827535406797 167.19671819485762 80.53
      vertex 125.75313385228566 167.27261396097845 80.9508454828929
    endloop
  endfacet
  facet normal -0.8090169943749992 -0.5877852522924019 0
    outer loop
      vertex 125.80827535406797 167.19671819485762 80.96062352999814
      vertex 125.75313385228566 167.27261396097845 80.9508454828929
      vertex 125.80827535406797 167.19671819485762 80.53
    endloop
  endfacet
  facet normal -0.7051619993942788 -0.07411551268476878 0.7051619993942789
    outer loop
      vertex 125.96993747055149 166.68796942420096 80.94494906489876
      vertex 126 166.45 80.95000000000002
      vertex 126.29999999999998 166.45 81.25
    endloop
  endfacet
  facet normal -0.6875854203444134 -0.12853199084150368 0.7146368427810843
    outer loop
      vertex 125.96993747055149 166.68796942420096 80.94494906489876
      vertex 126.25957306135751 166.83463662801284 81.25
      vertex 125.95165887981153 166.83265936857316 80.95338578932541
    endloop
  endfacet
  facet normal -0.6760895893248626 -0.2196748239896075 0.7033106276117784
    outer loop
      vertex 125.95165887981153 166.83265936857316 80.95338578932541
      vertex 126.25957306135751 166.83463662801284 81.25
      vertex 125.95130389974935 166.83546932510552 80.95392222140448
    endloop
  endfacet
  facet normal -0.7051619993942785 -0.07411551268476746 0.7051619993942795
    outer loop
      vertex 125.96993747055149 166.68796942420096 80.94494906489876
      vertex 126.29999999999998 166.45 81.25
      vertex 126.25957306135751 166.83463662801284 81.25
    endloop
  endfacet
  facet normal -0.6114959328277717 -0.3530473414265018 0.7081174329493466
    outer loop
      vertex 125.86347698585772 167.0572947881697 80.9387804161032
      vertex 126.1400590966388 167.20246278969023 81.25
      vertex 125.80827535406797 167.19671819485762 80.96062352999814
    endloop
  endfacet
  facet normal -0.5963943650978267 -0.36927175700462306 0.7127076053742366
    outer loop
      vertex 125.66764860943462 167.39027430370572 80.94027414116749
      vertex 125.75313385228566 167.27261396097845 80.9508454828929
      vertex 125.94668143959365 167.53740271674104 81.25
    endloop
  endfacet
  facet normal -0.5288150733672682 -0.4761472307454649 0.7025940740093072
    outer loop
      vertex 125.66764860943462 167.39027430370572 80.94027414116749
      vertex 125.94668143959365 167.53740271674104 81.25
      vertex 125.57990137250317 167.5110480141895 80.95607843936583
    endloop
  endfacet
  facet normal -0.6114959328278081 -0.3530473414264637 0.7081174329493342
    outer loop
      vertex 125.80827535406797 167.19671819485762 80.96062352999814
      vertex 125.94668143959365 167.53740271674104 81.25
      vertex 125.75313385228566 167.27261396097845 80.9508454828929
    endloop
  endfacet
  facet normal -0.6760895893248718 -0.2196748239896269 0.7033106276117633
    outer loop
      vertex 125.86347698585772 167.0572947881697 80.9387804161032
      vertex 125.95130389974935 166.83546932510552 80.95392222140448
      vertex 126.1400590966388 167.20246278969023 81.25
    endloop
  endfacet
  facet normal -0.6760895893248573 -0.21967482398964192 0.7033106276117729
    outer loop
      vertex 125.95130389974935 166.83546932510552 80.95392222140448
      vertex 126.25957306135751 166.83463662801284 81.25
      vertex 126.1400590966388 167.20246278969023 81.25
    endloop
  endfacet
  facet normal -0.6114959328277745 -0.3530473414264906 0.7081174329493498
    outer loop
      vertex 125.80827535406797 167.19671819485762 80.96062352999814
      vertex 126.1400590966388 167.20246278969023 81.25
      vertex 125.94668143959365 167.53740271674104 81.25
    endloop
  endfacet
  facet normal -0.18738131458588894 -0.9822872507286573 8.095520222546441e-18
    outer loop
      vertex 124.6064241336698 167.98566772460748 80.94363646592815
      vertex 124.54732530527042 167.99694142906384 80.53
      vertex 124.92897634128116 167.92413760025744 80.53
    endloop
  endfacet
  facet normal -0.18738131458588894 -0.9822872507286574 0
    outer loop
      vertex 124.6064241336698 167.98566772460748 80.94363646592815
      vertex 124.54732530527042 167.99694142906384 80.95499043412153
      vertex 124.54732530527042 167.99694142906384 80.53
    endloop
  endfacet
  facet normal -0.42577929156491195 -0.9048270524660951 -9.035897206275207e-14
    outer loop
      vertex 124.98241351867472 167.8989919732872 80.94693711489818
      vertex 124.92897634128116 167.92413760025744 80.53
      vertex 125.28053153221742 167.75870828452815 80.53
    endloop
  endfacet
  facet normal -0.18738131458579546 -0.9822872507286752 7.554320333100386e-14
    outer loop
      vertex 124.6064241336698 167.98566772460748 80.94363646592815
      vertex 124.92897634128116 167.92413760025744 80.53
      vertex 124.84285758593512 167.9405656314421 80.94869590412756
    endloop
  endfacet
  facet normal -0.1873813145861499 -0.9822872507286077 0
    outer loop
      vertex 124.84285758593512 167.9405656314421 80.94869590412756
      vertex 124.92897634128116 167.92413760025744 80.53
      vertex 124.92897634128116 167.92413760025744 80.95630449938331
    endloop
  endfacet
  facet normal -0.425779291564699 -0.9048270524661953 9.557080577384294e-14
    outer loop
      vertex 124.98241351867472 167.8989919732872 80.94693711489818
      vertex 125.28053153221742 167.75870828452815 80.53
      vertex 125.19898841064315 167.79707956491956 80.94186639142151
    endloop
  endfacet
  facet normal -0.42577929156548916 -0.9048270524658235 0
    outer loop
      vertex 124.98241351867472 167.8989919732872 80.94693711489818
      vertex 124.92897634128116 167.92413760025744 80.95630449938331
      vertex 124.92897634128116 167.92413760025744 80.53
    endloop
  endfacet
  facet normal -0.6374239897486826 -0.7705132427757951 0
    outer loop
      vertex 125.28053153221742 167.75870828452815 80.95866179364782
      vertex 125.28053153221742 167.75870828452815 80.53
      vertex 125.57990137250317 167.5110480141895 80.53
    endloop
  endfacet
  facet normal -0.4257792915650943 -0.9048270524660093 0
    outer loop
      vertex 125.19898841064315 167.79707956491956 80.94186639142151
      vertex 125.28053153221742 167.75870828452815 80.53
      vertex 125.28053153221742 167.75870828452815 80.95866179364782
    endloop
  endfacet
  facet normal -0.6374239897486604 -0.7705132427758133 2.592402046628741e-14
    outer loop
      vertex 125.39833859296263 167.66124980813618 80.94911345835153
      vertex 125.28053153221742 167.75870828452815 80.95866179364782
      vertex 125.57990137250317 167.5110480141895 80.53
    endloop
  endfacet
  facet normal -0.6374239897487184 -0.7705132427757654 -1.6327311810733093e-14
    outer loop
      vertex 125.39833859296263 167.66124980813618 80.94911345835153
      vertex 125.57990137250317 167.5110480141895 80.53
      vertex 125.51047967419791 167.5684786376392 80.94274811320243
    endloop
  endfacet
  facet normal 0.2373267009013976 0.9714298930130051 -3.719039364665419e-12
    outer loop
      vertex 125.53254360366014 170.040345152076 80.48
      vertex 125.53259480252356 170.04033264385754 80.49
      vertex 125.53255470984254 170.0403424387627 80.48
    endloop
  endfacet
  facet normal -3.158463267936503e-13 -0.7096105303892319 0.7045941350598321
    outer loop
      vertex 124.6064241336698 167.98566772460748 80.94363646592815
      vertex 124.64337765704516 168.28986550643128 81.25
      vertex 124.54732530527042 167.99694142906384 80.95499043412153
    endloop
  endfacet
  facet normal -0.1472871768206492 -0.6929316868112694 0.7057989550552562
    outer loop
      vertex 124.6064241336698 167.98566772460748 80.94363646592815
      vertex 124.84285758593512 167.9405656314421 80.94869590412756
      vertex 124.64337765704516 168.28986550643128 81.25
    endloop
  endfacet
  facet normal -0.19151004790019144 -0.6730880012200136 0.7143363662637606
    outer loop
      vertex 124.84285758593512 167.9405656314421 80.94869590412756
      vertex 124.92897634128116 167.92413760025744 80.95630449938331
      vertex 125.02168143959364 168.209454555146 81.25
    endloop
  endfacet
  facet normal -0.28925719856360804 -0.6496823050908181 0.7030243065008596
    outer loop
      vertex 124.98241351867472 167.8989919732872 80.94693711489818
      vertex 125.19898841064315 167.79707956491956 80.94186639142151
      vertex 125.375 168.05214699700122 81.25
    endloop
  endfacet
  facet normal -0.19151004790066323 -0.6730880012198698 0.7143363662637696
    outer loop
      vertex 124.98241351867472 167.8989919732872 80.94693711489818
      vertex 125.02168143959364 168.209454555146 81.25
      vertex 124.92897634128116 167.92413760025744 80.95630449938331
    endloop
  endfacet
  facet normal -0.14728717682083234 -0.6929316868113082 0.70579895505518
    outer loop
      vertex 124.84285758593512 167.9405656314421 80.94869590412756
      vertex 125.02168143959364 168.209454555146 81.25
      vertex 124.64337765704516 168.28986550643128 81.25
    endloop
  endfacet
  facet normal -0.28925719856369225 -0.6496823050907176 0.7030243065009177
    outer loop
      vertex 124.98241351867472 167.8989919732872 80.94693711489818
      vertex 125.375 168.05214699700122 81.25
      vertex 125.02168143959364 168.209454555146 81.25
    endloop
  endfacet
  facet normal -0.4144972690604513 -0.5705065472192961 0.7090234788223483
    outer loop
      vertex 125.19898841064315 167.79707956491956 80.94186639142151
      vertex 125.28053153221742 167.75870828452815 80.95866179364782
      vertex 125.375 168.05214699700122 81.25
    endloop
  endfacet
  facet normal -0.4232067586473464 -0.5604163181380102 0.7119196512246613
    outer loop
      vertex 125.39833859296263 167.66124980813618 80.94911345835153
      vertex 125.51047967419791 167.5684786376392 80.94274811320243
      vertex 125.68789162176387 167.8248179271332 81.25
    endloop
  endfacet
  facet normal -0.5288150733672629 -0.4761472307454689 0.7025940740093085
    outer loop
      vertex 125.57990137250317 167.5110480141895 80.95607843936583
      vertex 125.68789162176387 167.8248179271332 81.25
      vertex 125.51047967419791 167.5684786376392 80.94274811320243
    endloop
  endfacet
  facet normal -0.4144972690603262 -0.5705065472193743 0.7090234788223583
    outer loop
      vertex 125.39833859296263 167.66124980813618 80.94911345835153
      vertex 125.68789162176387 167.8248179271332 81.25
      vertex 125.28053153221742 167.75870828452815 80.95866179364782
    endloop
  endfacet
  facet normal -0.4144972690603372 -0.5705065472193532 0.7090234788223689
    outer loop
      vertex 125.28053153221742 167.75870828452815 80.95866179364782
      vertex 125.68789162176387 167.8248179271332 81.25
      vertex 125.375 168.05214699700122 81.25
    endloop
  endfacet
  facet normal -0.5288150733672679 -0.4761472307454657 0.702594074009307
    outer loop
      vertex 125.57990137250317 167.5110480141895 80.95607843936583
      vertex 125.94668143959365 167.53740271674104 81.25
      vertex 125.68789162176387 167.8248179271332 81.25
    endloop
  endfacet
  facet normal 0.9985826956767596 0.05322217484222224 0
    outer loop
      vertex 128.2 166.45 80.49
      vertex 128.178755500788 166.8486005711776 80.48
      vertex 128.178755500788 166.8486005711776 80.49
    endloop
  endfacet
  facet normal 0.9985826956767596 0.05322217484222224 0
    outer loop
      vertex 128.2 166.45 80.48
      vertex 128.178755500788 166.8486005711776 80.48
      vertex 128.2 166.45 80.49
    endloop
  endfacet
  facet normal 0.9647678688144601 0.26310256422772604 1.2057986814924312e-12
    outer loop
      vertex 128.11526271181702 167.24268483861107 80.49
      vertex 128.1152488455565 167.24273568464776 80.48
      vertex 128.01024103175638 167.62778767008228 80.48
    endloop
  endfacet
  facet normal 0.4373073209014155 0.8993121299560161 0
    outer loop
      vertex 126.26706576374744 169.73036156699487 80.48
      vertex 126.2670183660839 169.73038461499408 80.48
      vertex 126.26706576374744 169.73036156699487 80.49
    endloop
  endfacet
  facet normal 0.5304209081198943 0.8477344278895761 -2.121998726505087e-12
    outer loop
      vertex 126.60545278830404 169.5186354096556 80.49
      vertex 126.60541556637028 169.51865869913308 80.48
      vertex 126.26706576374744 169.73036156699487 80.48
    endloop
  endfacet
  facet normal 0.931336177452373 0.364160575252734 0
    outer loop
      vertex 127.86488039820591 167.9995456966314 80.48
      vertex 127.86488039820591 167.9995456966314 80.49
      vertex 128.01024103175638 167.62778767008228 80.48
    endloop
  endfacet
  facet normal 0.7698339834299373 0.6382441836447825 0
    outer loop
      vertex 127.4601389355692 168.68641342595527 80.48
      vertex 127.2054030657365 168.99366938601105 80.48
      vertex 127.2054030657365 168.99366938601105 80.49
    endloop
  endfacet
  facet normal -0.9510565162951623 -0.30901699437492064 0
    outer loop
      vertex 126.1400590966388 167.20246278969023 81.25
      vertex 126.25957306135751 166.83463662801284 81.25
      vertex 126.1400590966388 167.20246278969023 83.05000000000001
    endloop
  endfacet
  facet normal -0.8660254037844303 -0.5000000000000143 0
    outer loop
      vertex 126.1400590966388 167.20246278969023 81.25
      vertex 125.94668143959365 167.53740271674104 83.05000000000001
      vertex 125.94668143959365 167.53740271674104 81.25
    endloop
  endfacet
  facet normal -0.8660254037844303 -0.5000000000000143 0
    outer loop
      vertex 126.1400590966388 167.20246278969023 81.25
      vertex 126.1400590966388 167.20246278969023 83.05000000000001
      vertex 125.94668143959365 167.53740271674104 83.05000000000001
    endloop
  endfacet
  facet normal -0.40673664307572127 -0.9135454576426361 0
    outer loop
      vertex 125.02168143959364 168.209454555146 81.25
      vertex 125.375 168.05214699700122 81.25
      vertex 125.02168143959364 168.209454555146 83.05000000000001
    endloop
  endfacet
  facet normal -0.20791169081777558 -0.9781476007338022 0
    outer loop
      vertex 124.64337765704516 168.28986550643128 81.25
      vertex 125.02168143959364 168.209454555146 81.25
      vertex 124.64337765704516 168.28986550643128 83.05000000000001
    endloop
  endfacet
  facet normal 0.02662052143785957 0.9996456111234503 0
    outer loop
      vertex 124.35017304460834 170.19867104171294 80.49
      vertex 124.74919789582407 170.18804502636527 84.24000000000001
      vertex 124.74919789582407 170.18804502636527 80.49
    endloop
  endfacet
  facet normal 0.1327255272835648 0.9911528310040282 0
    outer loop
      vertex 124.74919789582407 170.18804502636527 80.49
      vertex 125.14483271532669 170.13506546722198 84.24000000000001
      vertex 125.14483271532669 170.13506546722198 80.49
    endloop
  endfacet
  facet normal -0.5877852522924533 -0.809016994374962 0
    outer loop
      vertex 125.375 168.05214699700122 81.25
      vertex 125.68789162176387 167.8248179271332 81.25
      vertex 125.375 168.05214699700122 83.05000000000001
    endloop
  endfacet
  facet normal -0.7431448254774511 -0.6691306063587952 0
    outer loop
      vertex 125.94668143959365 167.53740271674104 81.25
      vertex 125.68789162176387 167.8248179271332 83.05000000000001
      vertex 125.68789162176387 167.8248179271332 81.25
    endloop
  endfacet
  facet normal 0.2373266998711417 0.9714298932647034 0
    outer loop
      vertex 125.14483271532669 170.13506546722198 80.49
      vertex 125.53259480252356 170.04033264385754 84.24000000000001
      vertex 125.53259480252356 170.04033264385754 80.49
    endloop
  endfacet
  facet normal 0.33923886611801657 0.9407002666710382 0
    outer loop
      vertex 125.53259480252356 170.04033264385754 80.49
      vertex 125.90809065802495 169.90491991701407 84.24000000000001
      vertex 125.90809065802495 169.90491991701407 80.49
    endloop
  endfacet
  facet normal 0.43730732045885434 0.8993121301712197 0
    outer loop
      vertex 125.90809065802495 169.90491991701407 80.49
      vertex 126.26706576374744 169.73036156699487 84.24000000000001
      vertex 126.26706576374744 169.73036156699487 80.49
    endloop
  endfacet
  facet normal -0.20791169081777558 -0.9781476007338022 0
    outer loop
      vertex 125.02168143959364 168.209454555146 81.25
      vertex 125.02168143959364 168.209454555146 83.05000000000001
      vertex 124.64337765704516 168.28986550643128 83.05000000000001
    endloop
  endfacet
  facet normal -0.40673664307572127 -0.9135454576426361 0
    outer loop
      vertex 125.375 168.05214699700122 81.25
      vertex 125.375 168.05214699700122 83.05000000000001
      vertex 125.02168143959364 168.209454555146 83.05000000000001
    endloop
  endfacet
  facet normal -0.5877852522924533 -0.809016994374962 0
    outer loop
      vertex 125.68789162176387 167.8248179271332 81.25
      vertex 125.68789162176387 167.8248179271332 83.05000000000001
      vertex 125.375 168.05214699700122 83.05000000000001
    endloop
  endfacet
  facet normal -0.7431448254774511 -0.6691306063587952 0
    outer loop
      vertex 125.94668143959365 167.53740271674104 81.25
      vertex 125.94668143959365 167.53740271674104 83.05000000000001
      vertex 125.68789162176387 167.8248179271332 83.05000000000001
    endloop
  endfacet
  facet normal -0.994521895368271 -0.10452846326767644 0
    outer loop
      vertex 126.29999999999998 166.45 81.25
      vertex 126.25957306135751 166.83463662801284 83.05000000000001
      vertex 126.25957306135751 166.83463662801284 81.25
    endloop
  endfacet
  facet normal 0.9985826956767596 0.053222174842222233 0
    outer loop
      vertex 128.2 166.45 80.49
      vertex 128.178755500788 166.8486005711776 80.49
      vertex 128.2 166.45 84.24000000000001
    endloop
  endfacet
  facet normal 0.9872683547213653 0.15906349601894348 0
    outer loop
      vertex 128.178755500788 166.8486005711776 80.49
      vertex 128.11526271181702 167.24268483861107 80.49
      vertex 128.178755500788 166.8486005711776 84.24000000000001
    endloop
  endfacet
  facet normal 0.9647678688144681 0.26310256422769684 0
    outer loop
      vertex 128.11526271181702 167.24268483861107 80.49
      vertex 128.01024103175638 167.62778767008228 80.48
      vertex 128.11526271181702 167.24268483861107 84.24000000000001
    endloop
  endfacet
  facet normal -0.994521895368271 -0.10452846326767644 0
    outer loop
      vertex 126.29999999999998 166.45 81.25
      vertex 126.29999999999998 166.45 83.05000000000001
      vertex 126.25957306135751 166.83463662801284 83.05000000000001
    endloop
  endfacet
  facet normal -0.9510565162951623 -0.30901699437492064 0
    outer loop
      vertex 126.25957306135751 166.83463662801284 81.25
      vertex 126.25957306135751 166.83463662801284 83.05000000000001
      vertex 126.1400590966388 167.20246278969023 83.05000000000001
    endloop
  endfacet
  facet normal 0.5304209081198492 0.8477344278896042 0
    outer loop
      vertex 126.26706576374744 169.73036156699487 80.48
      vertex 126.26706576374744 169.73036156699487 80.49
      vertex 126.60545278830404 169.5186354096556 84.24000000000001
    endloop
  endfacet
  facet normal 0.5304209081198491 0.8477344278896042 0
    outer loop
      vertex 126.60545278830404 169.5186354096556 80.49
      vertex 126.26706576374744 169.73036156699487 80.48
      vertex 126.60545278830404 169.5186354096556 84.24000000000001
    endloop
  endfacet
  facet normal 0.6175246149461395 0.7865515558026838 0
    outer loop
      vertex 126.60545278830404 169.5186354096556 80.49
      vertex 126.91941767149387 169.27214038696053 84.24000000000001
      vertex 126.91941767149387 169.27214038696053 80.49
    endloop
  endfacet
  facet normal 0.6976315211349838 0.7164567402983161 0
    outer loop
      vertex 126.91941767149387 169.27214038696053 80.49
      vertex 127.2054030657365 168.99366938601105 84.24000000000001
      vertex 127.2054030657365 168.99366938601105 80.49
    endloop
  endfacet
  facet normal 0.7698339834292287 0.6382441836456374 -1.1785907304874585e-13
    outer loop
      vertex 127.4601389355692 168.68641342595527 80.48
      vertex 127.2054030657365 168.99366938601105 84.24000000000001
      vertex 127.46016864224111 168.68637759451934 80.49
    endloop
  endfacet
  facet normal 0.8333139190824758 0.5528000653612524 0
    outer loop
      vertex 127.68082780522678 168.35374675127065 80.49
      vertex 127.46016864224111 168.68637759451934 80.49
      vertex 127.68082780522678 168.35374675127065 84.24000000000001
    endloop
  endfacet
  facet normal 0.8873520750566037 0.4610925014492639 0
    outer loop
      vertex 127.68082780522678 168.35374675127065 80.49
      vertex 127.86488039820591 167.9995456966314 84.24000000000001
      vertex 127.86488039820591 167.9995456966314 80.49
    endloop
  endfacet
  facet normal 0.931336177452373 0.36416057525273404 0
    outer loop
      vertex 127.86488039820591 167.9995456966314 80.49
      vertex 128.01024103175638 167.62778767008228 84.24000000000001
      vertex 128.01024103175638 167.62778767008228 80.48
    endloop
  endfacet
  facet normal 0.7698339834299374 0.6382441836447825 0
    outer loop
      vertex 127.4601389355692 168.68641342595527 80.48
      vertex 127.2054030657365 168.99366938601105 80.49
      vertex 127.2054030657365 168.99366938601105 84.24000000000001
    endloop
  endfacet
  facet normal 0 0 1
    outer loop
      vertex 126.1400590966388 167.20246278969023 83.05000000000001
      vertex 126.05214699700122 167.375 83.05000000000001
      vertex 125.94668143959365 167.53740271674104 83.05000000000001
    endloop
  endfacet
  facet normal 0 0 1
    outer loop
      vertex 124.64337765704516 168.28986550643128 83.05000000000001
      vertex 125.02168143959364 168.209454555146 83.05000000000001
      vertex 124.83463662801284 168.25957306135757 83.05000000000001
    endloop
  endfacet
  facet normal -0.037032476720391325 -0.7066217501846143 0.7066217501846276
    outer loop
      vertex 124.44999999999999 168.3 83.05000000000001
      vertex 124.64337765704516 168.28986550643128 83.05000000000001
      vertex 124.76776652833368 169.47334656191953 84.24000000000001
    endloop
  endfacet
  facet normal -0.11069169459614765 -0.6988798544195408 0.7066217501846054
    outer loop
      vertex 124.64337765704516 168.28986550643128 83.05000000000001
      vertex 124.83463662801284 168.25957306135757 83.05000000000001
      vertex 125.08205154008596 169.42356870623075 84.24000000000001
    endloop
  endfacet
  facet normal -0.18313815110284618 -0.6834808847192746 0.7066217501846294
    outer loop
      vertex 124.83463662801284 168.25957306135757 83.05000000000001
      vertex 125.02168143959364 168.209454555146 83.05000000000001
      vertex 125.38941166289982 169.34121180953724 84.24000000000001
    endloop
  endfacet
  facet normal 0.02662052143785957 0.9996456111234503 0
    outer loop
      vertex 124.35017304460834 170.19867104171294 80.49
      vertex 124.35017304460834 170.19867104171294 84.24000000000001
      vertex 124.74919789582407 170.18804502636527 84.24000000000001
    endloop
  endfacet
  facet normal 0.1327255272835648 0.9911528310040282 0
    outer loop
      vertex 124.74919789582407 170.18804502636527 80.49
      vertex 124.74919789582407 170.18804502636527 84.24000000000001
      vertex 125.14483271532669 170.13506546722198 84.24000000000001
    endloop
  endfacet
  facet normal 0 0 1
    outer loop
      vertex 125.02168143959364 168.209454555146 83.05000000000001
      vertex 125.375 168.05214699700122 83.05000000000001
      vertex 125.20246278969023 168.14005909663882 83.05000000000001
    endloop
  endfacet
  facet normal 0 0 1
    outer loop
      vertex 125.375 168.05214699700122 83.05000000000001
      vertex 125.68789162176387 167.8248179271332 83.05000000000001
      vertex 125.53740271674107 167.94668143959365 83.05000000000001
    endloop
  endfacet
  facet normal 0 0 1
    outer loop
      vertex 125.94668143959365 167.53740271674104 83.05000000000001
      vertex 125.82481792713315 167.68789162176387 83.05000000000001
      vertex 125.68789162176387 167.8248179271332 83.05000000000001
    endloop
  endfacet
  facet normal -0.25357810770124956 -0.6605935554186645 0.706621750184624
    outer loop
      vertex 125.02168143959364 168.209454555146 83.05000000000001
      vertex 125.20246278969023 168.14005909663882 83.05000000000001
      vertex 125.68647939495045 169.22717819123352 84.24000000000001
    endloop
  endfacet
  facet normal -0.32123980948751796 -0.6304686248866349 0.7066217501846221
    outer loop
      vertex 125.20246278969023 168.14005909663882 83.05000000000001
      vertex 125.375 168.05214699700122 83.05000000000001
      vertex 125.96999999999997 169.0827172275047 84.24000000000001
    endloop
  endfacet
  facet normal -0.44530174671805683 -0.5499018608223329 0.7066217501846255
    outer loop
      vertex 125.68789162176387 167.8248179271332 83.05000000000001
      vertex 126.4841570433309 168.70916026945133 84.24000000000001
      vertex 125.53740271674107 167.94668143959365 83.05000000000001
    endloop
  endfacet
  facet normal -0.5003427336167767 -0.5003427336165691 0.7066217501846304
    outer loop
      vertex 125.68789162176387 167.8248179271332 83.05000000000001
      vertex 125.82481792713315 167.68789162176387 83.05000000000001
      vertex 126.70916026945125 168.48415704333092 84.24000000000001
    endloop
  endfacet
  facet normal -0.38538194069715515 -0.5934361481663392 0.7066217501846325
    outer loop
      vertex 125.375 168.05214699700122 83.05000000000001
      vertex 125.53740271674107 167.94668143959365 83.05000000000001
      vertex 126.23686716696912 168.90941166289986 84.24000000000001
    endloop
  endfacet
  facet normal 0.2373266998711417 0.9714298932647034 0
    outer loop
      vertex 125.14483271532669 170.13506546722198 80.49
      vertex 125.14483271532669 170.13506546722198 84.24000000000001
      vertex 125.53259480252356 170.04033264385754 84.24000000000001
    endloop
  endfacet
  facet normal 0.33923886611801657 0.9407002666710382 0
    outer loop
      vertex 125.53259480252356 170.04033264385754 80.49
      vertex 125.53259480252356 170.04033264385754 84.24000000000001
      vertex 125.90809065802495 169.90491991701407 84.24000000000001
    endloop
  endfacet
  facet normal 0.43730732045885434 0.8993121301712197 0
    outer loop
      vertex 125.90809065802495 169.90491991701407 80.49
      vertex 125.90809065802495 169.90491991701407 84.24000000000001
      vertex 126.26706576374744 169.73036156699487 84.24000000000001
    endloop
  endfacet
  facet normal -0.03703247672034203 -0.7066217501846221 0.7066217501846221
    outer loop
      vertex 124.44999999999999 168.3 83.05000000000001
      vertex 124.76776652833368 169.47334656191953 84.24000000000001
      vertex 124.44999999999999 169.49 84.24000000000001
    endloop
  endfacet
  facet normal -0.1106916945963235 -0.6988798544194932 0.7066217501846247
    outer loop
      vertex 124.64337765704516 168.28986550643128 83.05000000000001
      vertex 125.08205154008596 169.42356870623075 84.24000000000001
      vertex 124.76776652833368 169.47334656191953 84.24000000000001
    endloop
  endfacet
  facet normal -0.18313815110267107 -0.6834808847193423 0.7066217501846094
    outer loop
      vertex 124.83463662801284 168.25957306135757 83.05000000000001
      vertex 125.38941166289982 169.34121180953724 84.24000000000001
      vertex 125.08205154008596 169.42356870623075 84.24000000000001
    endloop
  endfacet
  facet normal 0 0 1
    outer loop
      vertex 124.44999999999999 169.49 84.24000000000001
      vertex 124.76776652833368 169.47334656191953 84.24000000000001
      vertex 124.35017304460834 170.19867104171294 84.24000000000001
    endloop
  endfacet
  facet normal 0 0 1
    outer loop
      vertex 124.35017304460834 170.19867104171294 84.24000000000001
      vertex 124.76776652833368 169.47334656191953 84.24000000000001
      vertex 125.08205154008596 169.42356870623075 84.24000000000001
    endloop
  endfacet
  facet normal 0 0 1
    outer loop
      vertex 124.35017304460834 170.19867104171294 84.24000000000001
      vertex 125.08205154008596 169.42356870623075 84.24000000000001
      vertex 125.38941166289982 169.34121180953724 84.24000000000001
    endloop
  endfacet
  facet normal 0 0 1
    outer loop
      vertex 124.35017304460834 170.19867104171294 84.24000000000001
      vertex 125.14483271532669 170.13506546722198 84.24000000000001
      vertex 124.74919789582407 170.18804502636527 84.24000000000001
    endloop
  endfacet
  facet normal 0 0 1
    outer loop
      vertex 124.35017304460834 170.19867104171294 84.24000000000001
      vertex 125.38941166289982 169.34121180953724 84.24000000000001
      vertex 125.68647939495045 169.22717819123352 84.24000000000001
    endloop
  endfacet
  facet normal 0 0 1
    outer loop
      vertex 124.35017304460834 170.19867104171294 84.24000000000001
      vertex 125.90809065802495 169.90491991701407 84.24000000000001
      vertex 125.14483271532669 170.13506546722198 84.24000000000001
    endloop
  endfacet
  facet normal -0.3212398094875529 -0.6304686248866123 0.7066217501846265
    outer loop
      vertex 125.20246278969023 168.14005909663882 83.05000000000001
      vertex 125.96999999999997 169.0827172275047 84.24000000000001
      vertex 125.68647939495045 169.22717819123352 84.24000000000001
    endloop
  endfacet
  facet normal -0.3853819406970808 -0.5934361481663996 0.7066217501846221
    outer loop
      vertex 125.375 168.05214699700122 83.05000000000001
      vertex 126.23686716696912 168.90941166289986 84.24000000000001
      vertex 125.96999999999997 169.0827172275047 84.24000000000001
    endloop
  endfacet
  facet normal -0.4453017467180964 -0.5499018608222932 0.7066217501846314
    outer loop
      vertex 125.53740271674107 167.94668143959365 83.05000000000001
      vertex 126.4841570433309 168.70916026945133 84.24000000000001
      vertex 126.23686716696912 168.90941166289986 84.24000000000001
    endloop
  endfacet
  facet normal -0.2535781077012741 -0.6605935554186521 0.7066217501846268
    outer loop
      vertex 125.02168143959364 168.209454555146 83.05000000000001
      vertex 125.68647939495045 169.22717819123352 84.24000000000001
      vertex 125.38941166289982 169.34121180953724 84.24000000000001
    endloop
  endfacet
  facet normal 0 0 1
    outer loop
      vertex 124.35017304460834 170.19867104171294 84.24000000000001
      vertex 125.68647939495045 169.22717819123352 84.24000000000001
      vertex 125.96999999999997 169.0827172275047 84.24000000000001
    endloop
  endfacet
  facet normal 0 0 1
    outer loop
      vertex 125.14483271532669 170.13506546722198 84.24000000000001
      vertex 125.90809065802495 169.90491991701407 84.24000000000001
      vertex 125.53259480252356 170.04033264385754 84.24000000000001
    endloop
  endfacet
  facet normal 0 0 1
    outer loop
      vertex 124.35017304460834 170.19867104171294 84.24000000000001
      vertex 125.96999999999997 169.0827172275047 84.24000000000001
      vertex 127.46016864224111 168.68637759451934 84.24000000000001
    endloop
  endfacet
  facet normal 0 0 1
    outer loop
      vertex 124.35017304460834 170.19867104171294 84.24000000000001
      vertex 127.46016864224111 168.68637759451934 84.24000000000001
      vertex 125.90809065802495 169.90491991701407 84.24000000000001
    endloop
  endfacet
  facet normal 0 0 1
    outer loop
      vertex 126.29999999999998 166.45 83.05000000000001
      vertex 126.28986550643128 166.64337765704516 83.05000000000001
      vertex 126.25957306135751 166.83463662801284 83.05000000000001
    endloop
  endfacet
  facet normal 0 0 1
    outer loop
      vertex 126.1400590966388 167.20246278969023 83.05000000000001
      vertex 126.25957306135751 166.83463662801284 83.05000000000001
      vertex 126.20945455514601 167.02168143959364 83.05000000000001
    endloop
  endfacet
  facet normal -0.7066217501846237 -0.03703247672028796 0.7066217501846237
    outer loop
      vertex 126.29999999999998 166.45 83.05000000000001
      vertex 127.48999999999998 166.45 84.24000000000001
      vertex 126.28986550643128 166.64337765704516 83.05000000000001
    endloop
  endfacet
  facet normal -0.6988798544194832 -0.11069169459634623 0.7066217501846311
    outer loop
      vertex 126.28986550643128 166.64337765704516 83.05000000000001
      vertex 127.47334656191956 166.76776652833365 84.24000000000001
      vertex 126.25957306135751 166.83463662801284 83.05000000000001
    endloop
  endfacet
  facet normal -0.6834808847193377 -0.18313815110265533 0.7066217501846178
    outer loop
      vertex 126.25957306135751 166.83463662801284 83.05000000000001
      vertex 127.42356870623072 167.08205154008596 84.24000000000001
      vertex 126.20945455514601 167.02168143959364 83.05000000000001
    endloop
  endfacet
  facet normal -0.6605935554186289 -0.2535781077013397 0.7066217501846251
    outer loop
      vertex 126.1400590966388 167.20246278969023 83.05000000000001
      vertex 126.20945455514601 167.02168143959364 83.05000000000001
      vertex 127.34121180953724 167.38941166289982 84.24000000000001
    endloop
  endfacet
  facet normal -0.6304686248866733 -0.32123980948743364 0.7066217501846263
    outer loop
      vertex 126.1400590966388 167.20246278969023 83.05000000000001
      vertex 127.22717819123349 167.68647939495042 84.24000000000001
      vertex 126.05214699700122 167.375 83.05000000000001
    endloop
  endfacet
  facet normal 0.9985826956767596 0.053222174842222233 0
    outer loop
      vertex 128.178755500788 166.8486005711776 80.49
      vertex 128.178755500788 166.8486005711776 84.24000000000001
      vertex 128.2 166.45 84.24000000000001
    endloop
  endfacet
  facet normal 0.9872683547213653 0.15906349601894348 0
    outer loop
      vertex 128.11526271181702 167.24268483861107 80.49
      vertex 128.11526271181702 167.24268483861107 84.24000000000001
      vertex 128.178755500788 166.8486005711776 84.24000000000001
    endloop
  endfacet
  facet normal 0.9647678688144682 0.26310256422769684 0
    outer loop
      vertex 128.01024103175638 167.62778767008228 80.48
      vertex 128.01024103175638 167.62778767008228 84.24000000000001
      vertex 128.11526271181702 167.24268483861107 84.24000000000001
    endloop
  endfacet
  facet normal -0.7066217501846198 -0.03703247672021908 0.706621750184631
    outer loop
      vertex 126.28986550643128 166.64337765704516 83.05000000000001
      vertex 127.48999999999998 166.45 84.24000000000001
      vertex 127.47334656191956 166.76776652833365 84.24000000000001
    endloop
  endfacet
  facet normal -0.6605935554186259 -0.2535781077013513 0.7066217501846237
    outer loop
      vertex 126.1400590966388 167.20246278969023 83.05000000000001
      vertex 127.34121180953724 167.38941166289982 84.24000000000001
      vertex 127.22717819123349 167.68647939495042 84.24000000000001
    endloop
  endfacet
  facet normal -0.6834808847193449 -0.18313815110260867 0.7066217501846229
    outer loop
      vertex 126.20945455514601 167.02168143959364 83.05000000000001
      vertex 127.42356870623072 167.08205154008596 84.24000000000001
      vertex 127.34121180953724 167.38941166289982 84.24000000000001
    endloop
  endfacet
  facet normal -0.6988798544194785 -0.11069169459643728 0.7066217501846213
    outer loop
      vertex 126.25957306135751 166.83463662801284 83.05000000000001
      vertex 127.47334656191956 166.76776652833365 84.24000000000001
      vertex 127.42356870623072 167.08205154008596 84.24000000000001
    endloop
  endfacet
  facet normal 0 0 1
    outer loop
      vertex 127.47334656191956 166.76776652833365 84.24000000000001
      vertex 127.46016864224111 168.68637759451934 84.24000000000001
      vertex 127.42356870623072 167.08205154008596 84.24000000000001
    endloop
  endfacet
  facet normal 0 0 1
    outer loop
      vertex 127.48999999999998 166.45 84.24000000000001
      vertex 128.2 166.45 84.24000000000001
      vertex 127.47334656191956 166.76776652833365 84.24000000000001
    endloop
  endfacet
  facet normal 0 0 1
    outer loop
      vertex 128.2 166.45 84.24000000000001
      vertex 128.178755500788 166.8486005711776 84.24000000000001
      vertex 128.11526271181702 167.24268483861107 84.24000000000001
    endloop
  endfacet
  facet normal 0 0 1
    outer loop
      vertex 127.47334656191956 166.76776652833365 84.24000000000001
      vertex 128.2 166.45 84.24000000000001
      vertex 127.46016864224111 168.68637759451934 84.24000000000001
    endloop
  endfacet
  facet normal 0 0 1
    outer loop
      vertex 128.2 166.45 84.24000000000001
      vertex 128.11526271181702 167.24268483861107 84.24000000000001
      vertex 127.46016864224111 168.68637759451934 84.24000000000001
    endloop
  endfacet
  facet normal -0.549901860822277 -0.445301746718135 0.7066217501846198
    outer loop
      vertex 125.94668143959365 167.53740271674104 83.05000000000001
      vertex 126.90941166289986 168.23686716696903 84.24000000000001
      vertex 125.82481792713315 167.68789162176387 83.05000000000001
    endloop
  endfacet
  facet normal -0.5934361481663185 -0.38538194069720916 0.7066217501846204
    outer loop
      vertex 126.05214699700122 167.375 83.05000000000001
      vertex 127.08271722750467 167.97000000000003 84.24000000000001
      vertex 125.94668143959365 167.53740271674104 83.05000000000001
    endloop
  endfacet
  facet normal 0.5304209081198491 0.8477344278896042 0
    outer loop
      vertex 126.26706576374744 169.73036156699487 80.49
      vertex 126.26706576374744 169.73036156699487 84.24000000000001
      vertex 126.60545278830404 169.5186354096556 84.24000000000001
    endloop
  endfacet
  facet normal 0.6175246149461395 0.7865515558026838 0
    outer loop
      vertex 126.60545278830404 169.5186354096556 80.49
      vertex 126.60545278830404 169.5186354096556 84.24000000000001
      vertex 126.91941767149387 169.27214038696053 84.24000000000001
    endloop
  endfacet
  facet normal 0.6976315211349838 0.7164567402983161 0
    outer loop
      vertex 126.91941767149387 169.27214038696053 80.49
      vertex 126.91941767149387 169.27214038696053 84.24000000000001
      vertex 127.2054030657365 168.99366938601105 84.24000000000001
    endloop
  endfacet
  facet normal 0.7698339834299354 0.6382441836447849 0
    outer loop
      vertex 127.46016864224111 168.68637759451934 80.49
      vertex 127.2054030657365 168.99366938601105 84.24000000000001
      vertex 127.46016864224111 168.68637759451934 84.24000000000001
    endloop
  endfacet
  facet normal 0.8333139190824758 0.5528000653612524 0
    outer loop
      vertex 127.46016864224111 168.68637759451934 80.49
      vertex 127.46016864224111 168.68637759451934 84.24000000000001
      vertex 127.68082780522678 168.35374675127065 84.24000000000001
    endloop
  endfacet
  facet normal 0.931336177452373 0.36416057525273404 0
    outer loop
      vertex 127.86488039820591 167.9995456966314 80.49
      vertex 127.86488039820591 167.9995456966314 84.24000000000001
      vertex 128.01024103175638 167.62778767008228 84.24000000000001
    endloop
  endfacet
  facet normal 0.8873520750566037 0.4610925014492639 0
    outer loop
      vertex 127.68082780522678 168.35374675127065 80.49
      vertex 127.68082780522678 168.35374675127065 84.24000000000001
      vertex 127.86488039820591 167.9995456966314 84.24000000000001
    endloop
  endfacet
  facet normal -0.5499018608223053 -0.445301746718091 0.7066217501846254
    outer loop
      vertex 125.82481792713315 167.68789162176387 83.05000000000001
      vertex 126.90941166289986 168.23686716696903 84.24000000000001
      vertex 126.70916026945125 168.48415704333092 84.24000000000001
    endloop
  endfacet
  facet normal -0.5934361481663334 -0.38538194069717974 0.706621750184624
    outer loop
      vertex 125.94668143959365 167.53740271674104 83.05000000000001
      vertex 127.08271722750467 167.97000000000003 84.24000000000001
      vertex 126.90941166289986 168.23686716696903 84.24000000000001
    endloop
  endfacet
  facet normal -0.5003427336167405 -0.5003427336166142 0.7066217501846241
    outer loop
      vertex 125.68789162176387 167.8248179271332 83.05000000000001
      vertex 126.70916026945125 168.48415704333092 84.24000000000001
      vertex 126.4841570433309 168.70916026945133 84.24000000000001
    endloop
  endfacet
  facet normal -0.6304686248866563 -0.3212398094874787 0.7066217501846213
    outer loop
      vertex 126.05214699700122 167.375 83.05000000000001
      vertex 127.22717819123349 167.68647939495042 84.24000000000001
      vertex 127.08271722750467 167.97000000000003 84.24000000000001
    endloop
  endfacet
  facet normal 0 0 1
    outer loop
      vertex 126.4841570433309 168.70916026945133 84.24000000000001
      vertex 126.70916026945125 168.48415704333092 84.24000000000001
      vertex 127.46016864224111 168.68637759451934 84.24000000000001
    endloop
  endfacet
  facet normal 0 0 1
    outer loop
      vertex 126.4841570433309 168.70916026945133 84.24000000000001
      vertex 127.46016864224111 168.68637759451934 84.24000000000001
      vertex 126.23686716696912 168.90941166289986 84.24000000000001
    endloop
  endfacet
  facet normal 0 0 1
    outer loop
      vertex 127.08271722750467 167.97000000000003 84.24000000000001
      vertex 127.46016864224111 168.68637759451934 84.24000000000001
      vertex 126.90941166289986 168.23686716696903 84.24000000000001
    endloop
  endfacet
  facet normal 0 0 1
    outer loop
      vertex 126.70916026945125 168.48415704333092 84.24000000000001
      vertex 126.90941166289986 168.23686716696903 84.24000000000001
      vertex 127.46016864224111 168.68637759451934 84.24000000000001
    endloop
  endfacet
  facet normal 0 0 1
    outer loop
      vertex 125.96999999999997 169.0827172275047 84.24000000000001
      vertex 126.23686716696912 168.90941166289986 84.24000000000001
      vertex 127.46016864224111 168.68637759451934 84.24000000000001
    endloop
  endfacet
  facet normal 0 0 1
    outer loop
      vertex 125.90809065802495 169.90491991701407 84.24000000000001
      vertex 127.46016864224111 168.68637759451934 84.24000000000001
      vertex 126.60545278830404 169.5186354096556 84.24000000000001
    endloop
  endfacet
  facet normal 0 0 1
    outer loop
      vertex 125.90809065802495 169.90491991701407 84.24000000000001
      vertex 126.60545278830404 169.5186354096556 84.24000000000001
      vertex 126.26706576374744 169.73036156699487 84.24000000000001
    endloop
  endfacet
  facet normal 0 0 1
    outer loop
      vertex 126.60545278830404 169.5186354096556 84.24000000000001
      vertex 127.2054030657365 168.99366938601105 84.24000000000001
      vertex 126.91941767149387 169.27214038696053 84.24000000000001
    endloop
  endfacet
  facet normal 0 0 1
    outer loop
      vertex 126.60545278830404 169.5186354096556 84.24000000000001
      vertex 127.46016864224111 168.68637759451934 84.24000000000001
      vertex 127.2054030657365 168.99366938601105 84.24000000000001
    endloop
  endfacet
  facet normal 0 0 1
    outer loop
      vertex 127.42356870623072 167.08205154008596 84.24000000000001
      vertex 127.46016864224111 168.68637759451934 84.24000000000001
      vertex 127.34121180953724 167.38941166289982 84.24000000000001
    endloop
  endfacet
  facet normal 0 0 1
    outer loop
      vertex 127.08271722750467 167.97000000000003 84.24000000000001
      vertex 127.22717819123349 167.68647939495042 84.24000000000001
      vertex 127.46016864224111 168.68637759451934 84.24000000000001
    endloop
  endfacet
  facet normal 0 0 1
    outer loop
      vertex 127.34121180953724 167.38941166289982 84.24000000000001
      vertex 127.46016864224111 168.68637759451934 84.24000000000001
      vertex 127.22717819123349 167.68647939495042 84.24000000000001
    endloop
  endfacet
  facet normal 0 0 1
    outer loop
      vertex 127.68082780522678 168.35374675127065 84.24000000000001
      vertex 127.46016864224111 168.68637759451934 84.24000000000001
      vertex 127.86488039820591 167.9995456966314 84.24000000000001
    endloop
  endfacet
  facet normal 0 0 1
    outer loop
      vertex 128.11526271181702 167.24268483861107 84.24000000000001
      vertex 127.86488039820591 167.9995456966314 84.24000000000001
      vertex 127.46016864224111 168.68637759451934 84.24000000000001
    endloop
  endfacet
  facet normal 0 0 1
    outer loop
      vertex 128.11526271181702 167.24268483861107 84.24000000000001
      vertex 128.01024103175638 167.62778767008228 84.24000000000001
      vertex 127.86488039820591 167.9995456966314 84.24000000000001
    endloop
  endfacet
  facet normal -0.73477415086308 -0.6783118362696022 3.297653258014554e-16
    outer loop
      vertex -127.23305816248666 -168.95587682501912 4.744974151840235
      vertex -127.06611820425618 -169.13671277611866 80.48
      vertex -127.33687743786214 -168.84341568866807 4.7548963942016576
    endloop
  endfacet
  facet normal -0.861554081393799 -0.507665800338852 0
    outer loop
      vertex -127.77757028146213 -168.17909688043497 4.755026520667093
      vertex -127.69312014294485 -168.3224162875435 4.744832575087024
      vertex -127.77757028146213 -168.17909688043497 80.48
    endloop
  endfacet
  facet normal -0.9493976084683734 -0.31407671202197246 0
    outer loop
      vertex -128.01145766268823 -167.607187741907 4.744738195540603
      vertex -127.94251066544626 -167.81560215719807 4.755073839754473
      vertex -127.94251066544626 -167.81560215719807 80.49
    endloop
  endfacet
  facet normal -0.9493976084683865 -0.31407671202193327 1.1968953175310064e-16
    outer loop
      vertex -128.01145766268823 -167.607187741907 4.744738195540603
      vertex -127.94251066544626 -167.81560215719807 80.49
      vertex -128.06787950805443 -167.4366346158532 4.755109329200447
    endloop
  endfacet
  facet normal -0.9106347728549267 -0.4132121857683489 -2.341214236503477e-16
    outer loop
      vertex -127.77757028146213 -168.17909688043497 4.755026520667093
      vertex -127.94248888681793 -167.81565015282104 80.48
      vertex -127.8710262894038 -167.9731390372372 4.744779486104352
    endloop
  endfacet
  facet normal -0.910634772854892 -0.4132121857684245 0
    outer loop
      vertex -127.8710262894038 -167.9731390372372 4.744779486104352
      vertex -127.94251066544626 -167.81560215719807 80.49
      vertex -127.94251066544626 -167.81560215719807 4.755073839754473
    endloop
  endfacet
  facet normal -0.8027116379309684 -0.5963673585384949 -1.0036326517098971e-16
    outer loop
      vertex -127.47968569002147 -168.65119550028987 4.7448974633249135
      vertex -127.33687743786214 -168.84341568866807 80.49
      vertex -127.57492719655941 -168.52300024510447 4.75496737208737
    endloop
  endfacet
  facet normal -0.861554081393798 -0.5076658003388537 4.3278563092406884e-18
    outer loop
      vertex -127.57492719655941 -168.52300024510447 4.75496737208737
      vertex -127.77757028146213 -168.17909688043497 80.49
      vertex -127.69312014294485 -168.3224162875435 4.744832575087024
    endloop
  endfacet
  facet normal -0.8027116379309873 -0.5963673585384694 0
    outer loop
      vertex -127.47968569002147 -168.65119550028987 4.7448974633249135
      vertex -127.33687743786214 -168.84341568866807 4.7548963942016576
      vertex -127.33687743786214 -168.84341568866807 80.49
    endloop
  endfacet
  facet normal -0.6585113790650764 -0.7525707698561054 0
    outer loop
      vertex -126.95593603638707 -169.23312392337294 4.745062641841158
      vertex -127.06611820425618 -169.13671277611866 80.48
      vertex -127.06611820425618 -169.13671277611866 4.7548135872335315
    endloop
  endfacet
  facet normal -0.734774150863011 -0.6783118362696768 0
    outer loop
      vertex -127.23305816248666 -168.95587682501912 4.744974151840235
      vertex -127.06611820425618 -169.13671277611866 4.7548135872335315
      vertex -127.06611820425618 -169.13671277611866 80.48
    endloop
  endfacet
  facet normal -0.658511379065026 -0.7525707698561495 1.2937991194231376e-16
    outer loop
      vertex -126.95593603638707 -169.23312392337294 4.745062641841158
      vertex -126.7657173060482 -169.3995683342599 4.754718951443886
      vertex -127.06611820425618 -169.13671277611866 80.49
    endloop
  endfacet
  facet normal -0.5747874102143693 -0.8183027759081956 0
    outer loop
      vertex -126.43907840544902 -169.62900410458624 4.7546124871308395
      vertex -126.43907840544902 -169.62900410458624 80.48
      vertex -126.65135154046187 -169.4799004608931 4.745162934721817
    endloop
  endfacet
  facet normal -0.48455087033265143 -0.8747630845319606 3.202012216497143e-17
    outer loop
      vertex -126.32263751603121 -169.69350332192565 4.745275032062452
      vertex -126.08990245172069 -169.82242048814206 4.754494194629793
      vertex -126.43907840544902 -169.62900410458624 80.49
    endloop
  endfacet
  facet normal -0.4845508703326674 -0.8747630845319518 0
    outer loop
      vertex -126.43907840544902 -169.62900410458624 4.7546124871308395
      vertex -126.32263751603121 -169.69350332192565 4.745275032062452
      vertex -126.43907840544902 -169.62900410458624 80.48
    endloop
  endfacet
  facet normal -0.5747874102144548 -0.8183027759081353 3.581797282154694e-16
    outer loop
      vertex -126.7657173060482 -169.3995683342599 4.754718951443886
      vertex -126.65135154046187 -169.4799004608931 4.745162934721817
      vertex -126.43907840544902 -169.62900410458624 80.48
    endloop
  endfacet
  facet normal -0.9774033898178647 -0.21138262362963348 -1.252557703525966e-16
    outer loop
      vertex -128.06787950805443 -167.4366346158532 4.755109329200447
      vertex -128.06788544879666 -167.43660714670042 80.48
      vertex -128.11287783303734 -167.22856871800775 4.744708702745344
    endloop
  endfacet
  facet normal -0.9774033898178713 -0.21138262362960272 -3.6880352490319184e-17
    outer loop
      vertex -128.11287783303734 -167.22856871800775 4.744708702745344
      vertex -128.06788544879666 -167.43660714670042 80.48
      vertex -128.15225633020503 -167.04648811007152 4.7551329888931955
    endloop
  endfacet
  facet normal -0.9943348002101375 -0.10629348564736088 1.6944234152848394e-16
    outer loop
      vertex -128.15225633020503 -167.04648811007152 4.7551329888931955
      vertex -128.19468510878784 -166.64958315565815 80.49
      vertex -128.17417719810277 -166.84142679640044 4.744691007253988
    endloop
  endfacet
  facet normal -0.9943348002101446 -0.1062934856472947 0
    outer loop
      vertex -128.19468510878784 -166.64958315565815 4.755144818758195
      vertex -128.17417719810277 -166.84142679640044 4.744691007253988
      vertex -128.19468510878784 -166.64958315565815 80.49
    endloop
  endfacet
  facet normal -1 0 0
    outer loop
      vertex -128.19468510878784 -166.64958315565815 4.755144818758195
      vertex -128.19468510878784 -166.64955680720036 80.48000029724108
      vertex -128.19468510878784 -166.45 4.744685108787858
    endloop
  endfacet
  facet normal -0.38882417547328324 -0.9213119778704287 0
    outer loop
      vertex -125.97339099005755 -169.87159218470362 4.745398935629349
      vertex -125.7221457479426 -169.97762600001636 4.754364074313397
      vertex -125.7221457479426 -169.97762600001636 80.48
    endloop
  endfacet
  facet normal -0.3888241754734092 -0.9213119778703756 4.923463621084961e-16
    outer loop
      vertex -125.97339099005755 -169.87159218470362 4.745398935629349
      vertex -125.7221457479426 -169.97762600001636 80.48
      vertex -126.08990245172069 -169.82242048814206 4.754494194629793
    endloop
  endfacet
  facet normal -0.28869194733960524 -0.9574220383620101 2.748768568431758e-16
    outer loop
      vertex -125.60743385905906 -170.01221513339527 4.745534647375018
      vertex -125.33997512451667 -170.09286209974266 4.754222126591587
      vertex -125.7221457479426 -169.97762600001636 80.49
    endloop
  endfacet
  facet normal -0.2886919473397716 -0.95742203836196 0
    outer loop
      vertex -125.7221457479426 -169.97762600001636 4.754364074313397
      vertex -125.60743385905906 -170.01221513339527 4.745534647375018
      vertex -125.7221457479426 -169.97762600001636 80.48
    endloop
  endfacet
  facet normal -0.1852887240871445 -0.9826841245925152 1.0893170141089536e-17
    outer loop
      vertex -125.22877111311382 -170.11383002714734 4.745682169438205
      vertex -124.94772072731395 -170.16682311626502 4.7540683519115
      vertex -124.94775783245845 -170.16681611995287 80.48
    endloop
  endfacet
  facet normal -0.18528872408701344 -0.98268412459254 -4.927268798596805e-16
    outer loop
      vertex -125.33997512451667 -170.09286209974266 4.754222126591587
      vertex -125.22877111311382 -170.11383002714734 4.745682169438205
      vertex -124.94775783245845 -170.16681611995287 80.48
    endloop
  endfacet
  facet normal -0.07978610555305107 -0.9968120070307528 1.5441635831892096e-16
    outer loop
      vertex -124.84154705607236 -170.1753213924504 4.745841504143962
      vertex -124.54982695539164 -170.19867104171294 4.753902750757622
      vertex -124.94772072731395 -170.16682311626502 80.49
    endloop
  endfacet
  facet normal -0.07978610555316054 -0.9968120070307441 0
    outer loop
      vertex -124.94772072731395 -170.16682311626502 4.7540683519115
      vertex -124.84154705607236 -170.1753213924504 4.745841504143962
      vertex -124.94772072731395 -170.16682311626502 80.48
    endloop
  endfacet
  facet normal 0 -1 0
    outer loop
      vertex -124.54982695539164 -170.19867104171294 4.753902750757622
      vertex -124.44999999999999 -170.19867104171294 4.748671041712963
      vertex -124.54981377540697 -170.19867104171294 80.48
    endloop
  endfacet
  facet normal 0 -1 0
    outer loop
      vertex -124.44999999999999 -170.19867104171294 4.748671041712963
      vertex 124.35017304460834 -170.19867104171294 4.748671041712963
      vertex -124.51696510791378 -170.19867104171294 80.48
    endloop
  endfacet
  facet normal -0.7347741508630323 -0.678311836269654 0
    outer loop
      vertex -127.33687743786214 -168.84341568866807 4.7548963942016576
      vertex -127.06615395507987 -169.13667404941552 80.48
      vertex -127.33687743786214 -168.84341568866807 80.49
    endloop
  endfacet
  facet normal -0.8615540813936216 -0.5076658003391532 0
    outer loop
      vertex -127.69312014294485 -168.3224162875435 4.744832575087024
      vertex -127.77757028146213 -168.17909688043497 80.49
      vertex -127.77757028146213 -168.17909688043497 80.48
    endloop
  endfacet
  facet normal -0.9493976084683793 -0.3140767120219548 0
    outer loop
      vertex -128.06787950805443 -167.4366346158532 4.755109329200447
      vertex -127.94251066544626 -167.81560215719807 80.49
      vertex -128.06787950805443 -167.4366346158532 80.48
    endloop
  endfacet
  facet normal -0.9106347728549081 -0.41321218576838925 0
    outer loop
      vertex -127.77757028146213 -168.17909688043497 4.755026520667093
      vertex -127.77757028146213 -168.17909688043497 80.48
      vertex -127.94248888681793 -167.81565015282104 80.48
    endloop
  endfacet
  facet normal -0.9106347729010248 -0.41321218566675727 -2.5535048673209124e-13
    outer loop
      vertex -127.8710262894038 -167.9731390372372 4.744779486104352
      vertex -127.94248888681793 -167.81565015282104 80.48
      vertex -127.94251066544626 -167.81560215719807 80.49
    endloop
  endfacet
  facet normal -0.8027116379309798 -0.5963673585384797 0
    outer loop
      vertex -127.57492719655941 -168.52300024510447 4.75496737208737
      vertex -127.33687743786214 -168.84341568866807 80.49
      vertex -127.57492719655941 -168.52300024510447 80.49
    endloop
  endfacet
  facet normal -0.8615540813937984 -0.507665800338853 0
    outer loop
      vertex -127.57492719655941 -168.52300024510447 4.75496737208737
      vertex -127.57492719655941 -168.52300024510447 80.49
      vertex -127.77757028146213 -168.17909688043497 80.49
    endloop
  endfacet
  facet normal -0.7347741509024086 -0.6783118362270001 3.094665521876654e-13
    outer loop
      vertex -127.33687743786214 -168.84341568866807 4.7548963942016576
      vertex -127.06611820425618 -169.13671277611866 80.48
      vertex -127.06615395507987 -169.13667404941552 80.48
    endloop
  endfacet
  facet normal -0.6585113790652173 -0.7525707698559821 0
    outer loop
      vertex -126.95593603638707 -169.23312392337294 4.745062641841158
      vertex -127.06611820425618 -169.13671277611866 80.49
      vertex -127.06611820425618 -169.13671277611866 80.48
    endloop
  endfacet
  facet normal -0.6585113790650445 -0.7525707698561334 0
    outer loop
      vertex -126.7657173060482 -169.3995683342599 4.754718951443886
      vertex -126.7657173060482 -169.3995683342599 80.49
      vertex -127.06611820425618 -169.13671277611866 80.49
    endloop
  endfacet
  facet normal -0.5747874101825258 -0.8183027759305628 -2.0167483167069525e-13
    outer loop
      vertex -126.7657173060482 -169.3995683342599 4.754718951443886
      vertex -126.43907840544902 -169.62900410458624 80.48
      vertex -126.43912153447636 -169.6289738101492 80.48
    endloop
  endfacet
  facet normal -0.4845508703329245 -0.8747630845318094 0
    outer loop
      vertex -126.32263751603121 -169.69350332192565 4.745275032062452
      vertex -126.43907840544902 -169.62900410458624 80.49
      vertex -126.43907840544902 -169.62900410458624 80.48
    endloop
  endfacet
  facet normal -0.4845508703326568 -0.8747630845319576 0
    outer loop
      vertex -126.08990245172069 -169.82242048814206 4.754494194629793
      vertex -126.08990245172069 -169.82242048814206 80.49
      vertex -126.43907840544902 -169.62900410458624 80.49
    endloop
  endfacet
  facet normal -0.5747874102144034 -0.8183027759081715 0
    outer loop
      vertex -126.7657173060482 -169.3995683342599 4.754718951443886
      vertex -126.43912153447636 -169.6289738101492 80.48
      vertex -126.7657173060482 -169.3995683342599 80.49
    endloop
  endfacet
  facet normal -0.9774033897465244 -0.2113826239595004 0
    outer loop
      vertex -128.06787950805443 -167.4366346158532 4.755109329200447
      vertex -128.06787950805443 -167.4366346158532 80.48
      vertex -128.06788544879666 -167.43660714670042 80.48
    endloop
  endfacet
  facet normal -0.9774033898994747 -0.21138262325228038 2.033409005878766e-12
    outer loop
      vertex -128.15225633020503 -167.04648811007152 4.7551329888931955
      vertex -128.06788544879666 -167.43660714670042 80.48
      vertex -128.06787950805443 -167.4366346158532 80.49
    endloop
  endfacet
  facet normal -0.9943348002101411 -0.1062934856473289 0
    outer loop
      vertex -128.15225633020503 -167.04648811007152 4.7551329888931955
      vertex -128.15225633020503 -167.04648811007152 80.49
      vertex -128.19468510878784 -166.64958315565815 80.49
    endloop
  endfacet
  facet normal -0.9774033898178678 -0.2113826236296191 0
    outer loop
      vertex -128.15225633020503 -167.04648811007152 4.7551329888931955
      vertex -128.06787950805443 -167.4366346158532 80.49
      vertex -128.15225633020503 -167.04648811007152 80.49
    endloop
  endfacet
  facet normal -1 0 0
    outer loop
      vertex -128.19468510878784 -166.64958315565815 4.755144818758195
      vertex -128.19468510878784 -166.64958315565815 80.49
      vertex -128.19468510878784 -166.64955680720036 80.48000029724108
    endloop
  endfacet
  facet normal -0.3888241754733322 -0.9213119778704081 0
    outer loop
      vertex -126.08990245172069 -169.82242048814206 4.754494194629793
      vertex -125.72219430597359 -169.97760550691868 80.48
      vertex -126.08990245172069 -169.82242048814206 80.49
    endloop
  endfacet
  facet normal -0.3888241754045856 -0.9213119778994213 -3.9291820646729287e-13
    outer loop
      vertex -126.08990245172069 -169.82242048814206 4.754494194629793
      vertex -125.7221457479426 -169.97762600001636 80.48
      vertex -125.72219430597359 -169.97760550691868 80.48
    endloop
  endfacet
  facet normal -0.28869194733977566 -0.9574220383619588 0
    outer loop
      vertex -125.60743385905906 -170.01221513339527 4.745534647375018
      vertex -125.7221457479426 -169.97762600001636 80.49
      vertex -125.7221457479426 -169.97762600001636 80.48
    endloop
  endfacet
  facet normal -0.28869194733965514 -0.9574220383619951 0
    outer loop
      vertex -125.33997512451667 -170.09286209974266 4.754222126591587
      vertex -125.33997512451667 -170.09286209974266 80.49
      vertex -125.7221457479426 -169.97762600001636 80.49
    endloop
  endfacet
  facet normal -0.1852887240871073 -0.9826841245925223 0
    outer loop
      vertex -125.33997512451667 -170.09286209974266 4.754222126591587
      vertex -124.94772072731395 -170.16682311626502 80.49
      vertex -125.33997512451667 -170.09286209974266 80.49
    endloop
  endfacet
  facet normal -0.1852887241085583 -0.9826841245884776 0
    outer loop
      vertex -124.94772072731395 -170.16682311626502 4.7540683519115
      vertex -124.94772072731395 -170.16682311626502 80.48
      vertex -124.94775783245845 -170.16681611995287 80.48
    endloop
  endfacet
  facet normal -0.1852887240330504 -0.9826841246027148 -2.911746810883277e-13
    outer loop
      vertex -125.33997512451667 -170.09286209974266 4.754222126591587
      vertex -124.94775783245845 -170.16681611995287 80.48
      vertex -124.94772072731395 -170.16682311626502 80.49
    endloop
  endfacet
  facet normal -0.07978610555306807 -0.9968120070307515 0
    outer loop
      vertex -124.84154705607236 -170.1753213924504 4.745841504143962
      vertex -124.94772072731395 -170.16682311626502 80.49
      vertex -124.94772072731395 -170.16682311626502 80.48
    endloop
  endfacet
  facet normal 0 -1 0
    outer loop
      vertex -124.54982695539164 -170.19867104171294 4.753902750757622
      vertex -124.54981377540697 -170.19867104171294 80.48
      vertex -124.54982695539164 -170.19867104171294 80.49
    endloop
  endfacet
  facet normal 0 -1 0
    outer loop
      vertex -124.44999999999999 -170.19867104171294 4.748671041712963
      vertex -124.51696510791378 -170.19867104171294 80.48
      vertex -124.54981377540697 -170.19867104171294 80.48
    endloop
  endfacet
  facet normal -0.07978610555308029 -0.9968120070307505 0
    outer loop
      vertex -124.54982695539164 -170.19867104171294 4.753902750757622
      vertex -124.54982695539164 -170.19867104171294 80.49
      vertex -124.94772072731395 -170.16682311626502 80.49
    endloop
  endfacet
  facet normal -0.9493976084683793 -0.3140767120219548 0
    outer loop
      vertex -127.94251066544626 -167.81560215719807 80.49
      vertex -128.06787950805443 -167.4366346158532 80.49
      vertex -128.06787950805443 -167.4366346158532 80.48
    endloop
  endfacet
  facet normal -0.7347741508630377 -0.6783118362696483 -3.094256904656022e-13
    outer loop
      vertex -127.33687743786214 -168.84341568866807 80.49
      vertex -127.06615395507987 -169.13667404941552 80.48
      vertex -127.06611820425618 -169.13671277611866 80.49
    endloop
  endfacet
  facet normal -0.5747874102143992 -0.8183027759081745 2.0164820277533378e-13
    outer loop
      vertex -126.7657173060482 -169.3995683342599 80.49
      vertex -126.43912153447636 -169.6289738101492 80.48
      vertex -126.43907840544902 -169.62900410458624 80.49
    endloop
  endfacet
  facet normal -1 0 0
    outer loop
      vertex -128.19468510878784 -166.64958315565815 80.49
      vertex -128.19468510878784 -166.20636617918075 80.49
      vertex -128.19468510878784 -166.64955680720036 80.48000029724108
    endloop
  endfacet
  facet normal -0.3888241754733232 -0.921311977870412 3.928663260967696e-13
    outer loop
      vertex -126.08990245172069 -169.82242048814206 80.49
      vertex -125.72219430597359 -169.97760550691868 80.48
      vertex -125.7221457479426 -169.97762600001636 80.49
    endloop
  endfacet
  facet normal -1 0 0
    outer loop
      vertex -128.19468510878784 -166.45 4.744685108787858
      vertex -128.19468510878784 -166.64955680720036 80.48000029724108
      vertex -128.19468510878784 166.60560820056742 80.48000029724108
    endloop
  endfacet
  facet normal 0 -1 0
    outer loop
      vertex -124.51696510791378 -170.19867104171294 80.48
      vertex 124.35017304460834 -170.19867104171294 80.49
      vertex -124.54982695539164 -170.19867104171294 80.49
    endloop
  endfacet
  facet normal -1 0 0
    outer loop
      vertex -128.19468510878784 -166.45 4.744685108787858
      vertex -128.19468510878784 166.60560820056742 80.48000029724108
      vertex -128.19468510878784 166.45 4.744685108787858
    endloop
  endfacet
  facet normal -1 0 0
    outer loop
      vertex -128.19468510878784 166.45 4.744685108787858
      vertex -128.19468510878784 166.64955805182603 80.48047265455095
      vertex -128.19468510878784 166.64958315565815 4.755144818758197
    endloop
  endfacet
  facet normal -0.994334800210143 0.1062934856473103 1.7212896031705946e-16
    outer loop
      vertex -128.19468510878784 166.64958315565815 4.755144818758197
      vertex -128.19468240130522 166.64960848311978 80.48
      vertex -128.17417719810277 166.8414267964004 4.74469100725399
    endloop
  endfacet
  facet normal -0.9943348002101376 0.10629348564736088 3.0172714893756326e-16
    outer loop
      vertex -128.17417719810277 166.8414267964004 4.74469100725399
      vertex -128.19468240130522 166.64960848311978 80.48
      vertex -128.15225633020503 167.0464881100715 4.755132988893191
    endloop
  endfacet
  facet normal -0.9774033898178466 0.21138262362971694 1.55696194717128e-16
    outer loop
      vertex -128.15225633020503 167.0464881100715 4.755132988893191
      vertex -128.1522511314004 167.04651214860968 80.48
      vertex -128.11287783303732 167.22856871800775 4.744708702745331
    endloop
  endfacet
  facet normal -0.9774033898178863 0.21138262362953353 -3.0597243397147696e-16
    outer loop
      vertex -128.06787950805443 167.43663461585317 4.75510932920043
      vertex -128.11287783303732 167.22856871800775 4.744708702745331
      vertex -128.1522511314004 167.04651214860968 80.48
    endloop
  endfacet
  facet normal -0.9493976084683993 0.3140767120218944 0
    outer loop
      vertex -128.0114576626882 167.607187741907 4.744738195540586
      vertex -127.94251066544626 167.81560215719804 80.49
      vertex -127.94251066544626 167.81560215719804 4.755073839754462
    endloop
  endfacet
  facet normal -0.9493976084683549 0.31407671202202864 -4.10182016167626e-16
    outer loop
      vertex -128.06787950805443 167.43663461585317 4.75510932920043
      vertex -127.94251066544626 167.81560215719804 80.49
      vertex -128.0114576626882 167.607187741907 4.744738195540586
    endloop
  endfacet
  facet normal -0.9106347728549264 0.4132121857683487 -2.7060946888714832e-17
    outer loop
      vertex -127.77757028146213 168.179096880435 4.755026520667101
      vertex -127.8710262894038 167.97313903723722 4.74477948610435
      vertex -127.77758261966741 168.17906968956515 80.48
    endloop
  endfacet
  facet normal -0.9106347728549482 0.413212185768301 1.2973085137034676e-16
    outer loop
      vertex -127.94251066544626 167.81560215719804 4.755073839754462
      vertex -127.77758261966741 168.17906968956515 80.48
      vertex -127.8710262894038 167.97313903723722 4.74477948610435
    endloop
  endfacet
  facet normal -0.8615540813937549 0.5076658003389267 0
    outer loop
      vertex -127.77757028146213 168.179096880435 4.755026520667101
      vertex -127.77757028146213 168.179096880435 80.48
      vertex -127.69312014294485 168.3224162875435 4.7448325750870355
    endloop
  endfacet
  facet normal -0.861554081393798 0.5076658003388537 0
    outer loop
      vertex -127.57492719655941 168.52300024510447 4.75496737208736
      vertex -127.69312014294485 168.3224162875435 4.7448325750870355
      vertex -127.57492719655941 168.52300024510447 80.49
    endloop
  endfacet
  facet normal -0.8027116379309686 0.5963673585384951 1.1787071002523162e-16
    outer loop
      vertex -127.57492719655941 168.52300024510447 4.75496737208736
      vertex -127.33689629165563 168.8433903114249 80.48
      vertex -127.47968569002147 168.65119550028987 4.7448974633249
    endloop
  endfacet
  facet normal -0.8027116379309873 0.5963673585384696 2.1811512383414503e-16
    outer loop
      vertex -127.47968569002147 168.65119550028987 4.7448974633249
      vertex -127.33689629165563 168.8433903114249 80.48
      vertex -127.33687743786214 168.84341568866807 4.754896394201663
    endloop
  endfacet
  facet normal -0.7347741508630338 0.6783118362696524 0
    outer loop
      vertex -127.33687743786214 168.84341568866807 4.754896394201663
      vertex -127.33687743786214 168.84341568866807 80.48
      vertex -127.23305816248664 168.95587682501912 4.7449741518402195
    endloop
  endfacet
  facet normal -0.7347741508630399 0.6783118362696458 0
    outer loop
      vertex -127.23305816248664 168.95587682501912 4.7449741518402195
      vertex -127.06611820425618 169.13671277611866 80.49
      vertex -127.06611820425618 169.13671277611866 4.754813587233543
    endloop
  endfacet
  facet normal -0.6585113790649624 0.7525707698562053 0
    outer loop
      vertex -126.95593603638707 169.23312392337294 4.745062641841161
      vertex -126.7657173060482 169.39956833425987 80.49
      vertex -126.7657173060482 169.39956833425987 4.754718951443869
    endloop
  endfacet
  facet normal -0.6585113790650764 0.7525707698561054 5.057736319372154e-16
    outer loop
      vertex -127.06611820425618 169.13671277611866 4.754813587233543
      vertex -126.7657173060482 169.39956833425987 80.49
      vertex -126.95593603638707 169.23312392337294 4.745062641841161
    endloop
  endfacet
  facet normal -0.5747874102144548 0.8183027759081353 -2.5590251116903074e-16
    outer loop
      vertex -126.7657173060482 169.39956833425987 4.754718951443869
      vertex -126.43907840544902 169.62900410458627 80.49
      vertex -126.65135154046187 169.47990046089308 4.7451629347218205
    endloop
  endfacet
  facet normal -0.574787410214516 0.8183027759080923 0
    outer loop
      vertex -126.65135154046187 169.47990046089308 4.7451629347218205
      vertex -126.43907840544902 169.62900410458627 80.49
      vertex -126.43907840544902 169.62900410458627 4.754612487130895
    endloop
  endfacet
  facet normal -0.4845508703327578 0.8747630845319015 6.089183517445275e-16
    outer loop
      vertex -126.43907840544902 169.62900410458627 4.754612487130895
      vertex -126.08990245172069 169.8224204881421 80.49
      vertex -126.32263751603124 169.69350332192568 4.745275032062496
    endloop
  endfacet
  facet normal -0.48455087033260624 0.8747630845319857 0
    outer loop
      vertex -126.32263751603124 169.69350332192568 4.745275032062496
      vertex -126.08990245172069 169.8224204881421 80.49
      vertex -126.08990245172069 169.8224204881421 4.754494194629822
    endloop
  endfacet
  facet normal -0.3888241754732646 0.9213119778704367 1.7489480771823215e-16
    outer loop
      vertex -125.97339099005757 169.87159218470362 4.745398935629382
      vertex -125.72217891799546 169.9776120011552 80.48
      vertex -125.7221457479426 169.97762600001636 4.754364074313396
    endloop
  endfacet
  facet normal -0.38882417547325876 0.9213119778704392 1.521040670494734e-16
    outer loop
      vertex -126.08990245172069 169.8224204881421 4.754494194629822
      vertex -125.72217891799546 169.9776120011552 80.48
      vertex -125.97339099005757 169.87159218470362 4.745398935629382
    endloop
  endfacet
  facet normal -0.28869194733973885 0.95742203836197 0
    outer loop
      vertex -125.7221457479426 169.97762600001636 4.754364074313396
      vertex -125.7221457479426 169.97762600001636 80.48
      vertex -125.60743385905904 170.01221513339527 4.745534647375012
    endloop
  endfacet
  facet normal -0.28869194733961934 0.957422038362006 2.6487176344645336e-16
    outer loop
      vertex -125.60743385905904 170.01221513339527 4.745534647375012
      vertex -125.3400104351804 170.0928514525005 80.48
      vertex -125.33997512451667 170.09286209974266 4.7542221265916185
    endloop
  endfacet
  facet normal -0.1852887240870485 0.9826841245925333 1.0893170141089738e-17
    outer loop
      vertex -125.22877111311382 170.11383002714734 4.745682169438237
      vertex -124.94775783245845 170.16681611995284 80.48
      vertex -124.94772072731395 170.166823116265 4.754068351911524
    endloop
  endfacet
  facet normal -0.18528872408701338 0.98268412459254 -1.240417155457841e-16
    outer loop
      vertex -125.33997512451667 170.09286209974266 4.7542221265916185
      vertex -124.94775783245845 170.16681611995284 80.48
      vertex -125.22877111311382 170.11383002714734 4.745682169438237
    endloop
  endfacet
  facet normal -0.07978610555316053 0.9968120070307441 0
    outer loop
      vertex -124.94772072731395 170.166823116265 4.754068351911524
      vertex -124.94772072731395 170.166823116265 80.48
      vertex -124.84154705607236 170.17532139245037 4.745841504143973
    endloop
  endfacet
  facet normal -0.07978610555314755 0.9968120070307449 -1.257121116875415e-16
    outer loop
      vertex -124.84154705607236 170.17532139245037 4.745841504143973
      vertex -124.54986546926604 170.19866795901328 80.48
      vertex -124.54982695539164 170.19867104171294 4.753902750757623
    endloop
  endfacet
  facet normal 0 1 0
    outer loop
      vertex -124.44999999999999 170.19867104171294 4.74867104171295
      vertex -124.54982695539164 170.19867104171294 4.753902750757623
      vertex -124.54982695539164 170.19867104171294 80.48
    endloop
  endfacet
  facet normal -1 0 0
    outer loop
      vertex -128.19468510878784 166.45 4.744685108787858
      vertex -128.19468510878784 166.60560820056742 80.48000029724108
      vertex -128.19468510878784 166.64955805182603 80.48047265455095
    endloop
  endfacet
  facet normal -0.9943348001557504 0.10629348615613243 0
    outer loop
      vertex -128.19468510878784 166.64958315565815 4.755144818758197
      vertex -128.19468510878784 166.64958315565815 80.48047298658403
      vertex -128.19468240130522 166.64960848311978 80.48
    endloop
  endfacet
  facet normal -1 0 0
    outer loop
      vertex -128.19468510878784 166.64958315565815 4.755144818758197
      vertex -128.19468510878784 166.64955805182603 80.48047265455095
      vertex -128.19468510878784 166.64958315565815 80.48047298658403
    endloop
  endfacet
  facet normal -0.9943348002292053 0.10629348546898905 -9.454679498294764e-13
    outer loop
      vertex -128.15225633020503 167.0464881100715 4.755132988893191
      vertex -128.19468240130522 166.64960848311978 80.48
      vertex -128.19467950650974 166.64963556282146 80.48
    endloop
  endfacet
  facet normal -0.9774033897165135 0.21138262409826716 0
    outer loop
      vertex -128.15225633020503 167.0464881100715 4.755132988893191
      vertex -128.15225633020503 167.0464881100715 80.49
      vertex -128.1522511314004 167.04651214860968 80.48
    endloop
  endfacet
  facet normal -0.9774033899014076 0.21138262324334267 -2.0829037721884645e-12
    outer loop
      vertex -128.06787950805443 167.43663461585317 4.75510932920043
      vertex -128.1522511314004 167.04651214860968 80.48
      vertex -128.1522451891284 167.046539624836 80.48
    endloop
  endfacet
  facet normal -0.9943348002101423 0.10629348564731614 0
    outer loop
      vertex -128.15225633020503 167.0464881100715 4.755132988893191
      vertex -128.19467950650974 166.64963556282146 80.48
      vertex -128.15225633020503 167.0464881100715 80.49
    endloop
  endfacet
  facet normal -0.9774033898178681 0.2113826236296174 0
    outer loop
      vertex -128.06787950805443 167.43663461585317 4.75510932920043
      vertex -128.1522451891284 167.046539624836 80.48
      vertex -128.06787950805443 167.43663461585317 80.48
    endloop
  endfacet
  facet normal -0.9493976084683793 0.3140767120219548 0
    outer loop
      vertex -128.06787950805443 167.43663461585317 4.75510932920043
      vertex -128.06787950805443 167.43663461585317 80.48
      vertex -127.94251066544626 167.81560215719804 80.49
    endloop
  endfacet
  facet normal -0.9106347728265685 0.4132121858308442 0
    outer loop
      vertex -127.77757028146213 168.179096880435 4.755026520667101
      vertex -127.77758261966741 168.17906968956515 80.48
      vertex -127.77757028146213 168.179096880435 80.48
    endloop
  endfacet
  facet normal -0.9106347728915976 0.4132121856875335 4.732134560479263e-13
    outer loop
      vertex -127.94251066544626 167.81560215719804 4.755073839754462
      vertex -127.77757028146213 168.179096880435 80.49
      vertex -127.77758261966741 168.17906968956515 80.48
    endloop
  endfacet
  facet normal -0.9106347728549359 0.4132121857683281 0
    outer loop
      vertex -127.94251066544626 167.81560215719804 4.755073839754462
      vertex -127.94251066544626 167.81560215719804 80.49
      vertex -127.77757028146213 168.179096880435 80.49
    endloop
  endfacet
  facet normal -0.861554081393855 0.507665800338757 0
    outer loop
      vertex -127.69312014294485 168.3224162875435 4.7448325750870355
      vertex -127.77757028146213 168.179096880435 80.48
      vertex -127.77757028146213 168.179096880435 80.49
    endloop
  endfacet
  facet normal -0.8615540813937801 0.5076658003388841 -1.0866793639148492e-16
    outer loop
      vertex -127.69312014294485 168.3224162875435 4.7448325750870355
      vertex -127.77757028146213 168.179096880435 80.49
      vertex -127.57492719655941 168.52300024510447 80.49
    endloop
  endfacet
  facet normal -0.8027116379309798 0.5963673585384797 0
    outer loop
      vertex -127.57492719655941 168.52300024510447 4.75496737208736
      vertex -127.57492719655941 168.52300024510447 80.49
      vertex -127.33687743786214 168.84341568866807 80.49
    endloop
  endfacet
  facet normal -0.8027116374643523 0.5963673591665614 -4.126814014669902e-12
    outer loop
      vertex -127.57492719655941 168.52300024510447 4.75496737208736
      vertex -127.33687743786214 168.84341568866807 80.49
      vertex -127.33689629165563 168.8433903114249 80.48
    endloop
  endfacet
  facet normal -0.8027116382426033 0.5963673581190341 0
    outer loop
      vertex -127.33687743786214 168.84341568866807 4.754896394201663
      vertex -127.33689629165563 168.8433903114249 80.48
      vertex -127.33687743786214 168.84341568866807 80.48
    endloop
  endfacet
  facet normal -0.7347741508633008 0.6783118362693632 0
    outer loop
      vertex -127.23305816248664 168.95587682501912 4.7449741518402195
      vertex -127.33687743786214 168.84341568866807 80.48
      vertex -127.33687743786214 168.84341568866807 80.49
    endloop
  endfacet
  facet normal -0.7347741508630377 0.6783118362696483 -1.1245488565479846e-17
    outer loop
      vertex -127.23305816248664 168.95587682501912 4.7449741518402195
      vertex -127.33687743786214 168.84341568866807 80.49
      vertex -127.06611820425618 169.13671277611866 80.49
    endloop
  endfacet
  facet normal -0.6585113790650041 0.7525707698561688 0
    outer loop
      vertex -127.06611820425618 169.13671277611866 4.754813587233543
      vertex -127.06611820425618 169.13671277611866 80.49
      vertex -126.7657173060482 169.39956833425987 80.49
    endloop
  endfacet
  facet normal -0.5747874102144945 0.8183027759081074 0
    outer loop
      vertex -126.7657173060482 169.39956833425987 4.754718951443869
      vertex -126.7657173060482 169.39956833425987 80.49
      vertex -126.43907840544902 169.62900410458627 80.49
    endloop
  endfacet
  facet normal -0.48455087033265676 0.8747630845319576 0
    outer loop
      vertex -126.43907840544902 169.62900410458627 4.754612487130895
      vertex -126.43907840544902 169.62900410458627 80.49
      vertex -126.08990245172069 169.8224204881421 80.49
    endloop
  endfacet
  facet normal -0.3888241754732627 0.9213119778704374 0
    outer loop
      vertex -126.08990245172069 169.8224204881421 4.754494194629822
      vertex -126.08990245172069 169.8224204881421 80.49
      vertex -125.7221457479426 169.97762600001636 80.49
    endloop
  endfacet
  facet normal -0.3888241758119353 0.9213119777275064 0
    outer loop
      vertex -125.7221457479426 169.97762600001636 4.754364074313396
      vertex -125.72217891799546 169.9776120011552 80.48
      vertex -125.7221457479426 169.97762600001636 80.48
    endloop
  endfacet
  facet normal -0.38882417474228154 0.9213119781789357 -4.179947676801675e-12
    outer loop
      vertex -126.08990245172069 169.8224204881421 4.754494194629822
      vertex -125.7221457479426 169.97762600001636 80.49
      vertex -125.72217891799546 169.9776120011552 80.48
    endloop
  endfacet
  facet normal -0.28869194733977566 0.9574220383619588 0
    outer loop
      vertex -125.60743385905904 170.01221513339527 4.745534647375012
      vertex -125.7221457479426 169.97762600001636 80.48
      vertex -125.7221457479426 169.97762600001636 80.49
    endloop
  endfacet
  facet normal -0.2886919473396071 0.9574220383620096 2.177108822680563e-16
    outer loop
      vertex -125.60743385905904 170.01221513339527 4.745534647375012
      vertex -125.7221457479426 169.97762600001636 80.49
      vertex -125.3400104351804 170.0928514525005 80.48
    endloop
  endfacet
  facet normal -0.2886919478599997 0.9574220382050955 0
    outer loop
      vertex -125.33997512451667 170.09286209974266 4.7542221265916185
      vertex -125.3400104351804 170.0928514525005 80.48
      vertex -125.33997512451667 170.09286209974266 80.48
    endloop
  endfacet
  facet normal -0.18528872408703856 0.9826841245925353 0
    outer loop
      vertex -125.33997512451667 170.09286209974266 4.7542221265916185
      vertex -125.33997512451667 170.09286209974266 80.48
      vertex -124.94772072731395 170.166823116265 80.49
    endloop
  endfacet
  facet normal -0.18528872410855826 0.9826841245884776 0
    outer loop
      vertex -124.94772072731395 170.166823116265 4.754068351911524
      vertex -124.94775783245845 170.16681611995284 80.48
      vertex -124.94772072731395 170.166823116265 80.48
    endloop
  endfacet
  facet normal -0.1852887240330504 0.9826841246027148 -2.942396777313627e-13
    outer loop
      vertex -125.33997512451667 170.09286209974266 4.7542221265916185
      vertex -124.94772072731395 170.166823116265 80.49
      vertex -124.94775783245845 170.16681611995284 80.48
    endloop
  endfacet
  facet normal -0.07978610555306807 0.9968120070307515 0
    outer loop
      vertex -124.84154705607236 170.17532139245037 4.745841504143973
      vertex -124.94772072731395 170.166823116265 80.48
      vertex -124.94772072731395 170.166823116265 80.49
    endloop
  endfacet
  facet normal -0.0797861055531748 0.9968120070307428 -2.0127148486168544e-17
    outer loop
      vertex -124.84154705607236 170.17532139245037 4.745841504143973
      vertex -124.94772072731395 170.166823116265 80.49
      vertex -124.54986546926604 170.19866795901328 80.48
    endloop
  endfacet
  facet normal -0.07978610530756303 0.9968120070504017 0
    outer loop
      vertex -124.54982695539164 170.19867104171294 4.753902750757623
      vertex -124.54986546926604 170.19866795901328 80.48
      vertex -124.54982695539164 170.19867104171294 80.48
    endloop
  endfacet
  facet normal 0 1 0
    outer loop
      vertex -124.44999999999999 170.19867104171294 4.74867104171295
      vertex -124.54982695539164 170.19867104171294 80.48
      vertex -124.54982695539164 170.19867104171294 80.49
    endloop
  endfacet
  facet normal -0.9943348001557504 0.10629348615613243 0
    outer loop
      vertex -128.19468510878784 166.64958315565815 80.48047298658403
      vertex -128.19468510878784 166.64958315565815 80.49
      vertex -128.19468240130522 166.64960848311978 80.48
    endloop
  endfacet
  facet normal -0.9943348002101402 0.10629348564733641 -8.143523471403621e-13
    outer loop
      vertex -128.19468510878784 166.64958315565815 80.49
      vertex -128.15225633020503 167.0464881100715 80.49
      vertex -128.19467950650974 166.64963556282146 80.48
    endloop
  endfacet
  facet normal -0.9774033898178737 0.21138262362959126 -6.86475824159935e-14
    outer loop
      vertex -128.15225633020503 167.0464881100715 80.49
      vertex -128.06810391449633 167.43559699216758 80.49
      vertex -128.1522451891284 167.046539624836 80.48
    endloop
  endfacet
  facet normal -0.9774033898178681 0.21138262362961743 -1.1335516409587462e-12
    outer loop
      vertex -128.1522451891284 167.046539624836 80.48
      vertex -128.06810391449633 167.43559699216758 80.49
      vertex -128.06787950805443 167.43663461585317 80.48
    endloop
  endfacet
  facet normal -0.9493976084683793 0.3140767120219548 0
    outer loop
      vertex -128.06787950805443 167.43663461585317 80.49
      vertex -127.94251066544626 167.81560215719804 80.49
      vertex -128.06787950805443 167.43663461585317 80.48
    endloop
  endfacet
  facet normal -0.28869194733965514 0.957422038361995 -2.004313601723702e-12
    outer loop
      vertex -125.7221457479426 169.97762600001636 80.49
      vertex -125.33997512451667 170.09286209974266 80.49
      vertex -125.3400104351804 170.0928514525005 80.48
    endloop
  endfacet
  facet normal -0.18528872408703856 0.9826841245925353 0
    outer loop
      vertex -125.33997512451667 170.09286209974266 80.49
      vertex -124.94772072731395 170.166823116265 80.49
      vertex -125.33997512451667 170.09286209974266 80.48
    endloop
  endfacet
  facet normal -0.07978610555315102 0.9968120070307447 9.517447501680052e-13
    outer loop
      vertex -124.94772072731395 170.166823116265 80.49
      vertex -124.54982695539164 170.19867104171294 80.49
      vertex -124.54986546926604 170.19866795901328 80.48
    endloop
  endfacet
  facet normal 0 1 0
    outer loop
      vertex -124.44999999999999 170.19867104171294 4.74867104171295
      vertex -124.54982695539164 170.19867104171294 80.49
      vertex 124.35017304460834 170.19867104171294 80.49
    endloop
  endfacet
  facet normal 0.026620521437910754 -0.999645611123449 0
    outer loop
      vertex 124.35017304460834 -170.19867104171294 4.748671041712963
      vertex 124.44999999999999 -170.19601265400382 4.746012654003857
      vertex 124.35017304460834 -170.19867104171294 80.49
    endloop
  endfacet
  facet normal 0.02662052143774761 -0.9996456111234533 -2.1516428401754562e-16
    outer loop
      vertex 124.44999999999999 -170.19601265400382 4.746012654003857
      vertex 124.74919789582407 -170.1880450263653 4.753725323651611
      vertex 124.35017304460834 -170.19867104171294 80.49
    endloop
  endfacet
  facet normal 0.13272552728354883 -0.9911528310040304 0
    outer loop
      vertex 124.74919789582407 -170.1880450263653 4.753725323651611
      vertex 124.84158407143795 -170.1756735701292 4.746195621715859
      vertex 124.74919789582407 -170.1880450263653 80.49
    endloop
  endfacet
  facet normal 0.13272552728375214 -0.9911528310040032 0
    outer loop
      vertex 124.84158407143795 -170.1756735701292 4.746195621715859
      vertex 125.14483271532669 -170.13506546722195 4.753536071152461
      vertex 125.14483271532669 -170.13506546722195 80.49
    endloop
  endfacet
  facet normal 0.2373266998711219 -0.9714298932647082 0
    outer loop
      vertex 125.22891836464078 -170.1145227911147 4.746390410164684
      vertex 125.53259480252356 -170.0403326438575 4.753334993856325
      vertex 125.53259480252356 -170.0403326438575 80.49
    endloop
  endfacet
  facet normal 0.23732669987121305 -0.971429893264686 -3.8696369571277375e-16
    outer loop
      vertex 125.14483271532669 -170.13506546722195 4.753536071152461
      vertex 125.22891836464078 -170.1145227911147 4.746390410164684
      vertex 125.53259480252356 -170.0403326438575 80.49
    endloop
  endfacet
  facet normal 0.33923886611804926 -0.9407002666710264 -1.8308552267681122e-16
    outer loop
      vertex 125.53259480252356 -170.0403326438575 4.753334993856325
      vertex 125.60776215100287 -170.01322551210612 4.746597022421665
      vertex 125.90809065802495 -169.90491991701404 80.49
    endloop
  endfacet
  facet normal 0.33923886611800835 -0.9407002666710412 0
    outer loop
      vertex 125.60776215100287 -170.01322551210612 4.746597022421665
      vertex 125.90809065802495 -169.90491991701404 4.753122092396692
      vertex 125.90809065802495 -169.90491991701404 80.49
    endloop
  endfacet
  facet normal 0.43730732045883514 -0.8993121301712291 0
    outer loop
      vertex 125.9739671431347 -169.87288624570226 4.746815461745087
      vertex 126.26706576374744 -169.73036156699484 4.752897367444258
      vertex 126.26706576374744 -169.73036156699484 80.48
    endloop
  endfacet
  facet normal 0.43730732045894 -0.8993121301711781 -5.013144628185964e-16
    outer loop
      vertex 125.90809065802495 -169.90491991701404 4.753122092396692
      vertex 125.9739671431347 -169.87288624570226 4.746815461745087
      vertex 126.26706576374744 -169.73036156699484 80.49
    endloop
  endfacet
  facet normal 0.5304209081197178 -0.8477344278896864 -3.701996738765118e-16
    outer loop
      vertex 126.32352286579007 -169.69503679269044 4.747045731580168
      vertex 126.60545278830404 -169.51863540965562 4.752660819706962
      vertex 126.26711044276948 -169.73033361167458 80.48
    endloop
  endfacet
  facet normal 0.5304209081198923 -0.8477344278895772 -1.8926661396063655e-16
    outer loop
      vertex 126.26706576374744 -169.73036156699484 4.752897367444258
      vertex 126.32352286579007 -169.69503679269044 4.747045731580168
      vertex 126.26711044276948 -169.73033361167458 80.48
    endloop
  endfacet
  facet normal 0.6175246149460836 -0.7865515558027276 0
    outer loop
      vertex 126.60545278830404 -169.51863540965562 4.752660819706962
      vertex 126.6526005258367 -169.48161954178192 4.747287835559224
      vertex 126.60545278830404 -169.51863540965562 80.49
    endloop
  endfacet
  facet normal 0.6175246149462529 -0.7865515558025946 1.7047435445387847e-16
    outer loop
      vertex 126.6526005258367 -169.48161954178192 4.747287835559224
      vertex 126.91941767149387 -169.2721403869605 4.752412449930028
      vertex 126.60545278830404 -169.51863540965562 80.49
    endloop
  endfacet
  facet normal 0.6976315211349576 -0.7164567402983416 0
    outer loop
      vertex 126.95759490193498 -169.23496628021087 4.747541777501892
      vertex 127.2054030657365 -168.99366938601105 4.752152258895896
      vertex 127.2054030657365 -168.99366938601105 80.49
    endloop
  endfacet
  facet normal 0.6976315211348799 -0.7164567402984173 4.953640442219245e-16
    outer loop
      vertex 126.91941767149387 -169.2721403869605 4.752412449930028
      vertex 126.95759490193498 -169.23496628021087 4.747541777501892
      vertex 127.2054030657365 -168.99366938601105 80.49
    endloop
  endfacet
  facet normal 0.7698339834300171 -0.6382441836446865 -9.133087554821089e-16
    outer loop
      vertex 127.2054030657365 -168.99366938601105 4.752152258895896
      vertex 127.23516379615069 -168.95777274608602 4.747807561415136
      vertex 127.46016864224111 -168.68637759451937 80.48
    endloop
  endfacet
  facet normal 0.7698339834298918 -0.6382441836448376 0
    outer loop
      vertex 127.23516379615069 -168.95777274608602 4.747807561415136
      vertex 127.46016864224111 -168.68637759451937 4.751880247424242
      vertex 127.46016864224111 -168.68637759451937 80.48
    endloop
  endfacet
  facet normal 0.8333139190823876 -0.5528000653613855 9.216516321550284e-16
    outer loop
      vertex 127.46016864224111 -168.68637759451937 4.751880247424242
      vertex 127.48226461628332 -168.6530691998957 4.74808519149352
      vertex 127.68079867073499 -168.35379066982108 80.48
    endloop
  endfacet
  facet normal 0.8333139190825097 -0.5528000653612012 0
    outer loop
      vertex 127.48226461628332 -168.6530691998957 4.74808519149352
      vertex 127.68082780522678 -168.35374675127065 4.751596416371988
      vertex 127.68082780522678 -168.35374675127065 80.48
    endloop
  endfacet
  facet normal 0.8873520750568591 -0.4610925014487725 -2.5926832778995295e-16
    outer loop
      vertex 127.68082780522678 -168.35374675127065 4.751596416371988
      vertex 127.69618768895742 -168.32418733605962 4.748374672119287
      vertex 127.68085210622417 -168.3536999850787 80.48
    endloop
  endfacet
  facet normal 0.8873520750565806 -0.4610925014493086 -5.246398853543472e-16
    outer loop
      vertex 127.69618768895742 -168.32418733605962 4.748374672119287
      vertex 127.86488039820591 -167.9995456966314 4.751300766633226
      vertex 127.68085210622417 -168.3536999850787 80.48
    endloop
  endfacet
  facet normal 0.9313361774525405 -0.36416057525230555 -2.424878419496823e-15
    outer loop
      vertex 127.86488039820591 -167.9995456966314 4.751300766633226
      vertex 127.87458593915659 -167.9747238954168 4.748676007862536
      vertex 128.01024103175638 -167.62778767008228 80.48
    endloop
  endfacet
  facet normal 0.9313361774523609 -0.36416057525276463 0
    outer loop
      vertex 127.87458593915659 -167.9747238954168 4.748676007862536
      vertex 128.01024103175638 -167.62778767008228 4.7509932991393935
      vertex 128.01024103175638 -167.62778767008228 80.48
    endloop
  endfacet
  facet normal 0.9647678688141897 -0.26310256422871725 0
    outer loop
      vertex 128.01024103175638 -167.62778767008228 4.7509932991393935
      vertex 128.0155006114913 -167.608501375604 4.748989203481526
      vertex 128.01024103175638 -167.62778767008228 80.48
    endloop
  endfacet
  facet normal 0.9647678688144827 -0.263102564227643 2.9387545059411623e-16
    outer loop
      vertex 128.0155006114913 -167.608501375604 4.748989203481526
      vertex 128.11526271181702 -167.24268483861107 4.750674014859283
      vertex 128.01024103175638 -167.62778767008228 80.49
    endloop
  endfacet
  facet normal 0.9872683547213579 -0.15906349601898953 0
    outer loop
      vertex 128.1173827516531 -167.22952626801933 4.749314263922871
      vertex 128.178755500788 -166.8486005711776 4.750342914798381
      vertex 128.178755500788 -166.8486005711776 80.48
    endloop
  endfacet
  facet normal 0.9872683547215799 -0.15906349601761097 -7.114049053868013e-15
    outer loop
      vertex 128.11526271181702 -167.24268483861107 4.750674014859283
      vertex 128.1173827516531 -167.22952626801933 4.749314263922871
      vertex 128.178755500788 -166.8486005711776 80.48
    endloop
  endfacet
  facet normal 0.9985826956767578 -0.05322217484225469 -1.175562471007486e-16
    outer loop
      vertex 128.17911021274608 -166.84194527713208 4.749651194321105
      vertex 128.2 -166.45 4.750000000000001
      vertex 128.17875830571262 -166.84854794369264 80.48
    endloop
  endfacet
  facet normal 0.9985826956768615 -0.05322217484031104 5.23846215643343e-17
    outer loop
      vertex 128.178755500788 -166.8486005711776 4.750342914798381
      vertex 128.17911021274608 -166.84194527713208 4.749651194321105
      vertex 128.17875830571262 -166.84854794369264 80.48
    endloop
  endfacet
  facet normal 1 0 0
    outer loop
      vertex 128.2 -166.45 4.750000000000001
      vertex 128.2 166.45 4.75000000000001
      vertex 128.2 -166.45 80.49
    endloop
  endfacet
  facet normal 0 -1 0
    outer loop
      vertex -124.51696510791378 -170.19867104171294 80.48
      vertex 124.35017304460834 -170.19867104171294 4.748671041712963
      vertex 124.35017304460834 -170.19867104171294 80.49
    endloop
  endfacet
  facet normal 0.02662052143778842 -0.9996456111234522 0
    outer loop
      vertex 124.74919789582407 -170.1880450263653 4.753725323651611
      vertex 124.74919789582407 -170.1880450263653 80.49
      vertex 124.35017304460834 -170.19867104171294 80.49
    endloop
  endfacet
  facet normal 0.13272552728370468 -0.9911528310040095 1.9347142321402e-16
    outer loop
      vertex 124.84158407143795 -170.1756735701292 4.746195621715859
      vertex 125.14483271532669 -170.13506546722195 80.49
      vertex 124.74919789582407 -170.1880450263653 80.49
    endloop
  endfacet
  facet normal 0.2373266998711417 -0.9714298932647034 0
    outer loop
      vertex 125.14483271532669 -170.13506546722195 4.753536071152461
      vertex 125.53259480252356 -170.0403326438575 80.49
      vertex 125.14483271532669 -170.13506546722195 80.49
    endloop
  endfacet
  facet normal 0.3392388661180166 -0.9407002666710382 0
    outer loop
      vertex 125.53259480252356 -170.0403326438575 4.753334993856325
      vertex 125.90809065802495 -169.90491991701404 80.49
      vertex 125.53259480252356 -170.0403326438575 80.49
    endloop
  endfacet
  facet normal 0.43730732045912324 -0.8993121301710889 0
    outer loop
      vertex 125.9739671431347 -169.87288624570226 4.746815461745087
      vertex 126.26706576374744 -169.73036156699484 80.48
      vertex 126.26706576374744 -169.73036156699484 80.49
    endloop
  endfacet
  facet normal 0.43730732045885434 -0.8993121301712197 0
    outer loop
      vertex 125.90809065802495 -169.90491991701404 4.753122092396692
      vertex 126.26706576374744 -169.73036156699484 80.49
      vertex 125.90809065802495 -169.90491991701404 80.49
    endloop
  endfacet
  facet normal 0.5304209078893549 -0.8477344280338228 0
    outer loop
      vertex 126.26706576374744 -169.73036156699484 4.752897367444258
      vertex 126.26711044276948 -169.73033361167458 80.48
      vertex 126.26706576374744 -169.73036156699484 80.48
    endloop
  endfacet
  facet normal 0.5304209081197773 -0.8477344278896491 0
    outer loop
      vertex 126.60545278830404 -169.51863540965562 4.752660819706962
      vertex 126.60545278830404 -169.51863540965562 80.49
      vertex 126.26711044276948 -169.73033361167458 80.48
    endloop
  endfacet
  facet normal 0.6175246149462276 -0.7865515558026145 0
    outer loop
      vertex 126.91941767149387 -169.2721403869605 4.752412449930028
      vertex 126.91941767149387 -169.2721403869605 80.49
      vertex 126.60545278830404 -169.51863540965562 80.49
    endloop
  endfacet
  facet normal 0.6976315211349471 -0.7164567402983516 0
    outer loop
      vertex 126.91941767149387 -169.2721403869605 4.752412449930028
      vertex 127.2054030657365 -168.99366938601105 80.49
      vertex 126.91941767149387 -169.2721403869605 80.49
    endloop
  endfacet
  facet normal 0.7698339834298805 -0.638244183644851 0
    outer loop
      vertex 127.2054030657365 -168.99366938601105 4.752152258895896
      vertex 127.46013500442541 -168.6864181676015 80.48
      vertex 127.2054030657365 -168.99366938601105 80.49
    endloop
  endfacet
  facet normal 0.769833983625998 -0.6382441834082991 -1.6203529507662976e-12
    outer loop
      vertex 127.2054030657365 -168.99366938601105 4.752152258895896
      vertex 127.46016864224111 -168.68637759451937 80.48
      vertex 127.46013500442541 -168.6864181676015 80.48
    endloop
  endfacet
  facet normal 0.8333139190824843 -0.5528000653612398 0
    outer loop
      vertex 127.46016864224111 -168.68637759451937 4.751880247424242
      vertex 127.68079867073499 -168.35379066982108 80.48
      vertex 127.46016864224111 -168.68637759451937 80.48
    endloop
  endfacet
  facet normal 0.8333139200897165 -0.5528000638428958 -8.658216963381322e-12
    outer loop
      vertex 127.48226461628332 -168.6530691998957 4.74808519149352
      vertex 127.68082780522678 -168.35374675127065 80.49
      vertex 127.68079867073499 -168.35379066982108 80.48
    endloop
  endfacet
  facet normal 0.8333139190827288 -0.5528000653608712 0
    outer loop
      vertex 127.48226461628332 -168.6530691998957 4.74808519149352
      vertex 127.68082780522678 -168.35374675127065 80.48
      vertex 127.68082780522678 -168.35374675127065 80.49
    endloop
  endfacet
  facet normal 0.8873520748850839 -0.4610925017793461 0
    outer loop
      vertex 127.68082780522678 -168.35374675127065 4.751596416371988
      vertex 127.68085210622417 -168.3536999850787 80.48
      vertex 127.68082780522678 -168.35374675127065 80.48
    endloop
  endfacet
  facet normal 0.9313361774523884 -0.36416057525269424 0
    outer loop
      vertex 127.86488039820591 -167.9995456966314 4.751300766633226
      vertex 128.01022183937056 -167.62783675437214 80.48
      vertex 127.86488039820591 -167.9995456966314 80.49
    endloop
  endfacet
  facet normal 0.8873520750566264 -0.4610925014492203 0
    outer loop
      vertex 127.86488039820591 -167.9995456966314 4.751300766633226
      vertex 127.86488039820591 -167.9995456966314 80.49
      vertex 127.68085210622417 -168.3536999850787 80.48
    endloop
  endfacet
  facet normal 0.9313361773346117 -0.36416057555390685 1.7038046017331751e-12
    outer loop
      vertex 127.86488039820591 -167.9995456966314 4.751300766633226
      vertex 128.01024103175638 -167.62778767008228 80.48
      vertex 128.01022183937056 -167.62783675437214 80.48
    endloop
  endfacet
  facet normal 0.9647678688141811 -0.2631025642287492 0
    outer loop
      vertex 128.0155006114913 -167.608501375604 4.748989203481526
      vertex 128.01024103175638 -167.62778767008228 80.49
      vertex 128.01024103175638 -167.62778767008228 80.48
    endloop
  endfacet
  facet normal 0.964767868814468 -0.26310256422769684 0
    outer loop
      vertex 128.11526271181702 -167.24268483861107 4.750674014859283
      vertex 128.11526271181702 -167.24268483861107 80.49
      vertex 128.01024103175638 -167.62778767008228 80.49
    endloop
  endfacet
  facet normal 0.9872683547213695 -0.1590634960189172 0
    outer loop
      vertex 128.11526271181702 -167.24268483861107 4.750674014859283
      vertex 128.17874711772038 -166.84865260283516 80.48
      vertex 128.11526271181702 -167.24268483861107 80.49
    endloop
  endfacet
  facet normal 0.9872683546892819 -0.15906349621807772 1.0631392993998827e-12
    outer loop
      vertex 128.11526271181702 -167.24268483861107 4.750674014859283
      vertex 128.178755500788 -166.8486005711776 80.48
      vertex 128.17874711772038 -166.84865260283516 80.48
    endloop
  endfacet
  facet normal 0.9985826956808678 -0.05322217476514439 0
    outer loop
      vertex 128.178755500788 -166.8486005711776 4.750342914798381
      vertex 128.17875830571262 -166.84854794369264 80.48
      vertex 128.178755500788 -166.8486005711776 80.48
    endloop
  endfacet
  facet normal 0.9985826956767591 -0.05322217484223241 0
    outer loop
      vertex 128.2 -166.45 4.750000000000001
      vertex 128.2 -166.45 80.49
      vertex 128.17875830571262 -166.84854794369264 80.48
    endloop
  endfacet
  facet normal 0.5304209081197467 -0.847734427889668 1.4323572602382027e-12
    outer loop
      vertex 126.26711044276948 -169.73033361167458 80.48
      vertex 126.60545278830404 -169.51863540965562 80.49
      vertex 126.26706576374744 -169.73036156699484 80.49
    endloop
  endfacet
  facet normal 0.7698339834299065 -0.6382441836448199 1.6201390085052302e-12
    outer loop
      vertex 127.2054030657365 -168.99366938601105 80.49
      vertex 127.46013500442541 -168.6864181676015 80.48
      vertex 127.46016864224111 -168.68637759451937 80.49
    endloop
  endfacet
  facet normal 0.8873520750566037 -0.46109250144926384 1.960478918029255e-12
    outer loop
      vertex 127.68085210622417 -168.3536999850787 80.48
      vertex 127.86488039820591 -167.9995456966314 80.49
      vertex 127.68082780522678 -168.35374675127065 80.49
    endloop
  endfacet
  facet normal 0.931336177452373 -0.364160575252734 -1.7035796441364265e-12
    outer loop
      vertex 127.86488039820591 -167.9995456966314 80.49
      vertex 128.01022183937056 -167.62783675437214 80.48
      vertex 128.01024103175638 -167.62778767008228 80.49
    endloop
  endfacet
  facet normal 0.9872683547213652 -0.15906349601894343 -1.0629989310096196e-12
    outer loop
      vertex 128.11526271181702 -167.24268483861107 80.49
      vertex 128.17874711772038 -166.84865260283516 80.48
      vertex 128.178755500788 -166.8486005711776 80.49
    endloop
  endfacet
  facet normal 0.9985826956767596 -0.05322217484222224 -4.0679362910128007e-13
    outer loop
      vertex 128.17875830571262 -166.84854794369264 80.48
      vertex 128.2 -166.45 80.49
      vertex 128.178755500788 -166.8486005711776 80.49
    endloop
  endfacet
  facet normal 0 1 0
    outer loop
      vertex -124.44999999999999 170.19867104171294 4.74867104171295
      vertex 124.35017304460834 170.19867104171294 80.49
      vertex 124.35017304460834 170.19867104171294 4.748671041712965
    endloop
  endfacet
  facet normal 0.02662052143787607 0.99964561112345 -1.3033652350514258e-12
    outer loop
      vertex 124.35017304460834 170.19867104171294 4.748671041712965
      vertex 124.74919789582407 170.18804502636527 4.75372532365161
      vertex 124.44999999999999 170.19601265400382 4.74601265400384
    endloop
  endfacet
  facet normal 0.8873520750566005 0.4610925014492704 -9.869396595934135e-12
    outer loop
      vertex 127.68082780522678 168.35374675127065 4.751596416372
      vertex 127.86488039820591 167.9995456966314 4.751300766633228
      vertex 127.69618768895742 168.3241873360596 4.748374672119292
    endloop
  endfacet
  facet normal 0.026620521437859576 0.9996456111234503 0
    outer loop
      vertex 124.35017304460834 170.19867104171294 4.748671041712965
      vertex 124.74919789582407 170.18804502636527 80.49
      vertex 124.74919789582407 170.18804502636527 4.75372532365161
    endloop
  endfacet
  facet normal 0.13272552728350875 0.9911528310040358 0
    outer loop
      vertex 124.74919789582407 170.18804502636527 4.75372532365161
      vertex 124.74919789582407 170.18804502636527 80.49
      vertex 124.84158407143798 170.17567357012916 4.7461956217159
    endloop
  endfacet
  facet normal 0.13272552728358183 0.9911528310040258 9.075986154418687e-17
    outer loop
      vertex 124.84158407143798 170.17567357012916 4.7461956217159
      vertex 124.74919789582407 170.18804502636527 80.49
      vertex 125.14483271532669 170.13506546722198 4.753536071152525
    endloop
  endfacet
  facet normal 0.23732669987112195 0.9714298932647082 -8.690934478420089e-17
    outer loop
      vertex 125.22891836464078 170.11452279111472 4.746390410164739
      vertex 125.53255470984254 170.0403424387627 80.48
      vertex 125.53259480252356 170.04033264385754 4.753334993856353
    endloop
  endfacet
  facet normal 0.23732669987121308 0.971429893264686 -4.737822903847455e-16
    outer loop
      vertex 125.14483271532669 170.13506546722198 4.753536071152525
      vertex 125.53255470984254 170.0403424387627 80.48
      vertex 125.22891836464078 170.11452279111472 4.746390410164739
    endloop
  endfacet
  facet normal 0.33923886611804926 0.9407002666710265 0
    outer loop
      vertex 125.53259480252356 170.04033264385754 4.753334993856353
      vertex 125.53259480252356 170.04033264385754 80.49
      vertex 125.60776215100287 170.01322551210615 4.746597022421671
    endloop
  endfacet
  facet normal 0.3392388661180084 0.9407002666710411 -4.5838631887077623e-17
    outer loop
      vertex 125.60776215100287 170.01322551210615 4.746597022421671
      vertex 125.53259480252356 170.04033264385754 80.49
      vertex 125.90809065802495 169.90491991701407 4.7531220923967235
    endloop
  endfacet
  facet normal 0.4373073204587646 0.8993121301712633 -3.424387206292766e-16
    outer loop
      vertex 125.9739671431347 169.87288624570226 4.746815461745124
      vertex 126.2670183660839 169.73038461499408 80.48
      vertex 126.26706576374744 169.73036156699487 4.752897367444286
    endloop
  endfacet
  facet normal 0.4373073204592536 0.8993121301710257 -2.6816363523612396e-15
    outer loop
      vertex 125.90809065802495 169.90491991701407 4.7531220923967235
      vertex 126.2670183660839 169.73038461499408 80.48
      vertex 125.9739671431347 169.87288624570226 4.746815461745124
    endloop
  endfacet
  facet normal 0.9985826956768857 0.05322217483985907 -1.2473879698106518e-14
    outer loop
      vertex 128.178755500788 166.8486005711776 4.750342914798388
      vertex 128.2 166.45 80.48
      vertex 128.17911021274608 166.84194527713203 4.749651194321108
    endloop
  endfacet
  facet normal 0.9985826956767575 0.05322217484226239 0
    outer loop
      vertex 128.2 166.45 4.75000000000001
      vertex 128.17911021274608 166.84194527713203 4.749651194321108
      vertex 128.2 166.45 80.48
    endloop
  endfacet
  facet normal 0.9872683547213634 0.1590634960189548 0
    outer loop
      vertex 128.178755500788 166.8486005711776 4.750342914798388
      vertex 128.1173827516531 167.2295262680194 4.749314263922862
      vertex 128.178755500788 166.8486005711776 80.48
    endloop
  endfacet
  facet normal 0.9872683547214182 0.15906349601861505 -1.753051490232282e-15
    outer loop
      vertex 128.11526271181702 167.24268483861107 4.750674014859282
      vertex 128.178755500788 166.8486005711776 80.49
      vertex 128.1173827516531 167.2295262680194 4.749314263922862
    endloop
  endfacet
  facet normal 0.9647678688144878 0.263102564227624 0
    outer loop
      vertex 128.11526271181702 167.24268483861107 4.750674014859282
      vertex 128.0155006114913 167.60850137560402 4.748989203481522
      vertex 128.11526271181702 167.24268483861107 80.49
    endloop
  endfacet
  facet normal 0.9647678688140916 0.26310256422907746 7.382777426549844e-15
    outer loop
      vertex 128.01024103175638 167.62778767008228 4.750993299139381
      vertex 128.1152488455565 167.24273568464776 80.48
      vertex 128.0155006114913 167.60850137560402 4.748989203481522
    endloop
  endfacet
  facet normal 0.6175246149463769 0.7865515558024972 0
    outer loop
      vertex 126.60545278830404 169.5186354096556 4.752660819706949
      vertex 126.60545278830404 169.5186354096556 80.49
      vertex 126.6526005258367 169.48161954178187 4.74728783555922
    endloop
  endfacet
  facet normal 0.5304209081197004 0.8477344278896971 1.2047118355073804e-15
    outer loop
      vertex 126.26706576374744 169.73036156699487 4.752897367444286
      vertex 126.60541556637028 169.51865869913308 80.48
      vertex 126.3235228657901 169.69503679269047 4.747045731580198
    endloop
  endfacet
  facet normal 0.530420908119879 0.8477344278895854 2.8020521194931636e-16
    outer loop
      vertex 126.60545278830404 169.5186354096556 4.752660819706949
      vertex 126.3235228657901 169.69503679269047 4.747045731580198
      vertex 126.60541556637028 169.51865869913308 80.48
    endloop
  endfacet
  facet normal 0.6175246149460974 0.7865515558027166 -2.811307770083406e-16
    outer loop
      vertex 126.6526005258367 169.48161954178187 4.74728783555922
      vertex 126.60545278830404 169.5186354096556 80.49
      vertex 126.91941767149387 169.27214038696053 4.752412449930062
    endloop
  endfacet
  facet normal 0.6976315211349576 0.7164567402983415 0
    outer loop
      vertex 126.95759490193498 169.23496628021087 4.7475417775019135
      vertex 127.2054030657365 168.99366938601105 80.48
      vertex 127.2054030657365 168.99366938601105 4.752152258895901
    endloop
  endfacet
  facet normal 0.6976315211351535 0.7164567402981509 -1.248936059455852e-15
    outer loop
      vertex 126.91941767149387 169.27214038696053 4.752412449930062
      vertex 127.2054030657365 168.99366938601105 80.49
      vertex 126.95759490193498 169.23496628021087 4.7475417775019135
    endloop
  endfacet
  facet normal 0.7698339834299573 0.6382441836447584 1.6265251255515985e-17
    outer loop
      vertex 127.46016864224111 168.68637759451934 4.751880247424227
      vertex 127.23516379615069 168.95777274608605 4.747807561415118
      vertex 127.4601389355692 168.68641342595527 80.48
    endloop
  endfacet
  facet normal 0.8333139190825098 0.5528000653612012 0
    outer loop
      vertex 127.68082780522678 168.35374675127065 4.751596416372
      vertex 127.48226461628332 168.6530691998957 4.748085191493516
      vertex 127.68082780522678 168.35374675127065 80.49
    endloop
  endfacet
  facet normal 0.8333139190821702 0.5528000653617131 0
    outer loop
      vertex 127.46016864224111 168.68637759451934 4.751880247424227
      vertex 127.46016864224111 168.68637759451934 80.49
      vertex 127.48226461628332 168.6530691998957 4.748085191493516
    endloop
  endfacet
  facet normal 0.9313361774525405 0.36416057525230555 -2.424878419496825e-15
    outer loop
      vertex 127.86488039820591 167.9995456966314 4.751300766633228
      vertex 128.01024103175638 167.62778767008228 80.48
      vertex 127.87458593915659 167.9747238954168 4.748676007862542
    endloop
  endfacet
  facet normal 0.8873520750566037 0.4610925014492639 0
    outer loop
      vertex 127.68082780522678 168.35374675127065 4.751596416372
      vertex 127.86488039820591 167.9995456966314 80.48
      vertex 127.86488039820591 167.9995456966314 4.751300766633228
    endloop
  endfacet
  facet normal 0.9313361774523609 0.36416057525276463 0
    outer loop
      vertex 127.87458593915659 167.9747238954168 4.748676007862542
      vertex 128.01024103175638 167.62778767008228 80.48
      vertex 128.01024103175638 167.62778767008228 4.750993299139381
    endloop
  endfacet
  facet normal 0.7698339834297687 0.6382441836449859 0
    outer loop
      vertex 127.2054030657365 168.99366938601105 4.752152258895901
      vertex 127.2054030657365 168.99366938601105 80.48
      vertex 127.23516379615069 168.95777274608605 4.747807561415118
    endloop
  endfacet
  facet normal 1 0 0
    outer loop
      vertex 128.2 -166.45 80.49
      vertex 128.2 166.45 4.75000000000001
      vertex 128.2 166.45 80.48
    endloop
  endfacet
  facet normal 1 0 0
    outer loop
      vertex 128.2 -166.45 80.49
      vertex 128.2 166.45 80.48
      vertex 128.2 166.45 80.49
    endloop
  endfacet
  facet normal 0.026620521437859573 0.9996456111234503 0
    outer loop
      vertex 124.35017304460834 170.19867104171294 4.748671041712965
      vertex 124.35017304460834 170.19867104171294 80.49
      vertex 124.74919789582407 170.18804502636527 80.49
    endloop
  endfacet
  facet normal 0.13272552728356476 0.9911528310040283 0
    outer loop
      vertex 125.14483271532669 170.13506546722198 4.753536071152525
      vertex 124.74919789582407 170.18804502636527 80.49
      vertex 125.14483271532669 170.13506546722198 80.49
    endloop
  endfacet
  facet normal 0.23732670090165367 0.9714298930129426 -5.5942858524460385e-12
    outer loop
      vertex 125.14483271532669 170.13506546722198 4.753536071152525
      vertex 125.53254360366014 170.040345152076 80.48
      vertex 125.53255470984254 170.0403424387627 80.48
    endloop
  endfacet
  facet normal 0.23732669987109617 0.9714298932647145 0
    outer loop
      vertex 125.14483271532669 170.13506546722198 4.753536071152525
      vertex 125.14483271532669 170.13506546722198 80.49
      vertex 125.53254360366014 170.040345152076 80.48
    endloop
  endfacet
  facet normal 0.23732670002603376 0.9714298932268622 0
    outer loop
      vertex 125.53259480252356 170.04033264385754 4.753334993856353
      vertex 125.53255470984254 170.0403424387627 80.48
      vertex 125.53259480252356 170.04033264385754 80.49
    endloop
  endfacet
  facet normal 0.3392388661180166 0.9407002666710383 0
    outer loop
      vertex 125.90809065802495 169.90491991701407 4.7531220923967235
      vertex 125.53259480252356 170.04033264385754 80.49
      vertex 125.90809065802495 169.90491991701407 80.49
    endloop
  endfacet
  facet normal 0.43730732045879595 0.8993121301712482 0
    outer loop
      vertex 125.90809065802495 169.90491991701407 4.7531220923967235
      vertex 125.90809065802495 169.90491991701407 80.49
      vertex 126.2670183660839 169.73038461499408 80.48
    endloop
  endfacet
  facet normal 0.9985826956767597 0.053222174842222233 0
    outer loop
      vertex 128.178755500788 166.8486005711776 4.750342914798388
      vertex 128.178755500788 166.8486005711776 80.48
      vertex 128.2 166.45 80.48
    endloop
  endfacet
  facet normal 0.9872683547213424 0.15906349601908545 0
    outer loop
      vertex 128.1173827516531 167.2295262680194 4.749314263922862
      vertex 128.178755500788 166.8486005711776 80.49
      vertex 128.178755500788 166.8486005711776 80.48
    endloop
  endfacet
  facet normal 0.9872683547213653 0.15906349601894346 0
    outer loop
      vertex 128.11526271181702 167.24268483861107 4.750674014859282
      vertex 128.11526271181702 167.24268483861107 80.49
      vertex 128.178755500788 166.8486005711776 80.49
    endloop
  endfacet
  facet normal 0.9647678700152388 0.2631025598246043 -2.2862320115112746e-11
    outer loop
      vertex 128.0155006114913 167.60850137560402 4.748989203481522
      vertex 128.1152488455565 167.24273568464776 80.48
      vertex 128.11526271181702 167.24268483861107 80.49
    endloop
  endfacet
  facet normal 0.9647678688144601 0.263102564227726 0
    outer loop
      vertex 128.01024103175638 167.62778767008228 4.750993299139381
      vertex 128.01024103175638 167.62778767008228 80.48
      vertex 128.1152488455565 167.24273568464776 80.48
    endloop
  endfacet
  facet normal 0.5304209077101945 0.847734428145922 0
    outer loop
      vertex 126.60545278830404 169.5186354096556 4.752660819706949
      vertex 126.60541556637028 169.51865869913308 80.48
      vertex 126.60545278830404 169.5186354096556 80.49
    endloop
  endfacet
  facet normal 0.43730732090141555 0.8993121299560162 0
    outer loop
      vertex 126.26706576374744 169.73036156699487 4.752897367444286
      vertex 126.2670183660839 169.73038461499408 80.48
      vertex 126.26706576374744 169.73036156699487 80.48
    endloop
  endfacet
  facet normal 0.5304209081198943 0.8477344278895761 0
    outer loop
      vertex 126.26706576374744 169.73036156699487 4.752897367444286
      vertex 126.26706576374744 169.73036156699487 80.48
      vertex 126.60541556637028 169.51865869913308 80.48
    endloop
  endfacet
  facet normal 0.6175246149461395 0.7865515558026837 0
    outer loop
      vertex 126.91941767149387 169.27214038696053 4.752412449930062
      vertex 126.60545278830404 169.5186354096556 80.49
      vertex 126.91941767149387 169.27214038696053 80.49
    endloop
  endfacet
  facet normal 0.6976315211349303 0.716456740298368 0
    outer loop
      vertex 126.95759490193498 169.23496628021087 4.7475417775019135
      vertex 127.2054030657365 168.99366938601105 80.49
      vertex 127.2054030657365 168.99366938601105 80.48
    endloop
  endfacet
  facet normal 0.6976315211349837 0.7164567402983162 0
    outer loop
      vertex 126.91941767149387 169.27214038696053 4.752412449930062
      vertex 126.91941767149387 169.27214038696053 80.49
      vertex 127.2054030657365 168.99366938601105 80.49
    endloop
  endfacet
  facet normal 0.7698339834130672 0.6382441836651309 0
    outer loop
      vertex 127.46016864224111 168.68637759451934 4.751880247424227
      vertex 127.4601389355692 168.68641342595527 80.48
      vertex 127.46016864224111 168.68637759451934 80.49
    endloop
  endfacet
  facet normal 0.8333139190824759 0.5528000653612524 2.9173487316197127e-16
    outer loop
      vertex 127.48226461628332 168.6530691998957 4.748085191493516
      vertex 127.46016864224111 168.68637759451934 80.49
      vertex 127.68082780522678 168.35374675127065 80.49
    endloop
  endfacet
  facet normal 0.9313361774523728 0.36416057525273404 0
    outer loop
      vertex 127.86488039820591 167.9995456966314 4.751300766633228
      vertex 127.86488039820591 167.9995456966314 80.48
      vertex 128.01024103175638 167.62778767008228 80.48
    endloop
  endfacet
  facet normal 0.8873520750565987 0.46109250144927383 0
    outer loop
      vertex 127.68082780522678 168.35374675127065 4.751596416372
      vertex 127.86488039820591 167.9995456966314 80.49
      vertex 127.86488039820591 167.9995456966314 80.48
    endloop
  endfacet
  facet normal 0.8873520750566039 0.4610925014492639 0
    outer loop
      vertex 127.68082780522678 168.35374675127065 4.751596416372
      vertex 127.68082780522678 168.35374675127065 80.49
      vertex 127.86488039820591 167.9995456966314 80.49
    endloop
  endfacet
  facet normal 0.7698339834299375 0.6382441836447825 1.6264710389542073e-16
    outer loop
      vertex 127.23516379615069 168.95777274608605 4.747807561415118
      vertex 127.2054030657365 168.99366938601105 80.48
      vertex 127.4601389355692 168.68641342595527 80.48
    endloop
  endfacet
  facet normal 0.23732669987114172 0.9714298932647035 1.8704609153988373e-12
    outer loop
      vertex 125.14483271532669 170.13506546722198 80.49
      vertex 125.53259480252356 170.04033264385754 80.49
      vertex 125.53254360366014 170.040345152076 80.48
    endloop
  endfacet
  facet normal 0.43730732045885434 0.8993121301712197 2.5970897840201223e-12
    outer loop
      vertex 125.90809065802495 169.90491991701407 80.49
      vertex 126.26706576374744 169.73036156699487 80.49
      vertex 126.2670183660839 169.73038461499408 80.48
    endloop
  endfacet
  facet normal -0.3298090463529914 -0.6283986359534005 -0.7045148311253894
    outer loop
      vertex -125.35890359476984 -167.76677418542985 0.8
      vertex -124.73368390963402 -167.1980129941483 0
      vertex -125.01736781926805 -167.94602598829664 0.8
    endloop
  endfacet
  facet normal -0.16983975786899969 -0.6890669846766466 -0.7045148311253876
    outer loop
      vertex -125.01736781926805 -167.94602598829664 0.8
      vertex -124.73368390963402 -167.1980129941483 0
      vertex -124.64285868840851 -168.03833419855687 0.8
    endloop
  endfacet
  facet normal -0.6170821224129237 -0.3238696818712007 -0.7171597335064264
    outer loop
      vertex -125.22675345394083 -166.64145253143005 0
      vertex -125.04880859853687 -166.98049812659264 0
      vertex -125.86672964104513 -167.19355707527 0.8
    endloop
  endfacet
  facet normal -0.6635709899476004 -0.2516592816176817 -0.7045148311253879
    outer loop
      vertex -125.22675345394083 -166.64145253143005 0
      vertex -125.86672964104513 -167.19355707527 0.8
      vertex -126.00350690788167 -166.83290506286008 0.8
    endloop
  endfacet
  facet normal -0.7045148311253931 -0.08554358800473146 -0.704514831125389
    outer loop
      vertex -125.22675345394083 -166.64145253143005 0
      vertex -126.00350690788167 -166.83290506286008 0.8
      vertex -126.04999999999998 -166.45 0.8
    endloop
  endfacet
  facet normal -0.5840628148164705 -0.40314945252725537 -0.7045148311253892
    outer loop
      vertex -125.04880859853687 -166.98049812659264 0
      vertex -125.64761719707376 -167.51099625318525 0.8
      vertex -125.86672964104513 -167.19355707527 0.8
    endloop
  endfacet
  facet normal -0.47061103187016345 -0.5312100426445873 -0.7045148311253893
    outer loop
      vertex -125.35890359476984 -167.76677418542985 0.8
      vertex -125.64761719707376 -167.51099625318525 0.8
      vertex -125.04880859853687 -166.98049812659264 0
    endloop
  endfacet
  facet normal 0 0 -1
    outer loop
      vertex -125.04880859853687 -166.98049812659264 0
      vertex -124.35357065579574 -167.24416709927843 0
      vertex -124.73368390963402 -167.1980129941483 0
    endloop
  endfacet
  facet normal -0.3958893377253943 -0.5735447226784749 -0.7171597335064344
    outer loop
      vertex -125.35890359476984 -167.76677418542985 0.8
      vertex -125.04880859853687 -166.98049812659264 0
      vertex -124.73368390963402 -167.1980129941483 0
    endloop
  endfacet
  facet normal -0.08400307674872404 -0.6918275794833104 -0.7171597335064286
    outer loop
      vertex -124.64285868840851 -168.03833419855687 0.8
      vertex -124.73368390963402 -167.1980129941483 0
      vertex -124.35357065579574 -167.24416709927843 0
    endloop
  endfacet
  facet normal -0.6631226582408216 -0.7485107481710777 -4.584844542979234e-15
    outer loop
      vertex -125.35890359476984 -167.76677418542985 0.8
      vertex -125.36675239910117 -167.75982075155477 2.6
      vertex -125.64761719707376 -167.51099625318525 0.8
    endloop
  endfacet
  facet normal -0.4647231720437105 -0.8854560256532404 -3.6478872113079526e-15
    outer loop
      vertex -125.35890359476984 -167.76677418542985 0.8
      vertex -125.01736781926805 -167.94602598829664 0.8
      vertex -125.03392977745939 -167.9373336020878 2.6
    endloop
  endfacet
  facet normal -0.23931566428757298 -0.9709418174260483 4.027667249745429e-15
    outer loop
      vertex -125.01736781926805 -167.94602598829664 0.8
      vertex -124.64285868840851 -168.03833419855687 0.8
      vertex -124.6559798717299 -168.03510011733135 2.6
    endloop
  endfacet
  facet normal -0.6631226582408456 -0.7485107481710563 2.1228427649389444e-15
    outer loop
      vertex -125.64761719707376 -167.51099625318525 0.8
      vertex -125.36675239910117 -167.75982075155477 2.6
      vertex -125.6447818512277 -167.5135081504146 2.6
    endloop
  endfacet
  facet normal -0.6631226582402325 -0.7485107481715996 0
    outer loop
      vertex -125.35890359476984 -167.76677418542985 0.8
      vertex -125.35890359476984 -167.76677418542985 2.6015590116914993
      vertex -125.36675239910117 -167.75982075155477 2.6
    endloop
  endfacet
  facet normal -0.46472317204390906 -0.8854560256531361 0
    outer loop
      vertex -125.35890359476984 -167.76677418542985 0.8
      vertex -125.34400109918407 -167.77459561847604 2.6
      vertex -125.35890359476984 -167.76677418542985 2.6015590116914993
    endloop
  endfacet
  facet normal -0.46472317204371755 -0.8854560256532367 -2.022788551759769e-15
    outer loop
      vertex -125.35890359476984 -167.76677418542985 0.8
      vertex -125.03392977745939 -167.9373336020878 2.6
      vertex -125.34400109918407 -167.77459561847604 2.6
    endloop
  endfacet
  facet normal 0 0 -1
    outer loop
      vertex -125.36675239910117 -167.75982075155477 2.6
      vertex -125.63903172076382 -167.52060897017415 2.6
      vertex -125.6447818512277 -167.5135081504146 2.6
    endloop
  endfacet
  facet normal 0 0 -1
    outer loop
      vertex -125.52060897017417 -167.63903172076382 2.6
      vertex -125.63903172076382 -167.52060897017415 2.6
      vertex -125.36675239910117 -167.75982075155477 2.6
    endloop
  endfacet
  facet normal 0 0 -1
    outer loop
      vertex -125.52060897017417 -167.63903172076382 2.6
      vertex -125.36675239910117 -167.75982075155477 2.6
      vertex -125.39045640366794 -167.74442719099991 2.6
    endloop
  endfacet
  facet normal 0 0 -1
    outer loop
      vertex -125.24999999999999 -167.83564064605508 2.6
      vertex -125.34400109918407 -167.77459561847604 2.6
      vertex -125.03392977745939 -167.9373336020878 2.6
    endloop
  endfacet
  facet normal -0.46472317204339963 -0.8854560256534035 0
    outer loop
      vertex -125.01736781926805 -167.94602598829664 0.8
      vertex -125.01736781926805 -167.94602598829664 2.602182758020662
      vertex -125.03392977745939 -167.9373336020878 2.6
    endloop
  endfacet
  facet normal -0.23931566428813775 -0.9709418174259089 0
    outer loop
      vertex -125.01736781926805 -167.94602598829664 0.8
      vertex -125.00037305134205 -167.95021482237777 2.6
      vertex -125.01736781926805 -167.94602598829664 2.602182758020662
    endloop
  endfacet
  facet normal -0.23931566428752526 -0.97094181742606 -6.134402464752475e-15
    outer loop
      vertex -125.01736781926805 -167.94602598829664 0.8
      vertex -124.6559798717299 -168.03510011733135 2.6
      vertex -125.00037305134205 -167.95021482237777 2.6
    endloop
  endfacet
  facet normal -0.23931566428809337 -0.97094181742592 0
    outer loop
      vertex -124.64285868840851 -168.03833419855687 0.8
      vertex -124.64285868840851 -168.03833419855687 2.6011432257765885
      vertex -124.6559798717299 -168.03510011733135 2.6
    endloop
  endfacet
  facet normal 0 -1 0
    outer loop
      vertex -124.64285868840851 -168.03833419855687 0.8
      vertex -124.63556068649378 -168.03833419855687 2.6
      vertex -124.64285868840851 -168.03833419855687 2.6011432257765885
    endloop
  endfacet
  facet normal 0 0 -1
    outer loop
      vertex -125.24999999999999 -167.83564064605508 2.6
      vertex -125.03392977745939 -167.9373336020878 2.6
      vertex -125.10077862892128 -167.91167273222814 2.6
    endloop
  endfacet
  facet normal 0 0 -1
    outer loop
      vertex -124.9444271909999 -167.97169042607223 2.6
      vertex -124.6559798717299 -168.03510011733135 2.6
      vertex -124.7826587053084 -168.01503616117407 2.6
    endloop
  endfacet
  facet normal 0 0 -1
    outer loop
      vertex -124.9444271909999 -167.97169042607223 2.6
      vertex -125.00037305134205 -167.95021482237777 2.6
      vertex -124.6559798717299 -168.03510011733135 2.6
    endloop
  endfacet
  facet normal -0.8229838658936665 -0.5680647467311413 -1.599073846052762e-16
    outer loop
      vertex -125.86672964104513 -167.19355707527 0.8
      vertex -125.64761719707376 -167.51099625318525 0.8
      vertex -125.65224403652039 -167.50429311901513 2.6
    endloop
  endfacet
  facet normal -0.9350162426854132 -0.3546048870425397 1.842058114066291e-15
    outer loop
      vertex -125.86672964104513 -167.19355707527 0.8
      vertex -125.87351226934213 -167.17567275427632 2.6
      vertex -126.00350690788167 -166.83290506286008 0.8
    endloop
  endfacet
  facet normal -0.9927088740980556 -0.12053668025530946 -3.0196573204221293e-15
    outer loop
      vertex -126.00350690788167 -166.83290506286008 0.8
      vertex -126.00510972651608 -166.81970466379008 2.6
      vertex -126.04999999999998 -166.45 0.8
    endloop
  endfacet
  facet normal -0.9350162426854113 -0.3546048870425451 6.840226150343605e-16
    outer loop
      vertex -126.00350690788167 -166.83290506286008 0.8
      vertex -125.87351226934213 -167.17567275427632 2.6
      vertex -125.99691619062575 -166.85028335602638 2.6
    endloop
  endfacet
  facet normal -0.8229838658936717 -0.5680647467311337 1.7981446594249433e-15
    outer loop
      vertex -125.86672964104513 -167.19355707527 0.8
      vertex -125.65224403652039 -167.50429311901513 2.6
      vertex -125.8578309917081 -167.20644899450062 2.6
    endloop
  endfacet
  facet normal -0.9350162426854747 -0.3546048870423776 0
    outer loop
      vertex -125.86672964104513 -167.19355707527 0.8
      vertex -125.86672964104513 -167.19355707527 2.6020787946775057
      vertex -125.87351226934213 -167.17567275427632 2.6
    endloop
  endfacet
  facet normal -0.8229838658935543 -0.5680647467313037 0
    outer loop
      vertex -125.86672964104513 -167.19355707527 0.8
      vertex -125.8578309917081 -167.20644899450062 2.6
      vertex -125.86672964104513 -167.19355707527 2.6020787946775057
    endloop
  endfacet
  facet normal -0.9350162426853876 -0.35460488704260706 0
    outer loop
      vertex -126.00350690788167 -166.83290506286008 0.8
      vertex -125.99691619062575 -166.85028335602638 2.6
      vertex -126.00350690788167 -166.83290506286008 2.601870874737249
    endloop
  endfacet
  facet normal -0.9927088740980065 -0.12053668025571523 0
    outer loop
      vertex -126.00350690788167 -166.83290506286008 0.8
      vertex -126.00350690788167 -166.83290506286008 2.601870874737249
      vertex -126.00510972651608 -166.81970466379008 2.6
    endloop
  endfacet
  facet normal -0.9927088740980574 -0.12053668025529497 0
    outer loop
      vertex -126.04999999999998 -166.45 0.8
      vertex -126.00510972651608 -166.81970466379008 2.6
      vertex -126.04999999999998 -166.45 2.6
    endloop
  endfacet
  facet normal -0.8229838658936476 -0.5680647467311687 0
    outer loop
      vertex -125.64761719707376 -167.51099625318525 0.8
      vertex -125.64761719707376 -167.51099625318525 2.6006235439722873
      vertex -125.65224403652039 -167.50429311901513 2.6
    endloop
  endfacet
  facet normal -0.6631226582400906 -0.7485107481717252 0
    outer loop
      vertex -125.64761719707376 -167.51099625318525 0.8
      vertex -125.6447818512277 -167.5135081504146 2.6
      vertex -125.64761719707376 -167.51099625318525 2.6006235439722873
    endloop
  endfacet
  facet normal 0 0 -1
    outer loop
      vertex -125.97169042607223 -166.9444271909999 2.6
      vertex -125.99691619062575 -166.85028335602638 2.6
      vertex -125.87351226934213 -167.17567275427632 2.6
    endloop
  endfacet
  facet normal 0 0 -1
    outer loop
      vertex -125.7444271909999 -167.39045640366794 2.6
      vertex -125.8356406460551 -167.25 2.6
      vertex -125.65224403652039 -167.50429311901513 2.6
    endloop
  endfacet
  facet normal 0 0 -1
    outer loop
      vertex -125.8356406460551 -167.25 2.6
      vertex -125.8578309917081 -167.20644899450062 2.6
      vertex -125.65224403652039 -167.50429311901513 2.6
    endloop
  endfacet
  facet normal 0 0 -1
    outer loop
      vertex -125.97169042607223 -166.9444271909999 2.6
      vertex -125.87351226934213 -167.17567275427632 2.6
      vertex -125.91167273222815 -167.10077862892126 2.6
    endloop
  endfacet
  facet normal 0 0 -1
    outer loop
      vertex -126.01503616117408 -166.7826587053084 2.6
      vertex -126.04999999999998 -166.45 2.6
      vertex -126.00510972651608 -166.81970466379008 2.6
    endloop
  endfacet
  facet normal 0 0 -1
    outer loop
      vertex -126.01503616117408 -166.7826587053084 2.6
      vertex -126.04123503258923 -166.61724554122824 2.6
      vertex -126.04999999999998 -166.45 2.6
    endloop
  endfacet
  facet normal -0.6304686248866731 -0.32123980948744263 -0.7066217501846224
    outer loop
      vertex -125.8356406460551 -167.25 2.6
      vertex -127.77757028146213 -168.17909688043497 4.755026520667093
      vertex -125.8578309917081 -167.20644899450062 2.6
    endloop
  endfacet
  facet normal -0.549901860822465 -0.44530174671788925 -0.7066217501846284
    outer loop
      vertex -125.63903172076382 -167.52060897017415 2.6
      vertex -127.33687743786214 -168.84341568866807 4.7548963942016576
      vertex -125.6447818512277 -167.5135081504146 2.6
    endloop
  endfacet
  facet normal -0.5499018608223017 -0.44530174671809475 -0.7066217501846257
    outer loop
      vertex -125.7444271909999 -167.39045640366794 2.6
      vertex -125.65224403652039 -167.50429311901513 2.6
      vertex -127.33687743786214 -168.84341568866807 4.7548963942016576
    endloop
  endfacet
  facet normal -0.5499018608218961 -0.4453017467186022 -0.7066217501846217
    outer loop
      vertex -125.6447818512277 -167.5135081504146 2.6
      vertex -127.33687743786214 -168.84341568866807 4.7548963942016576
      vertex -125.64761719707376 -167.51099625318525 2.6006235439722873
    endloop
  endfacet
  facet normal -0.5499018608222678 -0.44530174671813716 -0.7066217501846255
    outer loop
      vertex -125.65224403652039 -167.50429311901513 2.6
      vertex -125.64761719707376 -167.51099625318525 2.6006235439722873
      vertex -127.33687743786214 -168.84341568866807 4.7548963942016576
    endloop
  endfacet
  facet normal -0.5934361481663278 -0.385381940697188 -0.7066217501846243
    outer loop
      vertex -125.7444271909999 -167.39045640366794 2.6
      vertex -127.57492719655941 -168.52300024510447 4.75496737208737
      vertex -125.8356406460551 -167.25 2.6
    endloop
  endfacet
  facet normal -0.6834808847193609 -0.18313815110255854 -0.7066217501846205
    outer loop
      vertex -126.01503616117408 -166.7826587053084 2.6
      vertex -126.00510972651608 -166.81970466379008 2.6
      vertex -128.06787950805443 -167.4366346158532 4.755109329200447
    endloop
  endfacet
  facet normal -0.6988798544194927 -0.1106916945963329 -0.7066217501846238
    outer loop
      vertex -126.01503616117408 -166.7826587053084 2.6
      vertex -128.15225633020503 -167.04648811007152 4.7551329888931955
      vertex -126.04123503258923 -166.61724554122824 2.6
    endloop
  endfacet
  facet normal -0.7066217501846256 -0.037032476720238953 -0.7066217501846241
    outer loop
      vertex -126.04123503258923 -166.61724554122824 2.6
      vertex -128.19468510878784 -166.64958315565815 4.755144818758195
      vertex -126.04999999999998 -166.45 2.6
    endloop
  endfacet
  facet normal -0.6605935554186263 -0.25357810770135125 -0.7066217501846233
    outer loop
      vertex -125.97169042607223 -166.9444271909999 2.6
      vertex -125.91167273222815 -167.10077862892126 2.6
      vertex -127.94251066544626 -167.81560215719807 4.755073839754473
    endloop
  endfacet
  facet normal -0.6304686248866265 -0.32123980948753456 -0.7066217501846224
    outer loop
      vertex -125.8578309917081 -167.20644899450062 2.6
      vertex -127.77757028146213 -168.17909688043497 4.755026520667093
      vertex -125.86672964104513 -167.19355707527 2.6020787946775057
    endloop
  endfacet
  facet normal -0.6304686248867178 -0.32123980948735653 -0.7066217501846218
    outer loop
      vertex -125.87351226934213 -167.17567275427632 2.6
      vertex -125.86672964104513 -167.19355707527 2.6020787946775057
      vertex -127.77757028146213 -168.17909688043497 4.755026520667093
    endloop
  endfacet
  facet normal -0.6304686248866506 -0.32123980948748593 -0.7066217501846228
    outer loop
      vertex -125.91167273222815 -167.10077862892126 2.6
      vertex -125.87351226934213 -167.17567275427632 2.6
      vertex -127.77757028146213 -168.17909688043497 4.755026520667093
    endloop
  endfacet
  facet normal -0.6834808847193036 -0.18313815110275725 -0.7066217501846243
    outer loop
      vertex -125.99691619062575 -166.85028335602638 2.6
      vertex -128.06787950805443 -167.4366346158532 4.755109329200447
      vertex -126.00350690788167 -166.83290506286008 2.601870874737249
    endloop
  endfacet
  facet normal -0.6834808847193301 -0.1831381511026614 -0.7066217501846237
    outer loop
      vertex -125.97169042607223 -166.9444271909999 2.6
      vertex -128.06787950805443 -167.4366346158532 4.755109329200447
      vertex -125.99691619062575 -166.85028335602638 2.6
    endloop
  endfacet
  facet normal -0.6834808847192256 -0.18313815110303563 -0.7066217501846276
    outer loop
      vertex -126.00510972651608 -166.81970466379008 2.6
      vertex -126.00350690788167 -166.83290506286008 2.601870874737249
      vertex -128.06787950805443 -167.4366346158532 4.755109329200447
    endloop
  endfacet
  facet normal -0.4453017467181053 -0.5499018608222962 -0.7066217501846234
    outer loop
      vertex -125.52060897017417 -167.63903172076382 2.6
      vertex -125.39045640366794 -167.74442719099991 2.6
      vertex -126.7657173060482 -169.3995683342599 4.754718951443886
    endloop
  endfacet
  facet normal -0.38538194069727744 -0.5934361481662788 -0.7066217501846165
    outer loop
      vertex -125.39045640366794 -167.74442719099991 2.6
      vertex -125.36675239910117 -167.75982075155477 2.6
      vertex -126.43907840544902 -169.62900410458624 4.7546124871308395
    endloop
  endfacet
  facet normal -0.38538194069652154 -0.5934361481667405 -0.7066217501846408
    outer loop
      vertex -125.36675239910117 -167.75982075155477 2.6
      vertex -125.35890359476984 -167.76677418542985 2.6015590116914993
      vertex -126.43907840544902 -169.62900410458624 4.7546124871308395
    endloop
  endfacet
  facet normal -0.38538194069720644 -0.59343614816632 -0.7066217501846207
    outer loop
      vertex -125.34400109918407 -167.77459561847604 2.6
      vertex -126.43907840544902 -169.62900410458624 4.7546124871308395
      vertex -125.35890359476984 -167.76677418542985 2.6015590116914993
    endloop
  endfacet
  facet normal -0.5003427336167079 -0.5003427336166478 -0.7066217501846234
    outer loop
      vertex -125.52060897017417 -167.63903172076382 2.6
      vertex -127.06611820425618 -169.13671277611866 4.7548135872335315
      vertex -125.63903172076382 -167.52060897017415 2.6
    endloop
  endfacet
  facet normal -0.38538194069705706 -0.5934361481664124 -0.7066217501846245
    outer loop
      vertex -125.24999999999999 -167.83564064605508 2.6
      vertex -126.43907840544902 -169.62900410458624 4.7546124871308395
      vertex -125.34400109918407 -167.77459561847604 2.6
    endloop
  endfacet
  facet normal -0.32123980948751113 -0.6304686248866367 -0.7066217501846239
    outer loop
      vertex -125.24999999999999 -167.83564064605508 2.6
      vertex -125.10077862892128 -167.91167273222814 2.6
      vertex -126.08990245172069 -169.82242048814206 4.754494194629793
    endloop
  endfacet
  facet normal -0.25357810770144507 -0.6605935554185922 -0.7066217501846215
    outer loop
      vertex -125.10077862892128 -167.91167273222814 2.6
      vertex -125.03392977745939 -167.9373336020878 2.6
      vertex -125.7221457479426 -169.97762600001636 4.754364074313397
    endloop
  endfacet
  facet normal -0.25357810770114414 -0.6605935554187007 -0.706621750184628
    outer loop
      vertex -125.03392977745939 -167.9373336020878 2.6
      vertex -125.01736781926805 -167.94602598829664 2.602182758020662
      vertex -125.7221457479426 -169.97762600001636 4.754364074313397
    endloop
  endfacet
  facet normal -0.2535781077017554 -0.6605935554184774 -0.7066217501846175
    outer loop
      vertex -125.00037305134205 -167.95021482237777 2.6
      vertex -125.7221457479426 -169.97762600001636 4.754364074313397
      vertex -125.01736781926805 -167.94602598829664 2.602182758020662
    endloop
  endfacet
  facet normal -0.2535781077012764 -0.6605935554186546 -0.7066217501846237
    outer loop
      vertex -124.9444271909999 -167.97169042607223 2.6
      vertex -125.7221457479426 -169.97762600001636 4.754364074313397
      vertex -125.00037305134205 -167.95021482237777 2.6
    endloop
  endfacet
  facet normal -0.1831381511026365 -0.683480884719336 -0.7066217501846244
    outer loop
      vertex -124.9444271909999 -167.97169042607223 2.6
      vertex -124.7826587053084 -168.01503616117407 2.6
      vertex -125.33997512451667 -170.09286209974266 4.754222126591587
    endloop
  endfacet
  facet normal -0.11069169459626925 -0.6988798544194982 -0.7066217501846285
    outer loop
      vertex -124.7826587053084 -168.01503616117407 2.6
      vertex -124.6559798717299 -168.03510011733135 2.6
      vertex -124.94772072731395 -170.16682311626502 4.7540683519115
    endloop
  endfacet
  facet normal -0.11069169459673901 -0.6988798544194288 -0.7066217501846234
    outer loop
      vertex -124.6559798717299 -168.03510011733135 2.6
      vertex -124.64285868840851 -168.03833419855687 2.6011432257765885
      vertex -124.94772072731395 -170.16682311626502 4.7540683519115
    endloop
  endfacet
  facet normal -0.110691694596309 -0.6988798544194936 -0.7066217501846266
    outer loop
      vertex -124.63556068649378 -168.03833419855687 2.6
      vertex -124.61724554122823 -168.0412350325892 2.6
      vertex -124.94772072731395 -170.16682311626502 4.7540683519115
    endloop
  endfacet
  facet normal -0.11069169459632418 -0.6988798544194913 -0.7066217501846265
    outer loop
      vertex -124.63556068649378 -168.03833419855687 2.6
      vertex -124.94772072731395 -170.16682311626502 4.7540683519115
      vertex -124.64285868840851 -168.03833419855687 2.6011432257765885
    endloop
  endfacet
  facet normal -0.03703247672030198 -0.7066217501846226 -0.706621750184624
    outer loop
      vertex -124.61724554122823 -168.0412350325892 2.6
      vertex -124.44999999999999 -168.04999999999998 2.6
      vertex -124.54982695539164 -170.19867104171294 4.753902750757622
    endloop
  endfacet
  facet normal -0.6605935554186064 -0.2535781077014057 -0.7066217501846224
    outer loop
      vertex -125.91167273222815 -167.10077862892126 2.6
      vertex -127.8710262894038 -167.9731390372372 4.744779486104352
      vertex -127.94251066544626 -167.81560215719807 4.755073839754473
    endloop
  endfacet
  facet normal -0.4453017467181645 -0.5499018608222478 -0.7066217501846238
    outer loop
      vertex -125.39045640366794 -167.74442719099991 2.6
      vertex -126.65135154046187 -169.4799004608931 4.745162934721817
      vertex -126.7657173060482 -169.3995683342599 4.754718951443886
    endloop
  endfacet
  facet normal -0.5499018608223016 -0.4453017467180955 -0.7066217501846253
    outer loop
      vertex -125.7444271909999 -167.39045640366794 2.6
      vertex -127.33687743786214 -168.84341568866807 4.7548963942016576
      vertex -127.47968569002147 -168.65119550028987 4.7448974633249135
    endloop
  endfacet
  facet normal -0.5499018608223171 -0.44530174671807493 -0.7066217501846264
    outer loop
      vertex -125.63903172076382 -167.52060897017415 2.6
      vertex -127.23305816248666 -168.95587682501912 4.744974151840235
      vertex -127.33687743786214 -168.84341568866807 4.7548963942016576
    endloop
  endfacet
  facet normal -0.5934361481663776 -0.3853819406971156 -0.7066217501846218
    outer loop
      vertex -125.8356406460551 -167.25 2.6
      vertex -127.57492719655941 -168.52300024510447 4.75496737208737
      vertex -127.69312014294485 -168.3224162875435 4.744832575087024
    endloop
  endfacet
  facet normal -0.6304686248866446 -0.32123980948750164 -0.706621750184621
    outer loop
      vertex -125.8356406460551 -167.25 2.6
      vertex -127.69312014294485 -168.3224162875435 4.744832575087024
      vertex -127.77757028146213 -168.17909688043497 4.755026520667093
    endloop
  endfacet
  facet normal -0.6304686248866546 -0.32123980948747854 -0.7066217501846228
    outer loop
      vertex -125.91167273222815 -167.10077862892126 2.6
      vertex -127.77757028146213 -168.17909688043497 4.755026520667093
      vertex -127.8710262894038 -167.9731390372372 4.744779486104352
    endloop
  endfacet
  facet normal -0.5934361481663694 -0.38538194069712284 -0.7066217501846248
    outer loop
      vertex -125.7444271909999 -167.39045640366794 2.6
      vertex -127.47968569002147 -168.65119550028987 4.7448974633249135
      vertex -127.57492719655941 -168.52300024510447 4.75496737208737
    endloop
  endfacet
  facet normal -0.5003427336166375 -0.5003427336167142 -0.7066217501846261
    outer loop
      vertex -125.63903172076382 -167.52060897017415 2.6
      vertex -127.06611820425618 -169.13671277611866 4.7548135872335315
      vertex -127.23305816248666 -168.95587682501912 4.744974151840235
    endloop
  endfacet
  facet normal -0.5003427336166791 -0.5003427336166771 -0.7066217501846228
    outer loop
      vertex -125.52060897017417 -167.63903172076382 2.6
      vertex -126.95593603638707 -169.23312392337294 4.745062641841158
      vertex -127.06611820425618 -169.13671277611866 4.7548135872335315
    endloop
  endfacet
  facet normal -0.44530174671811523 -0.5499018608222889 -0.7066217501846228
    outer loop
      vertex -125.52060897017417 -167.63903172076382 2.6
      vertex -126.7657173060482 -169.3995683342599 4.754718951443886
      vertex -126.95593603638707 -169.23312392337294 4.745062641841158
    endloop
  endfacet
  facet normal -0.6605935554186115 -0.25357810770138817 -0.706621750184624
    outer loop
      vertex -125.97169042607223 -166.9444271909999 2.6
      vertex -127.94251066544626 -167.81560215719807 4.755073839754473
      vertex -128.01145766268823 -167.607187741907 4.744738195540603
    endloop
  endfacet
  facet normal -0.6834808847193355 -0.18313815110263898 -0.7066217501846239
    outer loop
      vertex -125.97169042607223 -166.9444271909999 2.6
      vertex -128.01145766268823 -167.607187741907 4.744738195540603
      vertex -128.06787950805443 -167.4366346158532 4.755109329200447
    endloop
  endfacet
  facet normal -0.6834808847193288 -0.1831381511026675 -0.706621750184623
    outer loop
      vertex -126.01503616117408 -166.7826587053084 2.6
      vertex -128.06787950805443 -167.4366346158532 4.755109329200447
      vertex -128.11287783303734 -167.22856871800775 4.744708702745344
    endloop
  endfacet
  facet normal -0.6988798544194919 -0.11069169459633932 -0.7066217501846237
    outer loop
      vertex -126.01503616117408 -166.7826587053084 2.6
      vertex -128.11287783303734 -167.22856871800775 4.744708702745344
      vertex -128.15225633020503 -167.04648811007152 4.7551329888931955
    endloop
  endfacet
  facet normal -0.6988798544194861 -0.11069169459636932 -0.7066217501846245
    outer loop
      vertex -126.04123503258923 -166.61724554122824 2.6
      vertex -128.15225633020503 -167.04648811007152 4.7551329888931955
      vertex -128.17417719810277 -166.84142679640044 4.744691007253988
    endloop
  endfacet
  facet normal -0.7066217501846265 -0.03703247672021683 -0.7066217501846246
    outer loop
      vertex -126.04123503258923 -166.61724554122824 2.6
      vertex -128.17417719810277 -166.84142679640044 4.744691007253988
      vertex -128.19468510878784 -166.64958315565815 4.755144818758195
    endloop
  endfacet
  facet normal -0.7066217501846256 -0.03703247672024104 -0.7066217501846243
    outer loop
      vertex -126.04999999999998 -166.45 2.6
      vertex -128.19468510878784 -166.64958315565815 4.755144818758195
      vertex -128.19468510878784 -166.45 4.744685108787858
    endloop
  endfacet
  facet normal -0.38538194069708137 -0.5934361481663971 -0.706621750184624
    outer loop
      vertex -125.39045640366794 -167.74442719099991 2.6
      vertex -126.43907840544902 -169.62900410458624 4.7546124871308395
      vertex -126.65135154046187 -169.4799004608931 4.745162934721817
    endloop
  endfacet
  facet normal -0.3853819406971093 -0.5934361481663771 -0.7066217501846256
    outer loop
      vertex -125.24999999999999 -167.83564064605508 2.6
      vertex -126.32263751603121 -169.69350332192565 4.745275032062452
      vertex -126.43907840544902 -169.62900410458624 4.7546124871308395
    endloop
  endfacet
  facet normal -0.3212398094875622 -0.6304686248866098 -0.7066217501846247
    outer loop
      vertex -125.10077862892128 -167.91167273222814 2.6
      vertex -125.97339099005755 -169.87159218470362 4.745398935629349
      vertex -126.08990245172069 -169.82242048814206 4.754494194629793
    endloop
  endfacet
  facet normal -0.3212398094874999 -0.630468624886642 -0.7066217501846243
    outer loop
      vertex -125.24999999999999 -167.83564064605508 2.6
      vertex -126.08990245172069 -169.82242048814206 4.754494194629793
      vertex -126.32263751603121 -169.69350332192565 4.745275032062452
    endloop
  endfacet
  facet normal -0.2535781077013507 -0.6605935554186247 -0.7066217501846249
    outer loop
      vertex -125.10077862892128 -167.91167273222814 2.6
      vertex -125.7221457479426 -169.97762600001636 4.754364074313397
      vertex -125.97339099005755 -169.87159218470362 4.745398935629349
    endloop
  endfacet
  facet normal -0.18313815110261733 -0.6834808847193404 -0.7066217501846249
    outer loop
      vertex -124.9444271909999 -167.97169042607223 2.6
      vertex -125.33997512451667 -170.09286209974266 4.754222126591587
      vertex -125.60743385905906 -170.01221513339527 4.745534647375018
    endloop
  endfacet
  facet normal -0.253578107701459 -0.6605935554185842 -0.7066217501846241
    outer loop
      vertex -124.9444271909999 -167.97169042607223 2.6
      vertex -125.60743385905906 -170.01221513339527 4.745534647375018
      vertex -125.7221457479426 -169.97762600001636 4.754364074313397
    endloop
  endfacet
  facet normal -0.11069169459637968 -0.6988798544194851 -0.7066217501846239
    outer loop
      vertex -124.7826587053084 -168.01503616117407 2.6
      vertex -124.94772072731395 -170.16682311626502 4.7540683519115
      vertex -125.22877111311382 -170.11383002714734 4.745682169438205
    endloop
  endfacet
  facet normal -0.1831381511025881 -0.6834808847193488 -0.7066217501846246
    outer loop
      vertex -124.7826587053084 -168.01503616117407 2.6
      vertex -125.22877111311382 -170.11383002714734 4.745682169438205
      vertex -125.33997512451667 -170.09286209974266 4.754222126591587
    endloop
  endfacet
  facet normal -0.11069169459641127 -0.6988798544194776 -0.7066217501846265
    outer loop
      vertex -124.61724554122823 -168.0412350325892 2.6
      vertex -124.84154705607236 -170.1753213924504 4.745841504143962
      vertex -124.94772072731395 -170.16682311626502 4.7540683519115
    endloop
  endfacet
  facet normal -0.037032476720222564 -0.7066217501846235 -0.7066217501846273
    outer loop
      vertex -124.61724554122823 -168.0412350325892 2.6
      vertex -124.54982695539164 -170.19867104171294 4.753902750757622
      vertex -124.84154705607236 -170.1753213924504 4.745841504143962
    endloop
  endfacet
  facet normal -0.03703247672024503 -0.7066217501846254 -0.7066217501846241
    outer loop
      vertex -124.44999999999999 -168.04999999999998 2.6
      vertex -124.44999999999999 -170.19867104171294 4.748671041712963
      vertex -124.54982695539164 -170.19867104171294 4.753902750757622
    endloop
  endfacet
  facet normal -0.6969088295013848 0 -0.7171597335064275
    outer loop
      vertex -125.22675345394083 -166.64145253143005 0
      vertex -126.04999999999998 -166.45 0.8
      vertex -125.22675345394083 166.25854746856993 0
    endloop
  endfacet
  facet normal 0 0 -1
    outer loop
      vertex -125.22675345394083 -166.64145253143005 0
      vertex -125.22675345394083 166.25854746856993 0
      vertex -125.04880859853687 -166.98049812659264 0
    endloop
  endfacet
  facet normal -1 0 0
    outer loop
      vertex -126.04999999999998 -166.45 0.8
      vertex -126.04999999999998 -166.45 2.6
      vertex -126.04999999999998 166.45 0.8
    endloop
  endfacet
  facet normal -0.7071067811865481 0 -0.7071067811865469
    outer loop
      vertex -126.04999999999998 -166.45 2.6
      vertex -128.19468510878784 -166.45 4.744685108787858
      vertex -126.04999999999998 166.45 2.6
    endloop
  endfacet
  facet normal 0 0 -1
    outer loop
      vertex -125.04880859853687 -166.98049812659264 0
      vertex 124.16631609036597 -167.1980129941483 0
      vertex -124.35357065579574 -167.24416709927843 0
    endloop
  endfacet
  facet normal 0 -0.7096892649070893 -0.7045148311253888
    outer loop
      vertex -124.64285868840851 -168.03833419855687 0.8
      vertex -124.35357065579574 -167.24416709927843 0
      vertex 124.54642934420423 -167.24416709927843 0
    endloop
  endfacet
  facet normal 0 -1 0
    outer loop
      vertex -124.64285868840851 -168.03833419855687 0.8
      vertex 124.63556068649376 -168.03833419855687 2.6
      vertex -124.63556068649378 -168.03833419855687 2.6
    endloop
  endfacet
  facet normal 0 0 -1
    outer loop
      vertex -124.61724554122823 -168.0412350325892 2.6
      vertex 124.63556068649376 -168.03833419855687 2.6
      vertex -124.44999999999999 -168.04999999999998 2.6
    endloop
  endfacet
  facet normal 0 0 -1
    outer loop
      vertex -124.63556068649378 -168.03833419855687 2.6
      vertex 124.63556068649376 -168.03833419855687 2.6
      vertex -124.61724554122823 -168.0412350325892 2.6
    endloop
  endfacet
  facet normal 0 -0.7071067811865481 -0.7071067811865469
    outer loop
      vertex -124.44999999999999 -168.04999999999998 2.6
      vertex 124.35017304460834 -170.19867104171294 4.748671041712963
      vertex -124.44999999999999 -170.19867104171294 4.748671041712963
    endloop
  endfacet
  facet normal -0.6969088295013848 0 -0.7171597335064275
    outer loop
      vertex -126.04999999999998 -166.45 0.8
      vertex -126.04999999999998 166.45 0.8
      vertex -125.22675345394083 166.25854746856993 0
    endloop
  endfacet
  facet normal 0 0 -1
    outer loop
      vertex -125.04880859853687 -166.98049812659264 0
      vertex -125.22675345394083 166.25854746856993 0
      vertex -125.04880859853687 166.98049812659264 0
    endloop
  endfacet
  facet normal -1 0 0
    outer loop
      vertex -126.04999999999998 -166.45 2.6
      vertex -126.04999999999998 166.45 2.6
      vertex -126.04999999999998 166.45 0.8
    endloop
  endfacet
  facet normal -0.7071067811865481 0 -0.7071067811865469
    outer loop
      vertex -128.19468510878784 -166.45 4.744685108787858
      vertex -128.19468510878784 166.45 4.744685108787858
      vertex -126.04999999999998 166.45 2.6
    endloop
  endfacet
  facet normal -0.6969088295013847 0 -0.7171597335064274
    outer loop
      vertex -125.22675345394083 166.25854746856993 0
      vertex -126.04999999999998 166.45 0.8
      vertex -125.22675345394083 166.64145253143005 0
    endloop
  endfacet
  facet normal -0.6170821224129237 0.3238696818712007 -0.7171597335064264
    outer loop
      vertex -125.22675345394083 166.64145253143005 0
      vertex -125.86672964104513 167.19355707527 0.8
      vertex -125.04880859853687 166.98049812659264 0
    endloop
  endfacet
  facet normal -0.7045148311253928 0.08554358800472506 -0.7045148311253904
    outer loop
      vertex -125.22675345394083 166.64145253143005 0
      vertex -126.04999999999998 166.45 0.8
      vertex -126.00350690788167 166.8329050628601 0.8
    endloop
  endfacet
  facet normal -0.6635709899475909 0.2516592816176979 -0.7045148311253913
    outer loop
      vertex -125.22675345394083 166.64145253143005 0
      vertex -126.00350690788167 166.8329050628601 0.8
      vertex -125.86672964104513 167.19355707527 0.8
    endloop
  endfacet
  facet normal -0.5840628148164829 0.4031494525272278 -0.7045148311253946
    outer loop
      vertex -125.04880859853687 166.98049812659264 0
      vertex -125.86672964104513 167.19355707527 0.8
      vertex -125.64761719707376 167.51099625318528 0.8
    endloop
  endfacet
  facet normal -0.47061103187010184 0.5312100426446357 -0.704514831125394
    outer loop
      vertex -125.04880859853687 166.98049812659264 0
      vertex -125.64761719707376 167.51099625318528 0.8
      vertex -125.35890359476984 167.76677418542982 0.8
    endloop
  endfacet
  facet normal 0 0 -1
    outer loop
      vertex -125.22675345394083 166.25854746856993 0
      vertex -125.22675345394083 166.64145253143005 0
      vertex -125.04880859853687 166.98049812659264 0
    endloop
  endfacet
  facet normal 0 0 -1
    outer loop
      vertex -125.04880859853687 166.98049812659264 0
      vertex -124.73368390963402 167.1980129941483 0
      vertex -124.35357065579574 167.2441670992784 0
    endloop
  endfacet
  facet normal -0.3958893377254001 0.5735447226784833 -0.7171597335064244
    outer loop
      vertex -125.04880859853687 166.98049812659264 0
      vertex -125.35890359476984 167.76677418542982 0.8
      vertex -124.73368390963402 167.1980129941483 0
    endloop
  endfacet
  facet normal -0.08400307674867231 0.6918275794833105 -0.7171597335064346
    outer loop
      vertex -124.73368390963402 167.1980129941483 0
      vertex -124.64285868840851 168.03833419855687 0.8
      vertex -124.35357065579574 167.2441670992784 0
    endloop
  endfacet
  facet normal -0.3298090463530337 0.6283986359533815 -0.7045148311253865
    outer loop
      vertex -124.73368390963402 167.1980129941483 0
      vertex -125.35890359476984 167.76677418542982 0.8
      vertex -125.01736781926805 167.94602598829664 0.8
    endloop
  endfacet
  facet normal -0.16983975786899969 0.6890669846766466 -0.7045148311253877
    outer loop
      vertex -124.73368390963402 167.1980129941483 0
      vertex -125.01736781926805 167.94602598829664 0.8
      vertex -124.64285868840851 168.03833419855687 0.8
    endloop
  endfacet
  facet normal -0.9927088740980567 0.12053668025530065 0
    outer loop
      vertex -126.04999999999998 166.45 0.8
      vertex -126.04999999999998 166.45 2.6
      vertex -126.00350690788167 166.8329050628601 0.8
    endloop
  endfacet
  facet normal -0.9350162426854041 0.3546048870425642 -7.159603290413456e-15
    outer loop
      vertex -126.00350690788167 166.8329050628601 0.8
      vertex -125.99691619062573 166.85028335602652 2.6
      vertex -125.86672964104513 167.19355707527 0.8
    endloop
  endfacet
  facet normal -0.8229838658936901 0.5680647467311069 1.1618270912726394e-15
    outer loop
      vertex -125.86672964104513 167.19355707527 0.8
      vertex -125.85783099170804 167.2064489945007 2.6
      vertex -125.64761719707376 167.51099625318528 0.8
    endloop
  endfacet
  facet normal -0.93501624268565 0.3546048870419159 0
    outer loop
      vertex -126.00350690788167 166.8329050628601 0.8
      vertex -126.00350690788167 166.8329050628601 2.6018708747372603
      vertex -125.99691619062573 166.85028335602652 2.6
    endloop
  endfacet
  facet normal -0.9927088740981306 0.1205366802546922 0
    outer loop
      vertex -126.00350690788167 166.8329050628601 0.8
      vertex -126.00510972651608 166.81970466379 2.6
      vertex -126.00350690788167 166.8329050628601 2.6018708747372603
    endloop
  endfacet
  facet normal -0.9927088740980541 0.12053668025532237 4.689514209476033e-15
    outer loop
      vertex -126.00350690788167 166.8329050628601 0.8
      vertex -126.04999999999998 166.45 2.6
      vertex -126.00510972651608 166.81970466379 2.6
    endloop
  endfacet
  facet normal -0.9350162426853865 0.3546048870426103 2.8946341634218963e-15
    outer loop
      vertex -125.86672964104513 167.19355707527 0.8
      vertex -125.99691619062573 166.85028335602652 2.6
      vertex -125.87351226934217 167.1756727542762 2.6
    endloop
  endfacet
  facet normal -0.9350162426854832 0.35460488704235554 0
    outer loop
      vertex -125.86672964104513 167.19355707527 0.8
      vertex -125.87351226934217 167.1756727542762 2.6
      vertex -125.86672964104513 167.19355707527 2.6020787946775172
    endloop
  endfacet
  facet normal -0.8229838658936144 0.5680647467312168 0
    outer loop
      vertex -125.86672964104513 167.19355707527 0.8
      vertex -125.86672964104513 167.19355707527 2.6020787946775172
      vertex -125.85783099170804 167.2064489945007 2.6
    endloop
  endfacet
  facet normal -0.8229838658936902 0.5680647467311069 1.1513851123590306e-15
    outer loop
      vertex -125.64761719707376 167.51099625318528 0.8
      vertex -125.85783099170804 167.2064489945007 2.6
      vertex -125.65224403652076 167.50429311901462 2.6
    endloop
  endfacet
  facet normal -0.8229838658938348 0.5680647467308975 0
    outer loop
      vertex -125.64761719707376 167.51099625318528 0.8
      vertex -125.65224403652076 167.50429311901462 2.6
      vertex -125.64761719707376 167.51099625318528 2.600623543972339
    endloop
  endfacet
  facet normal -0.6631226582411058 0.7485107481708259 0
    outer loop
      vertex -125.64761719707376 167.51099625318528 0.8
      vertex -125.64761719707376 167.51099625318528 2.600623543972339
      vertex -125.64478185122752 167.5135081504148 2.6
    endloop
  endfacet
  facet normal 0 0 -1
    outer loop
      vertex -126.04999999999998 166.45 2.6
      vertex -126.04123503258923 166.61724554122821 2.6
      vertex -126.01503616117408 166.7826587053084 2.6
    endloop
  endfacet
  facet normal 0 0 -1
    outer loop
      vertex -126.04999999999998 166.45 2.6
      vertex -126.01503616117408 166.7826587053084 2.6
      vertex -126.00510972651608 166.81970466379 2.6
    endloop
  endfacet
  facet normal 0 0 -1
    outer loop
      vertex -125.99691619062573 166.85028335602652 2.6
      vertex -125.97169042607223 166.94442719099987 2.6
      vertex -125.91167273222815 167.10077862892126 2.6
    endloop
  endfacet
  facet normal 0 0 -1
    outer loop
      vertex -125.99691619062573 166.85028335602652 2.6
      vertex -125.91167273222815 167.10077862892126 2.6
      vertex -125.87351226934217 167.1756727542762 2.6
    endloop
  endfacet
  facet normal 0 0 -1
    outer loop
      vertex -125.85783099170804 167.2064489945007 2.6
      vertex -125.8356406460551 167.25 2.6
      vertex -125.7444271909999 167.39045640366794 2.6
    endloop
  endfacet
  facet normal 0 0 -1
    outer loop
      vertex -125.85783099170804 167.2064489945007 2.6
      vertex -125.7444271909999 167.39045640366794 2.6
      vertex -125.65224403652076 167.50429311901462 2.6
    endloop
  endfacet
  facet normal -0.663122658240739 0.7485107481711508 -1.0311215435045927e-15
    outer loop
      vertex -125.64761719707376 167.51099625318528 0.8
      vertex -125.64478185122752 167.5135081504148 2.6
      vertex -125.35890359476984 167.76677418542982 0.8
    endloop
  endfacet
  facet normal -0.4647231720437682 0.88545602565321 6.937232083696015e-15
    outer loop
      vertex -125.35890359476984 167.76677418542982 0.8
      vertex -125.34400109918452 167.77459561847576 2.6
      vertex -125.01736781926805 167.94602598829664 0.8
    endloop
  endfacet
  facet normal -0.23931566428757298 0.9709418174260483 1.3884770698040674e-14
    outer loop
      vertex -125.01736781926805 167.94602598829664 0.8
      vertex -125.00037305134225 167.9502148223777 2.6
      vertex -124.64285868840851 168.03833419855687 0.8
    endloop
  endfacet
  facet normal -0.6631226582407128 0.7485107481711741 6.417014276537093e-15
    outer loop
      vertex -125.35890359476984 167.76677418542982 0.8
      vertex -125.64478185122752 167.5135081504148 2.6
      vertex -125.36675239910089 167.75982075155497 2.6
    endloop
  endfacet
  facet normal -0.6631226582415374 0.7485107481704436 0
    outer loop
      vertex -125.35890359476984 167.76677418542982 0.8
      vertex -125.36675239910089 167.75982075155497 2.6
      vertex -125.35890359476984 167.76677418542982 2.6015590116914424
    endloop
  endfacet
  facet normal -0.4647231720431113 0.8854560256535549 0
    outer loop
      vertex -125.35890359476984 167.76677418542982 0.8
      vertex -125.35890359476984 167.76677418542982 2.6015590116914424
      vertex -125.34400109918452 167.77459561847576 2.6
    endloop
  endfacet
  facet normal 0 0 -1
    outer loop
      vertex -125.63903172076382 167.52060897017412 2.6
      vertex -125.52060897017417 167.63903172076385 2.6
      vertex -125.64478185122752 167.5135081504148 2.6
    endloop
  endfacet
  facet normal 0 0 -1
    outer loop
      vertex -125.64478185122752 167.5135081504148 2.6
      vertex -125.52060897017417 167.63903172076385 2.6
      vertex -125.39045640366794 167.74442719099994 2.6
    endloop
  endfacet
  facet normal 0 0 -1
    outer loop
      vertex -125.64478185122752 167.5135081504148 2.6
      vertex -125.39045640366794 167.74442719099994 2.6
      vertex -125.36675239910089 167.75982075155497 2.6
    endloop
  endfacet
  facet normal 0 0 -1
    outer loop
      vertex -125.24999999999999 167.83564064605508 2.6
      vertex -125.10077862892128 167.91167273222817 2.6
      vertex -125.34400109918452 167.77459561847576 2.6
    endloop
  endfacet
  facet normal -0.4647231720441432 0.8854560256530133 0
    outer loop
      vertex -125.01736781926805 167.94602598829664 0.8
      vertex -125.03392977745925 167.93733360208785 2.6
      vertex -125.01736781926805 167.94602598829664 2.602182758020644
    endloop
  endfacet
  facet normal -0.4647231720437798 0.885456025653204 4.265744564927198e-15
    outer loop
      vertex -125.01736781926805 167.94602598829664 0.8
      vertex -125.34400109918452 167.77459561847576 2.6
      vertex -125.03392977745925 167.93733360208785 2.6
    endloop
  endfacet
  facet normal -0.23931566428618659 0.97094181742639 0
    outer loop
      vertex -125.01736781926805 167.94602598829664 0.8
      vertex -125.01736781926805 167.94602598829664 2.602182758020644
      vertex -125.00037305134225 167.9502148223777 2.6
    endloop
  endfacet
  facet normal -0.23931566428766093 0.9709418174260265 -4.645802863207629e-15
    outer loop
      vertex -124.64285868840851 168.03833419855687 0.8
      vertex -125.00037305134225 167.9502148223777 2.6
      vertex -124.65597987172973 168.0351001173314 2.6
    endloop
  endfacet
  facet normal 0 1 0
    outer loop
      vertex -124.64285868840851 168.03833419855687 0.8
      vertex -124.64285868840851 168.03833419855687 2.6011432257765703
      vertex -124.63556068649386 168.03833419855687 2.6
    endloop
  endfacet
  facet normal -0.23931566428706014 0.9709418174261747 0
    outer loop
      vertex -124.64285868840851 168.03833419855687 0.8
      vertex -124.65597987172973 168.0351001173314 2.6
      vertex -124.64285868840851 168.03833419855687 2.6011432257765703
    endloop
  endfacet
  facet normal 0 0 -1
    outer loop
      vertex -125.34400109918452 167.77459561847576 2.6
      vertex -125.10077862892128 167.91167273222817 2.6
      vertex -125.03392977745925 167.93733360208785 2.6
    endloop
  endfacet
  facet normal 0 0 -1
    outer loop
      vertex -124.9444271909999 167.97169042607226 2.6
      vertex -124.7826587053084 168.01503616117407 2.6
      vertex -125.00037305134225 167.9502148223777 2.6
    endloop
  endfacet
  facet normal 0 0 -1
    outer loop
      vertex -125.00037305134225 167.9502148223777 2.6
      vertex -124.7826587053084 168.01503616117407 2.6
      vertex -124.65597987172973 168.0351001173314 2.6
    endloop
  endfacet
  facet normal 0 0 -1
    outer loop
      vertex -124.63556068649386 168.03833419855687 2.6
      vertex -124.61724554122823 168.0412350325892 2.6
      vertex -124.44999999999999 168.05 2.6
    endloop
  endfacet
  facet normal -0.7066217501846255 0.03703247672024523 -0.706621750184624
    outer loop
      vertex -126.04999999999998 166.45 2.6
      vertex -128.19468510878784 166.64958315565815 4.755144818758197
      vertex -126.04123503258923 166.61724554122821 2.6
    endloop
  endfacet
  facet normal -0.6988798544194952 0.11069169459631427 -0.706621750184624
    outer loop
      vertex -126.04123503258923 166.61724554122821 2.6
      vertex -128.15225633020503 167.0464881100715 4.755132988893191
      vertex -126.01503616117408 166.7826587053084 2.6
    endloop
  endfacet
  facet normal -0.6834808847192447 0.18313815110294895 -0.7066217501846317
    outer loop
      vertex -126.01503616117408 166.7826587053084 2.6
      vertex -128.06787950805443 167.43663461585317 4.75510932920043
      vertex -126.00510972651608 166.81970466379 2.6
    endloop
  endfacet
  facet normal -0.68348088471949 0.1831381511020835 -0.7066217501846187
    outer loop
      vertex -126.00510972651608 166.81970466379 2.6
      vertex -128.06787950805443 167.43663461585317 4.75510932920043
      vertex -126.00350690788167 166.8329050628601 2.6018708747372603
    endloop
  endfacet
  facet normal -0.683480884719436 0.1831381511022761 -0.706621750184621
    outer loop
      vertex -125.99691619062573 166.85028335602652 2.6
      vertex -126.00350690788167 166.8329050628601 2.6018708747372603
      vertex -128.06787950805443 167.43663461585317 4.75510932920043
    endloop
  endfacet
  facet normal -0.6834808847192977 0.18313815110277815 -0.7066217501846247
    outer loop
      vertex -125.99691619062573 166.85028335602652 2.6
      vertex -128.06787950805443 167.43663461585317 4.75510932920043
      vertex -125.97169042607223 166.94442719099987 2.6
    endloop
  endfacet
  facet normal -0.6605935554186411 0.25357810770131084 -0.7066217501846241
    outer loop
      vertex -125.97169042607223 166.94442719099987 2.6
      vertex -127.94251066544626 167.81560215719804 4.755073839754462
      vertex -125.91167273222815 167.10077862892126 2.6
    endloop
  endfacet
  facet normal -0.6304686248866159 0.32123980948754915 -0.706621750184625
    outer loop
      vertex -125.85783099170804 167.2064489945007 2.6
      vertex -125.86672964104513 167.19355707527 2.6020787946775172
      vertex -127.77757028146213 168.179096880435 4.755026520667101
    endloop
  endfacet
  facet normal -0.6304686248867507 0.3212398094872863 -0.7066217501846244
    outer loop
      vertex -125.87351226934217 167.1756727542762 2.6
      vertex -127.77757028146213 168.179096880435 4.755026520667101
      vertex -125.86672964104513 167.19355707527 2.6020787946775172
    endloop
  endfacet
  facet normal -0.6304686248865953 0.32123980948758646 -0.7066217501846268
    outer loop
      vertex -125.91167273222815 167.10077862892126 2.6
      vertex -127.77757028146213 168.179096880435 4.755026520667101
      vertex -125.87351226934217 167.1756727542762 2.6
    endloop
  endfacet
  facet normal -0.6304686248867489 0.3212398094872873 -0.7066217501846254
    outer loop
      vertex -125.85783099170804 167.2064489945007 2.6
      vertex -127.77757028146213 168.179096880435 4.755026520667101
      vertex -125.8356406460551 167.25 2.6
    endloop
  endfacet
  facet normal -0.5934361481663263 0.385381940697187 -0.7066217501846259
    outer loop
      vertex -125.8356406460551 167.25 2.6
      vertex -127.57492719655941 168.52300024510447 4.75496737208736
      vertex -125.7444271909999 167.39045640366794 2.6
    endloop
  endfacet
  facet normal -0.5499018608221928 0.4453017467182229 -0.7066217501846298
    outer loop
      vertex -125.7444271909999 167.39045640366794 2.6
      vertex -127.33687743786214 168.84341568866807 4.754896394201663
      vertex -125.65224403652076 167.50429311901462 2.6
    endloop
  endfacet
  facet normal -0.549901860822332 0.4453017467180495 -0.7066217501846309
    outer loop
      vertex -125.65224403652076 167.50429311901462 2.6
      vertex -127.33687743786214 168.84341568866807 4.754896394201663
      vertex -125.64761719707376 167.51099625318528 2.600623543972339
    endloop
  endfacet
  facet normal -0.5499018608224865 0.4453017467178588 -0.7066217501846308
    outer loop
      vertex -125.63903172076382 167.52060897017412 2.6
      vertex -125.64478185122752 167.5135081504148 2.6
      vertex -127.33687743786214 168.84341568866807 4.754896394201663
    endloop
  endfacet
  facet normal -0.5499018608236934 0.44530174671634604 -0.7066217501846448
    outer loop
      vertex -125.64478185122752 167.5135081504148 2.6
      vertex -125.64761719707376 167.51099625318528 2.600623543972339
      vertex -127.33687743786214 168.84341568866807 4.754896394201663
    endloop
  endfacet
  facet normal -0.5003427336168307 0.5003427336165306 -0.7066217501846195
    outer loop
      vertex -125.63903172076382 167.52060897017412 2.6
      vertex -127.06611820425618 169.13671277611866 4.754813587233543
      vertex -125.52060897017417 167.63903172076385 2.6
    endloop
  endfacet
  facet normal -0.44530174671810807 0.5499018608222996 -0.7066217501846189
    outer loop
      vertex -125.52060897017417 167.63903172076385 2.6
      vertex -126.7657173060482 169.39956833425987 4.754718951443869
      vertex -125.39045640366794 167.74442719099994 2.6
    endloop
  endfacet
  facet normal -0.38538194069702963 0.5934361481664385 -0.7066217501846175
    outer loop
      vertex -125.39045640366794 167.74442719099994 2.6
      vertex -126.43907840544902 169.62900410458627 4.754612487130895
      vertex -125.36675239910089 167.75982075155497 2.6
    endloop
  endfacet
  facet normal -0.38538194069775317 0.5934361481659964 -0.7066217501845942
    outer loop
      vertex -125.36675239910089 167.75982075155497 2.6
      vertex -126.43907840544902 169.62900410458627 4.754612487130895
      vertex -125.35890359476984 167.76677418542982 2.6015590116914424
    endloop
  endfacet
  facet normal -0.38538194069636433 0.5934361481668494 -0.7066217501846351
    outer loop
      vertex -125.34400109918452 167.77459561847576 2.6
      vertex -125.35890359476984 167.76677418542982 2.6015590116914424
      vertex -126.43907840544902 169.62900410458627 4.754612487130895
    endloop
  endfacet
  facet normal -0.38538194069701065 0.593436148166449 -0.7066217501846189
    outer loop
      vertex -125.24999999999999 167.83564064605508 2.6
      vertex -125.34400109918452 167.77459561847576 2.6
      vertex -126.43907840544902 169.62900410458627 4.754612487130895
    endloop
  endfacet
  facet normal -0.3212398094876084 0.6304686248865918 -0.7066217501846197
    outer loop
      vertex -125.24999999999999 167.83564064605508 2.6
      vertex -126.08990245172069 169.8224204881421 4.754494194629822
      vertex -125.10077862892128 167.91167273222817 2.6
    endloop
  endfacet
  facet normal -0.25357810770121836 0.6605935554186741 -0.7066217501846263
    outer loop
      vertex -125.10077862892128 167.91167273222817 2.6
      vertex -125.7221457479426 169.97762600001636 4.754364074313396
      vertex -125.03392977745925 167.93733360208785 2.6
    endloop
  endfacet
  facet normal -0.253578107701706 0.6605935554184984 -0.7066217501846156
    outer loop
      vertex -125.03392977745925 167.93733360208785 2.6
      vertex -125.7221457479426 169.97762600001636 4.754364074313396
      vertex -125.01736781926805 167.94602598829664 2.602182758020644
    endloop
  endfacet
  facet normal -0.25357810770076294 0.6605935554188429 -0.7066217501846319
    outer loop
      vertex -125.00037305134225 167.9502148223777 2.6
      vertex -125.01736781926805 167.94602598829664 2.602182758020644
      vertex -125.7221457479426 169.97762600001636 4.754364074313396
    endloop
  endfacet
  facet normal -0.2535781077016617 0.6605935554185106 -0.7066217501846203
    outer loop
      vertex -124.9444271909999 167.97169042607226 2.6
      vertex -125.00037305134225 167.9502148223777 2.6
      vertex -125.7221457479426 169.97762600001636 4.754364074313396
    endloop
  endfacet
  facet normal -0.18313815110252582 0.6834808847193711 -0.7066217501846191
    outer loop
      vertex -124.9444271909999 167.97169042607226 2.6
      vertex -125.33997512451667 170.09286209974266 4.7542221265916185
      vertex -124.7826587053084 168.01503616117407 2.6
    endloop
  endfacet
  facet normal -0.11069169459643217 0.6988798544194876 -0.7066217501846134
    outer loop
      vertex -124.7826587053084 168.01503616117407 2.6
      vertex -124.94772072731395 170.166823116265 4.754068351911524
      vertex -124.65597987172973 168.0351001173314 2.6
    endloop
  endfacet
  facet normal -0.11069169459615569 0.6988798544195285 -0.7066217501846163
    outer loop
      vertex -124.65597987172973 168.0351001173314 2.6
      vertex -124.94772072731395 170.166823116265 4.754068351911524
      vertex -124.64285868840851 168.03833419855687 2.6011432257765703
    endloop
  endfacet
  facet normal -0.11069169459580751 0.698879854419581 -0.7066217501846188
    outer loop
      vertex -124.63556068649386 168.03833419855687 2.6
      vertex -124.94772072731395 170.166823116265 4.754068351911524
      vertex -124.61724554122823 168.0412350325892 2.6
    endloop
  endfacet
  facet normal -0.11069169459585322 0.698879854419574 -0.7066217501846185
    outer loop
      vertex -124.63556068649386 168.03833419855687 2.6
      vertex -124.64285868840851 168.03833419855687 2.6011432257765703
      vertex -124.94772072731395 170.166823116265 4.754068351911524
    endloop
  endfacet
  facet normal -0.03703247672042201 0.7066217501846216 -0.7066217501846188
    outer loop
      vertex -124.61724554122823 168.0412350325892 2.6
      vertex -124.54982695539164 170.19867104171294 4.753902750757623
      vertex -124.44999999999999 168.05 2.6
    endloop
  endfacet
  facet normal -0.7066217501846254 0.03703247672024689 -0.706621750184624
    outer loop
      vertex -126.04999999999998 166.45 2.6
      vertex -128.19468510878784 166.45 4.744685108787858
      vertex -128.19468510878784 166.64958315565815 4.755144818758197
    endloop
  endfacet
  facet normal -0.7066217501846263 0.037032476720222245 -0.7066217501846244
    outer loop
      vertex -126.04123503258923 166.61724554122821 2.6
      vertex -128.19468510878784 166.64958315565815 4.755144818758197
      vertex -128.17417719810277 166.8414267964004 4.74469100725399
    endloop
  endfacet
  facet normal -0.6988798544194893 0.1106916945963481 -0.7066217501846248
    outer loop
      vertex -126.04123503258923 166.61724554122821 2.6
      vertex -128.17417719810277 166.8414267964004 4.74469100725399
      vertex -128.15225633020503 167.0464881100715 4.755132988893191
    endloop
  endfacet
  facet normal -0.6988798544194834 0.11069169459639909 -0.7066217501846227
    outer loop
      vertex -126.01503616117408 166.7826587053084 2.6
      vertex -128.15225633020503 167.0464881100715 4.755132988893191
      vertex -128.11287783303732 167.22856871800775 4.744708702745331
    endloop
  endfacet
  facet normal -0.6834808847193511 0.18313815110258608 -0.7066217501846228
    outer loop
      vertex -126.01503616117408 166.7826587053084 2.6
      vertex -128.11287783303732 167.22856871800775 4.744708702745331
      vertex -128.06787950805443 167.43663461585317 4.75510932920043
    endloop
  endfacet
  facet normal -0.6834808847193127 0.18313815110271842 -0.7066217501846257
    outer loop
      vertex -125.97169042607223 166.94442719099987 2.6
      vertex -128.06787950805443 167.43663461585317 4.75510932920043
      vertex -128.0114576626882 167.607187741907 4.744738195540586
    endloop
  endfacet
  facet normal -0.6605935554186232 0.2535781077013534 -0.7066217501846255
    outer loop
      vertex -125.97169042607223 166.94442719099987 2.6
      vertex -128.0114576626882 167.607187741907 4.744738195540586
      vertex -127.94251066544626 167.81560215719804 4.755073839754462
    endloop
  endfacet
  facet normal -0.6605935554186212 0.2535781077013656 -0.706621750184623
    outer loop
      vertex -125.91167273222815 167.10077862892126 2.6
      vertex -127.94251066544626 167.81560215719804 4.755073839754462
      vertex -127.8710262894038 167.97313903723722 4.74477948610435
    endloop
  endfacet
  facet normal -0.6304686248866389 0.3212398094875058 -0.7066217501846244
    outer loop
      vertex -125.91167273222815 167.10077862892126 2.6
      vertex -127.8710262894038 167.97313903723722 4.74477948610435
      vertex -127.77757028146213 168.179096880435 4.755026520667101
    endloop
  endfacet
  facet normal -0.6304686248866128 0.3212398094875634 -0.7066217501846213
    outer loop
      vertex -125.8356406460551 167.25 2.6
      vertex -127.77757028146213 168.179096880435 4.755026520667101
      vertex -127.69312014294485 168.3224162875435 4.7448325750870355
    endloop
  endfacet
  facet normal -0.5934361481664148 0.38538194069705795 -0.706621750184622
    outer loop
      vertex -125.8356406460551 167.25 2.6
      vertex -127.69312014294485 168.3224162875435 4.7448325750870355
      vertex -127.57492719655941 168.52300024510447 4.75496737208736
    endloop
  endfacet
  facet normal -0.5934361481663746 0.38538194069711107 -0.7066217501846267
    outer loop
      vertex -125.7444271909999 167.39045640366794 2.6
      vertex -127.57492719655941 168.52300024510447 4.75496737208736
      vertex -127.47968569002147 168.65119550028987 4.7448974633249
    endloop
  endfacet
  facet normal -0.5499018608223425 0.44530174671803985 -0.7066217501846287
    outer loop
      vertex -125.63903172076382 167.52060897017412 2.6
      vertex -127.33687743786214 168.84341568866807 4.754896394201663
      vertex -127.23305816248664 168.95587682501912 4.7449741518402195
    endloop
  endfacet
  facet normal -0.5499018608222659 0.44530174671813777 -0.7066217501846265
    outer loop
      vertex -125.7444271909999 167.39045640366794 2.6
      vertex -127.47968569002147 168.65119550028987 4.7448974633249
      vertex -127.33687743786214 168.84341568866807 4.754896394201663
    endloop
  endfacet
  facet normal -0.5003427336167103 0.5003427336166534 -0.7066217501846176
    outer loop
      vertex -125.52060897017417 167.63903172076385 2.6
      vertex -127.06611820425618 169.13671277611866 4.754813587233543
      vertex -126.95593603638707 169.23312392337294 4.745062641841161
    endloop
  endfacet
  facet normal -0.5003427336166015 0.500342733616746 -0.706621750184629
    outer loop
      vertex -125.63903172076382 167.52060897017412 2.6
      vertex -127.23305816248664 168.95587682501912 4.7449741518402195
      vertex -127.06611820425618 169.13671277611866 4.754813587233543
    endloop
  endfacet
  facet normal -0.4453017467181141 0.5499018608222949 -0.7066217501846189
    outer loop
      vertex -125.52060897017417 167.63903172076385 2.6
      vertex -126.95593603638707 169.23312392337294 4.745062641841161
      vertex -126.7657173060482 169.39956833425987 4.754718951443869
    endloop
  endfacet
  facet normal -0.44530174671808687 0.549901860822317 -0.7066217501846188
    outer loop
      vertex -125.39045640366794 167.74442719099994 2.6
      vertex -126.7657173060482 169.39956833425987 4.754718951443869
      vertex -126.65135154046187 169.47990046089308 4.7451629347218205
    endloop
  endfacet
  facet normal -0.38538194069723025 0.5934361481663049 -0.7066217501846204
    outer loop
      vertex -125.24999999999999 167.83564064605508 2.6
      vertex -126.43907840544902 169.62900410458627 4.754612487130895
      vertex -126.32263751603124 169.69350332192568 4.745275032062496
    endloop
  endfacet
  facet normal -0.38538194069707876 0.5934361481664091 -0.7066217501846155
    outer loop
      vertex -125.39045640366794 167.74442719099994 2.6
      vertex -126.65135154046187 169.47990046089308 4.7451629347218205
      vertex -126.43907840544902 169.62900410458627 4.754612487130895
    endloop
  endfacet
  facet normal -0.32123980948750686 0.630468624886639 -0.7066217501846236
    outer loop
      vertex -125.24999999999999 167.83564064605508 2.6
      vertex -126.32263751603124 169.69350332192568 4.745275032062496
      vertex -126.08990245172069 169.8224204881421 4.754494194629822
    endloop
  endfacet
  facet normal -0.3212398094874491 0.630468624886674 -0.7066217501846187
    outer loop
      vertex -125.10077862892128 167.91167273222817 2.6
      vertex -126.08990245172069 169.8224204881421 4.754494194629822
      vertex -125.97339099005757 169.87159218470362 4.745398935629382
    endloop
  endfacet
  facet normal -0.2535781077014223 0.6605935554186045 -0.7066217501846181
    outer loop
      vertex -125.10077862892128 167.91167273222817 2.6
      vertex -125.97339099005757 169.87159218470362 4.745398935629382
      vertex -125.7221457479426 169.97762600001636 4.754364074313396
    endloop
  endfacet
  facet normal -0.2535781077014571 0.6605935554185894 -0.7066217501846197
    outer loop
      vertex -124.9444271909999 167.97169042607226 2.6
      vertex -125.7221457479426 169.97762600001636 4.754364074313396
      vertex -125.60743385905904 170.01221513339527 4.745534647375012
    endloop
  endfacet
  facet normal -0.1831381511025382 0.683480884719368 -0.7066217501846187
    outer loop
      vertex -124.9444271909999 167.97169042607226 2.6
      vertex -125.60743385905904 170.01221513339527 4.745534647375012
      vertex -125.33997512451667 170.09286209974266 4.7542221265916185
    endloop
  endfacet
  facet normal -0.1831381511025842 0.6834808847193551 -0.7066217501846194
    outer loop
      vertex -124.7826587053084 168.01503616117407 2.6
      vertex -125.33997512451667 170.09286209974266 4.7542221265916185
      vertex -125.22877111311382 170.11383002714734 4.745682169438237
    endloop
  endfacet
  facet normal -0.11069169459633182 0.6988798544194995 -0.7066217501846173
    outer loop
      vertex -124.7826587053084 168.01503616117407 2.6
      vertex -125.22877111311382 170.11383002714734 4.745682169438237
      vertex -124.94772072731395 170.166823116265 4.754068351911524
    endloop
  endfacet
  facet normal -0.11069169459649376 0.6988798544194736 -0.7066217501846176
    outer loop
      vertex -124.61724554122823 168.0412350325892 2.6
      vertex -124.94772072731395 170.166823116265 4.754068351911524
      vertex -124.84154705607236 170.17532139245037 4.745841504143973
    endloop
  endfacet
  facet normal -0.03703247672031743 0.7066217501846226 -0.7066217501846233
    outer loop
      vertex -124.61724554122823 168.0412350325892 2.6
      vertex -124.84154705607236 170.17532139245037 4.745841504143973
      vertex -124.54982695539164 170.19867104171294 4.753902750757623
    endloop
  endfacet
  facet normal -0.03703247672033889 0.7066217501846256 -0.706621750184619
    outer loop
      vertex -124.44999999999999 168.05 2.6
      vertex -124.54982695539164 170.19867104171294 4.753902750757623
      vertex -124.44999999999999 170.19867104171294 4.74867104171295
    endloop
  endfacet
  facet normal 0 0 -1
    outer loop
      vertex -125.04880859853687 -166.98049812659264 0
      vertex -125.04880859853687 166.98049812659264 0
      vertex 125.15836482052254 166.821778537635 0
    endloop
  endfacet
  facet normal 0 0 -1
    outer loop
      vertex -125.04880859853687 166.98049812659264 0
      vertex -124.35357065579574 167.2441670992784 0
      vertex 124.54642934420423 167.2441670992784 0
    endloop
  endfacet
  facet normal 0 0.7096892649070768 -0.7045148311254017
    outer loop
      vertex -124.35357065579574 167.2441670992784 0
      vertex -124.64285868840851 168.03833419855687 0.8
      vertex 124.54642934420423 167.2441670992784 0
    endloop
  endfacet
  facet normal 0 1 0
    outer loop
      vertex -124.64285868840851 168.03833419855687 0.8
      vertex -124.63556068649386 168.03833419855687 2.6
      vertex 124.64285868840852 168.03833419855687 0.8
    endloop
  endfacet
  facet normal 0 0 -1
    outer loop
      vertex -124.63556068649386 168.03833419855687 2.6
      vertex -124.44999999999999 168.05 2.6
      vertex 124.44999999999999 168.05 2.6
    endloop
  endfacet
  facet normal 0 0.7071067811865508 -0.7071067811865442
    outer loop
      vertex -124.44999999999999 168.05 2.6
      vertex -124.44999999999999 170.19867104171294 4.74867104171295
      vertex 124.44999999999999 168.05 2.6
    endloop
  endfacet
  facet normal 0 -0.7096892649070893 -0.7045148311253889
    outer loop
      vertex -124.64285868840851 -168.03833419855687 0.8
      vertex 124.54642934420423 -167.24416709927843 0
      vertex 124.64285868840852 -168.03833419855687 0.8
    endloop
  endfacet
  facet normal 0 0 -1
    outer loop
      vertex -124.35357065579574 -167.24416709927843 0
      vertex 124.16631609036597 -167.1980129941483 0
      vertex 124.54642934420423 -167.24416709927843 0
    endloop
  endfacet
  facet normal 0 0 -1
    outer loop
      vertex -125.04880859853687 -166.98049812659264 0
      vertex 125.15836482052254 -166.821778537635 0
      vertex 124.16631609036597 -167.1980129941483 0
    endloop
  endfacet
  facet normal 0 -1 0
    outer loop
      vertex -124.64285868840851 -168.03833419855687 0.8
      vertex 124.64285868840852 -168.03833419855687 0.8
      vertex 124.63556068649376 -168.03833419855687 2.6
    endloop
  endfacet
  facet normal 0 0 -1
    outer loop
      vertex -124.44999999999999 -168.04999999999998 2.6
      vertex 124.63556068649376 -168.03833419855687 2.6
      vertex 124.44999999999999 -168.04999999999998 2.6
    endloop
  endfacet
  facet normal 0 -0.7071067811865482 -0.7071067811865468
    outer loop
      vertex -124.44999999999999 -168.04999999999998 2.6
      vertex 124.44999999999999 -168.04999999999998 2.6
      vertex 124.35017304460834 -170.19867104171294 4.748671041712963
    endloop
  endfacet
  facet normal 0 0 -1
    outer loop
      vertex -125.04880859853687 -166.98049812659264 0
      vertex 125.15836482052254 166.821778537635 0
      vertex 125.15836482052254 -166.821778537635 0
    endloop
  endfacet
  facet normal 0.16983975786901095 -0.6890669846766401 -0.7045148311253914
    outer loop
      vertex 124.64285868840852 -168.03833419855687 0.8
      vertex 124.54642934420423 -167.24416709927843 0
      vertex 125.01736781926803 -167.94602598829664 0.8
    endloop
  endfacet
  facet normal 0.32980904635301145 -0.6283986359533914 -0.704514831125388
    outer loop
      vertex 125.01736781926803 -167.94602598829664 0.8
      vertex 124.90445179738492 -167.1083870927149 0
      vertex 125.35890359476986 -167.76677418542982 0.8
    endloop
  endfacet
  facet normal 0 0 -1
    outer loop
      vertex 124.16631609036597 -167.1980129941483 0
      vertex 125.15836482052254 -166.821778537635 0
      vertex 124.54642934420423 -167.24416709927843 0
    endloop
  endfacet
  facet normal 0 0 -1
    outer loop
      vertex 124.54642934420423 -167.24416709927843 0
      vertex 125.15836482052254 -166.821778537635 0
      vertex 124.90445179738492 -167.1083870927149 0
    endloop
  endfacet
  facet normal 0.24712727676427346 -0.6516210752546813 -0.7171597335064256
    outer loop
      vertex 125.01736781926803 -167.94602598829664 0.8
      vertex 124.54642934420423 -167.24416709927843 0
      vertex 124.90445179738492 -167.1083870927149 0
    endloop
  endfacet
  facet normal 0.521643749377145 -0.4621360355704032 -0.7171597335064381
    outer loop
      vertex 124.90445179738492 -167.1083870927149 0
      vertex 125.15836482052254 -166.821778537635 0
      vertex 125.64761719707377 -167.51099625318525 0.8
    endloop
  endfacet
  facet normal 0.6766579254963185 -0.16678119948004447 -0.7171597335064317
    outer loop
      vertex 125.15836482052254 -166.821778537635 0
      vertex 125.25 -166.45 0
      vertex 126.00350690788167 -166.83290506286008 0.8
    endloop
  endfacet
  facet normal 0.4706110318701326 -0.5312100426446115 -0.7045148311253917
    outer loop
      vertex 125.35890359476986 -167.76677418542982 0.8
      vertex 124.90445179738492 -167.1083870927149 0
      vertex 125.64761719707377 -167.51099625318525 0.8
    endloop
  endfacet
  facet normal 0.584062814816459 -0.40314945252724743 -0.7045148311254033
    outer loop
      vertex 125.15836482052254 -166.821778537635 0
      vertex 125.86672964104514 -167.19355707527 0.8
      vertex 125.64761719707377 -167.51099625318525 0.8
    endloop
  endfacet
  facet normal 0.6635709899475947 -0.25165928161765344 -0.7045148311254036
    outer loop
      vertex 125.15836482052254 -166.821778537635 0
      vertex 126.00350690788167 -166.83290506286008 0.8
      vertex 125.86672964104514 -167.19355707527 0.8
    endloop
  endfacet
  facet normal 0.7045148311253986 -0.08554358800473186 -0.7045148311253835
    outer loop
      vertex 125.25 -166.45 0
      vertex 126.04999999999998 -166.45 0.8
      vertex 126.00350690788167 -166.83290506286008 0.8
    endloop
  endfacet
  facet normal 0.23931566428759007 -0.970941817426044 7.955392384113128e-15
    outer loop
      vertex 124.64285868840852 -168.03833419855687 0.8
      vertex 125.01736781926803 -167.94602598829664 0.8
      vertex 125.00037305134205 -167.95021482237775 2.6
    endloop
  endfacet
  facet normal 0.4647231720437379 -0.885456025653226 -3.897742499753315e-15
    outer loop
      vertex 125.01736781926803 -167.94602598829664 0.8
      vertex 125.35890359476986 -167.76677418542982 0.8
      vertex 125.34400109918425 -167.77459561847593 2.6
    endloop
  endfacet
  facet normal 0.6631226582407803 -0.7485107481711143 -7.59560076875071e-16
    outer loop
      vertex 125.35890359476986 -167.76677418542982 0.8
      vertex 125.64761719707377 -167.51099625318525 0.8
      vertex 125.64478185122766 -167.51350815041465 2.6
    endloop
  endfacet
  facet normal 0 -1 0
    outer loop
      vertex 124.64285868840852 -168.03833419855687 0.8
      vertex 124.64285868840852 -168.03833419855687 2.601143225776593
      vertex 124.63556068649376 -168.03833419855687 2.6
    endloop
  endfacet
  facet normal 0.23931566428736034 -0.9709418174261008 0
    outer loop
      vertex 124.64285868840852 -168.03833419855687 0.8
      vertex 124.65597987172995 -168.03510011733135 2.6
      vertex 124.64285868840852 -168.03833419855687 2.601143225776593
    endloop
  endfacet
  facet normal 0.2393156642876381 -0.9709418174260322 -2.147482382052663e-15
    outer loop
      vertex 124.64285868840852 -168.03833419855687 0.8
      vertex 125.00037305134205 -167.95021482237775 2.6
      vertex 124.65597987172995 -168.03510011733135 2.6
    endloop
  endfacet
  facet normal 0.23931566428679565 -0.97094181742624 0
    outer loop
      vertex 125.01736781926803 -167.94602598829664 0.8
      vertex 125.01736781926803 -167.94602598829664 2.6021827580206587
      vertex 125.00037305134205 -167.95021482237775 2.6
    endloop
  endfacet
  facet normal 0.4647231720440248 -0.8854560256530754 0
    outer loop
      vertex 125.01736781926803 -167.94602598829664 0.8
      vertex 125.03392977745935 -167.9373336020878 2.6
      vertex 125.01736781926803 -167.94602598829664 2.6021827580206587
    endloop
  endfacet
  facet normal 0.4647231720437047 -0.8854560256532432 3.7552312637744224e-15
    outer loop
      vertex 125.01736781926803 -167.94602598829664 0.8
      vertex 125.34400109918425 -167.77459561847593 2.6
      vertex 125.03392977745935 -167.9373336020878 2.6
    endloop
  endfacet
  facet normal 0 0 -1
    outer loop
      vertex 124.44999999999999 -168.04999999999998 2.6
      vertex 124.63556068649376 -168.03833419855687 2.6
      vertex 124.61724554122821 -168.0412350325892 2.6
    endloop
  endfacet
  facet normal 0 0 -1
    outer loop
      vertex 124.65597987172995 -168.03510011733135 2.6
      vertex 125.00037305134205 -167.95021482237775 2.6
      vertex 124.78265870530839 -168.01503616117407 2.6
    endloop
  endfacet
  facet normal 0 0 -1
    outer loop
      vertex 124.78265870530839 -168.01503616117407 2.6
      vertex 125.00037305134205 -167.95021482237775 2.6
      vertex 124.9444271909999 -167.97169042607223 2.6
    endloop
  endfacet
  facet normal 0 0 -1
    outer loop
      vertex 125.10077862892126 -167.91167273222814 2.6
      vertex 125.03392977745935 -167.9373336020878 2.6
      vertex 125.34400109918425 -167.77459561847593 2.6
    endloop
  endfacet
  facet normal 0.4647231720441064 -0.8854560256530325 0
    outer loop
      vertex 125.35890359476986 -167.76677418542982 0.8
      vertex 125.35890359476986 -167.76677418542982 2.601559011691481
      vertex 125.34400109918425 -167.77459561847593 2.6
    endloop
  endfacet
  facet normal 0.6631226582412315 -0.7485107481707147 0
    outer loop
      vertex 125.35890359476986 -167.76677418542982 0.8
      vertex 125.3667523991011 -167.7598207515548 2.6
      vertex 125.35890359476986 -167.76677418542982 2.601559011691481
    endloop
  endfacet
  facet normal 0.6631226582407648 -0.7485107481711281 3.6310973334743366e-15
    outer loop
      vertex 125.35890359476986 -167.76677418542982 0.8
      vertex 125.64478185122766 -167.51350815041465 2.6
      vertex 125.3667523991011 -167.7598207515548 2.6
    endloop
  endfacet
  facet normal 0 0 -1
    outer loop
      vertex 125.10077862892126 -167.91167273222814 2.6
      vertex 125.34400109918425 -167.77459561847593 2.6
      vertex 125.25 -167.83564064605508 2.6
    endloop
  endfacet
  facet normal 0 0 -1
    outer loop
      vertex 125.3667523991011 -167.7598207515548 2.6
      vertex 125.64478185122766 -167.51350815041465 2.6
      vertex 125.39045640366794 -167.74442719099991 2.6
    endloop
  endfacet
  facet normal 0 0 -1
    outer loop
      vertex 125.39045640366794 -167.74442719099991 2.6
      vertex 125.64478185122766 -167.51350815041465 2.6
      vertex 125.52060897017418 -167.63903172076382 2.6
    endloop
  endfacet
  facet normal 0 0 -1
    outer loop
      vertex 125.52060897017418 -167.63903172076382 2.6
      vertex 125.64478185122766 -167.51350815041465 2.6
      vertex 125.63903172076382 -167.52060897017415 2.6
    endloop
  endfacet
  facet normal 0.8229838658936665 -0.5680647467311413 4.817209961233946e-15
    outer loop
      vertex 125.64761719707377 -167.51099625318525 0.8
      vertex 125.86672964104514 -167.19355707527 0.8
      vertex 125.85783099170803 -167.20644899450073 2.6
    endloop
  endfacet
  facet normal 0.9350162426854256 -0.35460488704250753 -8.315183999474665e-15
    outer loop
      vertex 125.86672964104514 -167.19355707527 0.8
      vertex 126.00350690788167 -166.83290506286008 0.8
      vertex 125.99691619062574 -166.85028335602647 2.6
    endloop
  endfacet
  facet normal 0.9927088740980556 -0.12053668025530946 0
    outer loop
      vertex 126.00350690788167 -166.83290506286008 0.8
      vertex 126.04999999999998 -166.45 0.8
      vertex 126.04999999999998 -166.45 2.6
    endloop
  endfacet
  facet normal 0.6631226582410498 -0.7485107481708757 0
    outer loop
      vertex 125.64761719707377 -167.51099625318525 0.8
      vertex 125.64761719707377 -167.51099625318525 2.6006235439722993
      vertex 125.64478185122766 -167.51350815041465 2.6
    endloop
  endfacet
  facet normal 0.822983865893568 -0.5680647467312838 0
    outer loop
      vertex 125.64761719707377 -167.51099625318525 0.8
      vertex 125.6522440365205 -167.504293119015 2.6
      vertex 125.64761719707377 -167.51099625318525 2.6006235439722993
    endloop
  endfacet
  facet normal 0.8229838658936823 -0.5680647467311184 -9.100569231529212e-16
    outer loop
      vertex 125.64761719707377 -167.51099625318525 0.8
      vertex 125.85783099170803 -167.20644899450073 2.6
      vertex 125.6522440365205 -167.504293119015 2.6
    endloop
  endfacet
  facet normal 0.8229838658933516 -0.5680647467315975 0
    outer loop
      vertex 125.86672964104514 -167.19355707527 0.8
      vertex 125.86672964104514 -167.19355707527 2.6020787946775212
      vertex 125.85783099170803 -167.20644899450073 2.6
    endloop
  endfacet
  facet normal 0.9350162426857295 -0.35460488704170606 0
    outer loop
      vertex 125.86672964104514 -167.19355707527 0.8
      vertex 125.87351226934217 -167.1756727542762 2.6
      vertex 125.86672964104514 -167.19355707527 2.6020787946775212
    endloop
  endfacet
  facet normal 0.9350162426853935 -0.3546048870425918 1.0066486662556166e-14
    outer loop
      vertex 125.86672964104514 -167.19355707527 0.8
      vertex 125.99691619062574 -166.85028335602647 2.6
      vertex 125.87351226934217 -167.1756727542762 2.6
    endloop
  endfacet
  facet normal 0.9350162426857112 -0.3546048870417544 0
    outer loop
      vertex 126.00350690788167 -166.83290506286008 0.8
      vertex 126.00350690788167 -166.83290506286008 2.6018708747372585
      vertex 125.99691619062574 -166.85028335602647 2.6
    endloop
  endfacet
  facet normal 0.9927088740980995 -0.12053668025494796 0
    outer loop
      vertex 126.00350690788167 -166.83290506286008 0.8
      vertex 126.00510972651608 -166.81970466379 2.6
      vertex 126.00350690788167 -166.83290506286008 2.6018708747372585
    endloop
  endfacet
  facet normal 0.9927088740980541 -0.12053668025532237 2.7862135294583075e-15
    outer loop
      vertex 126.00350690788167 -166.83290506286008 0.8
      vertex 126.04999999999998 -166.45 2.6
      vertex 126.00510972651608 -166.81970466379 2.6
    endloop
  endfacet
  facet normal 0 0 -1
    outer loop
      vertex 125.6522440365205 -167.504293119015 2.6
      vertex 125.85783099170803 -167.20644899450073 2.6
      vertex 125.74442719099989 -167.39045640366794 2.6
    endloop
  endfacet
  facet normal 0 0 -1
    outer loop
      vertex 125.74442719099989 -167.39045640366794 2.6
      vertex 125.85783099170803 -167.20644899450073 2.6
      vertex 125.83564064605508 -167.25 2.6
    endloop
  endfacet
  facet normal 0 0 -1
    outer loop
      vertex 125.87351226934217 -167.1756727542762 2.6
      vertex 125.99691619062574 -166.85028335602647 2.6
      vertex 125.91167273222817 -167.10077862892126 2.6
    endloop
  endfacet
  facet normal 0 0 -1
    outer loop
      vertex 125.91167273222817 -167.10077862892126 2.6
      vertex 125.99691619062574 -166.85028335602647 2.6
      vertex 125.97169042607223 -166.9444271909999 2.6
    endloop
  endfacet
  facet normal 0 0 -1
    outer loop
      vertex 126.01503616117407 -166.7826587053084 2.6
      vertex 126.00510972651608 -166.81970466379 2.6
      vertex 126.04999999999998 -166.45 2.6
    endloop
  endfacet
  facet normal 0 0 -1
    outer loop
      vertex 126.01503616117407 -166.7826587053084 2.6
      vertex 126.04999999999998 -166.45 2.6
      vertex 126.04123503258921 -166.61724554122824 2.6
    endloop
  endfacet
  facet normal 0.037032476720304984 -0.7066217501846198 -0.7066217501846267
    outer loop
      vertex 124.44999999999999 -168.04999999999998 2.6
      vertex 124.61724554122821 -168.0412350325892 2.6
      vertex 124.74919789582407 -170.1880450263653 4.753725323651611
    endloop
  endfacet
  facet normal 0.11069169459633031 -0.6988798544194919 -0.7066217501846253
    outer loop
      vertex 124.65597987172995 -168.03510011733135 2.6
      vertex 124.78265870530839 -168.01503616117407 2.6
      vertex 125.14483271532669 -170.13506546722195 4.753536071152461
    endloop
  endfacet
  facet normal 0.11069169459616408 -0.6988798544195242 -0.706621750184619
    outer loop
      vertex 124.65597987172995 -168.03510011733135 2.6
      vertex 125.14483271532669 -170.13506546722195 4.753536071152461
      vertex 124.64285868840852 -168.03833419855687 2.601143225776593
    endloop
  endfacet
  facet normal 0.11069169459630929 -0.6988798544194954 -0.7066217501846249
    outer loop
      vertex 124.61724554122821 -168.0412350325892 2.6
      vertex 124.63556068649376 -168.03833419855687 2.6
      vertex 125.14483271532669 -170.13506546722195 4.753536071152461
    endloop
  endfacet
  facet normal 0.11069169459632291 -0.6988798544194927 -0.7066217501846255
    outer loop
      vertex 124.63556068649376 -168.03833419855687 2.6
      vertex 124.64285868840852 -168.03833419855687 2.601143225776593
      vertex 125.14483271532669 -170.13506546722195 4.753536071152461
    endloop
  endfacet
  facet normal 0.18313815110262172 -0.6834808847193408 -0.7066217501846235
    outer loop
      vertex 124.78265870530839 -168.01503616117407 2.6
      vertex 124.9444271909999 -167.97169042607223 2.6
      vertex 125.53259480252356 -170.0403326438575 4.753334993856325
    endloop
  endfacet
  facet normal 0.2535781077015652 -0.6605935554185326 -0.706621750184634
    outer loop
      vertex 124.9444271909999 -167.97169042607223 2.6
      vertex 125.00037305134205 -167.95021482237775 2.6
      vertex 125.90809065802495 -169.90491991701404 4.753122092396692
    endloop
  endfacet
  facet normal 0.25357810770082306 -0.660593555418847 -0.7066217501846065
    outer loop
      vertex 125.00037305134205 -167.95021482237775 2.6
      vertex 125.01736781926803 -167.94602598829664 2.6021827580206587
      vertex 125.90809065802495 -169.90491991701404 4.753122092396692
    endloop
  endfacet
  facet normal 0.2535781077016142 -0.6605935554185156 -0.7066217501846324
    outer loop
      vertex 125.03392977745935 -167.9373336020878 2.6
      vertex 125.90809065802495 -169.90491991701404 4.753122092396692
      vertex 125.01736781926803 -167.94602598829664 2.6021827580206587
    endloop
  endfacet
  facet normal 0.25357810770134986 -0.660593555418625 -0.7066217501846249
    outer loop
      vertex 125.10077862892126 -167.91167273222814 2.6
      vertex 125.90809065802495 -169.90491991701404 4.753122092396692
      vertex 125.03392977745935 -167.9373336020878 2.6
    endloop
  endfacet
  facet normal 0.3212398094874628 -0.630468624886662 -0.7066217501846233
    outer loop
      vertex 125.10077862892126 -167.91167273222814 2.6
      vertex 125.25 -167.83564064605508 2.6
      vertex 126.26706576374744 -169.73036156699484 4.752897367444258
    endloop
  endfacet
  facet normal 0.38538194069696236 -0.5934361481664767 -0.7066217501846219
    outer loop
      vertex 125.3667523991011 -167.7598207515548 2.6
      vertex 125.39045640366794 -167.74442719099991 2.6
      vertex 126.60545278830404 -169.51863540965562 4.752660819706962
    endloop
  endfacet
  facet normal 0.3853819406974968 -0.5934361481661152 -0.7066217501846341
    outer loop
      vertex 125.3667523991011 -167.7598207515548 2.6
      vertex 126.60545278830404 -169.51863540965562 4.752660819706962
      vertex 125.35890359476986 -167.76677418542982 2.601559011691481
    endloop
  endfacet
  facet normal 0.3853819406973158 -0.5934361481662384 -0.7066217501846296
    outer loop
      vertex 125.34400109918425 -167.77459561847593 2.6
      vertex 125.35890359476986 -167.76677418542982 2.601559011691481
      vertex 126.60545278830404 -169.51863540965562 4.752660819706962
    endloop
  endfacet
  facet normal 0.3853819406970713 -0.593436148166406 -0.706621750184622
    outer loop
      vertex 125.25 -167.83564064605508 2.6
      vertex 125.34400109918425 -167.77459561847593 2.6
      vertex 126.60545278830404 -169.51863540965562 4.752660819706962
    endloop
  endfacet
  facet normal 0.44530174671807843 -0.5499018608223231 -0.7066217501846196
    outer loop
      vertex 125.39045640366794 -167.74442719099991 2.6
      vertex 125.52060897017418 -167.63903172076382 2.6
      vertex 126.91941767149387 -169.2721403869605 4.752412449930028
    endloop
  endfacet
  facet normal 0.5003427336167358 -0.5003427336166156 -0.7066217501846264
    outer loop
      vertex 125.52060897017418 -167.63903172076382 2.6
      vertex 125.63903172076382 -167.52060897017415 2.6
      vertex 127.2054030657365 -168.99366938601105 4.752152258895896
    endloop
  endfacet
  facet normal 0.5499018608223369 -0.44530174671804873 -0.7066217501846274
    outer loop
      vertex 125.63903172076382 -167.52060897017415 2.6
      vertex 125.64478185122766 -167.51350815041465 2.6
      vertex 127.46016864224111 -168.68637759451937 4.751880247424242
    endloop
  endfacet
  facet normal 0.5499018608223193 -0.445301746718073 -0.7066217501846258
    outer loop
      vertex 125.64478185122766 -167.51350815041465 2.6
      vertex 125.64761719707377 -167.51099625318525 2.6006235439722993
      vertex 127.46016864224111 -168.68637759451937 4.751880247424242
    endloop
  endfacet
  facet normal 0.549901860822279 -0.4453017467181287 -0.7066217501846221
    outer loop
      vertex 125.6522440365205 -167.504293119015 2.6
      vertex 127.46016864224111 -168.68637759451937 4.751880247424242
      vertex 125.64761719707377 -167.51099625318525 2.6006235439722993
    endloop
  endfacet
  facet normal 0.5499018608223314 -0.4453017467180568 -0.7066217501846267
    outer loop
      vertex 125.6522440365205 -167.504293119015 2.6
      vertex 125.74442719099989 -167.39045640366794 2.6
      vertex 127.46016864224111 -168.68637759451937 4.751880247424242
    endloop
  endfacet
  facet normal 0.5934361481663311 -0.3853819406971902 -0.7066217501846201
    outer loop
      vertex 125.74442719099989 -167.39045640366794 2.6
      vertex 125.83564064605508 -167.25 2.6
      vertex 127.68082780522678 -168.35374675127065 4.751596416371988
    endloop
  endfacet
  facet normal 0.6304686248866634 -0.32123980948745334 -0.7066217501846265
    outer loop
      vertex 125.83564064605508 -167.25 2.6
      vertex 125.85783099170803 -167.20644899450073 2.6
      vertex 127.86488039820591 -167.9995456966314 4.751300766633226
    endloop
  endfacet
  facet normal 0.6304686248865555 -0.3212398094876859 -0.7066217501846168
    outer loop
      vertex 125.87351226934217 -167.1756727542762 2.6
      vertex 125.91167273222817 -167.10077862892126 2.6
      vertex 127.86488039820591 -167.9995456966314 4.751300766633226
    endloop
  endfacet
  facet normal 0.6304686248868749 -0.32123980948699304 -0.7066217501846469
    outer loop
      vertex 125.87351226934217 -167.1756727542762 2.6
      vertex 127.86488039820591 -167.9995456966314 4.751300766633226
      vertex 125.86672964104514 -167.19355707527 2.6020787946775212
    endloop
  endfacet
  facet normal 0.6304686248864587 -0.32123980948790687 -0.7066217501846027
    outer loop
      vertex 125.85783099170803 -167.20644899450073 2.6
      vertex 125.86672964104514 -167.19355707527 2.6020787946775212
      vertex 127.86488039820591 -167.9995456966314 4.751300766633226
    endloop
  endfacet
  facet normal 0.6605935554186428 -0.2535781077012976 -0.7066217501846271
    outer loop
      vertex 125.91167273222817 -167.10077862892126 2.6
      vertex 125.97169042607223 -166.9444271909999 2.6
      vertex 128.01024103175638 -167.62778767008228 4.7509932991393935
    endloop
  endfacet
  facet normal 0.6834808847193247 -0.18313815110272266 -0.7066217501846128
    outer loop
      vertex 125.97169042607223 -166.9444271909999 2.6
      vertex 125.99691619062574 -166.85028335602647 2.6
      vertex 128.11526271181702 -167.24268483861107 4.750674014859283
    endloop
  endfacet
  facet normal 0.683480884719466 -0.18313815110209847 -0.7066217501846381
    outer loop
      vertex 125.99691619062574 -166.85028335602647 2.6
      vertex 126.00350690788167 -166.83290506286008 2.6018708747372585
      vertex 128.11526271181702 -167.24268483861107 4.750674014859283
    endloop
  endfacet
  facet normal 0.6834808847194026 -0.18313815110237347 -0.7066217501846283
    outer loop
      vertex 126.00510972651608 -166.81970466379 2.6
      vertex 128.11526271181702 -167.24268483861107 4.750674014859283
      vertex 126.00350690788167 -166.83290506286008 2.6018708747372585
    endloop
  endfacet
  facet normal 0.6834808847193242 -0.18313815110270806 -0.7066217501846171
    outer loop
      vertex 126.01503616117407 -166.7826587053084 2.6
      vertex 128.11526271181702 -167.24268483861107 4.750674014859283
      vertex 126.00510972651608 -166.81970466379 2.6
    endloop
  endfacet
  facet normal 0.6988798544194957 -0.11069169459633338 -0.7066217501846206
    outer loop
      vertex 126.01503616117407 -166.7826587053084 2.6
      vertex 126.04123503258921 -166.61724554122824 2.6
      vertex 128.178755500788 -166.8486005711776 4.750342914798381
    endloop
  endfacet
  facet normal 0.7066217501846226 -0.037032476720298836 -0.7066217501846241
    outer loop
      vertex 126.04123503258921 -166.61724554122824 2.6
      vertex 126.04999999999998 -166.45 2.6
      vertex 128.2 -166.45 4.750000000000001
    endloop
  endfacet
  facet normal 9.087968404986594e-14 -0.7071067811865501 -0.7071067811865448
    outer loop
      vertex 124.44999999999999 -168.04999999999998 2.6
      vertex 124.44999999999999 -170.19601265400382 4.746012654003857
      vertex 124.35017304460834 -170.19867104171294 4.748671041712963
    endloop
  endfacet
  facet normal 0.03703247672021688 -0.7066217501846283 -0.7066217501846228
    outer loop
      vertex 124.44999999999999 -168.04999999999998 2.6
      vertex 124.74919789582407 -170.1880450263653 4.753725323651611
      vertex 124.44999999999999 -170.19601265400382 4.746012654003857
    endloop
  endfacet
  facet normal 0.11069169459637955 -0.6988798544194811 -0.706621750184628
    outer loop
      vertex 124.61724554122821 -168.0412350325892 2.6
      vertex 125.14483271532669 -170.13506546722195 4.753536071152461
      vertex 124.84158407143795 -170.1756735701292 4.746195621715859
    endloop
  endfacet
  facet normal 0.03703247672013749 -0.7066217501846292 -0.7066217501846259
    outer loop
      vertex 124.61724554122821 -168.0412350325892 2.6
      vertex 124.84158407143795 -170.1756735701292 4.746195621715859
      vertex 124.74919789582407 -170.1880450263653 4.753725323651611
    endloop
  endfacet
  facet normal 0.18313815110263873 -0.6834808847193355 -0.7066217501846243
    outer loop
      vertex 124.78265870530839 -168.01503616117407 2.6
      vertex 125.53259480252356 -170.0403326438575 4.753334993856325
      vertex 125.22891836464078 -170.1145227911147 4.746390410164684
    endloop
  endfacet
  facet normal 0.11069169459640446 -0.6988798544194794 -0.7066217501846256
    outer loop
      vertex 124.78265870530839 -168.01503616117407 2.6
      vertex 125.22891836464078 -170.1145227911147 4.746390410164684
      vertex 125.14483271532669 -170.13506546722195 4.753536071152461
    endloop
  endfacet
  facet normal 0.18313815110267861 -0.6834808847193249 -0.706621750184624
    outer loop
      vertex 124.9444271909999 -167.97169042607223 2.6
      vertex 125.60776215100287 -170.01322551210612 4.746597022421665
      vertex 125.53259480252356 -170.0403326438575 4.753334993856325
    endloop
  endfacet
  facet normal 0.25357810770137107 -0.660593555418618 -0.706621750184624
    outer loop
      vertex 124.9444271909999 -167.97169042607223 2.6
      vertex 125.90809065802495 -169.90491991701404 4.753122092396692
      vertex 125.60776215100287 -170.01322551210612 4.746597022421665
    endloop
  endfacet
  facet normal 0.2535781077014433 -0.660593555418588 -0.706621750184626
    outer loop
      vertex 125.10077862892126 -167.91167273222814 2.6
      vertex 125.9739671431347 -169.87288624570226 4.746815461745087
      vertex 125.90809065802495 -169.90491991701404 4.753122092396692
    endloop
  endfacet
  facet normal 0.3212398094874907 -0.6304686248866465 -0.7066217501846244
    outer loop
      vertex 125.10077862892126 -167.91167273222814 2.6
      vertex 126.26706576374744 -169.73036156699484 4.752897367444258
      vertex 125.9739671431347 -169.87288624570226 4.746815461745087
    endloop
  endfacet
  facet normal 0.3853819406970825 -0.5934361481663981 -0.7066217501846226
    outer loop
      vertex 125.25 -167.83564064605508 2.6
      vertex 126.60545278830404 -169.51863540965562 4.752660819706962
      vertex 126.32352286579007 -169.69503679269044 4.747045731580168
    endloop
  endfacet
  facet normal 0.3212398094876154 -0.6304686248865816 -0.7066217501846256
    outer loop
      vertex 125.25 -167.83564064605508 2.6
      vertex 126.32352286579007 -169.69503679269044 4.747045731580168
      vertex 126.26706576374744 -169.73036156699484 4.752897367444258
    endloop
  endfacet
  facet normal 0.38538194069699433 -0.5934361481664551 -0.7066217501846228
    outer loop
      vertex 125.39045640366794 -167.74442719099991 2.6
      vertex 126.6526005258367 -169.48161954178192 4.747287835559224
      vertex 126.60545278830404 -169.51863540965562 4.752660819706962
    endloop
  endfacet
  facet normal 0.44530174671815903 -0.5499018608222502 -0.7066217501846254
    outer loop
      vertex 125.39045640366794 -167.74442719099991 2.6
      vertex 126.91941767149387 -169.2721403869605 4.752412449930028
      vertex 126.6526005258367 -169.48161954178192 4.747287835559224
    endloop
  endfacet
  facet normal 0.5003427336166669 -0.5003427336166923 -0.7066217501846209
    outer loop
      vertex 125.52060897017418 -167.63903172076382 2.6
      vertex 127.2054030657365 -168.99366938601105 4.752152258895896
      vertex 126.95759490193498 -169.23496628021087 4.747541777501892
    endloop
  endfacet
  facet normal 0.4453017467180977 -0.5499018608223087 -0.7066217501846185
    outer loop
      vertex 125.52060897017418 -167.63903172076382 2.6
      vertex 126.95759490193498 -169.23496628021087 4.747541777501892
      vertex 126.91941767149387 -169.2721403869605 4.752412449930028
    endloop
  endfacet
  facet normal 0.5003427336167265 -0.5003427336166262 -0.7066217501846256
    outer loop
      vertex 125.63903172076382 -167.52060897017415 2.6
      vertex 127.23516379615069 -168.95777274608602 4.747807561415136
      vertex 127.2054030657365 -168.99366938601105 4.752152258895896
    endloop
  endfacet
  facet normal 0.5499018608222976 -0.44530174671810346 -0.7066217501846235
    outer loop
      vertex 125.63903172076382 -167.52060897017415 2.6
      vertex 127.46016864224111 -168.68637759451937 4.751880247424242
      vertex 127.23516379615069 -168.95777274608602 4.747807561415136
    endloop
  endfacet
  facet normal 0.5499018608222151 -0.44530174671820366 -0.7066217501846246
    outer loop
      vertex 125.74442719099989 -167.39045640366794 2.6
      vertex 127.48226461628332 -168.6530691998957 4.74808519149352
      vertex 127.46016864224111 -168.68637759451937 4.751880247424242
    endloop
  endfacet
  facet normal 0.5934361481663808 -0.3853819406971029 -0.7066217501846259
    outer loop
      vertex 125.74442719099989 -167.39045640366794 2.6
      vertex 127.68082780522678 -168.35374675127065 4.751596416371988
      vertex 127.48226461628332 -168.6530691998957 4.74808519149352
    endloop
  endfacet
  facet normal 0.593436148166582 -0.3853819406967917 -0.7066217501846268
    outer loop
      vertex 125.83564064605508 -167.25 2.6
      vertex 127.69618768895742 -168.32418733605962 4.748374672119287
      vertex 127.68082780522678 -168.35374675127065 4.751596416371988
    endloop
  endfacet
  facet normal 0.6304686248866199 -0.3212398094875523 -0.7066217501846201
    outer loop
      vertex 125.83564064605508 -167.25 2.6
      vertex 127.86488039820591 -167.9995456966314 4.751300766633226
      vertex 127.69618768895742 -168.32418733605962 4.748374672119287
    endloop
  endfacet
  facet normal 0.6605935554186054 -0.2535781077014158 -0.7066217501846197
    outer loop
      vertex 125.91167273222817 -167.10077862892126 2.6
      vertex 128.01024103175638 -167.62778767008228 4.7509932991393935
      vertex 127.87458593915659 -167.9747238954168 4.748676007862536
    endloop
  endfacet
  facet normal 0.6304686248867747 -0.32123980948723646 -0.7066217501846257
    outer loop
      vertex 125.91167273222817 -167.10077862892126 2.6
      vertex 127.87458593915659 -167.9747238954168 4.748676007862536
      vertex 127.86488039820591 -167.9995456966314 4.751300766633226
    endloop
  endfacet
  facet normal 0.6834808847193646 -0.1831381511025261 -0.7066217501846253
    outer loop
      vertex 125.97169042607223 -166.9444271909999 2.6
      vertex 128.11526271181702 -167.24268483861107 4.750674014859283
      vertex 128.0155006114913 -167.608501375604 4.748989203481526
    endloop
  endfacet
  facet normal 0.6605935554183449 -0.2535781077021219 -0.7066217501846099
    outer loop
      vertex 125.97169042607223 -166.9444271909999 2.6
      vertex 128.0155006114913 -167.608501375604 4.748989203481526
      vertex 128.01024103175638 -167.62778767008228 4.7509932991393935
    endloop
  endfacet
  facet normal 0.69887985441949 -0.1106916945963965 -0.7066217501846167
    outer loop
      vertex 126.01503616117407 -166.7826587053084 2.6
      vertex 128.178755500788 -166.8486005711776 4.750342914798381
      vertex 128.1173827516531 -167.22952626801933 4.749314263922871
    endloop
  endfacet
  facet normal 0.6834808847195979 -0.1831381511015884 -0.7066217501846428
    outer loop
      vertex 126.01503616117407 -166.7826587053084 2.6
      vertex 128.1173827516531 -167.22952626801933 4.749314263922871
      vertex 128.11526271181702 -167.24268483861107 4.750674014859283
    endloop
  endfacet
  facet normal 0.7066217501846231 -0.037032476720347866 -0.706621750184621
    outer loop
      vertex 126.04123503258921 -166.61724554122824 2.6
      vertex 128.2 -166.45 4.750000000000001
      vertex 128.17911021274608 -166.84194527713208 4.749651194321105
    endloop
  endfacet
  facet normal 0.6988798544196743 -0.11069169459499222 -0.7066217501846543
    outer loop
      vertex 126.04123503258921 -166.61724554122824 2.6
      vertex 128.17911021274608 -166.84194527713208 4.749651194321105
      vertex 128.178755500788 -166.8486005711776 4.750342914798381
    endloop
  endfacet
  facet normal 0 0 -1
    outer loop
      vertex 125.15836482052254 -166.821778537635 0
      vertex 125.15836482052254 166.821778537635 0
      vertex 125.25 -166.45 0
    endloop
  endfacet
  facet normal 0.707106781186555 0 -0.7071067811865399
    outer loop
      vertex 125.25 -166.45 0
      vertex 126.04999999999998 166.45 0.8
      vertex 126.04999999999998 -166.45 0.8
    endloop
  endfacet
  facet normal 1 0 0
    outer loop
      vertex 126.04999999999998 -166.45 0.8
      vertex 126.04999999999998 166.45 2.6
      vertex 126.04999999999998 -166.45 2.6
    endloop
  endfacet
  facet normal 0.7071067811865467 1.9304370523192523e-17 -0.7071067811865483
    outer loop
      vertex 126.04999999999998 -166.45 2.6
      vertex 128.2 166.45 4.75000000000001
      vertex 128.2 -166.45 4.750000000000001
    endloop
  endfacet
  facet normal 0 0 -1
    outer loop
      vertex -125.04880859853687 166.98049812659264 0
      vertex 124.54642934420423 167.2441670992784 0
      vertex 125.15836482052254 166.821778537635 0
    endloop
  endfacet
  facet normal 0 0.7096892649070766 -0.7045148311254016
    outer loop
      vertex -124.64285868840851 168.03833419855687 0.8
      vertex 124.64285868840852 168.03833419855687 0.8
      vertex 124.54642934420423 167.2441670992784 0
    endloop
  endfacet
  facet normal 0 1 0
    outer loop
      vertex -124.63556068649386 168.03833419855687 2.6
      vertex 124.63556068649387 168.03833419855687 2.6
      vertex 124.64285868840852 168.03833419855687 0.8
    endloop
  endfacet
  facet normal 0 0 -1
    outer loop
      vertex -124.63556068649386 168.03833419855687 2.6
      vertex 124.44999999999999 168.05 2.6
      vertex 124.61724554122821 168.0412350325892 2.6
    endloop
  endfacet
  facet normal 0 0 -1
    outer loop
      vertex -124.63556068649386 168.03833419855687 2.6
      vertex 124.61724554122821 168.0412350325892 2.6
      vertex 124.63556068649387 168.03833419855687 2.6
    endloop
  endfacet
  facet normal 4.291246500514021e-17 0.7071067811865532 -0.7071067811865417
    outer loop
      vertex -124.44999999999999 170.19867104171294 4.74867104171295
      vertex 124.35017304460834 170.19867104171294 4.748671041712965
      vertex 124.44999999999999 168.05 2.6
    endloop
  endfacet
  facet normal 0 0 -1
    outer loop
      vertex 125.25 -166.45 0
      vertex 125.15836482052254 166.821778537635 0
      vertex 125.25 166.45 0
    endloop
  endfacet
  facet normal 0.707106781186555 0 -0.7071067811865399
    outer loop
      vertex 125.25 -166.45 0
      vertex 125.25 166.45 0
      vertex 126.04999999999998 166.45 0.8
    endloop
  endfacet
  facet normal 1 0 0
    outer loop
      vertex 126.04999999999998 -166.45 0.8
      vertex 126.04999999999998 166.45 0.8
      vertex 126.04999999999998 166.45 2.6
    endloop
  endfacet
  facet normal 0.7071067811865482 0 -0.7071067811865469
    outer loop
      vertex 126.04999999999998 -166.45 2.6
      vertex 126.04999999999998 166.45 2.6
      vertex 128.2 166.45 4.75000000000001
    endloop
  endfacet
  facet normal 0 0 -1
    outer loop
      vertex 124.54642934420423 167.2441670992784 0
      vertex 124.90445179738492 167.1083870927149 0
      vertex 125.15836482052254 166.821778537635 0
    endloop
  endfacet
  facet normal 0.2471272767642262 0.6516210752546929 -0.7171597335064311
    outer loop
      vertex 124.54642934420423 167.2441670992784 0
      vertex 125.01736781926803 167.94602598829664 0.8
      vertex 124.90445179738492 167.1083870927149 0
    endloop
  endfacet
  facet normal 0.6766579254963158 0.16678119948004377 -0.7171597335064345
    outer loop
      vertex 125.15836482052254 166.821778537635 0
      vertex 126.00350690788167 166.8329050628601 0.8
      vertex 125.25 166.45 0
    endloop
  endfacet
  facet normal 0.5216437493771389 0.4621360355703978 -0.7171597335064461
    outer loop
      vertex 125.15836482052254 166.821778537635 0
      vertex 124.90445179738492 167.1083870927149 0
      vertex 125.64761719707377 167.51099625318528 0.8
    endloop
  endfacet
  facet normal 0.47061103187010167 0.5312100426446358 -0.704514831125394
    outer loop
      vertex 124.90445179738492 167.1083870927149 0
      vertex 125.35890359476986 167.76677418542982 0.8
      vertex 125.64761719707377 167.51099625318528 0.8
    endloop
  endfacet
  facet normal 0.5840628148164744 0.40314945252722195 -0.704514831125405
    outer loop
      vertex 125.15836482052254 166.821778537635 0
      vertex 125.64761719707377 167.51099625318528 0.8
      vertex 125.86672964104514 167.19355707527 0.8
    endloop
  endfacet
  facet normal 0.663570989947587 0.2516592816176704 -0.7045148311254047
    outer loop
      vertex 125.15836482052254 166.821778537635 0
      vertex 125.86672964104514 167.19355707527 0.8
      vertex 126.00350690788167 166.8329050628601 0.8
    endloop
  endfacet
  facet normal 0.704514831125399 0.08554358800472556 -0.7045148311253839
    outer loop
      vertex 125.25 166.45 0
      vertex 126.00350690788167 166.8329050628601 0.8
      vertex 126.04999999999998 166.45 0.8
    endloop
  endfacet
  facet normal 0.169839757869008 0.6890669846766281 -0.7045148311254038
    outer loop
      vertex 124.54642934420423 167.2441670992784 0
      vertex 124.64285868840852 168.03833419855687 0.8
      vertex 125.01736781926803 167.94602598829664 0.8
    endloop
  endfacet
  facet normal 0.3298090463530115 0.6283986359533914 -0.7045148311253882
    outer loop
      vertex 124.90445179738492 167.1083870927149 0
      vertex 125.01736781926803 167.94602598829664 0.8
      vertex 125.35890359476986 167.76677418542982 0.8
    endloop
  endfacet
  facet normal 0.9927088740980567 0.12053668025530065 -7.340748374535506e-15
    outer loop
      vertex 126.04999999999998 166.45 0.8
      vertex 126.00350690788167 166.8329050628601 0.8
      vertex 126.00510972651611 166.81970466378993 2.6
    endloop
  endfacet
  facet normal 0.9350162426854162 0.3546048870425319 9.384564634023134e-15
    outer loop
      vertex 126.00350690788167 166.8329050628601 0.8
      vertex 125.86672964104514 167.19355707527 0.8
      vertex 125.87351226934217 167.1756727542762 2.6
    endloop
  endfacet
  facet normal 0.8229838658936901 0.5680647467311069 -5.34565389629637e-15
    outer loop
      vertex 125.64761719707377 167.51099625318528 0.8
      vertex 125.65224403652078 167.50429311901462 2.6
      vertex 125.86672964104514 167.19355707527 0.8
    endloop
  endfacet
  facet normal 0.6631226582402029 0.7485107481716259 0
    outer loop
      vertex 125.64761719707377 167.51099625318528 0.8
      vertex 125.64478185122746 167.51350815041485 2.6
      vertex 125.64761719707377 167.51099625318528 2.6006235439723393
    endloop
  endfacet
  facet normal 0.822983865893019 0.5680647467320791 0
    outer loop
      vertex 125.64761719707377 167.51099625318528 0.8
      vertex 125.64761719707377 167.51099625318528 2.6006235439723393
      vertex 125.65224403652078 167.50429311901462 2.6
    endloop
  endfacet
  facet normal 0.9927088740980611 0.12053668025526544 0
    outer loop
      vertex 126.04999999999998 166.45 0.8
      vertex 126.00510972651611 166.81970466378993 2.6
      vertex 126.04999999999998 166.45 2.6
    endloop
  endfacet
  facet normal 0.935016242685274 0.3546048870429072 0
    outer loop
      vertex 126.00350690788167 166.8329050628601 0.8
      vertex 125.99691619062568 166.85028335602658 2.6
      vertex 126.00350690788167 166.8329050628601 2.601870874737274
    endloop
  endfacet
  facet normal 0.9927088740979368 0.12053668025628704 0
    outer loop
      vertex 126.00350690788167 166.8329050628601 0.8
      vertex 126.00350690788167 166.8329050628601 2.601870874737274
      vertex 126.00510972651611 166.81970466378993 2.6
    endloop
  endfacet
  facet normal 0.8229838658936144 0.5680647467312168 0
    outer loop
      vertex 125.86672964104514 167.19355707527 0.8
      vertex 125.85783099170806 167.2064489945007 2.6
      vertex 125.86672964104514 167.19355707527 2.6020787946775195
    endloop
  endfacet
  facet normal 0.9350162426857295 0.35460488704170606 0
    outer loop
      vertex 125.86672964104514 167.19355707527 0.8
      vertex 125.86672964104514 167.19355707527 2.6020787946775195
      vertex 125.87351226934217 167.1756727542762 2.6
    endloop
  endfacet
  facet normal 0.8229838658937086 0.5680647467310803 1.4433090046802165e-15
    outer loop
      vertex 125.86672964104514 167.19355707527 0.8
      vertex 125.65224403652078 167.50429311901462 2.6
      vertex 125.85783099170806 167.2064489945007 2.6
    endloop
  endfacet
  facet normal 0.9350162426854066 0.3546048870425573 3.863204647667387e-15
    outer loop
      vertex 126.00350690788167 166.8329050628601 0.8
      vertex 125.87351226934217 167.1756727542762 2.6
      vertex 125.99691619062568 166.85028335602658 2.6
    endloop
  endfacet
  facet normal 0 0 -1
    outer loop
      vertex 126.04999999999998 166.45 2.6
      vertex 126.00510972651611 166.81970466378993 2.6
      vertex 126.04123503258921 166.61724554122821 2.6
    endloop
  endfacet
  facet normal 0 0 -1
    outer loop
      vertex 126.04123503258921 166.61724554122821 2.6
      vertex 126.00510972651611 166.81970466378993 2.6
      vertex 126.01503616117407 166.7826587053084 2.6
    endloop
  endfacet
  facet normal 0 0 -1
    outer loop
      vertex 125.87351226934217 167.1756727542762 2.6
      vertex 125.91167273222817 167.10077862892126 2.6
      vertex 125.97169042607223 166.94442719099987 2.6
    endloop
  endfacet
  facet normal 0 0 -1
    outer loop
      vertex 125.65224403652078 167.50429311901462 2.6
      vertex 125.74442719099989 167.39045640366794 2.6
      vertex 125.83564064605508 167.25 2.6
    endloop
  endfacet
  facet normal 0 0 -1
    outer loop
      vertex 125.65224403652078 167.50429311901462 2.6
      vertex 125.83564064605508 167.25 2.6
      vertex 125.85783099170806 167.2064489945007 2.6
    endloop
  endfacet
  facet normal 0 0 -1
    outer loop
      vertex 125.99691619062568 166.85028335602658 2.6
      vertex 125.87351226934217 167.1756727542762 2.6
      vertex 125.97169042607223 166.94442719099987 2.6
    endloop
  endfacet
  facet normal 0.23931566428759007 0.970941817426044 -2.2087207498605546e-15
    outer loop
      vertex 124.64285868840852 168.03833419855687 0.8
      vertex 124.65597987172973 168.0351001173314 2.6
      vertex 125.01736781926803 167.94602598829664 0.8
    endloop
  endfacet
  facet normal 0.4647231720437379 0.885456025653226 4.7572446920066104e-15
    outer loop
      vertex 125.01736781926803 167.94602598829664 0.8
      vertex 125.03392977745924 167.93733360208785 2.6
      vertex 125.35890359476986 167.76677418542982 0.8
    endloop
  endfacet
  facet normal 0.663122658240739 0.7485107481711508 6.21639957653049e-15
    outer loop
      vertex 125.64761719707377 167.51099625318528 0.8
      vertex 125.35890359476986 167.76677418542982 0.8
      vertex 125.3667523991009 167.75982075155497 2.6
    endloop
  endfacet
  facet normal 0.23931566428730447 0.9709418174261144 0
    outer loop
      vertex 124.64285868840852 168.03833419855687 0.8
      vertex 124.64285868840852 168.03833419855687 2.6011432257765703
      vertex 124.65597987172973 168.0351001173314 2.6
    endloop
  endfacet
  facet normal 0 1 0
    outer loop
      vertex 124.64285868840852 168.03833419855687 0.8
      vertex 124.63556068649387 168.03833419855687 2.6
      vertex 124.64285868840852 168.03833419855687 2.6011432257765703
    endloop
  endfacet
  facet normal 0.23931566428766093 0.9709418174260267 1.2876403534819126e-14
    outer loop
      vertex 125.01736781926803 167.94602598829664 0.8
      vertex 124.65597987172973 168.0351001173314 2.6
      vertex 125.00037305134225 167.9502148223777 2.6
    endloop
  endfacet
  facet normal 0.4647231720441432 0.8854560256530133 0
    outer loop
      vertex 125.01736781926803 167.94602598829664 0.8
      vertex 125.01736781926803 167.94602598829664 2.602182758020644
      vertex 125.03392977745924 167.93733360208785 2.6
    endloop
  endfacet
  facet normal 0.23931566428637524 0.9709418174263436 0
    outer loop
      vertex 125.01736781926803 167.94602598829664 0.8
      vertex 125.00037305134225 167.9502148223777 2.6
      vertex 125.01736781926803 167.94602598829664 2.602182758020644
    endloop
  endfacet
  facet normal 0 0 -1
    outer loop
      vertex 124.65597987172973 168.0351001173314 2.6
      vertex 124.78265870530839 168.01503616117407 2.6
      vertex 124.9444271909999 167.97169042607226 2.6
    endloop
  endfacet
  facet normal 0 0 -1
    outer loop
      vertex 124.65597987172973 168.0351001173314 2.6
      vertex 124.9444271909999 167.97169042607226 2.6
      vertex 125.00037305134225 167.9502148223777 2.6
    endloop
  endfacet
  facet normal 0 0 -1
    outer loop
      vertex 125.10077862892126 167.91167273222817 2.6
      vertex 125.25 167.83564064605508 2.6
      vertex 125.03392977745924 167.93733360208785 2.6
    endloop
  endfacet
  facet normal 0.4647231720445011 0.8854560256528254 0
    outer loop
      vertex 125.35890359476986 167.76677418542982 0.8
      vertex 125.3440010991846 167.77459561847576 2.6
      vertex 125.35890359476986 167.76677418542982 2.6015590116914424
    endloop
  endfacet
  facet normal 0.4647231720436795 0.8854560256532565 -8.674597979772664e-15
    outer loop
      vertex 125.35890359476986 167.76677418542982 0.8
      vertex 125.03392977745924 167.93733360208785 2.6
      vertex 125.3440010991846 167.77459561847576 2.6
    endloop
  endfacet
  facet normal 0.6631226582415374 0.7485107481704436 0
    outer loop
      vertex 125.35890359476986 167.76677418542982 0.8
      vertex 125.35890359476986 167.76677418542982 2.6015590116914424
      vertex 125.3667523991009 167.75982075155497 2.6
    endloop
  endfacet
  facet normal 0.663122658240722 0.7485107481711659 1.45960642633995e-15
    outer loop
      vertex 125.64761719707377 167.51099625318528 0.8
      vertex 125.3667523991009 167.75982075155497 2.6
      vertex 125.64478185122746 167.51350815041485 2.6
    endloop
  endfacet
  facet normal 0 0 -1
    outer loop
      vertex 125.03392977745924 167.93733360208785 2.6
      vertex 125.25 167.83564064605508 2.6
      vertex 125.3440010991846 167.77459561847576 2.6
    endloop
  endfacet
  facet normal 0 0 -1
    outer loop
      vertex 125.63903172076382 167.52060897017412 2.6
      vertex 125.39045640366794 167.74442719099994 2.6
      vertex 125.52060897017418 167.63903172076385 2.6
    endloop
  endfacet
  facet normal 0 0 -1
    outer loop
      vertex 125.63903172076382 167.52060897017412 2.6
      vertex 125.64478185122746 167.51350815041485 2.6
      vertex 125.3667523991009 167.75982075155497 2.6
    endloop
  endfacet
  facet normal 0 0 -1
    outer loop
      vertex 125.63903172076382 167.52060897017412 2.6
      vertex 125.3667523991009 167.75982075155497 2.6
      vertex 125.39045640366794 167.74442719099994 2.6
    endloop
  endfacet
  facet normal 0.037032476720424944 0.7066217501846176 -0.7066217501846227
    outer loop
      vertex 124.44999999999999 168.05 2.6
      vertex 124.74919789582407 170.18804502636527 4.75372532365161
      vertex 124.61724554122821 168.0412350325892 2.6
    endloop
  endfacet
  facet normal 0.11069169459627184 0.6988798544195125 -0.7066217501846136
    outer loop
      vertex 124.65597987172973 168.0351001173314 2.6
      vertex 124.64285868840852 168.03833419855687 2.6011432257765703
      vertex 125.14483271532669 170.13506546722198 4.753536071152525
    endloop
  endfacet
  facet normal 0.11069169459564468 0.6988798544196375 -0.7066217501845884
    outer loop
      vertex 124.61724554122821 168.0412350325892 2.6
      vertex 125.14483271532669 170.13506546722198 4.753536071152525
      vertex 124.63556068649387 168.03833419855687 2.6
    endloop
  endfacet
  facet normal 0.11069169459584985 0.6988798544195963 -0.7066217501845969
    outer loop
      vertex 124.63556068649387 168.03833419855687 2.6
      vertex 125.14483271532669 170.13506546722198 4.753536071152525
      vertex 124.64285868840852 168.03833419855687 2.6011432257765703
    endloop
  endfacet
  facet normal 0.11069169459644321 0.698879854419479 -0.70662175018462
    outer loop
      vertex 124.65597987172973 168.0351001173314 2.6
      vertex 125.14483271532669 170.13506546722198 4.753536071152525
      vertex 124.78265870530839 168.01503616117407 2.6
    endloop
  endfacet
  facet normal 0.18313815110251108 0.6834808847193762 -0.7066217501846179
    outer loop
      vertex 124.9444271909999 167.97169042607226 2.6
      vertex 124.78265870530839 168.01503616117407 2.6
      vertex 125.53259480252356 170.04033264385754 4.753334993856353
    endloop
  endfacet
  facet normal 0.25357810770169664 0.6605935554184846 -0.7066217501846319
    outer loop
      vertex 125.03392977745924 167.93733360208785 2.6
      vertex 125.01736781926803 167.94602598829664 2.602182758020644
      vertex 125.90809065802495 169.90491991701407 4.7531220923967235
    endloop
  endfacet
  facet normal 0.2535781077009596 0.6605935554187933 -0.7066217501846077
    outer loop
      vertex 125.00037305134225 167.9502148223777 2.6
      vertex 125.90809065802495 169.90491991701407 4.7531220923967235
      vertex 125.01736781926803 167.94602598829664 2.602182758020644
    endloop
  endfacet
  facet normal 0.2535781077016569 0.6605935554184981 -0.7066217501846337
    outer loop
      vertex 124.9444271909999 167.97169042607226 2.6
      vertex 125.90809065802495 169.90491991701407 4.7531220923967235
      vertex 125.00037305134225 167.9502148223777 2.6
    endloop
  endfacet
  facet normal 0.2535781077012211 0.6605935554186814 -0.7066217501846186
    outer loop
      vertex 125.10077862892126 167.91167273222817 2.6
      vertex 125.03392977745924 167.93733360208785 2.6
      vertex 125.90809065802495 169.90491991701407 4.7531220923967235
    endloop
  endfacet
  facet normal 0.32123980948755776 0.6304686248866127 -0.7066217501846241
    outer loop
      vertex 125.10077862892126 167.91167273222817 2.6
      vertex 126.26706576374744 169.73036156699487 4.752897367444286
      vertex 125.25 167.83564064605508 2.6
    endloop
  endfacet
  facet normal 0.500342733616852 0.5003427336164918 -0.7066217501846316
    outer loop
      vertex 125.63903172076382 167.52060897017412 2.6
      vertex 125.52060897017418 167.63903172076385 2.6
      vertex 127.2054030657365 168.99366938601105 4.752152258895901
    endloop
  endfacet
  facet normal 0.38538194069719095 0.5934361481663311 -0.7066217501846197
    outer loop
      vertex 125.3667523991009 167.75982075155497 2.6
      vertex 126.60545278830404 169.5186354096556 4.752660819706949
      vertex 125.39045640366794 167.74442719099994 2.6
    endloop
  endfacet
  facet normal 0.3853819406977232 0.5934361481659711 -0.7066217501846319
    outer loop
      vertex 125.3667523991009 167.75982075155497 2.6
      vertex 125.35890359476986 167.76677418542982 2.6015590116914424
      vertex 126.60545278830404 169.5186354096556 4.752660819706949
    endloop
  endfacet
  facet normal 0.38538194069746456 0.5934361481661469 -0.7066217501846251
    outer loop
      vertex 125.3440010991846 167.77459561847576 2.6
      vertex 126.60545278830404 169.5186354096556 4.752660819706949
      vertex 125.35890359476986 167.76677418542982 2.6015590116914424
    endloop
  endfacet
  facet normal 0.3853819406968535 0.5934361481665659 -0.7066217501846065
    outer loop
      vertex 125.25 167.83564064605508 2.6
      vertex 126.60545278830404 169.5186354096556 4.752660819706949
      vertex 125.3440010991846 167.77459561847576 2.6
    endloop
  endfacet
  facet normal 0.4453017467180818 0.5499018608223273 -0.7066217501846139
    outer loop
      vertex 125.39045640366794 167.74442719099994 2.6
      vertex 126.91941767149387 169.27214038696053 4.752412449930062
      vertex 125.52060897017418 167.63903172076385 2.6
    endloop
  endfacet
  facet normal 0.6834808847193422 0.18313815110259113 -0.7066217501846301
    outer loop
      vertex 125.99691619062568 166.85028335602658 2.6
      vertex 125.97169042607223 166.94442719099987 2.6
      vertex 128.0155006114913 167.60850137560402 4.748989203481522
    endloop
  endfacet
  facet normal 0.6304686248865914 0.32123980948761843 -0.7066217501846155
    outer loop
      vertex 125.85783099170806 167.2064489945007 2.6
      vertex 125.83564064605508 167.25 2.6
      vertex 127.86488039820591 167.9995456966314 4.751300766633228
    endloop
  endfacet
  facet normal 0.6304686248866629 0.32123980948746006 -0.7066217501846237
    outer loop
      vertex 125.85783099170806 167.2064489945007 2.6
      vertex 127.86488039820591 167.9995456966314 4.751300766633228
      vertex 125.86672964104514 167.19355707527 2.6020787946775195
    endloop
  endfacet
  facet normal 0.6304686248869026 0.32123980948693365 -0.7066217501846492
    outer loop
      vertex 125.87351226934217 167.1756727542762 2.6
      vertex 125.86672964104514 167.19355707527 2.6020787946775195
      vertex 127.86488039820591 167.9995456966314 4.751300766633228
    endloop
  endfacet
  facet normal 0.6304686248865559 0.32123980948768605 -0.7066217501846165
    outer loop
      vertex 125.87351226934217 167.1756727542762 2.6
      vertex 127.86488039820591 167.9995456966314 4.751300766633228
      vertex 125.91167273222817 167.10077862892126 2.6
    endloop
  endfacet
  facet normal 0.6605935554186539 0.2535781077012557 -0.7066217501846318
    outer loop
      vertex 125.91167273222817 167.10077862892126 2.6
      vertex 128.01024103175638 167.62778767008228 4.750993299139381
      vertex 125.97169042607223 166.94442719099987 2.6
    endloop
  endfacet
  facet normal 0.706621750184627 0.037032476720305366 -0.7066217501846191
    outer loop
      vertex 126.04999999999998 166.45 2.6
      vertex 126.04123503258921 166.61724554122821 2.6
      vertex 128.17911021274608 166.84194527713203 4.749651194321108
    endloop
  endfacet
  facet normal 0.6834808847193797 0.18313815110247955 -0.7066217501846228
    outer loop
      vertex 126.01503616117407 166.7826587053084 2.6
      vertex 126.00510972651611 166.81970466378993 2.6
      vertex 128.11526271181702 167.24268483861107 4.750674014859282
    endloop
  endfacet
  facet normal 0.6834808847191506 0.1831381511034582 -0.7066217501845905
    outer loop
      vertex 126.00510972651611 166.81970466378993 2.6
      vertex 126.00350690788167 166.8329050628601 2.601870874737274
      vertex 128.11526271181702 167.24268483861107 4.750674014859282
    endloop
  endfacet
  facet normal 0.6988798544195012 0.11069169459631521 -0.706621750184618
    outer loop
      vertex 126.04123503258921 166.61724554122821 2.6
      vertex 126.01503616117407 166.7826587053084 2.6
      vertex 128.1173827516531 167.2295262680194 4.749314263922862
    endloop
  endfacet
  facet normal 0.6834808847193145 0.18313815110274842 -0.7066217501846161
    outer loop
      vertex 125.99691619062568 166.85028335602658 2.6
      vertex 128.11526271181702 167.24268483861107 4.750674014859282
      vertex 126.00350690788167 166.8329050628601 2.601870874737274
    endloop
  endfacet
  facet normal 0.549901860822297 0.44530174671810135 -0.7066217501846253
    outer loop
      vertex 125.65224403652078 167.50429311901462 2.6
      vertex 127.46016864224111 168.68637759451934 4.751880247424227
      vertex 125.74442719099989 167.39045640366794 2.6
    endloop
  endfacet
  facet normal 0.5934361481663329 0.38538194069719134 -0.7066217501846181
    outer loop
      vertex 125.83564064605508 167.25 2.6
      vertex 125.74442719099989 167.39045640366794 2.6
      vertex 127.68082780522678 168.35374675127065 4.751596416372
    endloop
  endfacet
  facet normal 0.5499018608214802 0.4453017467192236 -0.7066217501845538
    outer loop
      vertex 125.64478185122746 167.51350815041485 2.6
      vertex 127.46016864224111 168.68637759451934 4.751880247424227
      vertex 125.64761719707377 167.51099625318528 2.6006235439723393
    endloop
  endfacet
  facet normal 0.5499018608217482 0.4453017467188543 -0.7066217501845777
    outer loop
      vertex 125.65224403652078 167.50429311901462 2.6
      vertex 125.64761719707377 167.51099625318528 2.6006235439723393
      vertex 127.46016864224111 168.68637759451934 4.751880247424227
    endloop
  endfacet
  facet normal 0.549901860822858 0.44530174671732226 -0.7066217501846797
    outer loop
      vertex 125.63903172076382 167.52060897017412 2.6
      vertex 127.46016864224111 168.68637759451934 4.751880247424227
      vertex 125.64478185122746 167.51350815041485 2.6
    endloop
  endfacet
  facet normal -4.9837246091862495e-14 0.7071067811865522 -0.7071067811865429
    outer loop
      vertex 124.44999999999999 168.05 2.6
      vertex 124.35017304460834 170.19867104171294 4.748671041712965
      vertex 124.44999999999999 170.19601265400382 4.74601265400384
    endloop
  endfacet
  facet normal 0.03703247672032172 0.7066217501846275 -0.7066217501846181
    outer loop
      vertex 124.44999999999999 168.05 2.6
      vertex 124.44999999999999 170.19601265400382 4.74601265400384
      vertex 124.74919789582407 170.18804502636527 4.75372532365161
    endloop
  endfacet
  facet normal 0.03703247672044351 0.7066217501846164 -0.7066217501846228
    outer loop
      vertex 124.61724554122821 168.0412350325892 2.6
      vertex 124.74919789582407 170.18804502636527 4.75372532365161
      vertex 124.84158407143798 170.17567357012916 4.7461956217159
    endloop
  endfacet
  facet normal 0.11069169459631528 0.6988798544195002 -0.7066217501846191
    outer loop
      vertex 124.61724554122821 168.0412350325892 2.6
      vertex 124.84158407143798 170.17567357012916 4.7461956217159
      vertex 125.14483271532669 170.13506546722198 4.753536071152525
    endloop
  endfacet
  facet normal 0.11069169459633443 0.698879854419497 -0.7066217501846193
    outer loop
      vertex 124.78265870530839 168.01503616117407 2.6
      vertex 125.14483271532669 170.13506546722198 4.753536071152525
      vertex 125.22891836464078 170.11452279111472 4.746390410164739
    endloop
  endfacet
  facet normal 0.18313815110258133 0.683480884719354 -0.7066217501846213
    outer loop
      vertex 124.78265870530839 168.01503616117407 2.6
      vertex 125.22891836464078 170.11452279111472 4.746390410164739
      vertex 125.53259480252356 170.04033264385754 4.753334993856353
    endloop
  endfacet
  facet normal 0.1831381511024904 0.6834808847193814 -0.7066217501846183
    outer loop
      vertex 124.9444271909999 167.97169042607226 2.6
      vertex 125.53259480252356 170.04033264385754 4.753334993856353
      vertex 125.60776215100287 170.01322551210615 4.746597022421671
    endloop
  endfacet
  facet normal 0.2535781077017326 0.6605935554184797 -0.7066217501846236
    outer loop
      vertex 125.10077862892126 167.91167273222817 2.6
      vertex 125.90809065802495 169.90491991701407 4.7531220923967235
      vertex 125.9739671431347 169.87288624570226 4.746815461745124
    endloop
  endfacet
  facet normal 0.2535781077014233 0.6605935554186007 -0.7066217501846215
    outer loop
      vertex 124.9444271909999 167.97169042607226 2.6
      vertex 125.60776215100287 170.01322551210615 4.746597022421671
      vertex 125.90809065802495 169.90491991701407 4.7531220923967235
    endloop
  endfacet
  facet normal 0.32123980948742736 0.6304686248866874 -0.7066217501846167
    outer loop
      vertex 125.10077862892126 167.91167273222817 2.6
      vertex 125.9739671431347 169.87288624570226 4.746815461745124
      vertex 126.26706576374744 169.73036156699487 4.752897367444286
    endloop
  endfacet
  facet normal 0.32123980948752456 0.6304686248866308 -0.7066217501846229
    outer loop
      vertex 125.25 167.83564064605508 2.6
      vertex 126.26706576374744 169.73036156699487 4.752897367444286
      vertex 126.3235228657901 169.69503679269047 4.747045731580198
    endloop
  endfacet
  facet normal 0.38538194069711745 0.5934361481663747 -0.7066217501846233
    outer loop
      vertex 125.25 167.83564064605508 2.6
      vertex 126.3235228657901 169.69503679269047 4.747045731580198
      vertex 126.60545278830404 169.5186354096556 4.752660819706949
    endloop
  endfacet
  facet normal 0.7066217501846229 0.037032476720341295 -0.7066217501846216
    outer loop
      vertex 126.04999999999998 166.45 2.6
      vertex 128.17911021274608 166.84194527713203 4.749651194321108
      vertex 128.2 166.45 4.75000000000001
    endloop
  endfacet
  facet normal 0.6988798544197349 0.110691694594536 -0.7066217501846658
    outer loop
      vertex 126.04123503258921 166.61724554122821 2.6
      vertex 128.178755500788 166.8486005711776 4.750342914798388
      vertex 128.17911021274608 166.84194527713203 4.749651194321108
    endloop
  endfacet
  facet normal 0.6834808847192183 0.1831381511031422 -0.706621750184607
    outer loop
      vertex 126.01503616117407 166.7826587053084 2.6
      vertex 128.11526271181702 167.24268483861107 4.750674014859282
      vertex 128.1173827516531 167.2295262680194 4.749314263922862
    endloop
  endfacet
  facet normal 0.698879854419495 0.11069169459634273 -0.7066217501846199
    outer loop
      vertex 126.04123503258921 166.61724554122821 2.6
      vertex 128.1173827516531 167.2295262680194 4.749314263922862
      vertex 128.178755500788 166.8486005711776 4.750342914798388
    endloop
  endfacet
  facet normal 0.6834808847193689 0.18313815110250733 -0.7066217501846258
    outer loop
      vertex 125.99691619062568 166.85028335602658 2.6
      vertex 128.0155006114913 167.60850137560402 4.748989203481522
      vertex 128.11526271181702 167.24268483861107 4.750674014859282
    endloop
  endfacet
  facet normal 0.6605935554183244 0.25357810770217104 -0.7066217501846113
    outer loop
      vertex 125.97169042607223 166.94442719099987 2.6
      vertex 128.01024103175638 167.62778767008228 4.750993299139381
      vertex 128.0155006114913 167.60850137560402 4.748989203481522
    endloop
  endfacet
  facet normal 0.4453017467181177 0.5499018608222953 -0.7066217501846164
    outer loop
      vertex 125.39045640366794 167.74442719099994 2.6
      vertex 126.6526005258367 169.48161954178187 4.74728783555922
      vertex 126.91941767149387 169.27214038696053 4.752412449930062
    endloop
  endfacet
  facet normal 0.5003427336162747 0.5003427336170869 -0.706621750184619
    outer loop
      vertex 125.63903172076382 167.52060897017412 2.6
      vertex 127.2054030657365 168.99366938601105 4.752152258895901
      vertex 127.23516379615069 168.95777274608605 4.747807561415118
    endloop
  endfacet
  facet normal 0.44530174671819855 0.5499018608222299 -0.7066217501846161
    outer loop
      vertex 125.52060897017418 167.63903172076385 2.6
      vertex 126.91941767149387 169.27214038696053 4.752412449930062
      vertex 126.95759490193498 169.23496628021087 4.7475417775019135
    endloop
  endfacet
  facet normal 0.5003427336166467 0.5003427336167208 -0.7066217501846149
    outer loop
      vertex 125.52060897017418 167.63903172076385 2.6
      vertex 126.95759490193498 169.23496628021087 4.7475417775019135
      vertex 127.2054030657365 168.99366938601105 4.752152258895901
    endloop
  endfacet
  facet normal 0.630468624886608 0.32123980948757985 -0.7066217501846181
    outer loop
      vertex 125.83564064605508 167.25 2.6
      vertex 127.69618768895742 168.3241873360596 4.748374672119292
      vertex 127.86488039820591 167.9995456966314 4.751300766633228
    endloop
  endfacet
  facet normal 0.5934361481666671 0.38538194069665554 -0.7066217501846295
    outer loop
      vertex 125.83564064605508 167.25 2.6
      vertex 127.68082780522678 168.35374675127065 4.751596416372
      vertex 127.69618768895742 168.3241873360596 4.748374672119292
    endloop
  endfacet
  facet normal 0.5934361481663993 0.38538194069707504 -0.7066217501846256
    outer loop
      vertex 125.74442719099989 167.39045640366794 2.6
      vertex 127.48226461628332 168.6530691998957 4.748085191493516
      vertex 127.68082780522678 168.35374675127065 4.751596416372
    endloop
  endfacet
  facet normal 0.5499018608221374 0.4453017467183041 -0.7066217501846217
    outer loop
      vertex 125.74442719099989 167.39045640366794 2.6
      vertex 127.46016864224111 168.68637759451934 4.751880247424227
      vertex 127.48226461628332 168.6530691998957 4.748085191493516
    endloop
  endfacet
  facet normal 0.549901860822341 0.445301746718039 -0.7066217501846304
    outer loop
      vertex 125.63903172076382 167.52060897017412 2.6
      vertex 127.23516379615069 168.95777274608605 4.747807561415118
      vertex 127.46016864224111 168.68637759451934 4.751880247424227
    endloop
  endfacet
  facet normal 0.38538194069732984 0.5934361481662385 -0.7066217501846218
    outer loop
      vertex 125.39045640366794 167.74442719099994 2.6
      vertex 126.60545278830404 169.5186354096556 4.752660819706949
      vertex 126.6526005258367 169.48161954178187 4.74728783555922
    endloop
  endfacet
  facet normal 0.6304686248868265 0.321239809487128 -0.7066217501846285
    outer loop
      vertex 125.91167273222817 167.10077862892126 2.6
      vertex 127.86488039820591 167.9995456966314 4.751300766633228
      vertex 127.87458593915659 167.9747238954168 4.748676007862542
    endloop
  endfacet
  facet normal 0.6605935554185927 0.2535781077014495 -0.7066217501846196
    outer loop
      vertex 125.91167273222817 167.10077862892126 2.6
      vertex 127.87458593915659 167.9747238954168 4.748676007862542
      vertex 128.01024103175638 167.62778767008228 4.750993299139381
    endloop
  endfacet
  facet normal 0.5181084242325702 0.3764278043227575 0.7680271927946242
    outer loop
      vertex -125.1778003277981 -166.85011161607443 4.9412917122244835
      vertex -125.44014011998341 -166.99433413728357 5.18895198404789
      vertex -125.27366265219278 -167.22347071411644 5.18895198404789
    endloop
  endfacet
  facet normal 0.5954448835332758 0.23575330708609954 0.7680271927946372
    outer loop
      vertex -125.1778003277981 -166.85011161607443 4.9412917122244835
      vertex -125.25443885482403 -166.65654479250298 4.9412917122244835
      vertex -125.54440344255485 -166.73099504468428 5.18895198404789
    endloop
  endfacet
  facet normal 0.6353673509085113 0.08026556252522249 0.7680271927946368
    outer loop
      vertex -125.28053153008221 -166.45 4.9412917122244835
      vertex -125.57990137189626 -166.45 5.18895198404789
      vertex -125.25443885482403 -166.65654479250298 4.9412917122244835
    endloop
  endfacet
  facet normal 0.6353673509085118 0.08026556252522407 0.7680271927946363
    outer loop
      vertex -125.54440344255485 -166.73099504468428 5.18895198404789
      vertex -125.25443885482403 -166.65654479250298 4.9412917122244835
      vertex -125.57990137189626 -166.45 5.18895198404789
    endloop
  endfacet
  facet normal 0.5954448835332782 0.23575330708612927 0.7680271927946263
    outer loop
      vertex -125.1778003277981 -166.85011161607443 4.9412917122244835
      vertex -125.54440344255485 -166.73099504468428 5.18895198404789
      vertex -125.44014011998341 -166.99433413728357 5.18895198404789
    endloop
  endfacet
  facet normal 0.34669927835934233 0.25189177015685454 0.9035209718165692
    outer loop
      vertex -125.05543142951423 -167.0185379553003 4.9412917122244835
      vertex -124.79915872448235 -166.77788186674044 4.775862403213978
      vertex -125.1778003277981 -166.85011161607443 4.9412917122244835
    endloop
  endfacet
  facet normal 0.2731641470962403 0.3301987314161265 0.9035209718165729
    outer loop
      vertex -124.79915872448235 -166.77788186674044 4.775862403213978
      vertex -124.89502104789295 -167.15124096385833 4.9412917122244835
      vertex -124.70664835665167 -166.85441309875836 4.775862403213978
    endloop
  endfacet
  facet normal 0.2731641470962646 0.33019873141611833 0.9035209718165687
    outer loop
      vertex -125.05543142951423 -167.0185379553003 4.9412917122244835
      vertex -124.89502104789295 -167.15124096385833 4.9412917122244835
      vertex -124.79915872448235 -166.77788186674044 4.775862403213978
    endloop
  endfacet
  facet normal 0.1824651078436279 0.38775809199455036 0.90352097181657
    outer loop
      vertex -124.70664835665167 -166.85441309875836 4.775862403213978
      vertex -124.89502104789295 -167.15124096385833 4.9412917122244835
      vertex -124.70664835715962 -167.23988242367327 4.9412917122244835
    endloop
  endfacet
  facet normal 0.1755582856915132 0.06950844248179779 0.9820121510189228
    outer loop
      vertex -124.86973016553785 -166.68074861117006 4.775862403213978
      vertex -124.53528681285864 -166.49688682213974 4.703058570623398
      vertex -124.91392841663303 -166.56911657172586 4.775862403213978
    endloop
  endfacet
  facet normal 0.1527567525996213 0.11098427720360944 0.982012151018922
    outer loop
      vertex -124.79915872448235 -166.77788186674044 4.775862403213978
      vertex -124.53528681285864 -166.49688682213974 4.703058570623398
      vertex -124.86973016553785 -166.68074861117006 4.775862403213978
    endloop
  endfacet
  facet normal 0.18732884603521396 0.02366513668464388 0.9820121510189231
    outer loop
      vertex -124.91392841663303 -166.56911657172586 4.775862403213978
      vertex -124.54732530266045 -166.45 4.703058570623398
      vertex -124.92897633910178 -166.45 4.775862403213978
    endloop
  endfacet
  facet normal 0.39845001889235454 0.15775752258549955 0.9035209718165749
    outer loop
      vertex -125.1778003277981 -166.85011161607443 4.9412917122244835
      vertex -124.86973016553785 -166.68074861117006 4.775862403213978
      vertex -124.91392841663303 -166.56911657172586 4.775862403213978
    endloop
  endfacet
  facet normal 0.3466992783593521 0.25189177015681763 0.9035209718165758
    outer loop
      vertex -125.1778003277981 -166.85011161607443 4.9412917122244835
      vertex -124.79915872448235 -166.77788186674044 4.775862403213978
      vertex -124.86973016553785 -166.68074861117006 4.775862403213978
    endloop
  endfacet
  facet normal 0.39845001889238785 0.15775752258546322 0.9035209718165665
    outer loop
      vertex -125.1778003277981 -166.85011161607443 4.9412917122244835
      vertex -124.91392841663303 -166.56911657172586 4.775862403213978
      vertex -125.25443885482403 -166.65654479250298 4.9412917122244835
    endloop
  endfacet
  facet normal 0.4251646793417339 0.0537107896784801 0.9035209718165675
    outer loop
      vertex -125.28053153008221 -166.45 4.9412917122244835
      vertex -125.25443885482403 -166.65654479250298 4.9412917122244835
      vertex -124.91392841663303 -166.56911657172586 4.775862403213978
    endloop
  endfacet
  facet normal 0.4251646793417273 0.053710789678453386 0.9035209718165721
    outer loop
      vertex -125.28053153008221 -166.45 4.9412917122244835
      vertex -124.91392841663303 -166.56911657172586 4.775862403213978
      vertex -124.92897633910178 -166.45 4.775862403213978
    endloop
  endfacet
  facet normal 0.08030111480554271 0.42095318557842004 0.9035209718165745
    outer loop
      vertex -124.59801182868594 -166.90553356845393 4.775862403213978
      vertex -124.70664835715962 -167.23988242367327 4.9412917122244835
      vertex -124.48007517317444 -166.9280311887083 4.775862403213978
    endloop
  endfacet
  facet normal 0.18246510784360775 0.3877580919945518 0.9035209718165733
    outer loop
      vertex -124.70664835665167 -166.85441309875836 4.775862403213978
      vertex -124.70664835715962 -167.23988242367327 4.9412917122244835
      vertex -124.59801182868594 -166.90553356845393 4.775862403213978
    endloop
  endfacet
  facet normal 0.08030111480552542 0.42095318557843076 0.9035209718165711
    outer loop
      vertex -124.70664835715962 -167.23988242367327 4.9412917122244835
      vertex -124.50214950625933 -167.2788926658245 4.9412917122244835
      vertex -124.48007517317444 -166.9280311887083 4.775862403213978
    endloop
  endfacet
  facet normal 0.08039467941447064 0.17084739030208457 0.9820121510189229
    outer loop
      vertex -124.70664835665167 -166.85441309875836 4.775862403213978
      vertex -124.59801182868594 -166.90553356845393 4.775862403213978
      vertex -124.48007517250475 -166.54256186329562 4.703058570623398
    endloop
  endfacet
  facet normal 0.1203569509418311 0.14548656161712148 0.9820121510189236
    outer loop
      vertex -124.79915872448235 -166.77788186674044 4.775862403213978
      vertex -124.70664835665167 -166.85441309875836 4.775862403213978
      vertex -124.5021495049949 -166.53217447089415 4.703058570623398
    endloop
  endfacet
  facet normal 0.03538091450859568 0.18547324912160584 0.982012151018922
    outer loop
      vertex -124.59801182868594 -166.90553356845393 4.775862403213978
      vertex -124.48007517317444 -166.9280311887083 4.775862403213978
      vertex -124.4561111063174 -166.5471332534075 4.703058570623398
    endloop
  endfacet
  facet normal 0.12035695094183729 0.14548656161711426 0.9820121510189239
    outer loop
      vertex -124.79915872448235 -166.77788186674044 4.775862403213978
      vertex -124.5021495049949 -166.53217447089415 4.703058570623398
      vertex -124.52094709229377 -166.51662375426983 4.703058570623398
    endloop
  endfacet
  facet normal 0.1527567525995551 0.11098427720367243 0.9820121510189254
    outer loop
      vertex -124.79915872448235 -166.77788186674044 4.775862403213978
      vertex -124.52094709229377 -166.51662375426983 4.703058570623398
      vertex -124.53528681285864 -166.49688682213974 4.703058570623398
    endloop
  endfacet
  facet normal 0.08039467941449628 0.1708473903020663 0.982012151018924
    outer loop
      vertex -124.70664835665167 -166.85441309875836 4.775862403213978
      vertex -124.48007517250475 -166.54256186329562 4.703058570623398
      vertex -124.5021495049949 -166.53217447089415 4.703058570623398
    endloop
  endfacet
  facet normal 0.03538091450865631 0.1854732491215822 0.9820121510189244
    outer loop
      vertex -124.59801182868594 -166.90553356845393 4.775862403213978
      vertex -124.4561111063174 -166.5471332534075 4.703058570623398
      vertex -124.48007517250475 -166.54256186329562 4.703058570623398
    endloop
  endfacet
  facet normal 0.17555828569152535 0.06950844248173603 0.9820121510189249
    outer loop
      vertex -124.91392841663303 -166.56911657172586 4.775862403213978
      vertex -124.53528681285864 -166.49688682213974 4.703058570623398
      vertex -124.54426764930867 -166.4742038185369 4.703058570623398
    endloop
  endfacet
  facet normal 0 0 1
    outer loop
      vertex -124.53528681285864 -166.49688682213974 4.703058570623398
      vertex -124.52094709229377 -166.51662375426983 4.703058570623398
      vertex -124.54732530266045 -166.45 4.703058570623398
    endloop
  endfacet
  facet normal 0.18732884603521208 0.023665136684649563 0.9820121510189234
    outer loop
      vertex -124.91392841663303 -166.56911657172586 4.775862403213978
      vertex -124.54426764930867 -166.4742038185369 4.703058570623398
      vertex -124.54732530266045 -166.45 4.703058570623398
    endloop
  endfacet
  facet normal 0 0 1
    outer loop
      vertex -124.53528681285864 -166.49688682213974 4.703058570623398
      vertex -124.54732530266045 -166.45 4.703058570623398
      vertex -124.54426764930867 -166.4742038185369 4.703058570623398
    endloop
  endfacet
  facet normal 0 0 1
    outer loop
      vertex -124.4561111063174 -166.5471332534075 4.703058570623398
      vertex -124.52094709229377 -166.51662375426983 4.703058570623398
      vertex -124.5021495049949 -166.53217447089415 4.703058570623398
    endloop
  endfacet
  facet normal 0 0 1
    outer loop
      vertex -124.4561111063174 -166.5471332534075 4.703058570623398
      vertex -124.5021495049949 -166.53217447089415 4.703058570623398
      vertex -124.48007517250475 -166.54256186329562 4.703058570623398
    endloop
  endfacet
  facet normal 0.4082173071677739 0.4934499582091977 0.7680271927946513
    outer loop
      vertex -125.05543142951423 -167.0185379553003 4.9412917122244835
      vertex -125.27366265219278 -167.22347071411644 5.18895198404789
      vertex -124.89502104789295 -167.15124096385833 4.9412917122244835
    endloop
  endfacet
  facet normal 0.5181084242325039 0.3764278043227927 0.7680271927946517
    outer loop
      vertex -125.05543142951423 -167.0185379553003 4.9412917122244835
      vertex -125.1778003277981 -166.85011161607443 4.9412917122244835
      vertex -125.27366265219278 -167.22347071411644 5.18895198404789
    endloop
  endfacet
  facet normal 0.2726763953753939 0.5794668364393634 0.7680271927946549
    outer loop
      vertex -124.89502104789295 -167.15124096385833 4.9412917122244835
      vertex -124.7991587258835 -167.52460006251277 5.18895198404789
      vertex -124.70664835715962 -167.23988242367327 4.9412917122244835
    endloop
  endfacet
  facet normal 0.4082173071677541 0.4934499582092413 0.7680271927946337
    outer loop
      vertex -125.05543143074554 -167.40400728135504 5.18895198404789
      vertex -124.89502104789295 -167.15124096385833 4.9412917122244835
      vertex -125.27366265219278 -167.22347071411644 5.18895198404789
    endloop
  endfacet
  facet normal 0.2726763953754573 0.5794668364393643 0.7680271927946317
    outer loop
      vertex -125.05543143074554 -167.40400728135504 5.18895198404789
      vertex -124.7991587258835 -167.52460006251277 5.18895198404789
      vertex -124.89502104789295 -167.15124096385833 4.9412917122244835
    endloop
  endfacet
  facet normal 0.12000222282805624 0.6290736822060542 0.7680271927946575
    outer loop
      vertex -124.70664835715962 -167.23988242367327 4.9412917122244835
      vertex -124.7991587258835 -167.52460006251277 5.18895198404789
      vertex -124.50214950625933 -167.2788926658245 4.9412917122244835
    endloop
  endfacet
  facet normal 0.12000222282799335 0.6290736822061012 0.7680271927946287
    outer loop
      vertex -124.50214950625933 -167.2788926658245 4.9412917122244835
      vertex -124.7991587258835 -167.52460006251277 5.18895198404789
      vertex -124.52094709415825 -167.57767176964023 5.18895198404789
    endloop
  endfacet
  facet normal 0.5932936593548586 0.7171688369747241 0.3656111226995734
    outer loop
      vertex -125.17780032958376 -167.5968298118261 5.503281801939011
      vertex -125.54440344063401 -167.47771323733707 5.864530675113201
      vertex -125.25443885504815 -167.71759280431777 5.864530675113201
    endloop
  endfacet
  facet normal 0.3454012249757103 0.7340149662143772 0.5847392779338371
    outer loop
      vertex -124.7991587258835 -167.52460006251277 5.18895198404789
      vertex -125.17780032958376 -167.5968298118261 5.503281801939011
      vertex -124.86973016739837 -167.7417966262578 5.503281801939011
    endloop
  endfacet
  facet normal 0.15200771121947568 0.7968523279574671 0.5847392779338343
    outer loop
      vertex -124.7991587258835 -167.52460006251277 5.18895198404789
      vertex -124.86973016739837 -167.7417966262578 5.503281801939011
      vertex -124.52094709415825 -167.57767176964023 5.18895198404789
    endloop
  endfacet
  facet normal 0.15200771121947082 0.7968523279574705 0.5847392779338306
    outer loop
      vertex -124.52094709415825 -167.57767176964023 5.18895198404789
      vertex -124.86973016739837 -167.7417966262578 5.503281801939011
      vertex -124.53528681513576 -167.80559510776607 5.503281801939011
    endloop
  endfacet
  facet normal 0.39630161091014077 0.842183792380489 0.36561112269957635
    outer loop
      vertex -125.17780032958376 -167.5968298118261 5.503281801939011
      vertex -125.25443885504815 -167.71759280431777 5.864530675113201
      vertex -124.86973016739837 -167.7417966262578 5.503281801939011
    endloop
  endfacet
  facet normal 0.3963016109101082 0.8421837923805204 0.36561112269953955
    outer loop
      vertex -125.25443885504815 -167.71759280431777 5.864530675113201
      vertex -124.91392841768047 -167.87782485352295 5.864530675113201
      vertex -124.86973016739837 -167.7417966262578 5.503281801939011
    endloop
  endfacet
  facet normal 0.1744084747565416 0.9142812427757013 0.36561112269953705
    outer loop
      vertex -124.86973016739837 -167.7417966262578 5.503281801939011
      vertex -124.91392841768047 -167.87782485352295 5.864530675113201
      vertex -124.54426765162054 -167.94834141600882 5.864530675113201
    endloop
  endfacet
  facet normal 0.17440847475649746 0.9142812427756952 0.36561112269957324
    outer loop
      vertex -124.86973016739837 -167.7417966262578 5.503281801939011
      vertex -124.54426765162054 -167.94834141600882 5.864530675113201
      vertex -124.53528681513576 -167.80559510776607 5.503281801939011
    endloop
  endfacet
  facet normal 0.6297064505946532 0.7611843404824526 0.15513924675522073
    outer loop
      vertex -125.54440344063401 -167.47771323733707 5.864530675113201
      vertex -125.43800718411046 -167.64429552630247 6.25
      vertex -125.25443885504815 -167.71759280431777 5.864530675113201
    endloop
  endfacet
  facet normal 0.6791702902493749 0.7232428781308741 0.12508979205174764
    outer loop
      vertex -125.54440344063401 -167.47771323733707 5.864530675113201
      vertex -125.57990137033067 -167.51104801214936 6.25
      vertex -125.43800718411046 -167.64429552630247 6.25
    endloop
  endfacet
  facet normal 0.5831684365537445 0.8026625184546183 0.12508979205175336
    outer loop
      vertex -125.25443885504815 -167.71759280431777 5.864530675113201
      vertex -125.43800718411046 -167.64429552630247 6.25
      vertex -125.28053153062055 -167.7587082820118 6.25
    endloop
  endfacet
  facet normal 0.47796971691929063 0.8694236560115808 0.12508979205174822
    outer loop
      vertex -125.25443885504815 -167.71759280431777 5.864530675113201
      vertex -125.28053153062055 -167.7587082820118 6.25
      vertex -125.10995790192585 -167.85248193132233 6.25
    endloop
  endfacet
  facet normal 0.4206242167538158 0.8938719608514698 0.15513924675525326
    outer loop
      vertex -125.25443885504815 -167.71759280431777 5.864530675113201
      vertex -125.10995790192585 -167.85248193132233 6.25
      vertex -124.91392841768047 -167.87782485352295 5.864530675113201
    endloop
  endfacet
  facet normal 0.18511261642672922 0.9703943184890663 0.15513924675526547
    outer loop
      vertex -124.91392841768047 -167.87782485352295 5.864530675113201
      vertex -124.74044103760787 -167.97254523862946 6.25
      vertex -124.54426765162054 -167.94834141600882 5.864530675113201
    endloop
  endfacet
  facet normal 0.36523307660174836 0.922473492128884 0.12508979205180187
    outer loop
      vertex -124.91392841768047 -167.87782485352295 5.864530675113201
      vertex -125.10995790192585 -167.85248193132233 6.25
      vertex -124.92897634036021 -167.9241375974231 6.25
    endloop
  endfacet
  facet normal 0.2467365484254198 0.9609753480685894 0.125089792051805
    outer loop
      vertex -124.91392841768047 -167.87782485352295 5.864530675113201
      vertex -124.92897634036021 -167.9241375974231 6.25
      vertex -124.74044103760787 -167.97254523862946 6.25
    endloop
  endfacet
  facet normal 0.12434877921351269 0.984322063672533 0.12508979205176987
    outer loop
      vertex -124.54426765162054 -167.94834141600882 5.864530675113201
      vertex -124.74044103760787 -167.97254523862946 6.25
      vertex -124.54732530508329 -167.99694142608945 6.25
    endloop
  endfacet
  facet normal 1.516048665306635e-8 0.9921454247863287 0.12508979205176946
    outer loop
      vertex -124.54426765162054 -167.94834141600882 5.864530675113201
      vertex -124.54732530508329 -167.99694142608945 6.25
      vertex -124.35267469472956 -167.9969414290638 6.25
    endloop
  endfacet
  facet normal 0.8048245650717607 0.10167298706367722 0.5847392779338502
    outer loop
      vertex -125.54440344255485 -166.73099504468428 5.18895198404789
      vertex -125.80827535390853 -166.45 5.503281801939011
      vertex -125.76560263597183 -166.7877893445023 5.503281801939011
    endloop
  endfacet
  facet normal 0.6562918075609461 0.4768239089745973 0.5847392779338251
    outer loop
      vertex -125.27366265219278 -167.22347071411644 5.18895198404789
      vertex -125.64026576596899 -167.10435414218725 5.503281801939011
      vertex -125.44014012039902 -167.37980346257234 5.503281801939011
    endloop
  endfacet
  facet normal 0.7542544777105801 0.29863047348672467 0.5847392779338793
    outer loop
      vertex -125.54440344255485 -166.73099504468428 5.18895198404789
      vertex -125.64026576596899 -167.10435414218725 5.503281801939011
      vertex -125.44014011998341 -166.99433413728357 5.18895198404789
    endloop
  endfacet
  facet normal 0.6562918075609663 0.47682390897449145 0.5847392779338888
    outer loop
      vertex -125.27366265219278 -167.22347071411644 5.18895198404789
      vertex -125.44014011998341 -166.99433413728357 5.18895198404789
      vertex -125.64026576596899 -167.10435414218725 5.503281801939011
    endloop
  endfacet
  facet normal 0.5170919094698517 0.6250567446258436 0.5847392779338205
    outer loop
      vertex -125.27366265219278 -167.22347071411644 5.18895198404789
      vertex -125.44014012039902 -167.37980346257234 5.503281801939011
      vertex -125.17780032958376 -167.5968298118261 5.503281801939011
    endloop
  endfacet
  facet normal 0.8048245650717606 0.10167298706367672 0.5847392779338505
    outer loop
      vertex -125.54440344255485 -166.73099504468428 5.18895198404789
      vertex -125.57990137189626 -166.45 5.18895198404789
      vertex -125.80827535390853 -166.45 5.503281801939011
    endloop
  endfacet
  facet normal 0.7542544777106125 0.29863047348669414 0.584739277933853
    outer loop
      vertex -125.54440344255485 -166.73099504468428 5.18895198404789
      vertex -125.76560263597183 -166.7877893445023 5.503281801939011
      vertex -125.64026576596899 -167.10435414218725 5.503281801939011
    endloop
  endfacet
  facet normal 0.8654059190841805 0.34263844234472257 0.36561112269957996
    outer loop
      vertex -125.76560263597183 -166.7877893445023 5.503281801939011
      vertex -125.90413767370067 -166.82335909657297 5.864530675113201
      vertex -125.64026576596899 -167.10435414218725 5.503281801939011
    endloop
  endfacet
  facet normal 0.8654059190841771 0.34263844234478813 0.36561112269952645
    outer loop
      vertex -125.64026576596899 -167.10435414218725 5.503281801939011
      vertex -125.90413767370067 -166.82335909657297 5.864530675113201
      vertex -125.76560263311052 -167.17325866798956 5.864530675113201
    endloop
  endfacet
  facet normal 0.9234283163310317 0.1166561252416381 0.36561112269957424
    outer loop
      vertex -125.76560263597183 -166.7877893445023 5.503281801939011
      vertex -125.80827535390853 -166.45 5.503281801939011
      vertex -125.90413767370067 -166.82335909657297 5.864530675113201
    endloop
  endfacet
  facet normal 0.9234283163310397 0.11665612524162185 0.3656111226995596
    outer loop
      vertex -125.90413767370067 -166.82335909657297 5.864530675113201
      vertex -125.80827535390853 -166.45 5.503281801939011
      vertex -125.95130389630793 -166.45 5.864530675113201
    endloop
  endfacet
  facet normal 0.7530068852008714 0.5470915259793522 0.3656111226996052
    outer loop
      vertex -125.64026576596899 -167.10435414218725 5.503281801939011
      vertex -125.54440344063401 -167.47771323733707 5.864530675113201
      vertex -125.44014012039902 -167.37980346257234 5.503281801939011
    endloop
  endfacet
  facet normal 0.7530068852009553 0.5470915259792924 0.3656111226995213
    outer loop
      vertex -125.64026576596899 -167.10435414218725 5.503281801939011
      vertex -125.76560263311052 -167.17325866798956 5.864530675113201
      vertex -125.54440344063401 -167.47771323733707 5.864530675113201
    endloop
  endfacet
  facet normal 0.5932936593548798 0.7171688369746901 0.3656111226996061
    outer loop
      vertex -125.44014012039902 -167.37980346257234 5.503281801939011
      vertex -125.54440344063401 -167.47771323733707 5.864530675113201
      vertex -125.17780032958376 -167.5968298118261 5.503281801939011
    endloop
  endfacet
  facet normal 0.5170919094698004 0.6250567446258567 0.5847392779338517
    outer loop
      vertex -125.05543143074554 -167.40400728135504 5.18895198404789
      vertex -125.27366265219278 -167.22347071411644 5.18895198404789
      vertex -125.17780032958376 -167.5968298118261 5.503281801939011
    endloop
  endfacet
  facet normal 0.3454012249757307 0.7340149662143528 0.584739277933856
    outer loop
      vertex -125.05543143074554 -167.40400728135504 5.18895198404789
      vertex -125.17780032958376 -167.5968298118261 5.503281801939011
      vertex -124.7991587258835 -167.52460006251277 5.18895198404789
    endloop
  endfacet
  facet normal 0.9185193218189203 0.3636675261300282 0.1551392467552169
    outer loop
      vertex -125.76560263311052 -167.17325866798956 5.864530675113201
      vertex -125.90413767370067 -166.82335909657297 5.864530675113201
      vertex -125.89115355312678 -167.02059305666123 6.25
    endloop
  endfacet
  facet normal 0.8376960964295727 0.5316180903158811 0.1250897920517575
    outer loop
      vertex -125.76560263311052 -167.17325866798956 5.864530675113201
      vertex -125.80827535145637 -167.1967181934219 6.25
      vertex -125.70397634128116 -167.36106714105333 6.25
    endloop
  endfacet
  facet normal 0.8977200138720399 0.42243498981267236 0.12508979205175774
    outer loop
      vertex -125.76560263311052 -167.17325866798956 5.864530675113201
      vertex -125.89115355312678 -167.02059305666123 6.25
      vertex -125.80827535145637 -167.1967181934219 6.25
    endloop
  endfacet
  facet normal 0.9435863760402878 0.30658978273191245 0.1250897920517701
    outer loop
      vertex -125.90413767370067 -166.82335909657297 5.864530675113201
      vertex -125.95130389686277 -166.83546932436437 6.25
      vertex -125.89115355312678 -167.02059305666123 6.25
    endloop
  endfacet
  facet normal 0.9801027843239003 0.12381577555692289 0.15513924675521562
    outer loop
      vertex -125.90413767370067 -166.82335909657297 5.864530675113201
      vertex -125.95130389630793 -166.45 5.864530675113201
      vertex -125.98777778703743 -166.64426651202467 6.25
    endloop
  endfacet
  facet normal 0.974571798795629 0.18590952884857 0.12508979205176862
    outer loop
      vertex -125.90413767370067 -166.82335909657297 5.864530675113201
      vertex -125.98777778703743 -166.64426651202467 6.25
      vertex -125.95130389686277 -166.83546932436437 6.25
    endloop
  endfacet
  facet normal 0.9901876533765099 0.06229731154043062 0.1250897920517697
    outer loop
      vertex -125.95130389630793 -166.45 5.864530675113201
      vertex -125.99999999701976 -166.45 6.25
      vertex -125.98777778703743 -166.64426651202467 6.25
    endloop
  endfacet
  facet normal 0.7992219122463393 0.5806687085606788 0.15513924675522378
    outer loop
      vertex -125.54440344063401 -167.47771323733707 5.864530675113201
      vertex -125.76560263311052 -167.17325866798956 5.864530675113201
      vertex -125.70397634128116 -167.36106714105333 6.25
    endloop
  endfacet
  facet normal 0.7644611788936395 0.6324173067595462 0.1250897920517453
    outer loop
      vertex -125.54440344063401 -167.47771323733707 5.864530675113201
      vertex -125.70397634128116 -167.36106714105333 6.25
      vertex -125.57990137033067 -167.51104801214936 6.25
    endloop
  endfacet
  facet normal 0.684547117067683 0.7289686169611996 0
    outer loop
      vertex -125.57990137033067 -167.51104801214936 6.25
      vertex -125.43800718411046 -167.64429552630247 80.53
      vertex -125.43800718411046 -167.64429552630247 6.25
    endloop
  endfacet
  facet normal 0.5877852399302612 0.80901700335662 0
    outer loop
      vertex -125.28053153062055 -167.7587082820118 6.25
      vertex -125.43800718411046 -167.64429552630247 6.25
      vertex -125.43800718411046 -167.64429552630247 80.53
    endloop
  endfacet
  facet normal 0.3681245384772172 0.929776491513383 0
    outer loop
      vertex -125.10995790192585 -167.85248193132233 6.25
      vertex -125.10995790192585 -167.85248193132233 80.53
      vertex -124.92897634036021 -167.9241375974231 6.25
    endloop
  endfacet
  facet normal 0.4817536874921599 0.8763066726824044 0
    outer loop
      vertex -125.28053153062055 -167.7587082820118 6.25
      vertex -125.10995790192585 -167.85248193132233 80.53
      vertex -125.10995790192585 -167.85248193132233 6.25
    endloop
  endfacet
  facet normal 0.24868990196528773 0.9685831573285257 0
    outer loop
      vertex -124.92897634036021 -167.9241375974231 6.25
      vertex -124.74044103760787 -167.97254523862946 80.53
      vertex -124.74044103760787 -167.97254523862946 6.25
    endloop
  endfacet
  facet normal 0.12533321840424028 0.9921147032296391 0
    outer loop
      vertex -124.74044103760787 -167.97254523862946 6.25
      vertex -124.74044103760787 -167.97254523862946 80.53
      vertex -124.54732530508329 -167.99694142608945 6.25
    endloop
  endfacet
  facet normal 1.5280508538842946e-8 0.9999999999999999 0
    outer loop
      vertex -124.54732530508329 -167.99694142608945 6.25
      vertex -124.35267469472956 -167.9969414290638 80.53
      vertex -124.35267469472956 -167.9969414290638 6.25
    endloop
  endfacet
  facet normal 0.844327933689741 0.535826782077205 0
    outer loop
      vertex -125.70397634128116 -167.36106714105333 6.25
      vertex -125.80827535145637 -167.1967181934219 6.25
      vertex -125.70397634128116 -167.36106714105333 80.53
    endloop
  endfacet
  facet normal 0.9048270459598943 0.4257793053912923 0
    outer loop
      vertex -125.80827535145637 -167.1967181934219 6.25
      vertex -125.89115355312678 -167.02059305666123 6.25
      vertex -125.89115355312678 -167.02059305666123 80.53
    endloop
  endfacet
  facet normal 0.951056521017069 0.30901697984238596 0
    outer loop
      vertex -125.89115355312678 -167.02059305666123 6.25
      vertex -125.95130389686277 -166.83546932436437 6.25
      vertex -125.89115355312678 -167.02059305666123 80.53
    endloop
  endfacet
  facet normal 0.9822872478654179 0.18738132959551565 0
    outer loop
      vertex -125.95130389686277 -166.83546932436437 6.25
      vertex -125.98777778703743 -166.64426651202467 6.25
      vertex -125.98777778703743 -166.64426651202467 80.53
    endloop
  endfacet
  facet normal 0.9980267293877402 0.06279050427899432 0
    outer loop
      vertex -125.98777778703743 -166.64426651202467 6.25
      vertex -125.99999999701976 -166.45 6.25
      vertex -125.98777778703743 -166.64426651202467 80.53
    endloop
  endfacet
  facet normal 0.7705132330356447 0.637424001522502 0
    outer loop
      vertex -125.70397634128116 -167.36106714105333 6.25
      vertex -125.70397634128116 -167.36106714105333 80.53
      vertex -125.57990137033067 -167.51104801214936 6.25
    endloop
  endfacet
  facet normal 0.6374239900855169 0 0.7705132424971414
    outer loop
      vertex -125.28053153008221 -166.45 4.9412917122244835
      vertex -125.57990137189626 166.45 5.18895198404789
      vertex -125.57990137189626 -166.45 5.18895198404789
    endloop
  endfacet
  facet normal 0.18738132377958802 0 0.9822872489748655
    outer loop
      vertex -124.92897633910178 -166.45 4.775862403213978
      vertex -124.54732530266045 -166.45 4.703058570623398
      vertex -124.92897633910178 166.45 4.775862403213978
    endloop
  endfacet
  facet normal 0.42577927736338994 0 0.904827059148824
    outer loop
      vertex -125.28053153008221 -166.45 4.9412917122244835
      vertex -124.92897633910178 -166.45 4.775862403213978
      vertex -125.28053153008221 166.45 4.9412917122244835
    endloop
  endfacet
  facet normal 0 0 1
    outer loop
      vertex -124.54732530266045 -166.45 4.703058570623398
      vertex -124.52094709229377 -166.51662375426983 4.703058570623398
      vertex -124.52094709229377 166.5166237542698 4.703058570623398
    endloop
  endfacet
  facet normal 0.8090169925461954 0 0.5877852548095346
    outer loop
      vertex -125.57990137189626 -166.45 5.18895198404789
      vertex -125.80827535390853 166.45 5.503281801939011
      vertex -125.80827535390853 -166.45 5.503281801939011
    endloop
  endfacet
  facet normal 0.9297764899730482 0 0.3681245423676591
    outer loop
      vertex -125.80827535390853 -166.45 5.503281801939011
      vertex -125.95130389630793 166.45 5.864530675113201
      vertex -125.95130389630793 -166.45 5.864530675113201
    endloop
  endfacet
  facet normal 0.9921147011580332 0 0.1253332348026893
    outer loop
      vertex -125.95130389630793 -166.45 5.864530675113201
      vertex -125.95130389630793 166.45 5.864530675113201
      vertex -125.99999999701976 -166.45 6.25
    endloop
  endfacet
  facet normal 0 0.42646813073532125 0.9045025889775666
    outer loop
      vertex -124.48007517317444 -166.9280311887083 4.775862403213978
      vertex -124.50214950625933 -167.2788926658245 4.9412917122244835
      vertex 124.39785049374063 -167.2788926658245 4.9412917122244835
    endloop
  endfacet
  facet normal 0 0.18773876345023863 0.9822189963028487
    outer loop
      vertex -124.48007517317444 -166.9280311887083 4.775862403213978
      vertex 124.44388889368258 -166.5471332534075 4.703058570623398
      vertex -124.4561111063174 -166.5471332534075 4.703058570623398
    endloop
  endfacet
  facet normal 0 0 1
    outer loop
      vertex -124.4561111063174 -166.5471332534075 4.703058570623398
      vertex 124.528737823835 -166.5072063775787 4.703058570623398
      vertex -124.52094709229377 -166.51662375426983 4.703058570623398
    endloop
  endfacet
  facet normal 0 0.6381713159525241 0.7698943898324132
    outer loop
      vertex -124.50214950625933 -167.2788926658245 4.9412917122244835
      vertex -124.52094709415825 -167.57767176964023 5.18895198404789
      vertex 124.39785049374063 -167.2788926658245 4.9412917122244835
    endloop
  endfacet
  facet normal 0 0.8095685580970851 0.5870253399476097
    outer loop
      vertex -124.52094709415825 -167.57767176964023 5.18895198404789
      vertex -124.53528681513576 -167.80559510776607 5.503281801939011
      vertex 124.36471318486423 -167.80559510776607 5.503281801939011
    endloop
  endfacet
  facet normal 0 0.9300249750629891 0.36749632074224453
    outer loop
      vertex -124.53528681513576 -167.80559510776607 5.503281801939011
      vertex -124.54426765162054 -167.94834141600882 5.864530675113201
      vertex 124.36471318486423 -167.80559510776607 5.503281801939011
    endloop
  endfacet
  facet normal 0 0.9921454238511385 0.12508979946920068
    outer loop
      vertex -124.54426765162054 -167.94834141600882 5.864530675113201
      vertex -124.35267469472956 -167.9969414290638 6.25
      vertex 124.54732530527042 -167.9969414290638 6.25
    endloop
  endfacet
  facet normal 0 1 0
    outer loop
      vertex -124.35267469472956 -167.9969414290638 6.25
      vertex -124.35267469472956 -167.9969414290638 80.53
      vertex 124.54732530527042 -167.9969414290638 6.25
    endloop
  endfacet
  facet normal 0 0 1
    outer loop
      vertex -124.52094709229377 -166.51662375426983 4.703058570623398
      vertex 124.528737823835 -166.5072063775787 4.703058570623398
      vertex -124.52094709229377 166.5166237542698 4.703058570623398
    endloop
  endfacet
  facet normal 0.5358267877254566 0.8443279140722613 -0.00016454240464268774
    outer loop
      vertex -125.28053153062055 -167.7587082820118 6.25
      vertex -125.43800718411046 -167.64429552630247 80.53
      vertex -125.10995790192585 -167.85248193132233 80.53
    endloop
  endfacet
  facet normal 0.30901699019174855 0.9510565034206065 -0.00016454240464277764
    outer loop
      vertex -124.92897634036021 -167.9241375974231 6.25
      vertex -125.10995790192585 -167.85248193132233 80.53
      vertex -124.74044103760787 -167.97254523862946 80.53
    endloop
  endfacet
  facet normal 0.0627905186792903 0.9980267149178838 -0.0001645424046427071
    outer loop
      vertex -124.54732530508329 -167.99694142608945 6.25
      vertex -124.74044103760787 -167.97254523862946 80.53
      vertex -124.35267469472956 -167.9969414290638 80.53
    endloop
  endfacet
  facet normal 0.8763066681812199 0.4817536675801507 -0.0001645424046427237
    outer loop
      vertex -125.80827535145637 -167.1967181934219 6.25
      vertex -125.89115355312678 -167.02059305666123 80.53
      vertex -125.70397634128116 -167.36106714105333 80.53
    endloop
  endfacet
  facet normal 0.9685831480168219 0.24868988379831697 -0.00016454240464292702
    outer loop
      vertex -125.95130389686277 -166.83546932436437 6.25
      vertex -125.98777778703743 -166.64426651202467 80.53
      vertex -125.89115355312678 -167.02059305666123 80.53
    endloop
  endfacet
  facet normal 0.7289686175532936 0.6845470966619004 -0.00016454240464283993
    outer loop
      vertex -125.57990137033067 -167.51104801214936 6.25
      vertex -125.70397634128116 -167.36106714105333 80.53
      vertex -125.43800718411046 -167.64429552630247 80.53
    endloop
  endfacet
  facet normal 0.9999999864628984 0 -0.00016454240464287628
    outer loop
      vertex -125.99999999701976 -166.45 6.25
      vertex -125.98777778703743 166.64426651202467 80.53
      vertex -125.98777778703743 -166.64426651202467 80.53
    endloop
  endfacet
  facet normal 0.6374239900855169 0 0.7705132424971414
    outer loop
      vertex -125.28053153008221 -166.45 4.9412917122244835
      vertex -125.28053153008221 166.45 4.9412917122244835
      vertex -125.57990137189626 166.45 5.18895198404789
    endloop
  endfacet
  facet normal 0.42577927736338994 0 0.904827059148824
    outer loop
      vertex -124.92897633910178 -166.45 4.775862403213978
      vertex -124.92897633910178 166.45 4.775862403213978
      vertex -125.28053153008221 166.45 4.9412917122244835
    endloop
  endfacet
  facet normal 0.18738132377958802 0 0.9822872489748655
    outer loop
      vertex -124.54732530266045 -166.45 4.703058570623398
      vertex -124.54732530266045 166.45 4.703058570623398
      vertex -124.92897633910178 166.45 4.775862403213978
    endloop
  endfacet
  facet normal 0 0 1
    outer loop
      vertex -124.54732530266045 -166.45 4.703058570623398
      vertex -124.52094709229377 166.5166237542698 4.703058570623398
      vertex -124.54732530266045 166.45 4.703058570623398
    endloop
  endfacet
  facet normal 0.8090169925461954 0 0.5877852548095346
    outer loop
      vertex -125.57990137189626 -166.45 5.18895198404789
      vertex -125.57990137189626 166.45 5.18895198404789
      vertex -125.80827535390853 166.45 5.503281801939011
    endloop
  endfacet
  facet normal 0.9297764899730482 0 0.3681245423676591
    outer loop
      vertex -125.80827535390853 -166.45 5.503281801939011
      vertex -125.80827535390853 166.45 5.503281801939011
      vertex -125.95130389630793 166.45 5.864530675113201
    endloop
  endfacet
  facet normal 0.9921147011580332 0 0.1253332348026893
    outer loop
      vertex -125.99999999701976 -166.45 6.25
      vertex -125.95130389630793 166.45 5.864530675113201
      vertex -125.99999999701976 166.45 6.25
    endloop
  endfacet
  facet normal 0.9999999864628983 0 -0.00016454240464287628
    outer loop
      vertex -125.99999999701976 -166.45 6.25
      vertex -125.99999999701976 166.45 6.25
      vertex -125.98777778703743 166.64426651202467 80.53
    endloop
  endfacet
  facet normal 0.6353673509085113 -0.08026556252522249 0.7680271927946368
    outer loop
      vertex -125.28053153008221 166.45 4.9412917122244835
      vertex -125.25443885482403 166.65654479250298 4.9412917122244835
      vertex -125.57990137189626 166.45 5.18895198404789
    endloop
  endfacet
  facet normal 0.5954448835332855 -0.23575330708606873 0.7680271927946393
    outer loop
      vertex -125.25443885482403 166.65654479250298 4.9412917122244835
      vertex -125.1778003277981 166.85011161607446 4.9412917122244835
      vertex -125.54440344255485 166.73099504468428 5.18895198404789
    endloop
  endfacet
  facet normal 0.6353673509085118 -0.08026556252522397 0.7680271927946364
    outer loop
      vertex -125.25443885482403 166.65654479250298 4.9412917122244835
      vertex -125.54440344255485 166.73099504468428 5.18895198404789
      vertex -125.57990137189626 166.45 5.18895198404789
    endloop
  endfacet
  facet normal 0.5954448835332885 -0.2357533070861079 0.7680271927946248
    outer loop
      vertex -125.1778003277981 166.85011161607446 4.9412917122244835
      vertex -125.44014011998341 166.9943341372836 5.18895198404789
      vertex -125.54440344255485 166.73099504468428 5.18895198404789
    endloop
  endfacet
  facet normal 0.5181084242325503 -0.37642780432278977 0.768027192794622
    outer loop
      vertex -125.1778003277981 166.85011161607446 4.9412917122244835
      vertex -125.27366265219278 167.22347071411644 5.18895198404789
      vertex -125.44014011998341 166.9943341372836 5.18895198404789
    endloop
  endfacet
  facet normal 0.18732884603521396 -0.02366513668464952 0.9820121510189229
    outer loop
      vertex -124.92897633910178 166.45 4.775862403213978
      vertex -124.54732530266045 166.45 4.703058570623398
      vertex -124.91392841663303 166.56911657172583 4.775862403213978
    endloop
  endfacet
  facet normal 0.17555828569150958 -0.06950844248179637 0.9820121510189235
    outer loop
      vertex -124.91392841663303 166.56911657172583 4.775862403213978
      vertex -124.54426764930867 166.47420381853686 4.703058570623398
      vertex -124.86973016553785 166.68074861117003 4.775862403213978
    endloop
  endfacet
  facet normal 0.15275675259962782 -0.11098427720361419 0.9820121510189206
    outer loop
      vertex -124.86973016553785 166.68074861117003 4.775862403213978
      vertex -124.53528681285864 166.49688682213974 4.703058570623398
      vertex -124.79915872448235 166.77788186674042 4.775862403213978
    endloop
  endfacet
  facet normal 0.4251646793417268 -0.0537107896784792 0.903520971816571
    outer loop
      vertex -125.28053153008221 166.45 4.9412917122244835
      vertex -124.92897633910178 166.45 4.775862403213978
      vertex -125.25443885482403 166.65654479250298 4.9412917122244835
    endloop
  endfacet
  facet normal 0.42516467934173324 -0.053710789678467104 0.9035209718165685
    outer loop
      vertex -125.25443885482403 166.65654479250298 4.9412917122244835
      vertex -124.92897633910178 166.45 4.775862403213978
      vertex -124.91392841663303 166.56911657172583 4.775862403213978
    endloop
  endfacet
  facet normal 0.34669927835932507 -0.2518917701567979 0.9035209718165915
    outer loop
      vertex -125.1778003277981 166.85011161607446 4.9412917122244835
      vertex -124.86973016553785 166.68074861117003 4.775862403213978
      vertex -124.79915872448235 166.77788186674042 4.775862403213978
    endloop
  endfacet
  facet normal 0.398450018892335 -0.15775752258549183 0.9035209718165849
    outer loop
      vertex -125.1778003277981 166.85011161607446 4.9412917122244835
      vertex -124.91392841663303 166.56911657172583 4.775862403213978
      vertex -124.86973016553785 166.68074861117003 4.775862403213978
    endloop
  endfacet
  facet normal 0.39845001889238396 -0.15775752258543854 0.9035209718165726
    outer loop
      vertex -125.25443885482403 166.65654479250298 4.9412917122244835
      vertex -124.91392841663303 166.56911657172583 4.775862403213978
      vertex -125.1778003277981 166.85011161607446 4.9412917122244835
    endloop
  endfacet
  facet normal 0.3466992783593057 -0.2518917701568704 0.9035209718165788
    outer loop
      vertex -125.1778003277981 166.85011161607446 4.9412917122244835
      vertex -124.79915872448235 166.77788186674042 4.775862403213978
      vertex -125.05543142951423 167.0185379553003 4.9412917122244835
    endloop
  endfacet
  facet normal 0.2731641470962917 -0.3301987314160659 0.9035209718165794
    outer loop
      vertex -124.79915872448235 166.77788186674042 4.775862403213978
      vertex -124.70664835665167 166.85441309875836 4.775862403213978
      vertex -124.89502104789295 167.15124096385836 4.9412917122244835
    endloop
  endfacet
  facet normal 0.18246510784352166 -0.3877580919945845 0.9035209718165769
    outer loop
      vertex -124.70664835665167 166.85441309875836 4.775862403213978
      vertex -124.59801182868594 166.9055335684539 4.775862403213978
      vertex -124.89502104789295 167.15124096385836 4.9412917122244835
    endloop
  endfacet
  facet normal 0.27316414709628234 -0.33019873141606915 0.9035209718165811
    outer loop
      vertex -125.05543142951423 167.0185379553003 4.9412917122244835
      vertex -124.79915872448235 166.77788186674042 4.775862403213978
      vertex -124.89502104789295 167.15124096385836 4.9412917122244835
    endloop
  endfacet
  facet normal 0.1824651078435253 -0.3877580919945807 0.9035209718165778
    outer loop
      vertex -124.59801182868594 166.9055335684539 4.775862403213978
      vertex -124.70664835715962 167.23988242367324 4.9412917122244835
      vertex -124.89502104789295 167.15124096385836 4.9412917122244835
    endloop
  endfacet
  facet normal 0 0 1
    outer loop
      vertex -124.54732530266045 166.45 4.703058570623398
      vertex -124.52094709229377 166.5166237542698 4.703058570623398
      vertex -124.54426764930867 166.47420381853686 4.703058570623398
    endloop
  endfacet
  facet normal 0.18732884603520544 -0.023665136684676492 0.982012151018924
    outer loop
      vertex -124.91392841663303 166.56911657172583 4.775862403213978
      vertex -124.54732530266045 166.45 4.703058570623398
      vertex -124.54426764930867 166.47420381853686 4.703058570623398
    endloop
  endfacet
  facet normal 0 0 1
    outer loop
      vertex -124.54426764930867 166.47420381853686 4.703058570623398
      vertex -124.52094709229377 166.5166237542698 4.703058570623398
      vertex -124.53528681285864 166.49688682213974 4.703058570623398
    endloop
  endfacet
  facet normal 0 0 1
    outer loop
      vertex -124.52094709229377 166.5166237542698 4.703058570623398
      vertex -124.38796251727466 166.52499043455703 4.703058570623398
      vertex -124.4561111063174 166.54713325340748 4.703058570623398
    endloop
  endfacet
  facet normal 0 0 1
    outer loop
      vertex -124.52094709229377 166.5166237542698 4.703058570623398
      vertex -124.4561111063174 166.54713325340748 4.703058570623398
      vertex -124.5021495049949 166.53217447089418 4.703058570623398
    endloop
  endfacet
  facet normal 0 0 1
    outer loop
      vertex -124.5021495049949 166.53217447089418 4.703058570623398
      vertex -124.4561111063174 166.54713325340748 4.703058570623398
      vertex -124.48007517250475 166.5425618632956 4.703058570623398
    endloop
  endfacet
  facet normal 0.1527567525994664 -0.11098427720376786 0.9820121510189286
    outer loop
      vertex -124.53528681285864 166.49688682213974 4.703058570623398
      vertex -124.52094709229377 166.5166237542698 4.703058570623398
      vertex -124.79915872448235 166.77788186674042 4.775862403213978
    endloop
  endfacet
  facet normal 0.12035695094213329 -0.14548656161694018 0.9820121510189134
    outer loop
      vertex -124.52094709229377 166.5166237542698 4.703058570623398
      vertex -124.5021495049949 166.53217447089418 4.703058570623398
      vertex -124.70664835665167 166.85441309875836 4.775862403213978
    endloop
  endfacet
  facet normal 0.1755582856915868 -0.06950844248167326 0.9820121510189185
    outer loop
      vertex -124.86973016553785 166.68074861117003 4.775862403213978
      vertex -124.54426764930867 166.47420381853686 4.703058570623398
      vertex -124.53528681285864 166.49688682213974 4.703058570623398
    endloop
  endfacet
  facet normal 0.08039467941411926 -0.17084739030220045 0.9820121510189315
    outer loop
      vertex -124.5021495049949 166.53217447089418 4.703058570623398
      vertex -124.48007517250475 166.5425618632956 4.703058570623398
      vertex -124.59801182868594 166.9055335684539 4.775862403213978
    endloop
  endfacet
  facet normal 0.03538091450865659 -0.18547324912158214 0.9820121510189244
    outer loop
      vertex -124.48007517250475 166.5425618632956 4.703058570623398
      vertex -124.4561111063174 166.54713325340748 4.703058570623398
      vertex -124.59801182868594 166.9055335684539 4.775862403213978
    endloop
  endfacet
  facet normal 0.12035695094185456 -0.14548656161709578 0.9820121510189245
    outer loop
      vertex -124.52094709229377 166.5166237542698 4.703058570623398
      vertex -124.70664835665167 166.85441309875836 4.775862403213978
      vertex -124.79915872448235 166.77788186674042 4.775862403213978
    endloop
  endfacet
  facet normal 0.08039467941444059 -0.17084739030211568 0.9820121510189199
    outer loop
      vertex -124.5021495049949 166.53217447089418 4.703058570623398
      vertex -124.59801182868594 166.9055335684539 4.775862403213978
      vertex -124.70664835665167 166.85441309875836 4.775862403213978
    endloop
  endfacet
  facet normal 0.03538091450863725 -0.18547324912158963 0.9820121510189236
    outer loop
      vertex -124.4561111063174 166.54713325340748 4.703058570623398
      vertex -124.48007517317444 166.9280311887083 4.775862403213978
      vertex -124.59801182868594 166.9055335684539 4.775862403213978
    endloop
  endfacet
  facet normal 0.0803011148056495 -0.420953185578448 0.9035209718165519
    outer loop
      vertex -124.59801182868594 166.9055335684539 4.775862403213978
      vertex -124.48007517317444 166.9280311887083 4.775862403213978
      vertex -124.50214950625933 167.27889266582446 4.9412917122244835
    endloop
  endfacet
  facet normal 0.08030111480552436 -0.42095318557842554 0.9035209718165735
    outer loop
      vertex -124.59801182868594 166.9055335684539 4.775862403213978
      vertex -124.50214950625933 167.27889266582446 4.9412917122244835
      vertex -124.70664835715962 167.23988242367324 4.9412917122244835
    endloop
  endfacet
  facet normal 0.5181084242324705 -0.376427804322832 0.7680271927946549
    outer loop
      vertex -125.1778003277981 166.85011161607446 4.9412917122244835
      vertex -125.05543142951423 167.0185379553003 4.9412917122244835
      vertex -125.27366265219278 167.22347071411644 5.18895198404789
    endloop
  endfacet
  facet normal 0.4082173071678227 -0.4934499582091509 0.7680271927946555
    outer loop
      vertex -125.05543142951423 167.0185379553003 4.9412917122244835
      vertex -124.89502104789295 167.15124096385836 4.9412917122244835
      vertex -125.27366265219278 167.22347071411644 5.18895198404789
    endloop
  endfacet
  facet normal 0.2726763953752318 -0.5794668364393906 0.768027192794692
    outer loop
      vertex -124.89502104789295 167.15124096385836 4.9412917122244835
      vertex -124.70664835715962 167.23988242367324 4.9412917122244835
      vertex -124.7991587258835 167.52460006251277 5.18895198404789
    endloop
  endfacet
  facet normal 0.4082173071677946 -0.4934499582092126 0.7680271927946306
    outer loop
      vertex -125.27366265219278 167.22347071411644 5.18895198404789
      vertex -124.89502104789295 167.15124096385836 4.9412917122244835
      vertex -125.05543143074554 167.40400728135506 5.18895198404789
    endloop
  endfacet
  facet normal 0.27267639537540656 -0.5794668364393929 0.768027192794628
    outer loop
      vertex -125.05543143074554 167.40400728135506 5.18895198404789
      vertex -124.89502104789295 167.15124096385836 4.9412917122244835
      vertex -124.7991587258835 167.52460006251277 5.18895198404789
    endloop
  endfacet
  facet normal 0.12000222282804958 -0.6290736822060192 0.768027192794687
    outer loop
      vertex -124.70664835715962 167.23988242367324 4.9412917122244835
      vertex -124.50214950625933 167.27889266582446 4.9412917122244835
      vertex -124.7991587258835 167.52460006251277 5.18895198404789
    endloop
  endfacet
  facet normal 0.12000222282798681 -0.6290736822060662 0.7680271927946584
    outer loop
      vertex -124.50214950625933 167.27889266582446 4.9412917122244835
      vertex -124.52094709415825 167.57767176964023 5.18895198404789
      vertex -124.7991587258835 167.52460006251277 5.18895198404789
    endloop
  endfacet
  facet normal 0.8048245650717607 -0.10167298706367722 0.5847392779338502
    outer loop
      vertex -125.54440344255485 166.73099504468428 5.18895198404789
      vertex -125.76560263597183 166.7877893445023 5.503281801939011
      vertex -125.80827535390853 166.45 5.503281801939011
    endloop
  endfacet
  facet normal 0.8048245650717606 -0.10167298706367672 0.5847392779338505
    outer loop
      vertex -125.57990137189626 166.45 5.18895198404789
      vertex -125.54440344255485 166.73099504468428 5.18895198404789
      vertex -125.80827535390853 166.45 5.503281801939011
    endloop
  endfacet
  facet normal 0.7542544777106093 -0.29863047348670396 0.5847392779338524
    outer loop
      vertex -125.54440344255485 166.73099504468428 5.18895198404789
      vertex -125.44014011998341 166.9943341372836 5.18895198404789
      vertex -125.76560263597183 166.7877893445023 5.503281801939011
    endloop
  endfacet
  facet normal 0.6562918075609728 -0.47682390897455534 0.5847392779338291
    outer loop
      vertex -125.44014011998341 166.9943341372836 5.18895198404789
      vertex -125.27366265219278 167.22347071411644 5.18895198404789
      vertex -125.64026576596899 167.10435414218722 5.503281801939011
    endloop
  endfacet
  facet normal 0.7542544777106102 -0.29863047348672 0.5847392779338428
    outer loop
      vertex -125.44014011998341 166.9943341372836 5.18895198404789
      vertex -125.64026576596899 167.10435414218722 5.503281801939011
      vertex -125.76560263597183 166.7877893445023 5.503281801939011
    endloop
  endfacet
  facet normal 0.6562918075609708 -0.4768239089745661 0.5847392779338227
    outer loop
      vertex -125.27366265219278 167.22347071411644 5.18895198404789
      vertex -125.44014012039902 167.37980346257234 5.503281801939011
      vertex -125.64026576596899 167.10435414218722 5.503281801939011
    endloop
  endfacet
  facet normal 0.5170919094698904 -0.6250567446258085 0.5847392779338236
    outer loop
      vertex -125.27366265219278 167.22347071411644 5.18895198404789
      vertex -125.17780032958376 167.59682981182613 5.503281801939011
      vertex -125.44014012039902 167.37980346257234 5.503281801939011
    endloop
  endfacet
  facet normal 0.9234283163310317 -0.1166561252416381 0.36561112269957424
    outer loop
      vertex -125.80827535390853 166.45 5.503281801939011
      vertex -125.76560263597183 166.7877893445023 5.503281801939011
      vertex -125.90413767370067 166.82335909657297 5.864530675113201
    endloop
  endfacet
  facet normal 0.9234283163310397 -0.11665612524162187 0.3656111226995596
    outer loop
      vertex -125.80827535390853 166.45 5.503281801939011
      vertex -125.90413767370067 166.82335909657297 5.864530675113201
      vertex -125.95130389630793 166.45 5.864530675113201
    endloop
  endfacet
  facet normal 0.8654059190841702 -0.34263844234474927 0.36561112269957863
    outer loop
      vertex -125.76560263597183 166.7877893445023 5.503281801939011
      vertex -125.64026576596899 167.10435414218722 5.503281801939011
      vertex -125.90413767370067 166.82335909657297 5.864530675113201
    endloop
  endfacet
  facet normal 0.8654059190841685 -0.34263844234478474 0.3656111226995498
    outer loop
      vertex -125.64026576596899 167.10435414218722 5.503281801939011
      vertex -125.76560263311052 167.17325866798956 5.864530675113201
      vertex -125.90413767370067 166.82335909657297 5.864530675113201
    endloop
  endfacet
  facet normal 0.7530068852008988 -0.5470915259793157 0.3656111226996032
    outer loop
      vertex -125.64026576596899 167.10435414218722 5.503281801939011
      vertex -125.44014012039902 167.37980346257234 5.503281801939011
      vertex -125.54440344063401 167.47771323733707 5.864530675113201
    endloop
  endfacet
  facet normal 0.7530068852009434 -0.5470915259792838 0.36561112269955853
    outer loop
      vertex -125.64026576596899 167.10435414218722 5.503281801939011
      vertex -125.54440344063401 167.47771323733707 5.864530675113201
      vertex -125.76560263311052 167.17325866798956 5.864530675113201
    endloop
  endfacet
  facet normal 0.593293659354892 -0.7171688369746795 0.3656111226996067
    outer loop
      vertex -125.44014012039902 167.37980346257234 5.503281801939011
      vertex -125.25443885504815 167.7175928043178 5.864530675113201
      vertex -125.54440344063401 167.47771323733707 5.864530675113201
    endloop
  endfacet
  facet normal 0.5170919094698504 -0.6250567446258188 0.584739277933848
    outer loop
      vertex -125.27366265219278 167.22347071411644 5.18895198404789
      vertex -125.05543143074554 167.40400728135506 5.18895198404789
      vertex -125.17780032958376 167.59682981182613 5.503281801939011
    endloop
  endfacet
  facet normal 0.3454012249756654 -0.7340149662143869 0.5847392779338515
    outer loop
      vertex -125.05543143074554 167.40400728135506 5.18895198404789
      vertex -124.7991587258835 167.52460006251277 5.18895198404789
      vertex -125.17780032958376 167.59682981182613 5.503281801939011
    endloop
  endfacet
  facet normal 0.9801027843239003 -0.12381577555692289 0.15513924675521565
    outer loop
      vertex -125.95130389630793 166.45 5.864530675113201
      vertex -125.90413767370067 166.82335909657297 5.864530675113201
      vertex -125.98777778703743 166.64426651202467 6.25
    endloop
  endfacet
  facet normal 0.9901876533765099 -0.06229731154043062 0.1250897920517697
    outer loop
      vertex -125.95130389630793 166.45 5.864530675113201
      vertex -125.98777778703743 166.64426651202467 6.25
      vertex -125.99999999701976 166.45 6.25
    endloop
  endfacet
  facet normal 0.9745717987956324 -0.185909528848543 0.1250897920517819
    outer loop
      vertex -125.90413767370067 166.82335909657297 5.864530675113201
      vertex -125.95130389686277 166.8354693243644 6.25
      vertex -125.98777778703743 166.64426651202467 6.25
    endloop
  endfacet
  facet normal 0.918519321818924 -0.3636675261300297 0.15513924675519072
    outer loop
      vertex -125.90413767370067 166.82335909657297 5.864530675113201
      vertex -125.76560263311052 167.17325866798956 5.864530675113201
      vertex -125.89115355312678 167.0205930566612 6.25
    endloop
  endfacet
  facet normal 0.9435863760402576 -0.3065897827319967 0.12508979205179163
    outer loop
      vertex -125.90413767370067 166.82335909657297 5.864530675113201
      vertex -125.89115355312678 167.0205930566612 6.25
      vertex -125.95130389686277 166.8354693243644 6.25
    endloop
  endfacet
  facet normal 0.8977200138720434 -0.422434989812674 0.1250897920517271
    outer loop
      vertex -125.76560263311052 167.17325866798956 5.864530675113201
      vertex -125.80827535145637 167.19671819342187 6.25
      vertex -125.89115355312678 167.0205930566612 6.25
    endloop
  endfacet
  facet normal 0.8376960964295768 -0.5316180903158836 0.12508979205171888
    outer loop
      vertex -125.76560263311052 167.17325866798956 5.864530675113201
      vertex -125.70397634128116 167.3610671410533 6.25
      vertex -125.80827535145637 167.19671819342187 6.25
    endloop
  endfacet
  facet normal 0.7992219122463446 -0.5806687085606826 0.15513924675518198
    outer loop
      vertex -125.76560263311052 167.17325866798956 5.864530675113201
      vertex -125.54440344063401 167.47771323733707 5.864530675113201
      vertex -125.70397634128116 167.3610671410533 6.25
    endloop
  endfacet
  facet normal 0.764461178893753 -0.6324173067594003 0.12508979205178977
    outer loop
      vertex -125.54440344063401 167.47771323733707 5.864530675113201
      vertex -125.57990137033067 167.5110480121494 6.25
      vertex -125.70397634128116 167.3610671410533 6.25
    endloop
  endfacet
  facet normal 0.5932936593549349 -0.7171688369746629 0.36561112269956925
    outer loop
      vertex -125.44014012039902 167.37980346257234 5.503281801939011
      vertex -125.17780032958376 167.59682981182613 5.503281801939011
      vertex -125.25443885504815 167.7175928043178 5.864530675113201
    endloop
  endfacet
  facet normal 0.3454012249756107 -0.7340149662144533 0.5847392779338009
    outer loop
      vertex -124.7991587258835 167.52460006251277 5.18895198404789
      vertex -124.86973016739837 167.74179662625778 5.503281801939011
      vertex -125.17780032958376 167.59682981182613 5.503281801939011
    endloop
  endfacet
  facet normal 0.1520077112194821 -0.7968523279575006 0.5847392779337868
    outer loop
      vertex -124.7991587258835 167.52460006251277 5.18895198404789
      vertex -124.52094709415825 167.57767176964023 5.18895198404789
      vertex -124.86973016739837 167.74179662625778 5.503281801939011
    endloop
  endfacet
  facet normal 0.15200771121953674 -0.796852327957461 0.5847392779338266
    outer loop
      vertex -124.52094709415825 167.57767176964023 5.18895198404789
      vertex -124.53528681513576 167.80559510776607 5.503281801939011
      vertex -124.86973016739837 167.74179662625778 5.503281801939011
    endloop
  endfacet
  facet normal 0.3963016109100094 -0.8421837923805402 0.36561112269960117
    outer loop
      vertex -125.17780032958376 167.59682981182613 5.503281801939011
      vertex -124.86973016739837 167.74179662625778 5.503281801939011
      vertex -124.91392841768047 167.87782485352295 5.864530675113201
    endloop
  endfacet
  facet normal 0.39630161091004523 -0.842183792380536 0.36561112269957186
    outer loop
      vertex -125.17780032958376 167.59682981182613 5.503281801939011
      vertex -124.91392841768047 167.87782485352295 5.864530675113201
      vertex -125.25443885504815 167.7175928043178 5.864530675113201
    endloop
  endfacet
  facet normal 0.17440847475653698 -0.9142812427756772 0.3656111226995993
    outer loop
      vertex -124.86973016739837 167.74179662625778 5.503281801939011
      vertex -124.54426765162054 167.94834141600882 5.864530675113201
      vertex -124.91392841768047 167.87782485352295 5.864530675113201
    endloop
  endfacet
  facet normal 0.1744084747565727 -0.9142812427756821 0.36561112269957
    outer loop
      vertex -124.86973016739837 167.74179662625778 5.503281801939011
      vertex -124.53528681513576 167.80559510776607 5.503281801939011
      vertex -124.54426765162054 167.94834141600882 5.864530675113201
    endloop
  endfacet
  facet normal 0.6297064505947002 -0.7611843404824193 0.15513924675519333
    outer loop
      vertex -125.54440344063401 167.47771323733707 5.864530675113201
      vertex -125.25443885504815 167.7175928043178 5.864530675113201
      vertex -125.43800718411046 167.64429552630247 6.25
    endloop
  endfacet
  facet normal 0.6791702902492935 -0.7232428781309416 0.12508979205179932
    outer loop
      vertex -125.54440344063401 167.47771323733707 5.864530675113201
      vertex -125.43800718411046 167.64429552630247 6.25
      vertex -125.57990137033067 167.5110480121494 6.25
    endloop
  endfacet
  facet normal 0.583168436553749 -0.8026625184546242 0.1250897920516951
    outer loop
      vertex -125.25443885504815 167.7175928043178 5.864530675113201
      vertex -125.28053153062055 167.7587082820118 6.25
      vertex -125.43800718411046 167.64429552630247 6.25
    endloop
  endfacet
  facet normal 0.4779697169191832 -0.8694236560116491 0.12508979205168413
    outer loop
      vertex -125.25443885504815 167.7175928043178 5.864530675113201
      vertex -125.10995790192585 167.8524819313223 6.25
      vertex -125.28053153062055 167.7587082820118 6.25
    endloop
  endfacet
  facet normal 0.4206242167537612 -0.8938719608515123 0.15513924675515678
    outer loop
      vertex -125.25443885504815 167.7175928043178 5.864530675113201
      vertex -124.91392841768047 167.87782485352295 5.864530675113201
      vertex -125.10995790192585 167.8524819313223 6.25
    endloop
  endfacet
  facet normal 0.18511261642672713 -0.9703943184890556 0.15513924675533527
    outer loop
      vertex -124.91392841768047 167.87782485352295 5.864530675113201
      vertex -124.54426765162054 167.94834141600882 5.864530675113201
      vertex -124.74044103760787 167.9725452386295 6.25
    endloop
  endfacet
  facet normal 0.36523307660187365 -0.9224734921288346 0.12508979205180082
    outer loop
      vertex -124.91392841768047 167.87782485352295 5.864530675113201
      vertex -124.92897634036021 167.9241375974231 6.25
      vertex -125.10995790192585 167.8524819313223 6.25
    endloop
  endfacet
  facet normal 0.24673654842555573 -0.9609753480685544 0.12508979205180612
    outer loop
      vertex -124.91392841768047 167.87782485352295 5.864530675113201
      vertex -124.74044103760787 167.9725452386295 6.25
      vertex -124.92897634036021 167.9241375974231 6.25
    endloop
  endfacet
  facet normal 0.12434877921337006 -0.9843220636725507 0.12508979205177098
    outer loop
      vertex -124.54426765162054 167.94834141600882 5.864530675113201
      vertex -124.54732530508329 167.99694142608945 6.25
      vertex -124.74044103760787 167.9725452386295 6.25
    endloop
  endfacet
  facet normal 1.5160631530958292e-8 -0.9921454247863287 0.12508979205177062
    outer loop
      vertex -124.54426765162054 167.94834141600882 5.864530675113201
      vertex -124.35267469472956 167.99694142906384 6.25
      vertex -124.54732530508329 167.99694142608945 6.25
    endloop
  endfacet
  facet normal 0.9980267293877402 -0.06279050427899432 0
    outer loop
      vertex -125.99999999701976 166.45 6.25
      vertex -125.98777778703743 166.64426651202467 6.25
      vertex -125.98777778703743 166.64426651202467 80.53
    endloop
  endfacet
  facet normal 0.982287247865423 -0.18738132959548878 0
    outer loop
      vertex -125.98777778703743 166.64426651202467 6.25
      vertex -125.95130389686277 166.8354693243644 6.25
      vertex -125.98777778703743 166.64426651202467 80.53
    endloop
  endfacet
  facet normal 0.9510565210170411 -0.30901697984247184 0
    outer loop
      vertex -125.95130389686277 166.8354693243644 6.25
      vertex -125.89115355312678 167.0205930566612 6.25
      vertex -125.89115355312678 167.0205930566612 80.53
    endloop
  endfacet
  facet normal 0.9048270459598943 -0.4257793053912923 0
    outer loop
      vertex -125.89115355312678 167.0205930566612 6.25
      vertex -125.80827535145637 167.19671819342187 6.25
      vertex -125.89115355312678 167.0205930566612 80.53
    endloop
  endfacet
  facet normal 0.844327933689741 -0.535826782077205 0
    outer loop
      vertex -125.80827535145637 167.19671819342187 6.25
      vertex -125.70397634128116 167.3610671410533 6.25
      vertex -125.70397634128116 167.3610671410533 80.53
    endloop
  endfacet
  facet normal 0.7705132330357632 -0.6374240015223586 0
    outer loop
      vertex -125.70397634128116 167.3610671410533 6.25
      vertex -125.57990137033067 167.5110480121494 6.25
      vertex -125.70397634128116 167.3610671410533 80.53
    endloop
  endfacet
  facet normal 0.6845471170676053 -0.7289686169612724 0
    outer loop
      vertex -125.57990137033067 167.5110480121494 6.25
      vertex -125.43800718411046 167.64429552630247 6.25
      vertex -125.43800718411046 167.64429552630247 80.53
    endloop
  endfacet
  facet normal 0.5877852399302612 -0.80901700335662 0
    outer loop
      vertex -125.43800718411046 167.64429552630247 6.25
      vertex -125.28053153062055 167.7587082820118 6.25
      vertex -125.43800718411046 167.64429552630247 80.53
    endloop
  endfacet
  facet normal 0.4817536874920477 -0.8763066726824659 0
    outer loop
      vertex -125.28053153062055 167.7587082820118 6.25
      vertex -125.10995790192585 167.8524819313223 6.25
      vertex -125.10995790192585 167.8524819313223 80.53
    endloop
  endfacet
  facet normal 0.36812453847734344 -0.929776491513333 0
    outer loop
      vertex -125.10995790192585 167.8524819313223 6.25
      vertex -124.92897634036021 167.9241375974231 6.25
      vertex -125.10995790192585 167.8524819313223 80.53
    endloop
  endfacet
  facet normal 0.2486899019654247 -0.9685831573284905 0
    outer loop
      vertex -124.92897634036021 167.9241375974231 6.25
      vertex -124.74044103760787 167.9725452386295 6.25
      vertex -124.74044103760787 167.9725452386295 80.53
    endloop
  endfacet
  facet normal 0.12533321840409656 -0.9921147032296573 0
    outer loop
      vertex -124.74044103760787 167.9725452386295 6.25
      vertex -124.54732530508329 167.99694142608945 6.25
      vertex -124.74044103760787 167.9725452386295 80.53
    endloop
  endfacet
  facet normal 1.5280654552818338e-8 -0.9999999999999999 0
    outer loop
      vertex -124.54732530508329 167.99694142608945 6.25
      vertex -124.35267469472956 167.99694142906384 6.25
      vertex -124.35267469472956 167.99694142906384 80.49
    endloop
  endfacet
  facet normal 0 0 1
    outer loop
      vertex -124.52094709229377 166.5166237542698 4.703058570623398
      vertex 124.528737823835 166.5072063775787 4.703058570623398
      vertex -124.38796251727466 166.52499043455703 4.703058570623398
    endloop
  endfacet
  facet normal 0 0 1
    outer loop
      vertex -124.4561111063174 166.54713325340748 4.703058570623398
      vertex -124.38796251727466 166.52499043455703 4.703058570623398
      vertex 124.44388889368258 166.54713325340748 4.703058570623398
    endloop
  endfacet
  facet normal 0 -0.18773876345022514 0.9822189963028513
    outer loop
      vertex -124.4561111063174 166.54713325340748 4.703058570623398
      vertex 124.44388889368258 166.54713325340748 4.703058570623398
      vertex -124.48007517317444 166.9280311887083 4.775862403213978
    endloop
  endfacet
  facet normal 0 -0.4264681307353495 0.9045025889775534
    outer loop
      vertex -124.48007517317444 166.9280311887083 4.775862403213978
      vertex 124.41992482682554 166.9280311887083 4.775862403213978
      vertex -124.50214950625933 167.27889266582446 4.9412917122244835
    endloop
  endfacet
  facet normal 0 -0.6381713159524881 0.769894389832443
    outer loop
      vertex -124.50214950625933 167.27889266582446 4.9412917122244835
      vertex 124.37905290584172 167.57767176964023 5.18895198404789
      vertex -124.52094709415825 167.57767176964023 5.18895198404789
    endloop
  endfacet
  facet normal 0 -0.8095685580970851 0.5870253399476097
    outer loop
      vertex -124.52094709415825 167.57767176964023 5.18895198404789
      vertex 124.37905290584172 167.57767176964023 5.18895198404789
      vertex -124.53528681513576 167.80559510776607 5.503281801939011
    endloop
  endfacet
  facet normal 0 -0.9300249750629891 0.36749632074224453
    outer loop
      vertex -124.53528681513576 167.80559510776607 5.503281801939011
      vertex 124.35573234837943 167.94834141600882 5.864530675113201
      vertex -124.54426765162054 167.94834141600882 5.864530675113201
    endloop
  endfacet
  facet normal 0 -0.9921454238511295 0.12508979946927268
    outer loop
      vertex -124.54426765162054 167.94834141600882 5.864530675113201
      vertex 124.54732530527042 167.99694142906384 6.25
      vertex -124.35267469472956 167.99694142906384 6.25
    endloop
  endfacet
  facet normal 0.9685831480168173 -0.2486898837983346 -0.00016454240464306975
    outer loop
      vertex -125.95130389686277 166.8354693243644 6.25
      vertex -125.89115355312678 167.0205930566612 80.53
      vertex -125.98777778703743 166.64426651202467 80.53
    endloop
  endfacet
  facet normal 0.8763066681812199 -0.4817536675801507 -0.0001645424046427237
    outer loop
      vertex -125.80827535145637 167.19671819342187 6.25
      vertex -125.70397634128116 167.3610671410533 80.53
      vertex -125.89115355312678 167.0205930566612 80.53
    endloop
  endfacet
  facet normal 0.7289686175533278 -0.6845470966618639 -0.00016454240464323282
    outer loop
      vertex -125.57990137033067 167.5110480121494 6.25
      vertex -125.43800718411046 167.64429552630247 80.53
      vertex -125.70397634128116 167.3610671410533 80.53
    endloop
  endfacet
  facet normal 0.5358267877254044 -0.8443279140722942 -0.00016454240464284925
    outer loop
      vertex -125.28053153062055 167.7587082820118 6.25
      vertex -125.10995790192585 167.8524819313223 80.53
      vertex -125.43800718411046 167.64429552630247 80.53
    endloop
  endfacet
  facet normal 0.30901699019188084 -0.9510565034205635 -0.00016454240464277764
    outer loop
      vertex -124.92897634036021 167.9241375974231 6.25
      vertex -124.74044103760787 167.9725452386295 80.53
      vertex -125.10995790192585 167.8524819313223 80.53
    endloop
  endfacet
  facet normal 0.0627905186792903 -0.9980267149178838 -0.00016454240464232518
    outer loop
      vertex -124.54732530508329 167.99694142608945 6.25
      vertex -124.35267469472956 167.99694142906384 80.53
      vertex -124.74044103760787 167.9725452386295 80.53
    endloop
  endfacet
  facet normal 1.5280654552821905e-8 -0.9999999999999999 0
    outer loop
      vertex -124.54732530508329 167.99694142608945 6.25
      vertex -124.35267469472956 167.99694142906384 80.4902488409893
      vertex -124.35267469472956 167.99694142906384 80.53
    endloop
  endfacet
  facet normal 1.528065455259225e-8 -0.9999999999999999 0
    outer loop
      vertex -124.54732530508329 167.99694142608945 6.25
      vertex -124.35267469472956 167.99694142906384 80.49
      vertex -124.35267469472956 167.99694142906384 80.4902488409893
    endloop
  endfacet
  facet normal 0 -1 0
    outer loop
      vertex -124.35267469472956 167.99694142906384 6.25
      vertex -124.21864130754591 167.99694142906384 80.49
      vertex -124.35267469472956 167.99694142906384 80.49
    endloop
  endfacet
  facet normal 0 -1 0
    outer loop
      vertex -124.21864130754591 167.99694142906384 80.49
      vertex -124.35267469472956 167.99694142906384 80.53
      vertex -124.35267469472956 167.99694142906384 80.4902488409893
    endloop
  endfacet
  facet normal 0 -1 0
    outer loop
      vertex -124.35267469472956 167.99694142906384 6.25
      vertex 124.54732530527042 167.99694142906384 80.49
      vertex -124.21864130754591 167.99694142906384 80.49
    endloop
  endfacet
  facet normal 0 -1 0
    outer loop
      vertex -124.35267469472956 167.99694142906384 80.53
      vertex -124.21864130754591 167.99694142906384 80.49
      vertex 124.54732530527042 167.99694142906384 80.53
    endloop
  endfacet
  facet normal 0 0.4264681307353212 0.9045025889775666
    outer loop
      vertex -124.48007517317444 -166.9280311887083 4.775862403213978
      vertex 124.39785049374063 -167.2788926658245 4.9412917122244835
      vertex 124.41992482682554 -166.9280311887083 4.775862403213978
    endloop
  endfacet
  facet normal 0 0.18773876345023865 0.9822189963028487
    outer loop
      vertex -124.48007517317444 -166.9280311887083 4.775862403213978
      vertex 124.41992482682554 -166.9280311887083 4.775862403213978
      vertex 124.44388889368258 -166.5471332534075 4.703058570623398
    endloop
  endfacet
  facet normal 0 0 1
    outer loop
      vertex -124.4561111063174 -166.5471332534075 4.703058570623398
      vertex 124.44388889368258 -166.5471332534075 4.703058570623398
      vertex 124.528737823835 -166.5072063775787 4.703058570623398
    endloop
  endfacet
  facet normal 0 0.6381713159525241 0.7698943898324132
    outer loop
      vertex -124.52094709415825 -167.57767176964023 5.18895198404789
      vertex 124.37905290584172 -167.57767176964023 5.18895198404789
      vertex 124.39785049374063 -167.2788926658245 4.9412917122244835
    endloop
  endfacet
  facet normal 0 0.8095685580970851 0.5870253399476097
    outer loop
      vertex -124.52094709415825 -167.57767176964023 5.18895198404789
      vertex 124.36471318486423 -167.80559510776607 5.503281801939011
      vertex 124.37905290584172 -167.57767176964023 5.18895198404789
    endloop
  endfacet
  facet normal 0 0.9300249750629891 0.36749632074224453
    outer loop
      vertex -124.54426765162054 -167.94834141600882 5.864530675113201
      vertex 124.35573234837943 -167.94834141600882 5.864530675113201
      vertex 124.36471318486423 -167.80559510776607 5.503281801939011
    endloop
  endfacet
  facet normal 0 0.9921454238511385 0.12508979946920068
    outer loop
      vertex -124.54426765162054 -167.94834141600882 5.864530675113201
      vertex 124.54732530527042 -167.9969414290638 6.25
      vertex 124.35573234837943 -167.94834141600882 5.864530675113201
    endloop
  endfacet
  facet normal -0.026908492602779006 0.4276982423549096 0.9035209718165745
    outer loop
      vertex 124.41992482682554 -166.9280311887083 4.775862403213978
      vertex 124.60562608991171 -167.26582053332794 4.9412917122244835
      vertex 124.53975121607635 -166.92049235130037 4.775862403213978
    endloop
  endfacet
  facet normal -0.1324273404582166 0.4075694456001225 0.9035209718165773
    outer loop
      vertex 124.53975121607635 -166.92049235130037 4.775862403213978
      vertex 124.80362312650084 -167.2014873963444 4.9412917122244835
      vertex 124.65393820633918 -166.88339074911042 4.775862403213978
    endloop
  endfacet
  facet normal -0.026908492602760348 0.42769824235491816 0.903520971816571
    outer loop
      vertex 124.41992482682554 -166.9280311887083 4.775862403213978
      vertex 124.39785049374063 -167.2788926658245 4.9412917122244835
      vertex 124.60562608991171 -167.26582053332794 4.9412917122244835
    endloop
  endfacet
  facet normal -0.13242734045819826 0.4075694456001374 0.9035209718165733
    outer loop
      vertex 124.53975121607635 -166.92049235130037 4.775862403213978
      vertex 124.60562608991171 -167.26582053332794 4.9412917122244835
      vertex 124.80362312650084 -167.2014873963444 4.9412917122244835
    endloop
  endfacet
  facet normal -0.011855963377838253 0.1884451415759316 0.9820121510189224
    outer loop
      vertex 124.41992482682554 -166.9280311887083 4.775862403213978
      vertex 124.53975121607635 -166.92049235130037 4.775862403213978
      vertex 124.44388889368258 -166.5471332534075 4.703058570623398
    endloop
  endfacet
  facet normal -0.10117359922712481 0.15942408246753642 0.9820121510189236
    outer loop
      vertex 124.65393820633918 -166.88339074911042 4.775862403213978
      vertex 124.75531100906548 -166.8190576122542 4.775862403213978
      vertex 124.49143909841811 -166.5380625667366 4.703058570623398
    endloop
  endfacet
  facet normal -0.05834788748199827 0.17957633273228552 0.9820121510189228
    outer loop
      vertex 124.53975121607635 -166.92049235130037 4.775862403213978
      vertex 124.65393820633918 -166.88339074911042 4.775862403213978
      vertex 124.46823694315498 -166.54560140397666 4.703058570623398
    endloop
  endfacet
  facet normal 0 0 1
    outer loop
      vertex 124.44388889368258 -166.5471332534075 4.703058570623398
      vertex 124.46823694315498 -166.54560140397666 4.703058570623398
      vertex 124.49143909841811 -166.5380625667366 4.703058570623398
    endloop
  endfacet
  facet normal -0.011855963377941309 0.18844514157590572 0.9820121510189258
    outer loop
      vertex 124.53975121607635 -166.92049235130037 4.775862403213978
      vertex 124.46823694315498 -166.54560140397666 4.703058570623398
      vertex 124.44388889368258 -166.5471332534075 4.703058570623398
    endloop
  endfacet
  facet normal -0.13764220164222277 0.12925463078069357 0.9820121510189314
    outer loop
      vertex 124.75531100906548 -166.8190576122542 4.775862403213978
      vertex 124.528737823835 -166.5072063775787 4.703058570623398
      vertex 124.5120374827253 -166.52499043455703 4.703058570623398
    endloop
  endfacet
  facet normal -0.10117359922721497 0.15942408246745254 0.9820121510189279
    outer loop
      vertex 124.75531100906548 -166.8190576122542 4.775862403213978
      vertex 124.5120374827253 -166.52499043455703 4.703058570623398
      vertex 124.49143909841811 -166.5380625667366 4.703058570623398
    endloop
  endfacet
  facet normal -0.05834788748200491 0.1795763327322821 0.982012151018923
    outer loop
      vertex 124.65393820633918 -166.88339074911042 4.775862403213978
      vertex 124.49143909841811 -166.5380625667366 4.703058570623398
      vertex 124.46823694315498 -166.54560140397666 4.703058570623398
    endloop
  endfacet
  facet normal 0 0 1
    outer loop
      vertex 124.44388889368258 -166.5471332534075 4.703058570623398
      vertex 124.49143909841811 -166.5380625667366 4.703058570623398
      vertex 124.528737823835 -166.5072063775787 4.703058570623398
    endloop
  endfacet
  facet normal 0 0 1
    outer loop
      vertex 124.49143909841811 -166.5380625667366 4.703058570623398
      vertex 124.5120374827253 -166.52499043455703 4.703058570623398
      vertex 124.528737823835 -166.5072063775787 4.703058570623398
    endloop
  endfacet
  facet normal -0.16546223831595275 0.0909636352761347 0.9820121510189298
    outer loop
      vertex 124.528737823835 -166.5072063775787 4.703058570623398
      vertex 124.89534093739366 -166.62632295057838 4.775862403213978
      vertex 124.54049077789563 -166.48582783350676 4.703058570623398
    endloop
  endfacet
  facet normal 0 0 1
    outer loop
      vertex 124.528737823835 -166.5072063775787 4.703058570623398
      vertex 124.54049077789563 -166.48582783350676 4.703058570623398
      vertex 124.54655786357932 -166.46219809489006 4.703058570623398
    endloop
  endfacet
  facet normal -0.18288567402829614 0.04695706002713942 0.9820121510189287
    outer loop
      vertex 124.54049077789563 -166.48582783350676 4.703058570623398
      vertex 124.89534093739366 -166.62632295057838 4.775862403213978
      vertex 124.54655786357932 -166.46219809489006 4.703058570623398
    endloop
  endfacet
  facet normal -0.22962529147893315 0.36183156164276226 0.9035209718165789
    outer loop
      vertex 124.65393820633918 -166.88339074911042 4.775862403213978
      vertex 124.80362312650084 -167.2014873963444 4.9412917122244835
      vertex 124.75531100906548 -166.8190576122542 4.775862403213978
    endloop
  endfacet
  facet normal -0.3123950409334689 0.2933584699438959 0.9035209718165664
    outer loop
      vertex 124.75531100906548 -166.8190576122542 4.775862403213978
      vertex 124.9794007215171 -167.08993554247118 4.9412917122244835
      vertex 124.83749999823684 -166.73153522832106 4.775862403213978
    endloop
  endfacet
  facet normal -0.22962529147900676 0.3618315616427475 0.9035209718165661
    outer loop
      vertex 124.75531100906548 -166.8190576122542 4.775862403213978
      vertex 124.80362312650084 -167.2014873963444 4.9412917122244835
      vertex 124.9794007215171 -167.08993554247118 4.9412917122244835
    endloop
  endfacet
  facet normal -0.3123950409334383 0.29335846994391074 0.9035209718165722
    outer loop
      vertex 124.83749999823684 -166.73153522832106 4.775862403213978
      vertex 124.9794007215171 -167.08993554247118 4.9412917122244835
      vertex 125.12191412220074 -166.93817418494623 4.9412917122244835
    endloop
  endfacet
  facet normal -0.13764220164242047 0.12925463078054789 0.9820121510189228
    outer loop
      vertex 124.75531100906548 -166.8190576122542 4.775862403213978
      vertex 124.83749999823684 -166.73153522832106 4.775862403213978
      vertex 124.528737823835 -166.5072063775787 4.703058570623398
    endloop
  endfacet
  facet normal -0.1654622383158793 0.09096363527635566 0.9820121510189216
    outer loop
      vertex 124.83749999823684 -166.73153522832106 4.775862403213978
      vertex 124.89534093739366 -166.62632295057838 4.775862403213978
      vertex 124.528737823835 -166.5072063775787 4.703058570623398
    endloop
  endfacet
  facet normal -0.1828856740283818 0.0469570600269543 0.9820121510189217
    outer loop
      vertex 124.54655786357932 -166.46219809489006 4.703058570623398
      vertex 124.89534093739366 -166.62632295057838 4.775862403213978
      vertex 124.92519946760467 -166.5100316533804 4.775862403213978
    endloop
  endfacet
  facet normal -0.3755358610574501 0.20645258668148783 0.9035209718165716
    outer loop
      vertex 124.83749999823684 -166.73153522832106 4.775862403213978
      vertex 125.22220868745922 -166.75573904800203 4.9412917122244835
      vertex 124.89534093739366 -166.62632295057838 4.775862403213978
    endloop
  endfacet
  facet normal -0.41508038190686786 0.10657452811851814 0.9035209718165726
    outer loop
      vertex 124.89534093739366 -166.62632295057838 4.775862403213978
      vertex 125.22220868745922 -166.75573904800203 4.9412917122244835
      vertex 124.92519946760467 -166.5100316533804 4.775862403213978
    endloop
  endfacet
  facet normal -0.3755358610574481 0.2064525866815025 0.9035209718165692
    outer loop
      vertex 124.83749999823684 -166.73153522832106 4.775862403213978
      vertex 125.12191412220074 -166.93817418494623 4.9412917122244835
      vertex 125.22220868745922 -166.75573904800203 4.9412917122244835
    endloop
  endfacet
  facet normal -0.4150803819068885 0.10657452811848919 0.9035209718165667
    outer loop
      vertex 124.92519946760467 -166.5100316533804 4.775862403213978
      vertex 125.22220868745922 -166.75573904800203 4.9412917122244835
      vertex 125.27398254089977 -166.5540932022423 4.9412917122244835
    endloop
  endfacet
  facet normal -0.4285438758022916 0 0.9035209718165651
    outer loop
      vertex 124.92519946760467 -166.5100316533804 4.775862403213978
      vertex 125.27398254089977 -166.5540932022423 4.9412917122244835
      vertex 125.27398254089977 -166.34590679775766 4.9412917122244835
    endloop
  endfacet
  facet normal -0.04021213071703677 0.6391535149486062 0.7680271927946548
    outer loop
      vertex 124.39785049374063 -167.2788926658245 4.9412917122244835
      vertex 124.66172240441813 -167.55988771219455 5.18895198404789
      vertex 124.60562608991171 -167.26582053332794 4.9412917122244835
    endloop
  endfacet
  facet normal -0.19789980819915762 0.6090729817047452 0.7680271927946482
    outer loop
      vertex 124.60562608991171 -167.26582053332794 4.9412917122244835
      vertex 124.66172240441813 -167.55988771219455 5.18895198404789
      vertex 124.80362312650084 -167.2014873963444 4.9412917122244835
    endloop
  endfacet
  facet normal -0.04021213071697185 0.639153514948643 0.7680271927946275
    outer loop
      vertex 124.39785049374063 -167.2788926658245 4.9412917122244835
      vertex 124.37905290584172 -167.57767176964023 5.18895198404789
      vertex 124.66172240441813 -167.55988771219455 5.18895198404789
    endloop
  endfacet
  facet normal -0.34315271290759625 0.5407221530066187 0.7680271927946585
    outer loop
      vertex 124.80362312650084 -167.2014873963444 4.9412917122244835
      vertex 124.9310886056644 -167.4723653279102 5.18895198404789
      vertex 124.9794007215171 -167.08993554247118 4.9412917122244835
    endloop
  endfacet
  facet normal -0.46684407063669764 0.4383957627981327 0.7680271927946309
    outer loop
      vertex 124.9794007215171 -167.08993554247118 4.9412917122244835
      vertex 125.17022624049662 -167.3206039700766 5.18895198404789
      vertex 125.12191412220074 -166.93817418494623 4.9412917122244835
    endloop
  endfacet
  facet normal -0.19789980819915562 0.6090729817047449 0.768027192794649
    outer loop
      vertex 124.80362312650084 -167.2014873963444 4.9412917122244835
      vertex 124.66172240441813 -167.55988771219455 5.18895198404789
      vertex 124.9310886056644 -167.4723653279102 5.18895198404789
    endloop
  endfacet
  facet normal -0.3431527129076508 0.5407221530066126 0.7680271927946385
    outer loop
      vertex 124.9794007215171 -167.08993554247118 4.9412917122244835
      vertex 124.9310886056644 -167.4723653279102 5.18895198404789
      vertex 125.17022624049662 -167.3206039700766 5.18895198404789
    endloop
  endfacet
  facet normal -0.5612018984752993 0.30852335450613977 0.7680271927946293
    outer loop
      vertex 125.12191412220074 -166.93817418494623 4.9412917122244835
      vertex 125.36410941183163 -167.11413936294565 5.18895198404789
      vertex 125.22220868745922 -166.75573904800203 4.9412917122244835
    endloop
  endfacet
  facet normal -0.4668440706366969 0.4383957627981331 0.7680271927946314
    outer loop
      vertex 125.12191412220074 -166.93817418494623 4.9412917122244835
      vertex 125.17022624049662 -167.3206039700766 5.18895198404789
      vertex 125.36410941183163 -167.11413936294565 5.18895198404789
    endloop
  endfacet
  facet normal -0.5612018984751954 0.30852335450621315 0.7680271927946758
    outer loop
      vertex 125.22220868745922 -166.75573904800203 4.9412917122244835
      vertex 125.36410941183163 -167.11413936294565 5.18895198404789
      vertex 125.50055572696203 -166.86594443710712 5.18895198404789
    endloop
  endfacet
  facet normal -0.6202973470763611 0.15926528918112864 0.7680271927946822
    outer loop
      vertex 125.22220868745922 -166.75573904800203 4.9412917122244835
      vertex 125.50055572696203 -166.86594443710712 5.18895198404789
      vertex 125.27398254089977 -166.5540932022423 4.9412917122244835
    endloop
  endfacet
  facet normal -0.6404172320666903 0 0.7680271927946555
    outer loop
      vertex 125.27398254089977 -166.5540932022423 4.9412917122244835
      vertex 125.57099176209368 -166.5916141925485 5.18895198404789
      vertex 125.27398254089977 -166.34590679775766 4.9412917122244835
    endloop
  endfacet
  facet normal -0.6202973470764116 0.15926528918106928 0.7680271927946537
    outer loop
      vertex 125.50055572696203 -166.86594443710712 5.18895198404789
      vertex 125.57099176209368 -166.5916141925485 5.18895198404789
      vertex 125.27398254089977 -166.5540932022423 4.9412917122244835
    endloop
  endfacet
  facet normal -0.05093700607785127 0.8096205273171018 0.5847392779338524
    outer loop
      vertex 124.37905290584172 -167.57767176964023 5.18895198404789
      vertex 124.70451542138477 -167.78421656312335 5.503281801939011
      vertex 124.66172240441813 -167.55988771219455 5.18895198404789
    endloop
  endfacet
  facet normal -0.05093700607783174 0.8096205273171125 0.5847392779338392
    outer loop
      vertex 124.37905290584172 -167.57767176964023 5.18895198404789
      vertex 124.36471318486423 -167.80559510776607 5.503281801939011
      vertex 124.70451542138477 -167.78421656312335 5.503281801939011
    endloop
  endfacet
  facet normal -0.25068116395015605 0.7715172913694066 0.5847392779338576
    outer loop
      vertex 124.66172240441813 -167.55988771219455 5.18895198404789
      vertex 124.70451542138477 -167.78421656312335 5.503281801939011
      vertex 124.9310886056644 -167.4723653279102 5.18895198404789
    endloop
  endfacet
  facet normal -0.2506811639502039 0.7715172913694126 0.584739277933829
    outer loop
      vertex 124.9310886056644 -167.4723653279102 5.18895198404789
      vertex 124.70451542138477 -167.78421656312335 5.503281801939011
      vertex 125.02832551793745 -167.6790042849143 5.503281801939011
    endloop
  endfacet
  facet normal -0.058443387295495954 0.9289310401960983 0.3656111226995473
    outer loop
      vertex 124.70451542138477 -167.78421656312335 5.503281801939011
      vertex 124.35573234837943 -167.94834141600882 5.864530675113201
      vertex 124.73131629768284 -167.9247116768126 5.864530675113201
    endloop
  endfacet
  facet normal -0.05844338729546764 0.9289310401960906 0.36561112269957113
    outer loop
      vertex 124.36471318486423 -167.80559510776607 5.503281801939011
      vertex 124.35573234837943 -167.94834141600882 5.864530675113201
      vertex 124.70451542138477 -167.78421656312335 5.503281801939011
    endloop
  endfacet
  facet normal -0.28762303638407916 0.8852126839915699 0.36561112269957524
    outer loop
      vertex 124.70451542138477 -167.78421656312335 5.503281801939011
      vertex 125.08922410939385 -167.80842037935207 5.864530675113201
      vertex 125.02832551793745 -167.6790042849143 5.503281801939011
    endloop
  endfacet
  facet normal -0.28762303638404724 0.8852126839915936 0.3656111226995428
    outer loop
      vertex 124.70451542138477 -167.78421656312335 5.503281801939011
      vertex 124.73131629768284 -167.9247116768126 5.864530675113201
      vertex 125.08922410939385 -167.80842037935207 5.864530675113201
    endloop
  endfacet
  facet normal -0.4987302722930904 0.7858731592673325 0.3656111226995723
    outer loop
      vertex 125.02832551793745 -167.6790042849143 5.503281801939011
      vertex 125.08922410939385 -167.80842037935207 5.864530675113201
      vertex 125.40696711940984 -167.60677453353614 5.864530675113201
    endloop
  endfacet
  facet normal -0.49873027229308525 0.7858731592673389 0.36561112269956564
    outer loop
      vertex 125.02832551793745 -167.6790042849143 5.503281801939011
      vertex 125.40696711940984 -167.60677453353614 5.864530675113201
      vertex 125.31579729526567 -167.49656914752248 5.503281801939011
    endloop
  endfacet
  facet normal -0.062030290387045925 0.9859432322353658 0.1551392467552231
    outer loop
      vertex 124.35573234837943 -167.94834141600882 5.864530675113201
      vertex 124.54732530527042 -167.9969414290638 6.25
      vertex 124.73131629768284 -167.9247116768126 5.864530675113201
    endloop
  endfacet
  facet normal -0.12434880929544587 0.984322059872305 0.12508979205173762
    outer loop
      vertex 124.73131629768284 -167.9247116768126 5.864530675113201
      vertex 124.54732530527042 -167.9969414290638 6.25
      vertex 124.74044103704944 -167.972545235702 6.25
    endloop
  endfacet
  facet normal -0.30527560592439157 0.9395417066547558 0.15513924675517957
    outer loop
      vertex 124.73131629768284 -167.9247116768126 5.864530675113201
      vertex 124.92897634128116 -167.92413760025747 6.25
      vertex 125.08922410939385 -167.80842037935207 5.864530675113201
    endloop
  endfacet
  facet normal -0.24673651905710106 0.9609753556090999 0.12508979205174367
    outer loop
      vertex 124.73131629768284 -167.9247116768126 5.864530675113201
      vertex 124.74044103704944 -167.972545235702 6.25
      vertex 124.92897634128116 -167.92413760025747 6.25
    endloop
  endfacet
  facet normal -0.36523310479335747 0.9224734809670408 0.12508979205176984
    outer loop
      vertex 125.08922410939385 -167.80842037935207 5.864530675113201
      vertex 124.92897634128116 -167.92413760025747 6.25
      vertex 125.10995790065692 -167.85248192862574 6.25
    endloop
  endfacet
  facet normal -0.47796969034881986 0.8694236706188171 0.12508979205177323
    outer loop
      vertex 125.08922410939385 -167.80842037935207 5.864530675113201
      vertex 125.10995790065692 -167.85248192862574 6.25
      vertex 125.28053153221742 -167.75870828452813 6.25
    endloop
  endfacet
  facet normal -0.5293393324164025 0.8341053202522879 0.1551392467552476
    outer loop
      vertex 125.08922410939385 -167.80842037935207 5.864530675113201
      vertex 125.28053153221742 -167.75870828452813 6.25
      vertex 125.40696711940984 -167.60677453353614 5.864530675113201
    endloop
  endfacet
  facet normal -0.583168461083989 0.8026625006323491 0.1250897920517744
    outer loop
      vertex 125.40696711940984 -167.60677453353614 5.864530675113201
      vertex 125.28053153221742 -167.75870828452813 6.25
      vertex 125.43800718221078 -167.64429552400614 6.25
    endloop
  endfacet
  facet normal -0.6791702681463085 0.7232428988870301 0.12508979205177662
    outer loop
      vertex 125.40696711940984 -167.60677453353614 5.864530675113201
      vertex 125.43800718221078 -167.64429552400614 6.25
      vertex 125.57990137250317 -167.51104801418947 6.25
    endloop
  endfacet
  facet normal -0.4346741023507084 0.6849367865628536 0.5847392779338138
    outer loop
      vertex 124.9310886056644 -167.4723653279102 5.18895198404789
      vertex 125.02832551793745 -167.6790042849143 5.503281801939011
      vertex 125.17022624049662 -167.3206039700766 5.18895198404789
    endloop
  endfacet
  facet normal -0.43467410235070486 0.6849367865628541 0.5847392779338159
    outer loop
      vertex 125.17022624049662 -167.3206039700766 5.18895198404789
      vertex 125.02832551793745 -167.6790042849143 5.503281801939011
      vertex 125.31579729526567 -167.49656914752248 5.503281801939011
    endloop
  endfacet
  facet normal -0.5913548682809476 0.5553191844352775 0.5847392779338167
    outer loop
      vertex 125.17022624049662 -167.3206039700766 5.18895198404789
      vertex 125.31579729526567 -167.49656914752248 5.503281801939011
      vertex 125.36410941183163 -167.11413936294565 5.18895198404789
    endloop
  endfacet
  facet normal -0.5913548682809044 0.5553191844352945 0.5847392779338443
    outer loop
      vertex 125.36410941183163 -167.11413936294565 5.18895198404789
      vertex 125.31579729526567 -167.49656914752248 5.503281801939011
      vertex 125.54886784435263 -167.24837422157978 5.503281801939011
    endloop
  endfacet
  facet normal -0.7108786329860038 0.39080883562856816 0.584739277933844
    outer loop
      vertex 125.36410941183163 -167.11413936294565 5.18895198404789
      vertex 125.54886784435263 -167.24837422157978 5.503281801939011
      vertex 125.50055572696203 -166.86594443710712 5.18895198404789
    endloop
  endfacet
  facet normal -0.7108786329860306 0.3908088356285487 0.5847392779338243
    outer loop
      vertex 125.50055572696203 -166.86594443710712 5.18895198404789
      vertex 125.54886784435263 -167.24837422157978 5.503281801939011
      vertex 125.7128924854257 -166.9500145070802 5.503281801939011
    endloop
  endfacet
  facet normal -0.7857352787519132 0.2017425303848286 0.5847392779338325
    outer loop
      vertex 125.50055572696203 -166.86594443710712 5.18895198404789
      vertex 125.79756494704577 -166.62023704217606 5.503281801939011
      vertex 125.57099176209368 -166.5916141925485 5.18895198404789
    endloop
  endfacet
  facet normal -0.7857352787519154 0.20174253038484005 0.5847392779338256
    outer loop
      vertex 125.50055572696203 -166.86594443710712 5.18895198404789
      vertex 125.7128924854257 -166.9500145070802 5.503281801939011
      vertex 125.79756494704577 -166.62023704217606 5.503281801939011
    endloop
  endfacet
  facet normal -0.6785004509922028 0.6371543337071002 0.3656111226995681
    outer loop
      vertex 125.31579729526567 -167.49656914752248 5.503281801939011
      vertex 125.40696711940984 -167.60677453353614 5.864530675113201
      vertex 125.54886784435263 -167.24837422157978 5.503281801939011
    endloop
  endfacet
  facet normal -0.6785004509922027 0.6371543337071002 0.36561112269956825
    outer loop
      vertex 125.54886784435263 -167.24837422157978 5.503281801939011
      vertex 125.40696711940984 -167.60677453353614 5.864530675113201
      vertex 125.66458036583444 -167.33244428945903 5.864530675113201
    endloop
  endfacet
  facet normal -0.8156379510054448 0.44840075807026963 0.3656111226995795
    outer loop
      vertex 125.54886784435263 -167.24837422157978 5.503281801939011
      vertex 125.66458036583444 -167.33244428945903 5.864530675113201
      vertex 125.7128924854257 -166.9500145070802 5.503281801939011
    endloop
  endfacet
  facet normal -0.8156379510054679 0.44840075807024854 0.365611122699554
    outer loop
      vertex 125.7128924854257 -166.9500145070802 5.503281801939011
      vertex 125.66458036583444 -167.33244428945903 5.864530675113201
      vertex 125.84587706095954 -167.00266682527212 5.864530675113201
    endloop
  endfacet
  facet normal -0.9015259188504896 0.23147251370119604 0.3656111226995565
    outer loop
      vertex 125.7128924854257 -166.9500145070802 5.503281801939011
      vertex 125.84587706095954 -167.00266682527212 5.864530675113201
      vertex 125.79756494704577 -166.62023704217606 5.503281801939011
    endloop
  endfacet
  facet normal -0.9015259188504761 0.2314725137012167 0.3656111226995766
    outer loop
      vertex 125.84587706095954 -167.00266682527212 5.864530675113201
      vertex 125.93946566666781 -166.63816327188695 5.864530675113201
      vertex 125.79756494704577 -166.62023704217606 5.503281801939011
    endloop
  endfacet
  facet normal -0.720142721878677 0.6762590289536876 0.15513924675524848
    outer loop
      vertex 125.40696711940984 -167.60677453353614 5.864530675113201
      vertex 125.57990137250317 -167.51104801418947 6.25
      vertex 125.66458036583444 -167.33244428945903 5.864530675113201
    endloop
  endfacet
  facet normal -0.7644611982209513 0.6324172833968399 0.12508979205174378
    outer loop
      vertex 125.66458036583444 -167.33244428945903 5.864530675113201
      vertex 125.57990137250317 -167.51104801418947 6.25
      vertex 125.70397633887009 -167.36106713930158 6.25
    endloop
  endfacet
  facet normal -0.8656968956257564 0.47592089575911306 0.15513924675520327
    outer loop
      vertex 125.66458036583444 -167.33244428945903 5.864530675113201
      vertex 125.80827535406797 -167.19671819485765 6.25
      vertex 125.84587706095954 -167.00266682527212 5.864530675113201
    endloop
  endfacet
  facet normal -0.8376960801827698 0.5316181159167488 0.12508979205174495
    outer loop
      vertex 125.66458036583444 -167.33244428945903 5.864530675113201
      vertex 125.70397633887009 -167.36106713930158 6.25
      vertex 125.80827535406797 -167.19671819485765 6.25
    endloop
  endfacet
  facet normal -0.8977200267820653 0.42243496237747485 0.12508979205174794
    outer loop
      vertex 125.84587706095954 -167.00266682527212 5.864530675113201
      vertex 125.80827535406797 -167.19671819485765 6.25
      vertex 125.89115355035582 -167.02059305556415 6.25
    endloop
  endfacet
  facet normal -0.9435863666706509 0.30658981156870024 0.1250897920517442
    outer loop
      vertex 125.84587706095954 -167.00266682527212 5.864530675113201
      vertex 125.89115355035582 -167.02059305556415 6.25
      vertex 125.95130389974935 -166.83546932510552 6.25
    endloop
  endfacet
  facet normal -0.9568561496101786 0.24567890236938422 0.1551392467551582
    outer loop
      vertex 125.84587706095954 -167.00266682527212 5.864530675113201
      vertex 125.95130389974935 -166.83546932510552 6.25
      vertex 125.93946566666781 -166.63816327188695 5.864530675113201
    endloop
  endfacet
  facet normal -0.9745718044771895 0.1859094990648121 0.12508979205173154
    outer loop
      vertex 125.93946566666781 -166.63816327188695 5.864530675113201
      vertex 125.95130389974935 -166.83546932510552 6.25
      vertex 125.98777778408069 -166.64426651165113 6.25
    endloop
  endfacet
  facet normal -0.9901876514726441 0.062297341801581474 0.1250897920517363
    outer loop
      vertex 125.93946566666781 -166.63816327188695 5.864530675113201
      vertex 125.98777778408069 -166.64426651165113 6.25
      vertex 126 -166.45 6.25
    endloop
  endfacet
  facet normal -0.12533324872432433 0.9921146993993218 0
    outer loop
      vertex 124.74044103704944 -167.972545235702 6.25
      vertex 124.54732530527042 -167.9969414290638 6.25
      vertex 124.54732530527042 -167.9969414290638 80.53
    endloop
  endfacet
  facet normal -0.24868987236446521 0.9685831649287252 0
    outer loop
      vertex 124.74044103704944 -167.972545235702 6.25
      vertex 124.92897634128116 -167.92413760025747 80.53
      vertex 124.92897634128116 -167.92413760025747 6.25
    endloop
  endfacet
  facet normal -0.36812456689201084 0.9297764802631703 0
    outer loop
      vertex 124.92897634128116 -167.92413760025747 6.25
      vertex 124.92897634128116 -167.92413760025747 80.53
      vertex 125.10995790065692 -167.85248192862574 6.25
    endloop
  endfacet
  facet normal -0.48175366071133874 0.8763066874052854 0
    outer loop
      vertex 125.10995790065692 -167.85248192862574 6.25
      vertex 125.28053153221742 -167.75870828452813 80.53
      vertex 125.28053153221742 -167.75870828452813 6.25
    endloop
  endfacet
  facet normal -0.5877852646547074 0.8090169853932584 0
    outer loop
      vertex 125.28053153221742 -167.75870828452813 6.25
      vertex 125.28053153221742 -167.75870828452813 80.53
      vertex 125.43800718221078 -167.64429552400614 6.25
    endloop
  endfacet
  facet normal -0.6845470947896343 0.7289686378816796 0
    outer loop
      vertex 125.43800718221078 -167.64429552400614 6.25
      vertex 125.57990137250317 -167.51104801418947 80.53
      vertex 125.57990137250317 -167.51104801418947 6.25
    endloop
  endfacet
  facet normal -0.7705132525159658 0.6374239779748386 0
    outer loop
      vertex 125.57990137250317 -167.51104801418947 6.25
      vertex 125.57990137250317 -167.51104801418947 80.53
      vertex 125.70397633887009 -167.36106713930158 6.25
    endloop
  endfacet
  facet normal -0.8443279173143148 0.5358268078807478 0
    outer loop
      vertex 125.70397633887009 -167.36106713930158 6.25
      vertex 125.80827535406797 -167.19671819485765 80.53
      vertex 125.80827535406797 -167.19671819485765 6.25
    endloop
  endfacet
  facet normal -0.9048270589721241 0.4257792777388963 0
    outer loop
      vertex 125.80827535406797 -167.19671819485765 6.25
      vertex 125.80827535406797 -167.19671819485765 80.53
      vertex 125.89115355035582 -167.02059305556415 6.25
    endloop
  endfacet
  facet normal -0.9510565115732518 0.30901700890746675 0
    outer loop
      vertex 125.89115355035582 -167.02059305556415 6.25
      vertex 125.95130389974935 -166.83546932510552 80.53
      vertex 125.95130389974935 -166.83546932510552 6.25
    endloop
  endfacet
  facet normal -0.9822872535919531 0.1873812995759661 0
    outer loop
      vertex 125.95130389974935 -166.83546932510552 6.25
      vertex 125.95130389974935 -166.83546932510552 80.53
      vertex 125.98777778408069 -166.64426651165113 6.25
    endloop
  endfacet
  facet normal -0.9980267274687974 0.06279053477971512 0
    outer loop
      vertex 125.98777778408069 -166.64426651165113 6.25
      vertex 126 -166.45 80.53
      vertex 126 -166.45 6.25
    endloop
  endfacet
  facet normal 0 0 1
    outer loop
      vertex 124.528737823835 -166.5072063775787 4.703058570623398
      vertex 124.54655786357932 -166.46219809489006 4.703058570623398
      vertex 124.528737823835 166.5072063775787 4.703058570623398
    endloop
  endfacet
  facet normal -0.1888177302352412 0 0.9820121510189228
    outer loop
      vertex 124.54655786357932 -166.46219809489006 4.703058570623398
      vertex 124.92519946760467 -166.5100316533804 4.775862403213978
      vertex 124.92519946760467 166.5100316533804 4.775862403213978
    endloop
  endfacet
  facet normal -0.42854387580229153 0 0.903520971816565
    outer loop
      vertex 124.92519946760467 -166.5100316533804 4.775862403213978
      vertex 125.27398254089977 -166.34590679775766 4.9412917122244835
      vertex 125.27398254089977 166.5540932022423 4.9412917122244835
    endloop
  endfacet
  facet normal -0.6404172320666903 0 0.7680271927946556
    outer loop
      vertex 125.27398254089977 -166.34590679775766 4.9412917122244835
      vertex 125.57099176209368 -166.5916141925485 5.18895198404789
      vertex 125.27398254089977 166.5540932022423 4.9412917122244835
    endloop
  endfacet
  facet normal -0.8112212872215754 0 0.5847392779338243
    outer loop
      vertex 125.57099176209368 -166.5916141925485 5.18895198404789
      vertex 125.79756494704577 -166.62023704217606 5.503281801939011
      vertex 125.57099176209368 166.3083858074515 5.18895198404789
    endloop
  endfacet
  facet normal -0.930767697633706 0 0.36561112269958396
    outer loop
      vertex 125.79756494704577 -166.62023704217606 5.503281801939011
      vertex 125.93946566666781 -166.63816327188695 5.864530675113201
      vertex 125.79756494704577 166.27976295782395 5.503281801939011
    endloop
  endfacet
  facet normal -0.9307676976337059 0 0.3656111226995839
    outer loop
      vertex 125.93946566666781 -166.63816327188695 5.864530675113201
      vertex 125.93946566666781 -166.26183672811302 5.864530675113201
      vertex 125.79756494704577 166.27976295782395 5.503281801939011
    endloop
  endfacet
  facet normal -0.9878926126438139 0 0.155139246755228
    outer loop
      vertex 125.93946566666781 -166.63816327188695 5.864530675113201
      vertex 126 166.45 6.25
      vertex 125.93946566666781 -166.26183672811302 5.864530675113201
    endloop
  endfacet
  facet normal -0.9878926126438138 0 0.155139246755228
    outer loop
      vertex 125.93946566666781 -166.63816327188695 5.864530675113201
      vertex 126 -166.45 6.25
      vertex 126 166.45 6.25
    endloop
  endfacet
  facet normal -1 0 0
    outer loop
      vertex 126 -166.45 6.25
      vertex 126 -166.27073236402796 80.49
      vertex 126 166.45 6.25
    endloop
  endfacet
  facet normal 0 1 0
    outer loop
      vertex 124.54732530527042 -167.9969414290638 6.25
      vertex -124.35267469472956 -167.9969414290638 80.53
      vertex 124.54732530527042 -167.9969414290638 80.53
    endloop
  endfacet
  facet normal -0.18738131204914787 0.9822872374313619 -0.0001645424046428412
    outer loop
      vertex 124.74044103704944 -167.972545235702 6.25
      vertex 124.54732530527042 -167.9969414290638 80.53
      vertex 124.92897634128116 -167.92413760025747 80.53
    endloop
  endfacet
  facet normal -0.4257792858012142 0.9048270402173031 -0.0001645424046429904
    outer loop
      vertex 125.10995790065692 -167.85248192862574 6.25
      vertex 124.92897634128116 -167.92413760025747 80.53
      vertex 125.28053153221742 -167.75870828452813 80.53
    endloop
  endfacet
  facet normal -0.6374239811198092 0.7705132323452791 -0.00016454240464262417
    outer loop
      vertex 125.43800718221078 -167.64429552400614 6.25
      vertex 125.28053153221742 -167.75870828452813 80.53
      vertex 125.57990137250317 -167.51104801418947 80.53
    endloop
  endfacet
  facet normal -0.8090169834232102 0.5877852443355536 -0.00016454240464275756
    outer loop
      vertex 125.70397633887009 -167.36106713930158 6.25
      vertex 125.57990137250317 -167.51104801418947 80.53
      vertex 125.80827535406797 -167.19671819485765 80.53
    endloop
  endfacet
  facet normal -0.9297764733017849 0.3681245477013077 -0.00016454240464297518
    outer loop
      vertex 125.89115355035582 -167.02059305556415 6.25
      vertex 125.80827535406797 -167.19671819485765 80.53
      vertex 125.95130389974935 -166.83546932510552 80.53
    endloop
  endfacet
  facet normal -0.9921146878841111 0.1253332318677294 -0.0001645424046428346
    outer loop
      vertex 125.98777778408069 -166.64426651165113 6.25
      vertex 125.95130389974935 -166.83546932510552 80.53
      vertex 126 -166.45 80.53
    endloop
  endfacet
  facet normal -1 0 0
    outer loop
      vertex 126 -166.45 6.25
      vertex 126 -166.45 80.53
      vertex 126 -166.27073236402796 80.49
    endloop
  endfacet
  facet normal 0 0 1
    outer loop
      vertex -124.52094709229377 166.5166237542698 4.703058570623398
      vertex 124.528737823835 -166.5072063775787 4.703058570623398
      vertex 124.528737823835 166.5072063775787 4.703058570623398
    endloop
  endfacet
  facet normal 0 0 1
    outer loop
      vertex -124.38796251727466 166.52499043455703 4.703058570623398
      vertex 124.528737823835 166.5072063775787 4.703058570623398
      vertex 124.44388889368258 166.54713325340748 4.703058570623398
    endloop
  endfacet
  facet normal 0 -0.18773876345022514 0.9822189963028513
    outer loop
      vertex -124.48007517317444 166.9280311887083 4.775862403213978
      vertex 124.44388889368258 166.54713325340748 4.703058570623398
      vertex 124.41992482682554 166.9280311887083 4.775862403213978
    endloop
  endfacet
  facet normal 0 -0.4264681307353495 0.9045025889775534
    outer loop
      vertex -124.50214950625933 167.27889266582446 4.9412917122244835
      vertex 124.41992482682554 166.9280311887083 4.775862403213978
      vertex 124.39785049374063 167.27889266582446 4.9412917122244835
    endloop
  endfacet
  facet normal 0 -0.6381713159524881 0.769894389832443
    outer loop
      vertex -124.50214950625933 167.27889266582446 4.9412917122244835
      vertex 124.39785049374063 167.27889266582446 4.9412917122244835
      vertex 124.37905290584172 167.57767176964023 5.18895198404789
    endloop
  endfacet
  facet normal 0 -0.8095685580970851 0.5870253399476097
    outer loop
      vertex -124.53528681513576 167.80559510776607 5.503281801939011
      vertex 124.37905290584172 167.57767176964023 5.18895198404789
      vertex 124.36471318486423 167.80559510776607 5.503281801939011
    endloop
  endfacet
  facet normal 0 -0.9300249750629891 0.36749632074224453
    outer loop
      vertex -124.53528681513576 167.80559510776607 5.503281801939011
      vertex 124.36471318486423 167.80559510776607 5.503281801939011
      vertex 124.35573234837943 167.94834141600882 5.864530675113201
    endloop
  endfacet
  facet normal 0 -0.9921454238511295 0.12508979946927268
    outer loop
      vertex -124.54426765162054 167.94834141600882 5.864530675113201
      vertex 124.35573234837943 167.94834141600882 5.864530675113201
      vertex 124.54732530527042 167.99694142906384 6.25
    endloop
  endfacet
  facet normal 0 -1 0
    outer loop
      vertex -124.35267469472956 167.99694142906384 6.25
      vertex 124.54732530527042 167.99694142906384 6.25
      vertex 124.54732530527042 167.99694142906384 80.49
    endloop
  endfacet
  facet normal 0 0 1
    outer loop
      vertex 124.54655786357932 -166.46219809489006 4.703058570623398
      vertex 124.54655786357932 166.46219809489008 4.703058570623398
      vertex 124.528737823835 166.5072063775787 4.703058570623398
    endloop
  endfacet
  facet normal -0.1888177302352412 0 0.9820121510189228
    outer loop
      vertex 124.54655786357932 -166.46219809489006 4.703058570623398
      vertex 124.92519946760467 166.5100316533804 4.775862403213978
      vertex 124.54655786357932 166.46219809489008 4.703058570623398
    endloop
  endfacet
  facet normal -0.4285438758022916 0 0.903520971816565
    outer loop
      vertex 124.92519946760467 -166.5100316533804 4.775862403213978
      vertex 125.27398254089977 166.5540932022423 4.9412917122244835
      vertex 124.92519946760467 166.5100316533804 4.775862403213978
    endloop
  endfacet
  facet normal -0.6404172320666903 0 0.7680271927946556
    outer loop
      vertex 125.57099176209368 -166.5916141925485 5.18895198404789
      vertex 125.57099176209368 166.3083858074515 5.18895198404789
      vertex 125.27398254089977 166.5540932022423 4.9412917122244835
    endloop
  endfacet
  facet normal -0.8112212872215754 0 0.5847392779338243
    outer loop
      vertex 125.79756494704577 -166.62023704217606 5.503281801939011
      vertex 125.79756494704577 166.27976295782395 5.503281801939011
      vertex 125.57099176209368 166.3083858074515 5.18895198404789
    endloop
  endfacet
  facet normal -0.9307676976336884 0 0.36561112269962853
    outer loop
      vertex 125.93946566666781 -166.26183672811302 5.864530675113201
      vertex 125.79756494704577 166.62023704217603 5.503281801939011
      vertex 125.79756494704577 166.27976295782395 5.503281801939011
    endloop
  endfacet
  facet normal -0.930767697633706 0 0.36561112269958396
    outer loop
      vertex 125.93946566666781 -166.26183672811302 5.864530675113201
      vertex 125.93946566666781 166.63816327188698 5.864530675113201
      vertex 125.79756494704577 166.62023704217603 5.503281801939011
    endloop
  endfacet
  facet normal -0.9878926126438138 0 0.15513924675522797
    outer loop
      vertex 125.93946566666781 -166.26183672811302 5.864530675113201
      vertex 126 166.45 6.25
      vertex 125.93946566666781 166.63816327188698 5.864530675113201
    endloop
  endfacet
  facet normal -0.011855963377721684 -0.18844514157591122 0.9820121510189276
    outer loop
      vertex 124.44388889368258 166.54713325340748 4.703058570623398
      vertex 124.46823694315498 166.54560140397666 4.703058570623398
      vertex 124.41992482682554 166.9280311887083 4.775862403213978
    endloop
  endfacet
  facet normal 0 0 1
    outer loop
      vertex 124.44388889368258 166.54713325340748 4.703058570623398
      vertex 124.528737823835 166.5072063775787 4.703058570623398
      vertex 124.49143909841811 166.53806256673664 4.703058570623398
    endloop
  endfacet
  facet normal 0 0 1
    outer loop
      vertex 124.49143909841811 166.53806256673664 4.703058570623398
      vertex 124.528737823835 166.5072063775787 4.703058570623398
      vertex 124.5120374827253 166.52499043455703 4.703058570623398
    endloop
  endfacet
  facet normal -0.165462238315913 -0.0909636352762338 0.9820121510189274
    outer loop
      vertex 124.54049077789563 166.4858278335068 4.703058570623398
      vertex 124.89534093739366 166.6263229505784 4.775862403213978
      vertex 124.528737823835 166.5072063775787 4.703058570623398
    endloop
  endfacet
  facet normal 0 0 1
    outer loop
      vertex 124.54655786357932 166.46219809489008 4.703058570623398
      vertex 124.54049077789563 166.4858278335068 4.703058570623398
      vertex 124.528737823835 166.5072063775787 4.703058570623398
    endloop
  endfacet
  facet normal -0.18288567402829617 -0.046957060027139425 0.9820121510189287
    outer loop
      vertex 124.54655786357932 166.46219809489008 4.703058570623398
      vertex 124.89534093739366 166.6263229505784 4.775862403213978
      vertex 124.54049077789563 166.4858278335068 4.703058570623398
    endloop
  endfacet
  facet normal 0 0 1
    outer loop
      vertex 124.44388889368258 166.54713325340748 4.703058570623398
      vertex 124.49143909841811 166.53806256673664 4.703058570623398
      vertex 124.46823694315498 166.54560140397666 4.703058570623398
    endloop
  endfacet
  facet normal -0.058347887481798685 -0.17957633273232448 0.9820121510189274
    outer loop
      vertex 124.46823694315498 166.54560140397666 4.703058570623398
      vertex 124.49143909841811 166.53806256673664 4.703058570623398
      vertex 124.53975121607635 166.92049235130037 4.775862403213978
    endloop
  endfacet
  facet normal -0.13764220164226984 -0.12925463078073757 0.9820121510189189
    outer loop
      vertex 124.5120374827253 166.52499043455703 4.703058570623398
      vertex 124.528737823835 166.5072063775787 4.703058570623398
      vertex 124.83749999823684 166.7315352283211 4.775862403213978
    endloop
  endfacet
  facet normal -0.10117359922735975 -0.1594240824673341 0.9820121510189322
    outer loop
      vertex 124.49143909841811 166.53806256673664 4.703058570623398
      vertex 124.5120374827253 166.52499043455703 4.703058570623398
      vertex 124.75531100906548 166.8190576122542 4.775862403213978
    endloop
  endfacet
  facet normal -0.011855963377837855 -0.18844514157592507 0.9820121510189234
    outer loop
      vertex 124.46823694315498 166.54560140397666 4.703058570623398
      vertex 124.53975121607635 166.92049235130037 4.775862403213978
      vertex 124.41992482682554 166.9280311887083 4.775862403213978
    endloop
  endfacet
  facet normal -0.10117359922715916 -0.15942408246752013 0.9820121510189228
    outer loop
      vertex 124.49143909841811 166.53806256673664 4.703058570623398
      vertex 124.75531100906548 166.8190576122542 4.775862403213978
      vertex 124.65393820633918 166.88339074911045 4.775862403213978
    endloop
  endfacet
  facet normal -0.05834788748195929 -0.1795763327323031 0.9820121510189218
    outer loop
      vertex 124.49143909841811 166.53806256673664 4.703058570623398
      vertex 124.65393820633918 166.88339074911045 4.775862403213978
      vertex 124.53975121607635 166.92049235130037 4.775862403213978
    endloop
  endfacet
  facet normal -0.026908492602779006 -0.4276982423549096 0.9035209718165745
    outer loop
      vertex 124.41992482682554 166.9280311887083 4.775862403213978
      vertex 124.53975121607635 166.92049235130037 4.775862403213978
      vertex 124.60562608991171 167.26582053332794 4.9412917122244835
    endloop
  endfacet
  facet normal -0.1324273404581447 -0.40756944560021335 0.903520971816547
    outer loop
      vertex 124.53975121607635 166.92049235130037 4.775862403213978
      vertex 124.65393820633918 166.88339074911045 4.775862403213978
      vertex 124.80362312650084 167.20148739634436 4.9412917122244835
    endloop
  endfacet
  facet normal -0.026908492602703536 -0.4276982423549442 0.9035209718165604
    outer loop
      vertex 124.41992482682554 166.9280311887083 4.775862403213978
      vertex 124.60562608991171 167.26582053332794 4.9412917122244835
      vertex 124.39785049374063 167.27889266582446 4.9412917122244835
    endloop
  endfacet
  facet normal -0.1324273404582529 -0.4075694456001257 0.9035209718165705
    outer loop
      vertex 124.53975121607635 166.92049235130037 4.775862403213978
      vertex 124.80362312650084 167.20148739634436 4.9412917122244835
      vertex 124.60562608991171 167.26582053332794 4.9412917122244835
    endloop
  endfacet
  facet normal -0.18288567402838657 -0.04695706002694405 0.9820121510189215
    outer loop
      vertex 124.54655786357932 166.46219809489008 4.703058570623398
      vertex 124.92519946760467 166.5100316533804 4.775862403213978
      vertex 124.89534093739366 166.6263229505784 4.775862403213978
    endloop
  endfacet
  facet normal -0.16546223831587353 -0.09096363527635247 0.9820121510189228
    outer loop
      vertex 124.528737823835 166.5072063775787 4.703058570623398
      vertex 124.89534093739366 166.6263229505784 4.775862403213978
      vertex 124.83749999823684 166.7315352283211 4.775862403213978
    endloop
  endfacet
  facet normal -0.13764220164238583 -0.1292546307805573 0.9820121510189264
    outer loop
      vertex 124.5120374827253 166.52499043455703 4.703058570623398
      vertex 124.83749999823684 166.7315352283211 4.775862403213978
      vertex 124.75531100906548 166.8190576122542 4.775862403213978
    endloop
  endfacet
  facet normal -0.41508038190689034 -0.10657452811849788 0.9035209718165648
    outer loop
      vertex 124.92519946760467 166.5100316533804 4.775862403213978
      vertex 125.22220868745922 166.755739048002 4.9412917122244835
      vertex 124.89534093739366 166.6263229505784 4.775862403213978
    endloop
  endfacet
  facet normal -0.375535861057456 -0.20645258668149108 0.9035209718165685
    outer loop
      vertex 124.89534093739366 166.6263229505784 4.775862403213978
      vertex 125.12191412220074 166.93817418494626 4.9412917122244835
      vertex 124.83749999823684 166.7315352283211 4.775862403213978
    endloop
  endfacet
  facet normal -0.4150803819068863 -0.10657452811850365 0.903520971816566
    outer loop
      vertex 124.92519946760467 166.5100316533804 4.775862403213978
      vertex 125.27398254089977 166.5540932022423 4.9412917122244835
      vertex 125.22220868745922 166.755739048002 4.9412917122244835
    endloop
  endfacet
  facet normal -0.37553586105749076 -0.20645258668146166 0.9035209718165609
    outer loop
      vertex 124.89534093739366 166.6263229505784 4.775862403213978
      vertex 125.22220868745922 166.755739048002 4.9412917122244835
      vertex 125.12191412220074 166.93817418494626 4.9412917122244835
    endloop
  endfacet
  facet normal -0.3123950409334019 -0.2933584699439283 0.9035209718165791
    outer loop
      vertex 124.75531100906548 166.8190576122542 4.775862403213978
      vertex 124.83749999823684 166.7315352283211 4.775862403213978
      vertex 124.9794007215171 167.0899355424712 4.9412917122244835
    endloop
  endfacet
  facet normal -0.22962529147900612 -0.3618315616427174 0.9035209718165782
    outer loop
      vertex 124.75531100906548 166.8190576122542 4.775862403213978
      vertex 124.9794007215171 167.0899355424712 4.9412917122244835
      vertex 124.65393820633918 166.88339074911045 4.775862403213978
    endloop
  endfacet
  facet normal -0.22962529147893315 -0.3618315616428158 0.9035209718165573
    outer loop
      vertex 124.65393820633918 166.88339074911045 4.775862403213978
      vertex 124.9794007215171 167.0899355424712 4.9412917122244835
      vertex 124.80362312650084 167.20148739634436 4.9412917122244835
    endloop
  endfacet
  facet normal -0.3123950409334383 -0.29335846994391074 0.9035209718165722
    outer loop
      vertex 124.83749999823684 166.7315352283211 4.775862403213978
      vertex 125.12191412220074 166.93817418494626 4.9412917122244835
      vertex 124.9794007215171 167.0899355424712 4.9412917122244835
    endloop
  endfacet
  facet normal -0.040212130716949374 -0.6391535149486067 0.7680271927946588
    outer loop
      vertex 124.39785049374063 167.27889266582446 4.9412917122244835
      vertex 124.60562608991171 167.26582053332794 4.9412917122244835
      vertex 124.37905290584172 167.57767176964023 5.18895198404789
    endloop
  endfacet
  facet normal -0.04021213071697024 -0.6391535149486153 0.7680271927946507
    outer loop
      vertex 124.60562608991171 167.26582053332794 4.9412917122244835
      vertex 124.66172240441813 167.55988771219455 5.18895198404789
      vertex 124.37905290584172 167.57767176964023 5.18895198404789
    endloop
  endfacet
  facet normal -0.34315271290744936 -0.5407221530066628 0.7680271927946931
    outer loop
      vertex 124.80362312650084 167.20148739634436 4.9412917122244835
      vertex 124.9794007215171 167.0899355424712 4.9412917122244835
      vertex 124.9310886056644 167.4723653279102 5.18895198404789
    endloop
  endfacet
  facet normal -0.19789980819922384 -0.6090729817046799 0.7680271927946829
    outer loop
      vertex 124.60562608991171 167.26582053332794 4.9412917122244835
      vertex 124.80362312650084 167.20148739634436 4.9412917122244835
      vertex 124.9310886056644 167.4723653279102 5.18895198404789
    endloop
  endfacet
  facet normal -0.4668440706367154 -0.4383957627981494 0.7680271927946107
    outer loop
      vertex 124.9794007215171 167.0899355424712 4.9412917122244835
      vertex 125.12191412220074 166.93817418494626 4.9412917122244835
      vertex 125.36410941183163 167.11413936294565 5.18895198404789
    endloop
  endfacet
  facet normal -0.1978998081991557 -0.6090729817047457 0.7680271927946483
    outer loop
      vertex 124.60562608991171 167.26582053332794 4.9412917122244835
      vertex 124.9310886056644 167.4723653279102 5.18895198404789
      vertex 124.66172240441813 167.55988771219455 5.18895198404789
    endloop
  endfacet
  facet normal -0.4668440706367152 -0.4383957627981502 0.7680271927946105
    outer loop
      vertex 124.9794007215171 167.0899355424712 4.9412917122244835
      vertex 125.36410941183163 167.11413936294565 5.18895198404789
      vertex 125.17022624049662 167.3206039700766 5.18895198404789
    endloop
  endfacet
  facet normal -0.34315271290766713 -0.5407221530066384 0.768027192794613
    outer loop
      vertex 124.9794007215171 167.0899355424712 4.9412917122244835
      vertex 125.17022624049662 167.3206039700766 5.18895198404789
      vertex 124.9310886056644 167.4723653279102 5.18895198404789
    endloop
  endfacet
  facet normal -0.561201898475278 -0.3085233545060319 0.768027192794688
    outer loop
      vertex 125.22220868745922 166.755739048002 4.9412917122244835
      vertex 125.50055572696203 166.8659444371071 5.18895198404789
      vertex 125.12191412220074 166.93817418494626 4.9412917122244835
    endloop
  endfacet
  facet normal -0.6202973470763541 -0.15926528918114927 0.7680271927946835
    outer loop
      vertex 125.27398254089977 166.5540932022423 4.9412917122244835
      vertex 125.50055572696203 166.8659444371071 5.18895198404789
      vertex 125.22220868745922 166.755739048002 4.9412917122244835
    endloop
  endfacet
  facet normal -0.6404172320666903 0 0.7680271927946555
    outer loop
      vertex 125.27398254089977 166.5540932022423 4.9412917122244835
      vertex 125.57099176209368 166.3083858074515 5.18895198404789
      vertex 125.57099176209368 166.5916141925485 5.18895198404789
    endloop
  endfacet
  facet normal -0.6202973470764088 -0.15926528918108504 0.7680271927946528
    outer loop
      vertex 125.27398254089977 166.5540932022423 4.9412917122244835
      vertex 125.57099176209368 166.5916141925485 5.18895198404789
      vertex 125.50055572696203 166.8659444371071 5.18895198404789
    endloop
  endfacet
  facet normal -0.5612018984752689 -0.3085233545062183 0.7680271927946198
    outer loop
      vertex 125.12191412220074 166.93817418494626 4.9412917122244835
      vertex 125.50055572696203 166.8659444371071 5.18895198404789
      vertex 125.36410941183163 167.11413936294565 5.18895198404789
    endloop
  endfacet
  facet normal -0.4346741023506917 -0.6849367865628273 0.5847392779338568
    outer loop
      vertex 124.9310886056644 167.4723653279102 5.18895198404789
      vertex 125.17022624049662 167.3206039700766 5.18895198404789
      vertex 125.31579729526567 167.4965691475225 5.503281801939011
    endloop
  endfacet
  facet normal -0.8112212872215755 0 0.5847392779338243
    outer loop
      vertex 125.57099176209368 166.3083858074515 5.18895198404789
      vertex 125.79756494704577 166.62023704217603 5.503281801939011
      vertex 125.57099176209368 166.5916141925485 5.18895198404789
    endloop
  endfacet
  facet normal -0.7857352787519042 -0.20174253038484719 0.5847392779338381
    outer loop
      vertex 125.57099176209368 166.5916141925485 5.18895198404789
      vertex 125.7128924854257 166.9500145070802 5.503281801939011
      vertex 125.50055572696203 166.8659444371071 5.18895198404789
    endloop
  endfacet
  facet normal -0.7857352787519227 -0.20174253038482462 0.5847392779338209
    outer loop
      vertex 125.57099176209368 166.5916141925485 5.18895198404789
      vertex 125.79756494704577 166.62023704217603 5.503281801939011
      vertex 125.7128924854257 166.9500145070802 5.503281801939011
    endloop
  endfacet
  facet normal -0.5913548682809145 -0.5553191844352463 0.5847392779338798
    outer loop
      vertex 125.17022624049662 167.3206039700766 5.18895198404789
      vertex 125.36410941183163 167.11413936294565 5.18895198404789
      vertex 125.54886784435263 167.2483742215798 5.503281801939011
    endloop
  endfacet
  facet normal -0.5913548682809001 -0.5553191844352905 0.5847392779338524
    outer loop
      vertex 125.17022624049662 167.3206039700766 5.18895198404789
      vertex 125.54886784435263 167.2483742215798 5.503281801939011
      vertex 125.31579729526567 167.4965691475225 5.503281801939011
    endloop
  endfacet
  facet normal -0.7108786329860095 -0.39080883562852653 0.5847392779338648
    outer loop
      vertex 125.50055572696203 166.8659444371071 5.18895198404789
      vertex 125.54886784435263 167.2483742215798 5.503281801939011
      vertex 125.36410941183163 167.11413936294565 5.18895198404789
    endloop
  endfacet
  facet normal -0.7108786329860305 -0.39080883562851143 0.5847392779338496
    outer loop
      vertex 125.50055572696203 166.8659444371071 5.18895198404789
      vertex 125.7128924854257 166.9500145070802 5.503281801939011
      vertex 125.54886784435263 167.2483742215798 5.503281801939011
    endloop
  endfacet
  facet normal -0.8112212872215755 0 0.5847392779338243
    outer loop
      vertex 125.57099176209368 166.3083858074515 5.18895198404789
      vertex 125.79756494704577 166.27976295782395 5.503281801939011
      vertex 125.79756494704577 166.62023704217603 5.503281801939011
    endloop
  endfacet
  facet normal -0.8156379510054741 -0.448400758070243 0.36561112269954743
    outer loop
      vertex 125.7128924854257 166.9500145070802 5.503281801939011
      vertex 125.66458036583444 167.33244428945903 5.864530675113201
      vertex 125.54886784435263 167.2483742215798 5.503281801939011
    endloop
  endfacet
  facet normal -0.6785004509922152 -0.6371543337071118 0.36561112269952484
    outer loop
      vertex 125.31579729526567 167.4965691475225 5.503281801939011
      vertex 125.54886784435263 167.2483742215798 5.503281801939011
      vertex 125.66458036583444 167.33244428945903 5.864530675113201
    endloop
  endfacet
  facet normal -0.6785004509921939 -0.6371543337071581 0.3656111226994833
    outer loop
      vertex 125.31579729526567 167.4965691475225 5.503281801939011
      vertex 125.66458036583444 167.33244428945903 5.864530675113201
      vertex 125.40696711940984 167.6067745335361 5.864530675113201
    endloop
  endfacet
  facet normal -0.901525918850474 -0.23147251370117208 0.36561112269960994
    outer loop
      vertex 125.79756494704577 166.62023704217603 5.503281801939011
      vertex 125.93946566666781 166.63816327188698 5.864530675113201
      vertex 125.7128924854257 166.9500145070802 5.503281801939011
    endloop
  endfacet
  facet normal -0.9015259188504787 -0.23147251370123537 0.3656111226995582
    outer loop
      vertex 125.93946566666781 166.63816327188698 5.864530675113201
      vertex 125.84587706095954 167.00266682527212 5.864530675113201
      vertex 125.7128924854257 166.9500145070802 5.503281801939011
    endloop
  endfacet
  facet normal -0.8156379510054679 -0.44840075807024854 0.365611122699554
    outer loop
      vertex 125.7128924854257 166.9500145070802 5.503281801939011
      vertex 125.84587706095954 167.00266682527212 5.864530675113201
      vertex 125.66458036583444 167.33244428945903 5.864530675113201
    endloop
  endfacet
  facet normal -0.7201427218786338 -0.676259028953717 0.15513924675532145
    outer loop
      vertex 125.40696711940984 167.6067745335361 5.864530675113201
      vertex 125.66458036583444 167.33244428945903 5.864530675113201
      vertex 125.57990137250317 167.5110480141895 6.25
    endloop
  endfacet
  facet normal -0.7644611982209469 -0.6324172833968362 0.1250897920517897
    outer loop
      vertex 125.66458036583444 167.33244428945903 5.864530675113201
      vertex 125.70397633887009 167.3610671393016 6.25
      vertex 125.57990137250317 167.5110480141895 6.25
    endloop
  endfacet
  facet normal -0.9568561496101754 -0.24567890236940257 0.15513924675514934
    outer loop
      vertex 125.93946566666781 166.63816327188698 5.864530675113201
      vertex 125.95130389974935 166.83546932510552 6.25
      vertex 125.84587706095954 167.00266682527212 5.864530675113201
    endloop
  endfacet
  facet normal -0.9901876514726444 -0.06229734180159062 0.12508979205172732
    outer loop
      vertex 125.93946566666781 166.63816327188698 5.864530675113201
      vertex 126 166.45 6.25
      vertex 125.98777778408069 166.6442665116511 6.25
    endloop
  endfacet
  facet normal -0.9745718044771979 -0.18590949906478613 0.1250897920517048
    outer loop
      vertex 125.93946566666781 166.63816327188698 5.864530675113201
      vertex 125.98777778408069 166.6442665116511 6.25
      vertex 125.95130389974935 166.83546932510552 6.25
    endloop
  endfacet
  facet normal -0.8656968956257611 -0.47592089575911567 0.15513924675516902
    outer loop
      vertex 125.66458036583444 167.33244428945903 5.864530675113201
      vertex 125.84587706095954 167.00266682527212 5.864530675113201
      vertex 125.80827535406797 167.19671819485762 6.25
    endloop
  endfacet
  facet normal -0.9435863666706398 -0.3065898115687437 0.12508979205172233
    outer loop
      vertex 125.84587706095954 167.00266682527212 5.864530675113201
      vertex 125.95130389974935 166.83546932510552 6.25
      vertex 125.89115355035582 167.02059305556412 6.25
    endloop
  endfacet
  facet normal -0.8977200267820687 -0.4224349623774764 0.12508979205171725
    outer loop
      vertex 125.84587706095954 167.00266682527212 5.864530675113201
      vertex 125.89115355035582 167.02059305556412 6.25
      vertex 125.80827535406797 167.19671819485762 6.25
    endloop
  endfacet
  facet normal -0.8376960801828489 -0.5316181159166152 0.12508979205178233
    outer loop
      vertex 125.66458036583444 167.33244428945903 5.864530675113201
      vertex 125.80827535406797 167.19671819485762 6.25
      vertex 125.70397633887009 167.3610671393016 6.25
    endloop
  endfacet
  facet normal -0.05093700607784908 -0.809620527317067 0.5847392779339006
    outer loop
      vertex 124.37905290584172 167.57767176964023 5.18895198404789
      vertex 124.66172240441813 167.55988771219455 5.18895198404789
      vertex 124.70451542138477 167.78421656312338 5.503281801939011
    endloop
  endfacet
  facet normal -0.05093700607776408 -0.8096205273171139 0.5847392779338433
    outer loop
      vertex 124.37905290584172 167.57767176964023 5.18895198404789
      vertex 124.70451542138477 167.78421656312338 5.503281801939011
      vertex 124.36471318486423 167.80559510776607 5.503281801939011
    endloop
  endfacet
  facet normal -0.25068116395014584 -0.7715172913693751 0.5847392779339036
    outer loop
      vertex 124.66172240441813 167.55988771219455 5.18895198404789
      vertex 124.9310886056644 167.4723653279102 5.18895198404789
      vertex 124.70451542138477 167.78421656312338 5.503281801939011
    endloop
  endfacet
  facet normal -0.2506811639502643 -0.7715172913693901 0.584739277933833
    outer loop
      vertex 124.9310886056644 167.4723653279102 5.18895198404789
      vertex 125.02832551793745 167.6790042849143 5.503281801939011
      vertex 124.70451542138477 167.78421656312338 5.503281801939011
    endloop
  endfacet
  facet normal -0.4346741023506559 -0.6849367865628838 0.5847392779338173
    outer loop
      vertex 124.9310886056644 167.4723653279102 5.18895198404789
      vertex 125.31579729526567 167.4965691475225 5.503281801939011
      vertex 125.02832551793745 167.6790042849143 5.503281801939011
    endloop
  endfacet
  facet normal -0.05844338729539017 -0.9289310401960943 0.3656111226995745
    outer loop
      vertex 124.36471318486423 167.80559510776607 5.503281801939011
      vertex 124.70451542138477 167.78421656312338 5.503281801939011
      vertex 124.35573234837943 167.94834141600882 5.864530675113201
    endloop
  endfacet
  facet normal -0.05844338729549752 -0.9289310401961232 0.365611122699484
    outer loop
      vertex 124.70451542138477 167.78421656312338 5.503281801939011
      vertex 124.73131629768284 167.9247116768126 5.864530675113201
      vertex 124.35573234837943 167.94834141600882 5.864530675113201
    endloop
  endfacet
  facet normal -0.2876230363841491 -0.8852126839915458 0.3656111226995784
    outer loop
      vertex 124.70451542138477 167.78421656312338 5.503281801939011
      vertex 125.02832551793745 167.6790042849143 5.503281801939011
      vertex 125.08922410939385 167.80842037935207 5.864530675113201
    endloop
  endfacet
  facet normal -0.2876230363840546 -0.8852126839916161 0.3656111226994825
    outer loop
      vertex 124.70451542138477 167.78421656312338 5.503281801939011
      vertex 125.08922410939385 167.80842037935207 5.864530675113201
      vertex 124.73131629768284 167.9247116768126 5.864530675113201
    endloop
  endfacet
  facet normal -0.49873027229302774 -0.7858731592673708 0.3656111226995755
    outer loop
      vertex 125.02832551793745 167.6790042849143 5.503281801939011
      vertex 125.31579729526567 167.4965691475225 5.503281801939011
      vertex 125.08922410939385 167.80842037935207 5.864530675113201
    endloop
  endfacet
  facet normal -0.49873027229316386 -0.7858731592673375 0.3656111226994613
    outer loop
      vertex 125.31579729526567 167.4965691475225 5.503281801939011
      vertex 125.40696711940984 167.6067745335361 5.864530675113201
      vertex 125.08922410939385 167.80842037935207 5.864530675113201
    endloop
  endfacet
  facet normal -0.06203029038704522 -0.9859432322353546 0.15513924675529403
    outer loop
      vertex 124.35573234837943 167.94834141600882 5.864530675113201
      vertex 124.73131629768284 167.9247116768126 5.864530675113201
      vertex 124.54732530527042 167.99694142906384 6.25
    endloop
  endfacet
  facet normal -0.12434880929558846 -0.984322059872287 0.12508979205173876
    outer loop
      vertex 124.73131629768284 167.9247116768126 5.864530675113201
      vertex 124.74044103704944 167.972545235702 6.25
      vertex 124.54732530527042 167.99694142906384 6.25
    endloop
  endfacet
  facet normal -0.30527560592439484 -0.9395417066547659 0.15513924675511198
    outer loop
      vertex 124.73131629768284 167.9247116768126 5.864530675113201
      vertex 125.08922410939385 167.80842037935207 5.864530675113201
      vertex 124.92897634128116 167.92413760025744 6.25
    endloop
  endfacet
  facet normal -0.24673651905723706 -0.9609753556090653 0.1250897920517426
    outer loop
      vertex 124.73131629768284 167.9247116768126 5.864530675113201
      vertex 124.92897634128116 167.92413760025744 6.25
      vertex 124.74044103704944 167.972545235702 6.25
    endloop
  endfacet
  facet normal -0.477969690348816 -0.8694236706188101 0.12508979205183632
    outer loop
      vertex 125.08922410939385 167.80842037935207 5.864530675113201
      vertex 125.28053153221742 167.75870828452815 6.25
      vertex 125.10995790065692 167.85248192862576 6.25
    endloop
  endfacet
  facet normal -0.3652331047931039 -0.9224734809671322 0.12508979205183465
    outer loop
      vertex 125.08922410939385 167.80842037935207 5.864530675113201
      vertex 125.10995790065692 167.85248192862576 6.25
      vertex 124.92897634128116 167.92413760025744 6.25
    endloop
  endfacet
  facet normal -0.529339332416448 -0.8341053202522422 0.15513924675533763
    outer loop
      vertex 125.08922410939385 167.80842037935207 5.864530675113201
      vertex 125.40696711940984 167.6067745335361 5.864530675113201
      vertex 125.28053153221742 167.75870828452815 6.25
    endloop
  endfacet
  facet normal -0.5831684610839803 -0.8026625006323372 0.1250897920518909
    outer loop
      vertex 125.40696711940984 167.6067745335361 5.864530675113201
      vertex 125.43800718221078 167.64429552400617 6.25
      vertex 125.28053153221742 167.75870828452815 6.25
    endloop
  endfacet
  facet normal -0.6791702681462994 -0.7232428988870204 0.1250897920518816
    outer loop
      vertex 125.40696711940984 167.6067745335361 5.864530675113201
      vertex 125.57990137250317 167.5110480141895 6.25
      vertex 125.43800718221078 167.64429552400617 6.25
    endloop
  endfacet
  facet normal -0.7705132525159658 -0.6374239779748386 0
    outer loop
      vertex 125.57990137250317 167.5110480141895 6.25
      vertex 125.70397633887009 167.3610671393016 6.25
      vertex 125.57990137250317 167.5110480141895 80.53
    endloop
  endfacet
  facet normal -0.998026727468797 -0.06279053477972428 0
    outer loop
      vertex 126 166.45 6.25
      vertex 126 166.45 80.49
      vertex 125.98777778408069 166.6442665116511 6.25
    endloop
  endfacet
  facet normal -0.9822872535919582 -0.18738129957593921 0
    outer loop
      vertex 125.98777778408069 166.6442665116511 6.25
      vertex 125.95130389974935 166.83546932510552 80.53
      vertex 125.95130389974935 166.83546932510552 6.25
    endloop
  endfacet
  facet normal -0.9510565115732378 -0.3090170089075096 0
    outer loop
      vertex 125.95130389974935 166.83546932510552 6.25
      vertex 125.95130389974935 166.83546932510552 80.53
      vertex 125.89115355035582 167.02059305556412 6.25
    endloop
  endfacet
  facet normal -0.9048270589721241 -0.4257792777388963 0
    outer loop
      vertex 125.89115355035582 167.02059305556412 6.25
      vertex 125.80827535406797 167.19671819485762 80.53
      vertex 125.80827535406797 167.19671819485762 6.25
    endloop
  endfacet
  facet normal -0.8443279173143986 -0.5358268078806157 0
    outer loop
      vertex 125.80827535406797 167.19671819485762 6.25
      vertex 125.80827535406797 167.19671819485762 80.53
      vertex 125.70397633887009 167.3610671393016 6.25
    endloop
  endfacet
  facet normal -0.12533324872446805 -0.9921146993993036 0
    outer loop
      vertex 124.54732530527042 167.99694142906384 6.25
      vertex 124.74044103704944 167.972545235702 6.25
      vertex 124.54732530527042 167.99694142906384 80.49
    endloop
  endfacet
  facet normal -0.2486898723646022 -0.9685831649286899 0
    outer loop
      vertex 124.74044103704944 167.972545235702 6.25
      vertex 124.92897634128116 167.92413760025744 6.25
      vertex 124.92897634128116 167.92413760025744 80.53
    endloop
  endfacet
  facet normal -0.36812456689175843 -0.9297764802632702 0
    outer loop
      vertex 124.92897634128116 167.92413760025744 6.25
      vertex 125.10995790065692 167.85248192862576 6.25
      vertex 124.92897634128116 167.92413760025744 80.53
    endloop
  endfacet
  facet normal -0.48175366071133874 -0.8763066874052854 0
    outer loop
      vertex 125.10995790065692 167.85248192862576 6.25
      vertex 125.28053153221742 167.75870828452815 6.25
      vertex 125.28053153221742 167.75870828452815 80.53
    endloop
  endfacet
  facet normal -0.5877852646547074 -0.8090169853932584 0
    outer loop
      vertex 125.43800718221078 167.64429552400617 6.25
      vertex 125.28053153221742 167.75870828452815 80.53
      vertex 125.28053153221742 167.75870828452815 6.25
    endloop
  endfacet
  facet normal -0.6845470947896343 -0.7289686378816796 0
    outer loop
      vertex 125.43800718221078 167.64429552400617 6.25
      vertex 125.57990137250317 167.5110480141895 6.25
      vertex 125.57990137250317 167.5110480141895 80.53
    endloop
  endfacet
  facet normal 0 -1 0
    outer loop
      vertex 124.54732530527042 167.99694142906384 80.49
      vertex 124.54732530527042 167.99694142906384 80.53
      vertex -124.21864130754591 167.99694142906384 80.49
    endloop
  endfacet
  facet normal -1 0 0
    outer loop
      vertex 126 166.45 6.25
      vertex 126 -166.27073236402796 80.49
      vertex 126 166.45 80.49
    endloop
  endfacet
  facet normal -0.9980267274687968 -0.06279053477972427 0
    outer loop
      vertex 126 166.45 80.49
      vertex 126 166.45 80.53
      vertex 125.98777778408069 166.6442665116511 6.25
    endloop
  endfacet
  facet normal -0.9921146878841111 -0.1253332318677294 -0.00016454240464278667
    outer loop
      vertex 125.98777778408069 166.6442665116511 6.25
      vertex 126 166.45 80.53
      vertex 125.95130389974935 166.83546932510552 80.53
    endloop
  endfacet
  facet normal -0.929776473301775 -0.3681245477013328 -0.00016454240464290477
    outer loop
      vertex 125.89115355035582 167.02059305556412 6.25
      vertex 125.95130389974935 166.83546932510552 80.53
      vertex 125.80827535406797 167.19671819485762 80.53
    endloop
  endfacet
  facet normal -0.8090169834232607 -0.587785244335484 -0.00016454240464298245
    outer loop
      vertex 125.70397633887009 167.3610671393016 6.25
      vertex 125.80827535406797 167.19671819485762 80.53
      vertex 125.57990137250317 167.5110480141895 80.53
    endloop
  endfacet
  facet normal -0.12533324872445423 -0.9921146993993054 0
    outer loop
      vertex 124.74044103704944 167.972545235702 6.25
      vertex 124.54732530527042 167.99694142906384 80.53
      vertex 124.54732530527042 167.99694142906384 80.49
    endloop
  endfacet
  facet normal -0.18738131204928907 -0.9822872374313352 -0.00016454240464284123
    outer loop
      vertex 124.74044103704944 167.972545235702 6.25
      vertex 124.92897634128116 167.92413760025744 80.53
      vertex 124.54732530527042 167.99694142906384 80.53
    endloop
  endfacet
  facet normal -0.4257792858010945 -0.9048270402173595 -0.00016454240464333666
    outer loop
      vertex 125.10995790065692 167.85248192862576 6.25
      vertex 125.28053153221742 167.75870828452815 80.53
      vertex 124.92897634128116 167.92413760025744 80.53
    endloop
  endfacet
  facet normal -0.6374239811198092 -0.7705132323452791 -0.00016454240464262417
    outer loop
      vertex 125.43800718221078 167.64429552400617 6.25
      vertex 125.57990137250317 167.5110480141895 80.53
      vertex 125.28053153221742 167.75870828452815 80.53
    endloop
  endfacet
endsolid OpenSCAD_Model
